filename,dataset,fg_pixels,hist_h_00,hist_h_01,hist_h_02,hist_h_03,hist_h_04,hist_h_05,hist_h_06,hist_h_07,hist_h_08,hist_h_09,hist_h_10,hist_h_11,hist_h_12,hist_h_13,hist_h_14,hist_h_15,hist_s_00,hist_s_01,hist_s_02,hist_s_03,hist_s_04,hist_s_05,hist_s_06,hist_s_07,hist_s_08,hist_s_09,hist_s_10,hist_s_11,hist_s_12,hist_s_13,hist_s_14,hist_s_15,hist_v_00,hist_v_01,hist_v_02,hist_v_03,hist_v_04,hist_v_05,hist_v_06,hist_v_07,hist_v_08,hist_v_09,hist_v_10,hist_v_11,hist_v_12,hist_v_13,hist_v_14,hist_v_15,moment_bgr_b_mean,moment_bgr_b_skew,moment_bgr_b_std,moment_bgr_g_mean,moment_bgr_g_skew,moment_bgr_g_std,moment_bgr_r_mean,moment_bgr_r_skew,moment_bgr_r_std,moment_hsv_h_mean,moment_hsv_h_skew,moment_hsv_h_std,moment_hsv_s_mean,moment_hsv_s_skew,moment_hsv_s_std,moment_hsv_v_mean,moment_hsv_v_skew,moment_hsv_v_std
001_Battus_crassus_crassus.png,Dataset_papilionidae,82002,0.006382500155822758,0.01184794950800658,0.003382031332569124,0.014096133156643875,0.009278906476535802,0.004496367297274592,0.0030470801525166054,0.009493535388025767,0.009797051020435816,0.014161172220731745,0.000934394554062367,0.0005615039199585918,0.0003121875076217653,0.0001842773482489587,0.0003772265717096331,0.0005365722787249092,0.003907679080998024,0.0046881478500524374,0.005094387941757518,0.004693483085778396,0.0062765237433233334,0.0075989000268286136,0.009243676983488207,0.005553980390722178,0.005422886027170069,0.003420648276871296,0.0021089424648179315,0.0012873161630204142,0.0007088241750201215,0.0004847442745298895,0.0003056327894441599,0.0017042267261774104,0.011955501085339382,0.03294203190166094,0.008375557913221629,0.0018368454427940782,0.0005754432818711739,0.0004664520377551767,0.000465689861222897,0.0006105034023560401,0.0007499817077632252,0.0008185775956683983,0.0006752884075998146,0.0006013572839686837,0.0008444915977659081,0.0011760383893075778,0.000346028145654984,6.021194605009634e-05,33.655349869515376,2.643825970211297,43.46095637613958,37.13594790370966,2.7160993704885112,48.0022222587823,32.428331016316676,2.7132196033163245,44.72260560585181,61.17377624935977,0.2079152261004632,37.01373602233299,94.32929684641837,0.5810282722695985,55.71035303686831,39.61683861369235,2.672185701790268,47.44250608875329
002_Battus_crassus_crassus.png,Dataset_papilionidae,74842,0.013172639248906586,0.041690197720234336,0.013792611991484282,0.00415928073660363,0.0006591664217061721,0.00018290383593288378,0.0002351620747708506,0.0003610569228804979,0.00030048487331830906,0.0008088150147421679,0.0011841241845784748,0.0021402124178640037,0.0019193025900489625,0.0017779678077371884,0.0017221465071602694,0.0047828165409202796,0.011592755404719275,0.011705492905053313,0.00859978354399936,0.008244869191095908,0.007222715854733973,0.005430607145720317,0.003438076213890596,0.001782922690467919,0.001035514817883007,0.0006029368536383315,0.0004843537051388258,0.0004451043531706796,0.0005369645386280431,0.0004901993533042944,0.0003056438897945004,0.0005820595387616579,0.00035741963068865076,0.002722401859918228,0.0031065444536490204,0.0033462160284332327,0.004618897143315251,0.006130414740386414,0.007960937708773149,0.008205619839127763,0.006504536222976404,0.004798442051254643,0.0037328638999492266,0.0035332767697282275,0.003212601213222522,0.001839708986932471,0.0008693313914646856,0.0015607880601801129,98.52220678228802,0.5647523838927277,54.879968381818266,110.27427113118303,0.311508487634391,54.693834715846634,120.19406215761204,0.24586603035745022,54.72117881431694,40.81553138612009,1.8088754927858903,49.90642150661803,56.686993933887386,1.6383259330777122,47.92969042884697,120.94511103391145,0.26728555346894795,54.55976415378167
003_Battus_crassus_crassus.png,Dataset_papilionidae,94236,0.00966179473756196,0.06229372120114512,0.007721512420353627,0.0022704227212058613,0.0010800307502204865,0.00040560106776839236,0.00021034660026128256,0.00015752413562167796,0.0001999707589927888,0.00028486400573501046,0.00031599152954049176,0.0006989543981776249,0.0007376279883601925,0.0004933240894020213,0.0004961538642934288,0.0018610486202489257,0.0016063394032004754,0.00139941211426631,0.001438542595186553,0.0021840114181416867,0.00538607856869986,0.010276062226749863,0.013033103060401546,0.010191832208497814,0.006679374124538393,0.0035582208497813997,0.001961166645443355,0.0013907901438940532,0.001006780848083535,0.0006579226622522178,0.000394620951653296,0.0013357421792096439,0.004613417377647608,0.018876809287321192,0.015382921601086634,0.009565744513773929,0.0069028821257268985,0.003087328621758139,0.001031983530710132,0.00042778237616197633,0.0002997792775584702,0.00024406808438388726,0.0002268241436393735,0.00027059722399083155,0.0002971263635977758,0.0003210025892440256,0.00024937391230527614,0.0007023589710938495,30.434345685300734,4.104290303195112,33.289888194774335,40.56452947917993,3.337954928918978,37.21658163164607,48.682743325268476,2.7597683032010054,39.42215906918234,25.810146865316863,3.5938372755979597,32.23366388047673,109.90701005984974,0.5967031914186445,45.48754244132888,49.07407996943843,2.837993460224567,39.94756950595436
004_Battus_crassus_lepidus.png,Dataset_papilionidae,107595,0.023897021237046328,0.017113558560651828,0.0066942391994671375,0.021414460605872848,0.003285571923519784,0.0013656148829716374,0.0010351575610184282,0.0037069050090101255,0.002341290126038488,0.0006609146439064186,0.001273086832824739,0.0023867280078070543,0.00039737492964873417,0.00025858285442838626,0.0007501381208337851,0.002308244393843167,0.017834239509270877,0.006146893443003857,0.007495120591105534,0.006814326873925369,0.006457665319020401,0.0048985780008364704,0.003514917050048794,0.002277638366095079,0.002030182629304336,0.0011437566801431294,0.0005320879223012221,0.0006349040382917422,0.0002695292532180863,0.00038105859937729447,0.00010920581811422464,0.0019598959059435846,0.01664401226822808,0.018451717087225244,0.011423625633161393,0.006710929875923603,0.0034527626748454853,0.0013755286026302337,0.0006668525489102653,0.00045366885078302894,0.0003305218643989033,0.0002509410288582183,0.00019517635577861425,0.0001725219573400251,0.00017833077745248386,0.000294507179701659,0.0005315070402899763,0.0013673962544727915,35.74073144662856,3.10113300049426,47.54119640564826,39.446991031181746,2.9938071057463147,47.41253639493813,39.679250894558294,2.844227367113212,46.21792207269504,36.49874064779962,1.7121231812677469,41.237535826844564,58.8391839769506,1.4308247056016719,59.19465231569247,41.21566057902319,2.9196588517638755,47.76313579782968
005_Battus_ingenuus.png,Dataset_papilionidae,77993,0.013900962622001689,0.07085992047719382,0.0013380118158752138,0.0003761021288235269,0.0001561393686327975,9.573508733689775e-05,9.687479075757511e-05,0.00013562470706060515,0.00012650707969518634,0.0002564332696524047,0.00015158055495008812,0.00017095551310160315,0.00014588203784670134,0.0001219482660124769,0.00023477890465953497,0.0007214322652887652,0.0005184760170784558,0.0013310489402895132,0.003657379508417422,0.01030461067018835,0.009630671983383124,0.011813560191299219,0.012930647622222508,0.0062281230366827795,0.002475382406113369,0.001260529791135102,0.000831004064467324,0.0005353044503993948,0.00038785532034926214,0.00019873578398061365,0.00012340851102021977,0.00027326170297334377,5.529342376879976e-05,0.0010946495198287025,0.0015041413973048863,0.0024849986537253343,0.003920223609811137,0.005965278935289064,0.009842229430846358,0.013811335632684985,0.011416088623337992,0.00800552613696101,0.002666906004385009,0.0005337017424640673,0.000313329401356532,0.0003117266934212045,0.00031974023309784213,0.00025483056171707715,77.34314617978536,0.23347296734573347,30.513790707110683,95.45805392791661,-0.08973045434180976,32.07089199030888,116.12351108432809,-0.08474181435256355,35.60336385979158,17.236444296283,6.35359173119736,20.422918373005995,88.5755772953983,0.9691768117096781,35.36463563160922,116.26848563332607,-0.06281476514484696,35.5270653629125
006_Battus_ingenuus.png,Dataset_papilionidae,154827,0.048273521055400184,0.020392079188025634,0.0036749260644317705,0.008462491827796329,0.0029877074268556377,0.0008146727207356168,0.0005057975101959678,0.0012676514216943212,0.00047651751811878917,0.00023194346665059138,0.00018371759734700307,0.00015099290031956813,7.348703893880124e-05,8.898821121495462e-05,0.0002497411088935823,0.0010546538322701395,0.0008618490314996738,0.001074990150296783,0.003313779250389144,0.004178857692779683,0.005758443294774167,0.009099268861374308,0.01377908891859947,0.008747263074269991,0.007260119359026526,0.004237390765176616,0.002060364148372054,0.0009760894417640334,0.0005045954516977013,0.00024826096223526904,0.00012392864293695545,0.000275710954807624,0.004431559094989892,0.013796043325776513,0.009496486400950738,0.00688833343021566,0.002735714700924257,0.0014580790172256776,0.001105669553760003,0.0016978627758724254,0.0022234493983607512,0.0023740206811473452,0.003562040212624413,0.005154139781821001,0.006565392341129132,0.0010112092852021934,0.0,0.0,52.3503135757975,0.681946753427476,42.65753329549205,64.17339352955234,0.6118488478379401,49.444617589156785,86.65903233932066,0.5511117330654363,69.4625274410146,20.03762263687858,3.6763421663253277,26.56562629520058,103.29664076679133,0.21502125037877587,39.1685809431644,87.68081794519044,0.5431232178321983,69.27221709019858
007_Battus_ingenuus.png,Dataset_papilionidae,91614,0.004049841969810534,0.012444483254621445,0.004934714005380061,0.009248465178781506,0.009345490621278166,0.005533360985584445,0.007238098010250738,0.016134360832769375,0.008065725034747236,0.0027399984961056414,0.0012807358409558946,0.0024489221686156653,0.004429211449972469,0.0002852548009401765,0.00019599139384325053,0.0005142348452322911,0.0033360075970921476,0.010976078983561465,0.011726510140371559,0.013858416835854781,0.008905571200908157,0.0058356255594123165,0.0031040561486235727,0.0015295151396074835,0.0008677713013294911,0.0005375815923330496,0.0006474174252843452,0.0006521928962822276,0.0003458805422751981,0.0001132468836640688,3.1381666557513046e-05,3.274608684262231e-05,0.0005757853603161089,0.006652231100050211,0.013071828541489292,0.009423368699107123,0.007387653633724104,0.005141135634291702,0.004994460453642456,0.002474376187045648,0.0015110954657585084,0.0012109230030344707,0.0015479348134564586,0.0025903519112799355,0.0030474327067915386,0.0022772174558473596,0.0004468476433732836,0.00014735739079180037,76.88732071517454,1.1568927439689798,57.15483302798092,76.54034317899011,1.1996217556594746,50.674819900279886,73.914969327832,1.0987264503378293,49.21110741810358,64.04816949374549,0.3342952445855193,37.61399109284976,58.87417861898837,1.3767413524526397,36.7946195338905,85.63672582793023,1.0164167952829044,57.38173518257857
008_Battus_ingenuus.png,Dataset_papilionidae,64417,0.009755878796659958,0.04537656553739265,0.008494652032848472,0.00678909811592178,0.002285111073163916,0.0013964567669335042,0.001239148395954829,0.0016324193234015176,0.0029681605787292174,0.004033441827812879,0.0011121977807790559,0.0007534243031083927,0.00024838163838738223,0.0001821465348174136,0.0004733050109270672,0.0021485011720508563,0.0071817222161851685,0.007042977785367216,0.008606035673812813,0.006977001412670569,0.005969891488271729,0.006643238586087523,0.00752421720974277,0.0048259776146048405,0.0025323284226213575,0.0013418429917568344,0.0009333716255025847,0.0007432044336122452,0.0006296862629430119,0.0005346026669978422,0.0003677212537063198,0.000646180356117174,0.00036578077215641835,0.004260327242808576,0.0061367729015632515,0.010493153981091947,0.014828189763571729,0.01022342704565565,0.007571759007715354,0.003953731157924151,0.0013525156402812923,0.0008615738081562321,0.0007402937112873931,0.0006869304686651039,0.0005336324262228914,0.00030950680720927704,0.0001329229861682475,4.94822795224863e-05,58.97182420789543,1.3052949307274224,34.698872227691,69.82765419066395,1.2775680538482577,33.435574389212405,75.86711582346275,0.9557676340138902,35.83842749893158,35.77460918701585,1.977429900933184,38.569307121114875,73.87105888197215,0.9133778326978518,51.706091459815944,78.76128972165732,1.1542292565602648,36.18060518516949
009_Battus_ingenuus.png,Dataset_papilionidae,122625,0.01837943141918677,0.011558273870200475,0.003049586589647752,0.02013872465737909,0.012630377166156982,0.009224147695095707,0.004263042247140107,0.006958885490995583,0.0007886736889794994,0.00017904632461207385,0.00023268773360516482,4.6392569939970556e-05,9.640955940650131e-05,0.00012685468342960696,0.0003030014724204327,0.0009133537206931703,0.0025463812436289503,0.003616717635066259,0.006727319062181447,0.009942915392456677,0.01247808358817533,0.010417940876656474,0.0061029561671763505,0.0029011213047910296,0.0026712538226299695,0.001582059123343527,0.0009036697247706422,0.0007920489296636085,0.00034250764525993883,0.00035524974515800206,0.00017431192660550458,0.0009454638124362895,0.008843017329255862,0.01910295616717635,0.010572884811416921,0.004885830784913354,0.0022283384301732927,0.001863914373088685,0.001716106014271152,0.0010856269113149848,0.0006365953109072376,0.00044801223241590214,0.0004271151885830785,0.0007283384301732925,0.0013848114169215087,0.0034678899082568808,0.004115188583078491,0.000993374108053007,51.944334352701325,1.4795671963964963,56.20201903979221,60.921753312945974,1.3305744865222302,59.36603574078574,65.26576962283384,1.4148827715205434,74.08418456179065,39.7013496432212,1.2401376202139183,30.59592489859859,79.83079306829765,1.2639589564524356,45.43014775654422,70.65095208970439,1.3122331967605698,74.19867481259834
010_Battus_ingenuus.png,Dataset_papilionidae,140102,0.0037934266938849316,0.013782973991964584,0.012437922212229502,0.031975433771268234,0.015360237541219969,0.004736866314859491,0.0038460867399783332,0.001739050437855594,0.00028487181561370365,0.00010532009218680359,0.00016115243021354284,0.00010595455057347107,0.00010468563380013609,7.676946478676647e-05,0.00014465651216018804,0.00023348068629363685,0.0012419522919016146,0.003910097643145708,0.006817354498865113,0.007159069820559307,0.007014086165793494,0.005747598178469972,0.004380736891693195,0.003597825155957802,0.003722288047279839,0.005773472184551255,0.005594584659747898,0.0023514118285249317,0.001010870651382564,0.0005897488972320166,0.00035688284250046397,0.003232020242394827,0.0037428088107236157,0.003688384177242295,0.004576130247962199,0.004684533411371715,0.003948016445161382,0.003107111247519664,0.0030156600191289205,0.0029050263379537767,0.002872906882128735,0.0028666614323849767,0.0028180361450942885,0.0025097785898845126,0.0022974332985967365,0.003219975446460436,0.005912656493126436,0.010334881015260311,83.22972548571755,0.5475214271492437,56.895569529393725,135.8479964597222,-0.008120711750829939,84.26910441186327,115.62214672167421,0.1380609039485259,72.349377975844,39.62103324720561,1.7276732241447894,20.25187275775945,106.06384634052333,0.6043802477994759,62.19357819945379,138.07014175386504,-0.027110524681683422,83.74699911941882
011_Battus_ingenuus.png,Dataset_papilionidae,88144,0.004553155442609064,0.06472943264556988,0.011019342086686432,0.003369234182448922,0.0010467719489320505,0.0005243944252838789,0.0003660676468808616,0.0003438817288880821,0.0003489239829773502,0.00045985357294124764,0.0003751437042415442,0.00025513805691696417,0.00016941973739940702,0.00011092958996389747,0.0002783324257275973,0.000938867711421714,0.0021491820203303684,0.007570708159375567,0.011055772372481395,0.008302465284080596,0.0079833851424941,0.01030345230531857,0.008001820884007986,0.0031666931385006354,0.001299719776728989,0.0007452293973497912,0.0004928015520058086,0.0003467337538573244,0.00026164571610092576,0.00018719368306407698,0.00012125045380286804,0.0005119463605009984,0.0003999137774550735,0.0018052845343982573,0.001965533672172808,0.0018215930749682337,0.002483861635505536,0.0035247719640588127,0.004593335904882919,0.006203627019422763,0.006715573379923761,0.007555817752768198,0.008654162506807042,0.008639272100199673,0.00490745257760029,0.0015606564258486113,0.0006048341350517335,0.001064309538936286,103.45257760029044,0.13365454417291836,45.78163186763462,125.49184289344709,-0.24480256686138008,48.34229765434578,139.30006580141585,-0.48825102937990444,51.09182138262338,24.417600744236704,4.62418266083986,23.743024869778775,71.30417271737157,1.2492921706726245,40.79890853184266,139.84130513704847,-0.46524425483855997,50.85003749742902
012_Battus_laodamas_laodamas.png,Dataset_papilionidae,148803,0.0014282866160852492,0.07470817120622568,0.012335474120518778,0.0003554289153369817,2.0907583255116572e-05,5.973595215747592e-07,2.3894380862990368e-06,2.3894380862990368e-06,0.0,0.0,0.0,0.0,0.0,0.0,5.973595215747591e-06,2.9270616557163197e-05,1.2600552408217576e-06,4.620202549679778e-06,2.646116005725691e-05,9.408412464802457e-05,0.00023605034844727593,0.0006027264235264073,0.0014297426799190877,0.0029712102578577045,0.005323733392471926,0.009222344307574444,0.013118435112195318,0.012943287433721095,0.008325184976109352,0.004750408257898026,0.0020715308159109697,0.0013789204518726101,0.00013818605807678608,0.00414138155816751,0.025414894188961243,0.016444560929551152,0.008510833114923759,0.003160218543980968,0.001373880230909323,0.0010202247266520165,0.0014175621459244774,0.0008547374716907589,2.2260975921184384e-05,1.2600552408217576e-06,0.0,0.0,0.0,0.0,17.681115300094756,2.2127857377270206,10.878120180744732,41.29172798935505,1.9580302840034134,21.16214548998026,55.53617198577986,1.7294092156807166,25.437599282508792,18.471038890344953,10.42507970621736,5.275535981699749,172.64254080898905,-0.21698391701597416,32.68272834227576,55.558254873893674,1.7323071439357551,25.420308639741748
013_Battus_laodamas_laodamas.png,Dataset_papilionidae,149682,0.010743962385442323,0.07773041811603564,0.00033552613021086184,2.7911023221080543e-05,0.0,0.0,0.0,0.0,0.0,0.0,0.0,0.0,0.0,0.0,2.375406231581323e-06,4.869582774741712e-05,0.0,0.0,7.515933779612779e-06,3.632701326812843e-05,0.0001640978875215457,0.0005323786427225719,0.001290235298833527,0.0029545970791411123,0.0066303062492484065,0.010759059205515693,0.010794133563153886,0.009940239975414546,0.009769878809743322,0.006762670194144921,0.001833887842225518,0.0010246723052872088,8.351037532903087e-06,0.0009273827180288879,0.003569650993439425,0.010975768629494528,0.014988442164054462,0.012209634424980959,0.009761945324087064,0.006449506286661055,0.0025115745380206037,0.0008405319276866958,0.0002480258147272217,9.186141286193397e-06,0.0,0.0,0.0,0.0,27.62082281102604,1.2384804253191786,16.58684028973493,53.32184230568806,1.1008461885735117,22.58330258331539,83.25267567242554,0.3495333317486786,26.70879842621723,14.049932523616734,21.680662576460662,4.819498708981226,172.7506046151174,-0.1436044672105152,32.68714088744279,83.25357090364906,0.3499619360025988,26.706988651858957
014_Battus_laodamas_laodamas.png,Dataset_papilionidae,163546,0.018154865026081688,0.003861095145504425,0.010512570707255994,0.035782525337757505,0.00537694457692501,0.008300484946810752,0.001853369150643312,0.0016028110337968115,0.0003549120396979715,0.0002097948657326447,0.0013104026458067523,0.0003163228286435213,0.00027338553747025977,9.29402125395913e-05,0.00039676231084153014,0.0004897025233811215,0.010703028505741504,0.002318155136781089,0.004483830237364411,0.006589124772235335,0.007121849510229538,0.005139226884179375,0.004474276350384602,0.0031023381800838906,0.0027041321707654115,0.001550022623604368,0.0009370452349797611,0.0009909291575458893,0.0004746371051569589,0.0007283883433407115,0.00030610653883311116,0.010876909248774045,0.02592313477553716,0.008378376725814145,0.0068623659398578995,0.006687720885866973,0.00465885744683453,0.002222998422462182,0.000979082337690925,0.00059272314822741,0.0004173137832780991,0.00045400070928056937,0.0008533531850366258,0.0022417240409426096,0.0016623763344869333,0.0004933627236373865,6.611289790028493e-05,6.496643146270774e-06,31.59283626624925,1.737110442638394,41.221330828988734,43.63126582123684,1.6517489232144258,53.71541880585451,41.2628985117337,1.7595686600662384,52.469207955440424,35.89538111601629,1.6157382037172785,28.271965992211197,102.77412471109045,0.6893128741877068,85.43940234808149,44.45508297359764,1.671029809435458,54.12514686800246
015_Battus_laodamas_laodamas.png,Dataset_papilionidae,85085,0.006297493356316885,0.06437275143157496,0.014035637565049329,0.001436472024707319,0.00020685197155785392,0.00013999072822602234,0.00014834838364250128,0.0001514825044236809,0.00014416955593426182,0.00015566133213192035,0.0002078966784849138,0.0002705790941085059,0.00022879081702611114,0.00015984015984015984,0.00027162380103556576,0.0006612994848288966,0.0003092495739554563,0.0017871834048304636,0.0053901980372568605,0.009550743374272787,0.007334577187518364,0.007314009519891873,0.00802873596991244,0.007278016101545513,0.0048951048951048955,0.002683346065699007,0.0016674501968619616,0.0012964976200270319,0.0009732914144678851,0.0008858788270552976,0.0006383322559793148,0.0024673855556208496,0.0010827407886231416,0.0027994064758770643,0.00409296585767174,0.005479079743785626,0.007540253863783275,0.010394017746958924,0.010754686489980608,0.0076688017864488455,0.005441617206323089,0.003461979197273315,0.0014823411882235412,0.0007220720456014573,0.0008785332314744079,0.0005031732972909443,0.00017629429394135277,2.2036786742669097e-05,60.84145266498208,0.668415915560554,35.53154480656203,83.20593524122935,0.42059452084852905,39.898757931061944,95.65373450079332,0.3043084807115375,41.456078639941374,23.146841393900218,5.687458464565756,20.590285195535856,102.42770171005465,1.0441669876045119,53.80781068006041,95.85207733443028,0.32184967318940805,41.318501007867916
016_Battus_lycidas.png,Dataset_papilionidae,113286,0.028818310392379563,0.01530050785916471,0.006483492125142462,0.008099068826784519,0.005891087846492751,0.00605821647080055,0.005184125919256473,0.007897415979615015,0.001162053955867843,0.000533556171499077,0.0003342572486155983,0.00021969960002903174,0.00018674466002467698,9.180304715498826e-05,0.0008819369658308274,0.0017466118202308022,0.015806785480995005,0.0014084926645834437,0.0034983360697703157,0.0053206044877566515,0.0076741609731123,0.006606619529332839,0.005154542485390957,0.003901077803082464,0.004916759352435429,0.0023463843722966653,0.0025996151333792347,0.001438836219832989,0.0007508650671751143,0.0003227450876542556,0.00019033684656533022,0.0005638384266370072,0.025085844676305986,0.01877879879243684,0.012514785586921597,0.003192142012252176,0.0006846609466306516,0.00020026746464699963,0.00011696061296188408,0.00010482319086206592,0.00010868509789382624,0.00015999329131578482,0.00025267906007803257,0.0003883975071941811,0.0004937723990607842,0.00039005261020779266,2.8136751231396642e-05,0.0,20.183879738008226,3.830300230170284,24.70368372304732,25.6255230125523,3.9051946047483628,31.938365371824656,24.624825662482568,4.217695837797552,31.663633816174837,35.702284483519584,1.4495321828322265,38.6284252199036,75.10514097064068,0.4285654109334765,59.437628705866054,27.765328460710062,3.8471773747170586,32.18668487545416
017_Battus_lycidas.png,Dataset_papilionidae,98968,0.035805063814117244,0.01682878416368029,0.003702206773906717,0.008966310097989025,0.004895858594023658,0.0047162270183852915,0.0057509048940622785,0.0036007149336710407,0.0003269294676618256,0.00021555789076603885,0.0001922057859330513,0.00016885368110006378,0.00018951131229847583,8.712131418460736e-05,0.0008721112997242655,0.0025705278473850133,0.007513792336916983,0.0019362319133457279,0.006241916579096274,0.007101411567375314,0.006527993897017218,0.0051001333764449115,0.004001293347344596,0.003464503677956511,0.004289265217039851,0.004337260528655727,0.0027723607630749333,0.0028285657990461564,0.0031215898068062404,0.0022185201277180504,0.0004288002182523644,0.0006163608439091424,0.013472157667124727,0.017450716393177593,0.013916745816829681,0.009958395643036133,0.0037297409263600356,0.00165646976800582,0.0008064475385983348,0.0003397562848597526,0.00017808786678522352,0.00014335441758952388,0.00017493028049470535,0.0001932442809797106,0.0003353356640530272,0.00014082834855710938,3.789103548621777e-06,0.0,25.32479185191173,2.655888750913588,26.325519543838308,32.00460754991512,2.6381491598901032,30.419967837653097,35.19890267561232,2.646217685697687,27.986477502061437,32.22046520087301,2.050544535992904,38.25627749878763,95.86055088513459,0.33386211229110113,64.40106140959088,38.03179815698003,2.3980706963958327,29.739113823162004
018_Battus_lycidas.png,Dataset_papilionidae,138958,0.0311736080126529,0.010134477084202901,0.002221614524612553,0.005675895674312462,0.0031101323981186963,0.003126764122172807,0.0050554044307552564,0.003662177700376293,0.0014072997276555186,0.020758310664613287,0.00031088530347299186,0.00013369347412727427,9.787129924149742e-05,5.3093580634276385e-05,0.00039276456035476745,0.0015748963315854031,0.003477219735459635,0.016279199470343557,0.004000759222211028,0.004291314641834223,0.005147238734005959,0.004781120914233078,0.0049479878812303,0.004680820823558198,0.0038532326314425942,0.0026613257243195787,0.0030733207156119114,0.00367557103585256,0.0011325364498625484,0.0002145432432821428,8.950546208206797e-05,0.0001943033146706199,0.004454583399300508,0.007269732581067661,0.009724611033549706,0.01067768678305675,0.004730296204608587,0.0034601282401876825,0.0028232451532117617,0.0017928078987895623,0.000885609320801969,0.0005464780725111185,0.0006179924869384994,0.00594334259272586,0.008843049698470041,0.0003067473625124138,0.0003863577483844039,3.733142388347558e-05,76.47057384245599,0.7601752774867908,72.71460109534992,81.12356251529239,0.630140575492631,67.72700896031684,81.42532275939493,0.6855467172326438,59.68530317282768,49.49797060982455,0.618407125842489,44.621048725640826,82.09474805336865,0.5122394170130777,57.028379686443095,90.34510427611221,0.6406073198572088,66.77689633999833
019_Battus_lycidas.png,Dataset_papilionidae,62163,0.00588131203448997,0.05329358121211796,0.018398940420078395,0.00444565988699959,0.0013369868106608612,0.0007578641814441245,0.0006348899935116817,0.0002845565511460015,0.0001444231741997294,0.0003045756049954689,0.00028169668631036326,0.00026882729454999135,0.00021448986267286543,0.00012440412035026195,0.00033031438851621275,0.002186366666845408,0.0016378311857535833,0.0032304184160996093,0.008075543329633382,0.008900994160513489,0.008705942441645352,0.00916541994433988,0.008415375705805705,0.005328732525779,0.003300797902289143,0.0017826118430577674,0.0011562344159709152,0.0007379791837588276,0.0004886347184016216,0.00032374563647185624,0.0002553769927448804,0.000994361597734987,0.0010194971285169634,0.0034003346041857696,0.009179495841577788,0.011024443800974856,0.008084592120714894,0.00704498656757235,0.00665086144491096,0.006313039911201197,0.004328338400656339,0.002021902096102183,0.0009380580087833599,0.0007872448240915014,0.0005519762559722021,0.0003106751604652285,0.00026241494136383377,0.0005821388929105738,60.4533404114988,1.4381515843290678,41.75560883363851,75.13097823464119,1.1334048177453258,43.6548694236296,83.86247446230072,0.9205262793802599,44.53592193014331,27.644483052619726,3.9479035938970206,29.620078515965698,85.72184418383927,1.110836915159926,46.18946993966609,84.4500748033396,0.9775242800152253,44.85459885722752
020_Battus_lycidas.png,Dataset_papilionidae,54363,0.004576642201497342,0.06639646655098341,0.007470767495048715,0.0041106389762644935,0.0018149599298542514,0.0010497335810508374,0.00046109792812513414,0.000389153570545326,0.00018149599298542514,0.00023054896406256707,0.0002583456476729475,0.0002534403505652333,0.0001962118843085677,0.00010137614022609332,0.0002338191621343765,0.0011641905135641685,0.0002448816290491695,0.001281892095726873,0.0016658848849401247,0.0020406802420764123,0.007526948475985505,0.009558431285984954,0.007582133068447289,0.00917213913875246,0.009763074149697404,0.005380497765024006,0.0032719864613799826,0.0017095726873057042,0.0007116513069550982,0.0005024097272041646,0.00041388444346338504,0.0016739326380074684,0.002452265327520556,0.011723276861100381,0.025514826260508067,0.009342291632176297,0.009809061310082225,0.0012267075032650883,0.0006656641465702776,0.00041503412247300553,0.00024373195003954897,0.00017475120946231813,0.00018624799955852325,0.0002149899747990361,0.0003115630116071593,0.0002046428637124515,1.3796148115446167e-05,1.1496790096205139e-06,29.05956257013042,3.4121126669037465,24.924114224327703,39.49178669315527,3.3334486746476824,26.792708314406397,47.204808417489836,2.289173872740162,26.391590390148348,23.4928535952762,4.537280743006536,24.787640635212345,115.60898037267995,0.6881837443500801,45.456581219727454,47.85572908044074,2.6825865680985927,27.51920312989191
021_Battus_lycidas.png,Dataset_papilionidae,77564,0.003889547842928277,0.0363181086300059,0.02506890367237951,0.010621193107913752,0.004605802233567692,0.0015425254556810433,0.001465742985004498,0.0008514832195921362,0.0003988104447080261,0.00014210487110285987,0.0001684630326783903,0.0002635816157553046,0.0001535649413530905,0.00018679914507875933,0.000867527317942459,0.0023447303731971877,0.002513247124954876,0.00906590041771956,0.015757148935072973,0.014800680728172864,0.010527596565416946,0.005170729977824764,0.002091015161672941,0.0009661376411737403,0.0005237610231550719,0.00029652931772471765,0.00017324403073590842,0.0001555167345675829,0.0001031406322520757,7.493811562064875e-05,5.4793460883915215e-05,0.0002256201330514156,0.00020789283688309008,0.0011554973956990357,0.002734838327058945,0.005141721675003868,0.008579205559280078,0.009929703212830694,0.01070567531328967,0.009137615388582331,0.005771846475168893,0.003275520860192873,0.0019443620751895209,0.0012666958898458047,0.0007808068175957918,0.0005253725955340106,0.00046010391418699396,0.0008831416636583982,84.23656593264917,1.127281904130407,40.43134361657434,98.43284255582486,0.9094819834744222,42.00882575849837,103.30652106647413,0.803909838239945,42.33544490838986,33.54961064411325,3.2879610185000874,31.886488637474404,55.9163271620855,2.029492740930334,30.992464611749753,104.64287556082719,0.8641788300686399,42.8816243517241
022_Battus_polydamas_polydamas.png,Dataset_papilionidae,58511,0.0069745669855051,0.004650217717846027,0.007387784633088934,0.010169407841640414,0.007945324620821537,0.004738330304463169,0.003706805368031462,0.01714853237472916,0.006704152495542149,0.009104460889595309,0.0030520376985144295,0.003126477642380635,0.0012320570301120966,0.0006395758442382154,0.0008112434698888529,0.0014979139724914023,0.00822494915485977,0.01459981883748355,0.015048452427748629,0.010411503819794568,0.006916434516586625,0.0031639349865837194,0.0017090803438669653,0.0007840406077489702,0.0005778827912700177,0.0002787937310932987,0.00017945343610603135,0.00011856744885577071,8.118131633368084e-05,7.477226504417973e-05,3.8454307737006716e-05,0.0002926800088872178,0.0017656936302575584,0.014690613730751482,0.017294824904718772,0.01105881800003418,0.005980713028319462,0.0032867751362991573,0.002133145904188956,0.0014153321597648305,0.0011675155099041205,0.0009731076207892533,0.0009923347746577567,0.0007017911162003726,0.0005757464408401839,0.00038988395344465146,6.836321375467861e-05,5.340876074584267e-06,51.37914238348345,1.5610893607884178,35.16348337255349,55.3581719676642,1.8497142584024087,39.6690770217217,52.474765428722804,1.8182861962581294,41.36477402255692,68.67631727367504,0.22183331168479584,39.98918877089863,46.012305378475844,2.1009948640093348,33.92163359098657,57.210404881133464,1.8063755686838765,40.48838311912575
023_Battus_polydamas_polydamas.png,Dataset_papilionidae,161181,0.035591732965492895,0.010416998419306383,0.01923634506134925,0.016071373176739196,0.0012369806477052368,0.0004974393866384858,0.0005007482960839746,0.0008007560858082942,0.0004042384372572174,0.0006264868550125497,0.0011167569378524765,0.0010748440848762847,0.0003805245862312142,0.00020460090071272528,0.0003672889484492589,0.0003617740993734442,0.02446163009287695,0.002295555927807868,0.003708175901626122,0.005120795875444376,0.00682346244284376,0.006635009709581154,0.0049245878856689065,0.0028973638332061473,0.0020210198472524676,0.0010547148857495612,0.0006080121106085705,0.000470356307505227,0.0002881077794529132,0.00025980109318095805,0.00017488103436509266,0.0007565252728299241,0.01900037845651783,0.02243789590584498,0.009155855839087734,0.002230411773099807,0.0009376105124053084,0.0006564824638139731,0.0005362759878645747,0.0004951731283463932,0.00045872342273593043,0.000500214045079755,0.0005161123209311272,0.0006460128675216062,0.0011136548352473307,0.0017720761131895199,0.0016433388550759706,0.0003997834732381608,33.29187062991296,2.3123977829843243,42.44793467913584,44.062190953027965,2.2555339468821156,59.29898753976219,44.467362778491264,2.2178794764919814,58.945967576482694,23.72801384778603,2.3846593870934085,30.13619652988044,53.91959970467983,0.9918946663178705,55.8086955641434,45.46433512634864,2.2140068556825554,59.69240450653601
024_Battus_polydamas_polydamas.png,Dataset_papilionidae,74521,0.04949536968699352,0.026368108020259764,0.003434080475451364,0.0007097179169480936,0.00026003110234400743,0.00017653487682070228,0.00011331630606734269,0.00013120835439376524,0.00019919813803417083,0.0003101288376579905,0.00032444247631912854,0.0003387561149802665,0.0004795068951481238,0.00040436029217714916,0.0008421190745636204,0.005302010320729876,0.0006701131224755438,0.002178077320486843,0.006816031722601683,0.01128457079212571,0.011533661652420124,0.00839360717113297,0.004666469854135076,0.0027492250506568616,0.002468263979281008,0.0019667274996309765,0.0015004159901235894,0.0013268072087062707,0.0010735228995853519,0.0010215241341366864,0.0007195958186283062,0.0041313857838730025,0.004806531044940352,0.008088324096563385,0.010440010198467546,0.010321754941560098,0.009296876048362207,0.006755646059500007,0.004675695441553387,0.0030888944056037897,0.0015951879336026087,0.0005879215254760403,0.00038915205109969,0.00027509024301874637,0.0003153473517531971,0.0003799264636813784,0.000717918439097704,0.0007657237557198642,47.77525798097181,1.8161792427921668,40.741079556231256,54.44172783510688,1.9567838158316948,44.279063160245705,67.68321681136861,1.5583820197548155,46.65166056205178,25.106748433327517,2.7787001774940294,44.712304932451474,97.56459253096443,1.2846662980913137,61.46017872774983,67.85881831966829,1.5627418149696854,46.5755563820324
025_Battus_polydamas_polydamas.png,Dataset_papilionidae,101893,0.03344772348334909,0.04866368532567388,0.002816025961875039,0.0005591922681418525,0.00016662359315927275,0.0002939903188202875,8.898223299605142e-05,4.885299066449882e-05,6.717286216368586e-05,0.00012998385016089862,0.0004021647981488206,0.0002774151969876897,0.0001884329639916383,0.00015441034549314804,0.00031579968965265304,0.00126843300761038,0.0005042053919307508,0.0010666826965542284,0.002059145377994563,0.0043213223675816785,0.0075207570686897035,0.009116180699361095,0.00832122913252137,0.00646327520045538,0.004736586419086689,0.0032730413276672587,0.0023167685709518807,0.0019965797454192143,0.001665963314457323,0.0016444947150442131,0.0014390095492330189,0.006054758423051632,0.0023860814776284927,0.002804412471906804,0.004404129822460817,0.006290299628041181,0.008271544659593887,0.008673927551451032,0.007852600276760916,0.006273124748510692,0.005881169462082773,0.003812823255768306,0.0013046774557624174,0.001143969654441424,0.0009427782085128518,0.000919469443435761,0.0009256033289823638,0.0006133885546602809,54.81704336902437,1.201446138182242,41.213957811592536,72.94628679104551,1.0254693553996765,44.18672444538343,96.9850333192663,0.5849749703130621,50.28204144103968,17.326862493007372,5.086825567909679,25.701765977993567,124.24946757873455,0.74246236086987,62.57948124783063,97.13621151600208,0.5971995005861886,50.243219940938886
026_Eurytides_callias.png,Dataset_papilionidae,121123,0.008653095521815748,0.0020695216157679934,0.0025729584343555266,0.010015897521986374,0.004963916386189612,0.009187355002765784,0.01904033273797893,0.019053542450420003,0.0034110413014502247,0.001662222148834931,0.0018053273669465474,0.003833752099564538,0.0007309374217393339,0.00035886385464913077,0.0006480097825259356,0.0008821152418982724,0.006885046605516706,0.011244767715462794,0.018722703367651066,0.0037116195933059783,0.007525408056273375,0.0034113050370284752,0.0022905434971062476,0.0015722653831229411,0.00182562353970757,0.0011001213642330523,0.0006677096835448264,0.0007765866103052269,0.00037255517118961717,0.0004494398256317958,0.00018730959437926735,0.0017569949555410616,0.012300512701964118,0.009381991859514709,0.0025965341016982737,0.001174425996714084,0.0008818515063200218,0.0007951627684254848,0.0008188989704680366,0.0011269535926289804,0.0024293486786159525,0.0036595031496908102,0.0012141583349157467,0.0009319039323662723,0.002077433683115511,0.008209629880369542,0.013884646186108336,0.0010170446570841212,113.4240070011476,0.03014466845497327,91.77976071754401,122.60597079002336,-0.06584511260938161,94.80514364662478,105.67639506947484,0.0005806990894839916,82.58645646064683,66.56240350717866,0.10948490627073523,35.28967419239177,60.81408155346218,1.807256412877363,54.89554853988013,123.9959958059163,-0.07774417058974163,94.00967285256554
027_Eurytides_callias.png,Dataset_papilionidae,90774,0.024563078512447274,0.014016739986731395,0.0045083883539829075,0.0049980048129297915,0.017989487934626413,0.010645241050423151,0.002687015126700499,0.0004396755801343018,0.00043477941554483297,0.0010203607004453062,0.0028965709711297654,0.0010624677159147382,0.000966502889961149,0.0002781021486818301,0.0007647809088750327,0.0016176927803605045,0.0066311664132901495,0.0013508824112631371,0.00590133187917245,0.008366244739683169,0.006328216229316765,0.0025096668649613324,0.001534029567937956,0.0011498336528080729,0.0015622590168991122,0.0019368156079934784,0.002464224337365325,0.0027416991649591295,0.0022741919492365657,0.002102749686033446,0.0016008163130411793,0.014045872166038734,0.020555169982594136,0.007321066604974993,0.006801231630202481,0.0030074690990812346,0.0010114405005838677,0.0008599654085971754,0.0008379326679445657,0.0009398340934628858,0.0014775706700156433,0.0033097307599092253,0.006830149602309031,0.007513853085685329,0.0017040947848502876,0.0002340978694339789,7.780311542952828e-05,1.85901249256395e-05,53.52653843611607,0.6798326027434473,62.43358183011949,70.05320906867605,0.5562315149616869,76.48228920657205,64.30278493841848,0.45940566187190063,61.38330630726366,41.03852424703109,1.3769504605680105,39.48220815002305,127.62533324520237,0.20939678634391654,91.30661039878055,74.84411835988278,0.5075743017970348,73.79200551210056
028_Eurytides_callias.png,Dataset_papilionidae,77397,0.006298263067905302,0.011572082179470061,0.007540918180865465,0.027997639874069193,0.0209494195152554,0.005648223517133165,0.002978008047972,0.0008395387130997038,0.000648891071000455,0.0006408517125986795,0.0012357642343300702,0.0006867909034659684,0.00046398582775961745,0.0002377353127382198,0.00046398582775961745,0.0006867909034659684,0.0034780094835717146,0.0007049691848521261,0.0017151827590216676,0.0034634740364613615,0.00829005000193806,0.00921224336860602,0.008224640489941471,0.004021473700531028,0.004791044872540279,0.0037880990219259143,0.001696609687713994,0.0031856854916857244,0.0012338979547010867,0.001500381151724227,0.0005079331240228949,0.006686305670762433,0.02585210021060248,0.006493307234130522,0.0018040104913627144,0.001526221946587077,0.0012484334018114398,0.0012726591469953616,0.0020672635890279984,0.005038954998255746,0.011136575061048877,0.004032779048283525,0.0012476258769719758,0.0005588071889091309,0.0001679651666085249,4.8451490367843716e-05,4.845149036784371e-06,0.0,42.335865731229894,0.652777425300767,44.145837231822846,62.79335116348179,0.4177042515788119,60.88854042689397,52.73555822577102,0.47344565431677327,49.279303644572,42.863663966303605,1.9187957579612565,28.158968757897185,119.75455120999521,0.5627562676353995,67.42867454581196,63.89738620359962,0.4080279818217021,60.30563407047901
029_Eurytides_columbus.png,Dataset_papilionidae,56294,0.007325035626453184,0.03477457633140299,0.023164102746296232,0.02055241726965179,0.0003110653197696222,0.00013579501269130715,7.105552989661421e-05,4.737035326440947e-05,2.6843200183165367e-05,0.0001215839067119843,8.842465942689768e-05,0.00013421600091582684,0.00025106287230137016,0.0003315924728508663,0.000420017132277764,0.0011337304547948666,0.0012456922585000177,0.0035927452303975557,0.00758850854442747,0.008484474366717589,0.011102426546345969,0.0083179379685224,0.005726631612605251,0.004966115394180552,0.004177843109389988,0.0030276317191885458,0.001614292819838704,0.0008337922336305823,0.00044631754716310796,0.00028422211958645683,0.0002109461043805734,0.0008804224251252354,0.0006439407396880662,0.011979518243507301,0.012156046825594203,0.004903941805521015,0.0028133548868440688,0.0020861459480584076,0.0015032685543752442,0.0011357782356911927,0.0009015170355632927,0.0010491793086296942,0.0013977955021849575,0.001501048069065975,0.0025024869435463816,0.004754059047145344,0.00929384126194621,0.003878077592638647,76.75581767151029,0.8205850833452752,65.837867655189,109.96605322059189,0.40948595188044135,89.0004820313962,109.46580452623725,0.3913995620901193,82.02226526831728,28.05240345329875,4.333778241476881,24.654762420513222,86.85819092620883,0.9826489063414771,46.852453460297006,114.31356805343376,0.3753858983228441,87.0590253762884
030_Eurytides_columbus.png,Dataset_papilionidae,62869,0.008900341274007151,0.05883274038962852,0.019910183609304,0.0010816141500580572,4.241624117874734e-06,0.0,0.0,2.8277494119164895e-06,0.0,0.0,5.655498823832979e-06,1.1310997647665958e-05,9.897122941707713e-06,4.241624117874734e-06,1.4138747059582447e-05,0.00011169610177070133,4.1753487410329414e-05,0.00116710938618397,0.004741009082377642,0.005387194006585122,0.004362245303726797,0.004412945967010768,0.005359358348311569,0.004393063353958231,0.0050134008811974105,0.006089050247339706,0.006718334950452529,0.006402201402917177,0.004105759595349059,0.002277553325168207,0.001111438069636864,0.0009175825923746203,7.853632155752438e-05,0.003586823394677822,0.01204786937918529,0.013006211328317613,0.006079108940813437,0.0031364822090378408,0.0020260382700536036,0.0013042994162464807,0.000855946491911753,0.000829104964290827,0.0011999156977206573,0.0035082870731202977,0.006451907935548521,0.007010609362324834,0.00137488269258299,3.976522610507564e-06,65.50415944265059,0.7791229403616119,62.71587556028912,89.8913136840096,0.6580719913859312,73.04094945894295,104.8919499276273,0.578881021304307,70.03477605176052,17.925877618540138,8.938938014410603,8.751534827841216,127.83758291049642,-0.023098529676356266,56.58072406088706,105.00540807075029,0.5793601610506356,70.18790799617828
031_Eurytides_columbus.png,Dataset_papilionidae,66048,0.015046296296296297,0.03518787683031869,0.01271129414298019,0.02012004737295435,0.003353789836347976,0.00032838070628768304,0.00010228251507321275,0.00010901162790697674,3.768303186907838e-05,4.0374677002583974e-05,0.0001466946597760551,0.00020052756244616707,0.00011170327304048235,0.00010228251507321275,0.00015611541774332473,0.00113452842377261,0.0014156371124031007,0.003942208696705426,0.007025193798449613,0.008605483890503876,0.008864765019379845,0.007471838662790698,0.007583499878875969,0.005790296451065892,0.0038835392441860465,0.0024309971535852715,0.0011781204578488371,0.0011705502059108526,0.000596157340116279,0.000595211058624031,0.00028861585513565894,0.0016578851744186046,0.005672957546027132,0.013297147529069768,0.010442216266957365,0.005858428718507752,0.0040150723716085275,0.003461497698643411,0.0025294104287790697,0.0020628936531007754,0.002131972202034884,0.0028303279433139535,0.0037964813468992246,0.0034889398619186046,0.0026817617490310077,0.00016465297965116279,3.8797541182170544e-05,2.74421632751938e-05,55.83948037790697,0.7842943411711452,49.09241024214531,71.27398255813954,0.8520999863753288,61.53909045282782,73.5999878875969,0.6717291345377318,55.70857562797595,25.980211361434108,4.160804238546964,23.588780226446758,90.62774043120154,1.0901425326761964,51.47211132169773,76.44107315891473,0.7637070270695785,60.01755747038306
032_Eurytides_columbus.png,Dataset_papilionidae,117961,0.016468719887646484,0.03867794346342341,0.0102210806019692,0.019430904187730597,0.000329299043280783,0.00010549626100528518,0.00010851043989115047,4.898040689531097e-05,3.8430780794782456e-05,0.00014166640763566866,0.00013865222874980337,0.00022606341643989682,0.00029011471776453423,0.00027881154694253934,0.00046493709314472106,0.001919278405574724,0.0017903162909775265,0.003012648248149812,0.0045168530276955944,0.006699777892693348,0.012149142513203516,0.011976415934079908,0.009814154678241113,0.006190075533439018,0.003082586617610905,0.0019052907316825052,0.0005965954849484152,0.00024266494858470172,0.00015418231449377336,9.643017607514348e-05,6.411017200600198e-05,0.0002087554361187172,0.0012514729444477412,0.014892104170022296,0.012758454065326675,0.006863497257568179,0.004107819533574656,0.00311119776875408,0.0021707386339552904,0.0018740303998779257,0.001963572706233416,0.0031827256466120156,0.003709912598231619,0.004830516018005951,0.0013759844355337781,0.0002463738015106688,0.00011179542391129272,4.980459643441476e-05,51.58670238468646,1.245949725982026,40.052813692066294,72.23543374505132,0.9124556770315165,59.98079591491985,74.75181627826146,0.7727577318325467,53.49069989793803,25.887064368732037,3.8165827747815575,29.67591119215892,84.21910631479896,0.46368452526340714,36.59988764193048,78.06164749366316,0.8182548282923263,58.33075970841819
033_Eurytides_dolicaon_deileon.png,Dataset_papilionidae,62416,0.004829246062263238,0.021884701928280497,0.04658349710900339,0.006804523056766072,0.0018257426870602978,0.0003973340169187388,0.0004429063772821784,0.0008117576689737674,0.001079495286108975,0.0007320060383377481,0.0004941752826910479,0.00039590988065738134,0.00038166851804380647,0.0003175823862827195,0.0005582614144521347,0.0013500811757668973,0.001099477698026147,0.0022319998077416046,0.004243703537554473,0.00813793738784927,0.016265861317610868,0.011316208984875674,0.006358545885670341,0.003807116764932069,0.0027256632914637274,0.0017323282491668803,0.0011325221097154576,0.0008471385542168675,0.0004906594462958215,0.00039252755703665724,0.0003094158549089977,0.0014088935529351448,0.0026115098692642913,0.009162314150217893,0.007598211996923866,0.005051789605229428,0.00268160407587798,0.0020297279543706743,0.00203773872084081,0.002330131697000769,0.004346842155857473,0.004185625480645988,0.003270395411432966,0.00606014483465778,0.008517447449371955,0.0020707831325301206,0.000522702512176365,2.3030953601640606e-05,77.79093501666239,0.2442115560734818,55.81726852193517,104.64688541399642,0.0980606449583487,71.32833701289276,107.62339784670597,0.02851433229113127,68.86809025418101,32.653582414765445,3.356480240864945,28.96145413153331,88.54064662906947,1.495603224236936,45.55310923894512,109.20262432709562,0.05641890683686117,69.98443248111343
034_Eurytides_dolicaon_deileon.png,Dataset_papilionidae,106655,0.00973606488209648,0.03464378916443986,0.02123732283218477,0.01479078440871137,0.0013993197172607421,0.0005575609832325411,0.0005142229097974257,0.0008584272238109377,0.0008384250360716536,0.0009042655707134635,0.0009042655707134635,0.0006159006974721193,0.0003517051344157434,0.00023419228144745,0.00045671662004698427,0.0008459258564738852,0.001891613145187755,0.0009534245933148938,0.0020240495054146546,0.003506047536449299,0.006201654868501242,0.008382752801087618,0.008965238385448408,0.008332356664010125,0.007399442126482584,0.004576086446955136,0.0029393839951244666,0.001987717406591346,0.001166729173503352,0.000999132717640992,0.0006170596784023253,0.0025573109558858,0.009556513993718064,0.011871220289719188,0.00695818292625756,0.005215414185926586,0.004188153391777225,0.00434285781257325,0.004480568187145469,0.0028661337958839246,0.002322910318316066,0.002686231306549154,0.0030395902676855283,0.002810463644461113,0.0012393933711499696,0.0007922741549857016,5.625615301673621e-05,7.383620083446627e-05,42.94702545590924,1.0709756341555534,39.04719772312527,65.79177722563405,0.9716391190853039,58.1850574647877,71.96882471520323,0.6609805503153371,57.206223255915475,29.789086306314754,3.0447548151764403,28.68742382230497,114.96540246589471,0.5379730730073087,53.48261705529732,73.65875017580048,0.7393977550751348,58.753047443160085
035_Eurytides_orabilis_orabilis.png,Dataset_papilionidae,112784,0.013816774641005029,0.028520988004602704,0.0317846503050078,0.010825806655002287,0.00021437240900994625,6.305070853233713e-05,8.117778723538406e-05,4.7288031399252846e-05,2.679655112624328e-05,7.644898409545877e-05,0.00011270314150155262,3.388975583613121e-05,4.965243296921549e-05,9.536419665515992e-05,0.00034599076307120004,0.002793934521839189,0.0044786937863526746,0.0014302782309547455,0.0038464010852603207,0.012557743119591432,0.013981925627748616,0.0032612116966945666,0.0027962742942261314,0.003021261881117889,0.004096879876578238,0.004230431621506597,0.003122118385586608,0.00194564388565754,0.0012773310043977869,0.000778035891615832,0.0005835269187118741,0.0010922426939991487,0.006653204355227692,0.01371260551142006,0.004995721910909349,0.0018929990069513406,0.0012318901617250674,0.0010684139594268692,0.0013382882323733864,0.002140152858561498,0.0038386428926088807,0.015753564335366718,0.00977643105405022,9.7531564760959e-05,5.541566179599943e-07,0.0,0.0,0.0,69.19582564902824,0.00900433875486136,54.17443350502915,87.99428997020854,-0.06777355318814333,65.88218716927011,92.35616754149525,-0.1314552035506226,62.02079495795002,27.72565257483331,3.9030725343032615,30.41368483648634,91.599810256774,0.8088176367944127,56.310530115163985,93.46529649595688,-0.12428972346588846,62.99732494445145
036_Eurytides_orabilis_orabilis.png,Dataset_papilionidae,133854,0.011017642771643398,0.006233657567200084,0.004226163498206171,0.02237462708124773,0.015039271644229284,0.00610416324253789,0.004540270244694469,0.004823165538571877,0.002366093737289219,0.0015074467537599008,0.0010080635119856958,0.001480883815367656,0.0012531066186541554,0.0011315811755096348,0.001539322279830595,0.004243429408161131,0.002907552258430828,0.01192857516398464,0.0069366623335873415,0.005478450401183379,0.008604057405830232,0.007532460740807148,0.00500031751012297,0.004635180868707696,0.0032479417873205133,0.002678291272580573,0.0004169654997235794,0.00019984460681040536,0.00022692635259312385,0.0002736190177357419,0.0004991445903745872,0.0019340101902072407,0.0009828806012521106,0.0027810151358943326,0.00297572354953905,0.003998759842813812,0.004300394459635125,0.002823505461174115,0.003663039580438388,0.005349578645389753,0.007779464939411598,0.007264911769539946,0.005296815933778594,0.0016421810330658777,0.0023757228024564076,0.00443673704185157,0.004613235316090666,0.002216033887668654,97.36657851091488,0.7233756059460212,64.18469800333696,126.81369253066774,-0.04693649402453997,64.57467363053097,119.67118651665247,0.30100905154102603,58.647827243262746,56.72931701704842,1.2839929000972345,43.6601321656462,77.86071391217297,1.2299058296389886,54.39786265003026,134.13335425164732,-0.028217833111256523,63.61005074388628
037_Eurytides_serville_serville.png,Dataset_papilionidae,103042,0.027454608584633233,0.03108462784323113,0.014291475536404788,0.012234924701685829,0.0017451352091595875,0.0001069682481145768,3.27805921641445e-05,5.175882973285974e-06,6.901177297714633e-06,3.27805921641445e-05,2.760470919085853e-05,2.4154120542001212e-05,4.8308241084002424e-05,9.920442365464783e-05,0.00019927149447151,0.0014949675321174322,0.000898298751965218,0.0016467799538052445,0.0038194377050134896,0.005178713534286989,0.0038303555831602646,0.0032474621998796606,0.0031989382970051047,0.0039049610838298946,0.004591574309504862,0.005095009801828381,0.006277779934395683,0.008337013062634653,0.006383925971933774,0.002819238757011704,0.0014029473418606005,0.0018675637118844744,0.0023467372527707147,0.01166999864133072,0.006613807961801984,0.006780002329147338,0.006542235205062014,0.004403544185865958,0.0028246976960850916,0.0019142679684012345,0.001750499796199608,0.0016564847343801556,0.0016443537586615167,0.0032037906872925603,0.0054631849148890745,0.0032116758215096756,0.0021101832262572545,0.000364535820345102,57.47588362027135,1.0525229167590233,62.70009258932686,78.05582189786689,0.9176262571780475,69.77346873581006,94.88888026241726,0.5766410629378466,71.47143951807885,22.44646843034879,4.602698178986341,24.74804682993237,135.89307272762562,-0.23093741459349224,62.10981313754498,96.07559053589799,0.6021766082471924,70.42046305077628
038_Eurytides_serville_serville.png,Dataset_papilionidae,79461,0.01791067316041832,0.04271781125331924,0.012355467182363395,0.01224136508615687,0.0003512554726357724,8.501724815388122e-05,0.000190170160344208,7.606806413768319e-05,0.00012305128022272282,0.000393764096712713,0.00028637388851833674,0.00020135664036445553,0.00020806852837660405,0.0001924074563482575,0.00048213728887266846,0.0010739020819437628,0.001545569524672481,0.0009194762210392519,0.0032232793445841354,0.006922421061904582,0.007662564025119241,0.008574174752394257,0.008642604548143114,0.007784479178464907,0.006170479858043569,0.004296919243402424,0.0025090925107914574,0.0015675929072123433,0.0009407130542026907,0.0006465435874202439,0.0003917015894589799,0.0007023885931463234,0.005360334000327205,0.016394048652798227,0.007465140131636904,0.004408609254854583,0.004148261411258353,0.003859597790110872,0.0034332880280892515,0.004875819584450234,0.004495129686261185,0.003793527642491285,0.0036346446684537067,0.0004640641320899561,0.0001620291715432728,5.50584563496558e-06,0.0,0.0,45.47540302790048,0.9669162110547203,40.42346715317892,61.864197530864196,0.7939625787133254,51.806608040713336,70.11262128591385,0.5048446083959323,50.60270879013059,23.371691773322762,4.207694858142253,25.9191945738094,102.95229106102364,0.5031736487358123,46.98371716512622,71.13391475063239,0.5433742898966147,51.782560372836144
039_Eurytides_serville_serville.png,Dataset_papilionidae,81681,0.0277807024345387,0.006258493407279539,0.004502066984161964,0.01246692757325585,0.0019512221664496978,4.7882752550912835e-05,0.00010991268199186809,0.0001229716145057534,9.358901634951145e-05,0.00020785467584600798,0.0007193295326398495,0.0016976612268050912,0.0024942561101520956,0.002405020071307213,0.003985150905487336,0.0240458477355675,0.0003978893500324433,0.0013864913504976677,0.004020212778981648,0.006916388144121644,0.008563803087621356,0.007230873765012671,0.008170504768550826,0.008106230335084046,0.007697628579473806,0.004427284190937917,0.002179974535081598,0.0012311614696196179,0.0006228498671661709,0.0004361479413817167,0.0002762270295417539,0.0008363328068951163,0.005659976004211506,0.016843727427431104,0.009007602747272928,0.005423537909672996,0.004542825136812723,0.004708867423268569,0.0029665711732226588,0.0022779165289357377,0.0029512677366829495,0.0026260697102141258,0.004795331839717927,0.0006618736303424297,2.6015842117505907e-05,6.121374615883743e-06,1.5303436539709357e-06,7.651718269854679e-07,46.44859881735042,1.0779174980609807,41.21124066854764,54.269634309080445,1.0751195783829757,53.99443374827655,64.21094256926335,0.7045810912932606,47.352171019783945,76.74812992005485,0.3620336576962514,73.41878979113316,102.7728970017507,0.6455674614735104,44.90811280547316,66.44949253804434,0.8190902915700473,50.6680892881609
040_Heraclides_anchisiades_anchisiades.png,Dataset_papilionidae,89823,0.014986510507702186,0.04846271741833012,0.008107797186318278,0.007100383841307659,0.0030014584237890076,0.0014012743580894276,0.0005294362864250309,0.0004463098414536242,0.00018802410172103902,0.00013557527334622288,0.00017416969422580456,0.00018901370225641293,0.00026323374240945464,0.0003720898013005825,0.000780794822409999,0.0027500998878040393,0.0023434977678322925,0.005381416786346482,0.007116774100174788,0.0088062077641584,0.01083102323458357,0.009713547755029335,0.007015881233091747,0.0041818353873729446,0.0025084054195473318,0.0013429188515190987,0.0007653941640782427,0.0006610222326130278,0.000431403983389555,0.0003367734321944268,0.00023727219086425527,0.0008266256972045021,0.0013630974249357068,0.01599465059060597,0.018696491989802166,0.009668319918061075,0.0050293354708704895,0.0030810594168531446,0.0020074201485143005,0.0011947107088384934,0.0007507820936731126,0.0004188793516137292,0.0002790209634503412,0.000258842390033733,0.0002560591385279939,0.0003089409171370362,0.0005427340436191176,0.0026496554334635896,44.45549580842323,2.297472042187419,43.60632796075196,52.64361021119313,2.506140755212537,48.032152398925184,59.95910846887768,2.3661377835087767,54.4371076844213,27.746868842056042,3.2386149576362366,34.83874714490985,79.59421306346927,1.2000210621706997,45.2262978391043,60.94052748182537,2.3695512354963046,54.18390513537209
041_Heraclides_anchisiades_anchisiades.png,Dataset_papilionidae,89603,0.004510761668446122,0.05077111753450715,0.01351938861174043,0.014638398763930275,0.002009853340723959,0.00033133811243919167,0.00023213508476278697,0.00016368499566606773,0.00013590814791667442,0.0002093183883972139,0.0002817365986009893,0.000360106990465349,0.00018154154064782056,0.0001993980856295734,0.0003065373555200905,0.0010376636694951929,0.00038014910215059764,0.0008544635782284075,0.004962863966608261,0.014833487718045154,0.021264633996629576,0.009357945604499849,0.003525970112607837,0.002085588652165664,0.0017696115085432406,0.0010783679117886678,0.0007177494057118623,0.0004973326785933506,0.00034666808030981106,0.00023645971675055524,0.00019321339687287256,0.0003954945704942915,0.0010588373157148757,0.02250622188989208,0.015953706907134806,0.011479805363659699,0.0063160552660067185,0.001718692454493711,0.00034736560159816075,0.00022181176969521109,0.00019879356717967031,0.00020297869490976865,0.00019181835429617311,0.0002043737374864681,0.0002015836523330692,0.00024343492963405244,0.0003445755164447619,0.001309944979520775,34.29578250728212,3.1290280247778237,29.27535354512978,44.15208196154147,3.3090089067243613,38.05373848228962,48.36493197772396,3.2849772263540133,42.60227468511954,25.94329430934232,4.222283479469656,24.72708999893132,77.98342689418881,2.0591863403643,34.74551304486956,49.38027744606765,3.2777735265818615,42.3986303548596
042_Heraclides_anchisiades_anchisiades.png,Dataset_papilionidae,91951,0.0040843009380600055,0.0022185729355852575,0.003054767092134821,0.059313716605100056,0.02010829439351152,0.00010923692449722618,0.0,0.0,0.0,0.0,0.0,0.0,0.0,0.0,0.0,0.0,0.0,0.0,6.797098454611696e-07,6.117388609150526e-06,4.418113995497602e-05,0.00011283183434655414,0.0003296592750486672,0.0005458070059053191,0.0011052082087198616,0.0027854509466998727,0.003608579569553349,0.00396950549749323,0.005246680297114768,0.007224635947406771,0.009492827701710694,0.028027835477591325,4.7579689182281866e-06,0.0030641319833389523,0.031712542549836326,0.015678867005252797,0.005568862763863362,0.001704032582571152,0.0007048591097432328,0.0004547258866135224,0.0004642418244499788,0.00043365488140422614,0.0005580417831236202,0.0009087720633815837,0.001042674902937434,0.0001869202075018216,1.1555067372839882e-05,1.3594196909223392e-06,10.65198855912388,2.85685551752865,18.478018096239985,51.34704353405618,2.306095373847848,20.55923676958311,41.56148383378103,2.801015949053148,38.37718550087765,39.637393829322136,-2.217770269242787,9.015226507437593,222.55417559352264,-1.1228286208532825,36.37953915304072,56.11631194875532,2.8957774698159895,34.09460825616474
043_Heraclides_anchisiades_anchisiades.png,Dataset_papilionidae,57438,0.001117340049754131,0.00430377102266792,0.011773854707104472,0.024189947808458203,0.02955070394744478,0.004950652104104523,0.0011869803575642916,0.004037590290593529,0.0025024083939784343,0.0010972217386089737,0.00021201604822204423,0.0002553477953039219,0.00016404161395282255,0.00016249405155704122,0.0014253049665146186,0.0019592139930591826,0.002511403600403914,0.014101074201747972,0.016016182666527386,0.011055398864862983,0.006648473136251262,0.00414033392527595,0.002279631950973223,0.0012263222953445454,0.0009956387757233886,0.0007671315157212995,0.000607176433719837,0.0005451530345764128,0.0004385163132421045,0.0003460252794317351,0.00028182562066924336,0.000539712385528744,0.0004417807026707058,0.005604956648908388,0.014107602980605174,0.013461253873742121,0.010657143354573627,0.007092430098541036,0.004557087642327379,0.0026974737978341864,0.0013819248581078728,0.0006137052125770396,0.00032535081305059367,0.0002187140917162854,0.0002002158849542115,0.00020239214457327902,0.0003035882168599185,0.000634379678958181,55.833089592255995,1.5421760998165652,34.68292976395955,65.9235175319475,1.1462033337633843,33.239698481585684,64.04401267453602,2.024917042836819,39.186742652950585,51.59323096208085,2.2640829956366426,30.873669553716372,58.072617430969046,2.112496718371832,43.15035335607652,68.88728716180925,1.9494134752134435,38.92951305389191
044_Heraclides_anchisiades_anchisiades.png,Dataset_papilionidae,86912,0.011060996563573884,0.04343090328915071,0.007526386843397153,0.018825683194239894,0.0009204712812960235,0.00039273441335297007,0.00026489117983963343,0.0002454590083456063,0.00011352479135984291,0.0002454590083456063,0.00028330060546555394,0.0003712567501227295,0.00019534446080837834,0.0001912534773359516,0.0007844460808378334,0.004036777941417116,0.0014590908044918999,0.0012016464930044183,0.0032331553755522826,0.00516542594808542,0.008878952273564064,0.010919090574374079,0.00805556194771723,0.005811913199558174,0.005410645250368188,0.003108747928939617,0.0018251219624447717,0.001897752899484536,0.00117072441089838,0.0009211903994845361,0.0007291858431516937,0.002711794688880707,0.015025974548969073,0.025993965160162003,0.009861267719072165,0.0036416145066273933,0.002309807621502209,0.0017647160346097202,0.0008154800257731959,0.0003739414580265096,0.0002775796207658321,0.00024953401141384387,0.00023730900220913107,0.00024306194771723123,0.0002739840298232695,0.0003775370489690722,0.00042427973122238587,0.0006299475331369662,23.655168446244478,3.0846022987699753,28.53581560040109,29.016234812223857,3.0314071267079337,29.134095461696173,36.578539212076585,3.1825231160361978,42.180299035156914,30.448557161266567,2.9809755302207486,38.423170380391404,107.1610824742268,0.8963007224534107,54.923777017043726,36.989782768777616,3.208058778683954,41.98195446529385
045_Heraclides_anchisiades_anchisiades.png,Dataset_papilionidae,63294,0.054356565305470415,0.01827240075415258,0.0014394904905853812,0.00042693181379312763,0.00021206152593013908,9.409352475045906e-05,4.353580995916762e-05,6.319714348911429e-05,6.319714348911429e-05,0.00020925276399728953,0.00023453162139293527,0.00022048781172868764,0.0003131769555127219,0.0004676588618194458,0.0011796800117968,0.011292627351021512,0.002456788953139318,0.014097900274907574,0.011087148860871488,0.01175368123360824,0.009712610989983253,0.005184140676841407,0.0027865990457231335,0.0017073103295731033,0.0015572171137864569,0.0009963424653205676,0.0004483047366259045,0.00028438714570101434,0.00017971687679716876,0.00010862009037191519,5.727241128700983e-05,8.19587954624451e-05,3.949821468069643e-06,0.00015305558188769867,0.004955051031693368,0.017454261067399755,0.012335292444781496,0.00722323600973236,0.008739967453471104,0.004311230132398015,0.0017468085442537997,0.001040777956836351,0.000620121970486934,0.0005065646032799318,0.0005875359433753594,0.0009153711252251398,0.001288629253957721,0.0006181470597528991,69.1667614623819,1.5005412810128065,37.75431493758935,72.35425158782823,1.5804643980390034,36.54493266773243,87.29424590008531,1.7961260465903672,43.88686307395091,34.40128606187,1.8715325987183666,58.42466901268559,58.51766360160521,1.4009456976921983,36.43584792307226,87.43451196005941,1.79932620777771,43.846825748601006
046_Heraclides_anchisiades_anchisiades.png,Dataset_papilionidae,49307,0.015907590312847174,0.006672029889828579,0.0033729716087190684,0.003764171415823311,0.00068865588163051,0.0004092274479846224,0.0007517526247118395,0.0016964010068437432,0.0009807036638926634,0.015305467107442485,0.008732589242455995,0.014362621489398621,0.0019271548101126052,0.0010059423611251952,0.0018820857079116554,0.01142952431816082,0.019349433143367067,0.02625387875960817,0.009141704017685116,0.0028292128906646117,0.0016161498367371773,0.000993773703530939,0.0007402600036505973,0.0004461841117894011,0.00033337051534264913,0.000247175857383333,0.0001660514734216237,0.00013055955543837588,0.00010520818545034174,5.323787697487172e-05,2.788650698683757e-05,6.59135619688888e-05,7.732167846350417e-05,0.0024958423753219626,0.006611637292879307,0.010923905327843916,0.013597207293082118,0.008486371103494433,0.006459529072951102,0.004152554404039994,0.0030675157685521324,0.0017948769951528182,0.0011179954164723062,0.0007605410996410246,0.000598292331717606,0.0005209706532541019,0.0005361814752469224,0.0012992577118867503,83.38611150546575,1.3657144069261886,45.382276287751814,81.53491390674752,1.5097607811937699,43.48369371564114,84.13925000507028,1.6500737242272956,45.37632073549465,88.87573772486665,-0.26953229769635745,59.222096303938606,28.16091021558805,3.0874642150695832,28.510276958201313,88.04920193887277,1.4973835361466854,46.61945267371569
047_Heraclides_anchisiades_anchisiades.png,Dataset_papilionidae,84532,0.012597464733933764,0.0033596744428145554,0.0005457499329642423,0.00023133908526422605,0.0001671950661682361,9.358717540234599e-05,0.000302843893436805,0.00027340073713044894,0.0001587827357949915,0.00020715363544114787,0.00021556596581439244,0.0004227196012555403,0.00094533562569336,0.003965362229688165,0.004580513888231675,0.060822200139854996,0.0006831732361709175,0.001014408744617423,0.002632139308190981,0.008323031514692662,0.01765677494913169,0.010927074953863625,0.0074047402167226615,0.0034957175980693703,0.0027970176974400226,0.0015371397813845643,0.001221430937396489,0.0012524842663133489,0.0012517449013391378,0.0010469408034827047,0.0005478694458903137,0.0007083116452940899,0.014419835092036152,0.022706637722992477,0.015304854966166659,0.003498675057966214,0.0015341823214877206,0.0008155195665546775,0.0005863164245492831,0.00045323072919131215,0.00040221454597075664,0.00027874059527752804,0.0002654320257417309,0.00034232598305966973,0.00042143803530024135,0.000513119292102399,0.0005619173804003218,0.0003955602612028581,26.62033312828278,3.726552000740029,28.54001653031402,24.08230019400937,3.887638184028248,27.823724355871942,37.85843230965788,3.188654761225576,42.259917366873054,137.7791250650641,-1.5079211200371891,64.38323999938171,92.67434817583873,1.40571587812027,45.07566647682971,38.00686130696068,3.200371822900355,42.179192172911115
048_Heraclides_anchisiades_idaeus.png,Dataset_papilionidae,50026,0.0024271823096434298,0.01943345016147159,0.024071038615475507,0.024127897937516934,0.006583243380109009,0.0016187138243668848,0.000799584216207572,0.0020878032312086603,0.0004779736759107486,0.000408676377172759,0.000467312553027981,0.0002754123411381637,0.00017057796612428205,0.00013859459747597917,0.0005739237818556573,0.005227503920183727,0.0018577839523447807,0.004573871586774877,0.007718486387078719,0.010425828569144046,0.013441760284651981,0.010284651980969896,0.005865699836085236,0.002836025266861232,0.001640396993563347,0.0009532543077599648,0.0008133270699236397,0.0005359712949266381,0.00038854795506336703,0.00032358173749650183,0.000211140207092312,0.000629672570263463,0.0013405529124855076,0.010295896134010314,0.024403560148722664,0.013160656458641506,0.005487146683724463,0.0022488306080837963,0.0013730360212689402,0.0007870907128293287,0.0004785011793867189,0.0002836025266861232,0.00019864670371406867,0.00022488306080837965,0.00020614280574101466,0.0003635609483068804,0.0006459141246551793,0.0010019789709351137,40.44982609043298,2.338137021852365,31.286417093118654,48.82918882181266,1.74043232298114,27.514861315681255,53.62663415024188,2.9340596305399482,42.69168565236992,42.920301443249514,2.4998000497482638,39.04154273292004,76.08441610362611,1.4648523166989438,41.54188815413611,55.41734298164954,2.947401469139506,42.306997005541014
049_Heraclides_anchisiades_idaeus.png,Dataset_papilionidae,66012,0.011374362910447258,0.042716812431409776,0.003781130703508453,0.004758730735825809,0.017497155399354997,0.0009560551280238611,0.0003150942252923711,0.00032317356440243186,0.00018986446908642873,0.0005507416160024776,0.0004672551118651828,0.0004497498771267177,0.00039588761639297907,0.0004228187467598484,0.0007352198590155325,0.0039548364943747605,0.0024398972914015634,0.0035694267708901413,0.005152472277767679,0.005682678906865419,0.0069049945464461,0.008646155244501,0.009458507544082895,0.008500348421499122,0.006773389686723626,0.00348989577652548,0.001032009331636672,0.00038629340119978185,0.00017515754711264618,8.521177967642247e-05,5.586105556565473e-05,0.00014770041810579894,0.0019219990304793068,0.014686723626007392,0.018076258862025088,0.009657335029994546,0.004157388050657456,0.007499583409077137,0.0036432769799430408,0.001046211294916076,0.00033516633339392837,0.00021965703205477791,0.00023291219778222142,0.0003446343089135309,0.0003957613767193844,0.00017231715445676545,8.521177967642247e-05,2.556353390292674e-05,35.244955462643155,2.695119854720326,25.3111567250946,48.00645337211416,1.594870174645411,32.9728365604205,47.63933830212689,2.77886041358808,28.609069768651807,35.235411743319396,2.3693610286520554,40.21424733833147,90.39641277343513,-0.015509681201603238,42.065461005587075,54.17083257589529,1.7878800713899294,34.13251541790591
050_Heraclides_anchisiades_idaeus.png,Dataset_papilionidae,33660,0.007969895028718558,0.06769657357892651,0.006868686868686869,0.002962962962962963,0.0005783323430382253,0.00018221429986135869,0.00015844721727074668,0.0001003499042714729,0.00010827226513501023,0.00021390374331550804,6.337888690829868e-05,7.922360863537334e-05,8.978675645342312e-05,6.601967386281112e-05,0.000575691556083713,0.0011751501947580378,0.00034536541889483064,0.001541146761734997,0.0048759655377302435,0.006693775995246584,0.010169711824123588,0.010958853238265003,0.009848484848484848,0.006227718360071301,0.0043170677361853834,0.0026385175282234107,0.0015281491384432561,0.0010175282234105762,0.0007018716577540107,0.00048091206179441475,0.0003175133689839572,0.0008374183006535947,0.0015708556149732621,0.020068330362448008,0.01282122697563874,0.008372326203208557,0.005787655971479501,0.004797979797979798,0.0029913101604278074,0.0023729946524064173,0.0012626262626262627,0.0006591651812240047,0.00048091206179441475,0.0004437759952465835,0.0004029263220439691,0.00031194295900178256,0.00012626262626262626,2.9708853238265002e-05,37.87243018419489,1.7649761143617342,32.51052127114813,47.50799168152109,1.6817386585549343,35.32269491841465,55.99569221628045,1.6211903240912986,39.63790894798322,21.665597147950088,5.246863685969576,24.173957325185153,96.07736185383244,1.0342098730352831,43.6516883013102,56.154901960784315,1.6331443673850077,39.525055548066376
051_Heraclides_anchisiades_idaeus.png,Dataset_papilionidae,66021,0.010006243804580699,0.06368882628254646,0.009855450033575176,0.002855657038417069,0.00036621344387055294,0.00012521268485279937,9.155336096763824e-05,9.693885278926402e-05,0.00015483288987174114,0.00012790543076361224,0.0001656038735149927,0.00015752563578255404,0.00014002278736227025,0.00010097797165548336,0.00018310672193527647,0.0007728180764032994,0.0008699883370442738,0.0038680874267278593,0.005789824449796277,0.012012276396904015,0.017958301146604867,0.011118621347752988,0.004763635812847427,0.001990843822420139,0.0012202556762242317,0.0008396949455476288,0.000586934460247497,0.00044872086154405414,0.00025654715923721243,0.00022530709925629725,0.00013253358779782192,0.00041842747004740917,0.0001675603217158177,0.0014181093894366943,0.006228131958013359,0.015425016282697929,0.014200027264052346,0.00871503006619106,0.005801184471607519,0.004157767982914527,0.0023089244331349116,0.0008501082988746006,0.0005178276608957756,0.0004335741657957317,0.0004714409051665379,0.0004326274973114615,0.0005235076718013965,0.0008491616303903304,59.95777101225368,2.0896114821844036,36.09571059860122,71.61500128746914,1.9434535859321045,38.07567528693535,82.11373653837416,1.8489672738146767,41.183396447960156,20.202056921282622,5.905068071446777,20.36993363021276,74.97391738992138,1.7215471779691687,35.65582594865677,82.31711122218688,1.8638909119642009,41.16864005159506
052_Heraclides_anchisiades_lamasi.png,Dataset_papilionidae,71913,0.012459499673216247,0.06556317278439844,0.005418893508668653,0.003109930672401992,0.0002620450328097068,0.00011989796312519603,6.674731967794418e-05,7.29276270555316e-05,3.4609721314489577e-05,2.9665475412419635e-05,4.944245902069939e-05,3.584578279000706e-05,2.4721229510349696e-05,4.6970336069664426e-05,0.0001643961762438255,0.00143012312717373,0.00015470081904523522,0.0006205414876308873,0.0017538553529959813,0.002848928566462253,0.005090352231168217,0.007634224688164866,0.009933009330719063,0.0098539207097465,0.009428928010234589,0.006289718131631277,0.003536391194916079,0.002000681378888379,0.0010246756497434399,0.0006639967738795489,0.0004267309109618567,0.001239344763811828,0.0011454813455147191,0.016864127487380583,0.012039721608054176,0.00822695479259661,0.005245053050213453,0.0040422107268505,0.0036754481109117962,0.004050901784100233,0.003539867617815972,0.0012341301294619888,0.0006309707563305661,0.0005379764437584303,0.0005197252235339925,0.000469317091485545,0.00017990488506945893,9.820894692197516e-05,37.87746304562457,2.0071804585065154,35.12021904903225,51.20230000139057,1.6352416257752385,39.21499836017351,65.1813719355332,1.2116355096668026,45.455638336821465,19.54387940984245,5.972954802716061,22.711099792098707,118.92632764590547,0.5600494030686476,43.31234782851935,65.29119908778664,1.217337048658618,45.3677904538179
053_Heraclides_anchisiades_lamasi.png,Dataset_papilionidae,63613,0.04861899297313443,0.034410855922182224,0.0007266159782154941,0.00019423004033068014,4.192015258935542e-05,5.589353678580723e-06,3.074144523219398e-05,2.6549429973258437e-05,5.170152152687169e-05,0.00016488593351813134,0.00018584600981280905,0.00030322243706300424,0.00030601711390229456,0.00026549429973258436,0.0006036501972867181,0.002952576080710267,0.002213580557433229,0.005480404948674013,0.009130405734676874,0.014657970855013911,0.014473260182667065,0.009642290097935956,0.0033974973668904154,0.0011966893559492557,0.0006248722745350793,0.0004696367094776225,0.00033306871237011304,0.00025152091553613256,0.00018372816877053433,0.00016407809724427398,0.00012281294703912722,0.00015818307578639585,1.1790042915756214e-05,0.0002593809441466367,0.0018078065804159526,0.007220418782324368,0.014242371842233505,0.012842304245987455,0.009872195934793203,0.006112154748243284,0.003115518840488579,0.0019640246490497224,0.0018549667520789776,0.0012379545061544023,0.0007575102573373367,0.0004362315878829799,0.00022892333328093314,0.0005364469526669077,74.74602675553739,1.5440942992396758,38.806431743260966,82.88615534560546,1.4746952208591386,38.36799107349527,96.96516435319825,1.3724040100002368,38.411009323872875,19.39476207693396,3.940048603173241,34.6028289618764,65.37176363321963,1.5348132522438476,32.668838861905265,97.04951818024618,1.3809698033157878,38.484140864837656
054_Heraclides_androgeus_androgeus.png,Dataset_papilionidae,88389,0.009059950898867505,0.010453789498693276,0.03793332755081389,0.022672504497165936,0.001202764044294099,0.0006446252110305329,0.0004736637666074587,0.00037410386661990375,0.00030974191107239335,0.00031376453329411277,0.0010388421887590337,0.0010197347332058665,0.0006737892221379986,0.0004575732777205811,0.0006054046443687689,0.0016553090442375307,0.004750308296281211,0.002434550679383181,0.004779299460340088,0.004852838022830895,0.007234356085033205,0.008593405287988324,0.008107626514611548,0.010236709319032911,0.004353624319768297,0.001438951679507631,0.0009369095701953863,0.0007947821561506523,0.0005204267499349467,0.0005133557343108305,0.00035567208589304096,0.002597184038737852,0.01288126916245234,0.018834357216395706,0.00429352068696331,0.002206863976286642,0.0014997624138750297,0.001025297265496838,0.0007622554842797181,0.0006731606874158549,0.0005614386405548202,0.0005458824061817647,0.0006116428514860447,0.001415617327948048,0.007633868467795767,0.008317635678647796,0.0011066139451741733,0.00013081378904614827,50.79640000452545,0.7051639437438106,48.70701447717557,80.85775379289278,0.6662818991291998,81.4357962844133,84.52030230005997,0.6629995000685487,84.93833020609469,34.69914808403761,2.868438213417545,32.365901001778965,94.51860525631018,0.7909765407632484,56.16559217124081,85.28198078946475,0.6614741537027041,84.61658010223599
055_Heraclides_androgeus_androgeus.png,Dataset_papilionidae,60348,0.004249427395182018,0.03640514644690425,0.04395101006753423,0.0014449526082057401,0.0003269923333554274,0.00012372682883718874,0.00011636213664449895,0.00011930801352157487,8.543042943520177e-05,0.0001031056906976573,0.0001723337973089415,0.00025334541142852936,0.00018411730481724515,0.00019148199700993497,0.0003844369324584079,0.0007777114955480435,0.00032001889043547425,0.0009538427122688407,0.001789620202823623,0.0031204430967057733,0.004864494266587128,0.005733412872009015,0.006893351892357659,0.008885961423742294,0.012194894611254723,0.009670991582156823,0.004056679591701465,0.0021479585073241863,0.0008399201299131703,0.00037594452177371247,0.00022888082455093788,0.00042358487439517466,8.285278716776033e-06,0.003057267846490356,0.01183241366739577,0.008661223238549745,0.00591465334393849,0.0037459816398223637,0.004824103532842845,0.00582144395837476,0.004953561012792471,0.007210263803274342,0.006387949890634321,8.285278716776032e-05,0.0,0.0,0.0,0.0,46.16694836614304,0.276894039981803,21.32478651953131,81.62426261019421,0.22278709775545363,42.354951573097466,92.82854444223504,0.18625334648937966,46.71276241622745,25.084509842911114,5.583289843374542,21.288536344111904,119.85023530191556,-0.106881966150014,41.02529512029551,92.96662689732882,0.19092989400772034,46.57471591219323
056_Heraclides_androgeus_epidaurus.png,Dataset_papilionidae,107138,0.011150727721878948,0.026439835642919518,0.03364798463456269,0.0022508872254060706,0.0003750095930274765,0.00014519176721196545,0.00024392216891610196,0.0002306474930567223,0.00023313649478035598,0.000725129168818616,0.0008313265756936536,0.0009035076256790307,0.0014685110169438793,0.001231226185957467,0.0011183914411527396,0.007893454132883653,0.003860091657488473,0.0011358014896675317,0.0024810291399876795,0.0035485775355149434,0.006184197016931434,0.007564426253990181,0.012513650618828054,0.008574805391177734,0.004929390132352667,0.0028677966734491963,0.0019303375086337248,0.001749495977150964,0.0010284632903358286,0.0008231206481360488,0.0005197735630681924,0.002789043103287349,0.01766413410741287,0.014144724560846759,0.004116769960238197,0.002695122178872109,0.002194016128731169,0.0014969011928540762,0.0010086290578506225,0.0007677014691332674,0.0005664423453863242,0.00047018798185517746,0.0004976058914670799,0.0005909434561033434,0.0009339590061416118,0.003018886856204148,0.009838362672441151,0.002495613134462096,51.03494558419982,0.7973169475741834,54.790387742013685,77.78485691351341,0.8191866018488199,86.8006710940576,85.38867628665832,0.8037727328640019,91.15926102935913,41.92354720080644,1.8041257357477827,52.3395809192839,106.79170789075772,0.5887222156198557,56.21531117354871,85.70283186171106,0.8036580577198924,90.98492579949176
057_Heraclides_androgeus_epidaurus.png,Dataset_papilionidae,80567,0.004793801708171115,0.03430795349074545,0.04725949278930028,0.0018645626897144268,3.5305329036012814e-05,1.985924758275721e-05,1.1032915323754004e-05,1.1032915323754004e-06,0.0,0.0,8.826332259003203e-06,6.619749194252403e-06,1.3239498388504806e-05,3.751191210076362e-05,0.00010370940404328764,0.00042587053149690455,1.0084774163118895e-05,4.344210408728139e-05,0.00021876202415380987,0.0006322377648416846,0.0013746322936189755,0.002352079635582807,0.004907406258145394,0.012134310573808135,0.009010357838817382,0.006323153400275547,0.0041580299626397905,0.003810493129941539,0.002718234512889893,0.0027484888353792496,0.00231639505008254,0.009741891841572852,0.0052689066243002715,0.016936990331028832,0.007489884195762533,0.002815979247086276,0.001741562922784763,0.001266027033400772,0.0008928903893653729,0.0007074856951357256,0.0005616443456998523,0.0005569898345476436,0.00046932987451437936,0.0005484565641019276,0.0006694738540593543,0.0009541747862027878,0.0015390916876636836,0.020081112614345822,56.38080107239937,0.47015901920486924,57.0339644395745,109.26172005908126,0.41487976855898706,102.42280574391526,118.55216155497908,0.3658272339264625,104.44499327025956,23.740700286717885,8.047506446044409,13.68541659212949,160.4789429915474,0.43455073038104036,54.96696878185446,118.66727071878064,0.3664705409088371,104.44826821389944
058_Heraclides_androgeus_epidaurus.png,Dataset_papilionidae,38627,0.0035967932620533135,0.07066789781471222,0.010967573056267494,0.001548715204966014,0.0005868088815250128,0.00022091628480941657,0.00015187994580647388,0.00028765141251226115,9.434966330402165e-05,5.522907120235414e-05,2.301211300098089e-05,1.6108479100686623e-05,3.681938080156943e-05,0.00012196419890519872,0.00014727752320627772,0.00036589259671559614,6.633960701064023e-05,0.00017960235068734305,0.0003802392109146452,0.0005889662671188547,0.0010581976337794806,0.0021584642866388794,0.0037926838739741633,0.005863774044062443,0.0077261371579465145,0.00910956066999767,0.007703484609211174,0.006400963056929091,0.0038978564216739587,0.0026972713387009087,0.0021730266393973127,0.00870343283195692,0.004803958371087581,0.00818404225023947,0.011585160638931318,0.007716428922774225,0.003732816423745049,0.0029108525124912628,0.002888199963755922,0.0031389960390400496,0.002608279182954928,0.002287907422269397,0.0023655733036477074,0.0032393144691537008,0.0024723638905428847,0.003786211717192637,0.0007362078338985684,4.368705827529966e-05,34.400652393403576,0.8569805412365169,30.7349896952906,68.45926424521707,0.7149570435158402,52.813782172296534,87.70300566960934,0.6946630959721367,66.04365004616685,21.329381002925416,7.564078706974618,15.001430093372608,166.02524141144795,0.11799933788115897,51.6317226990201,87.87032386672534,0.6986753906057522,65.89534765778332
059_Heraclides_androgeus_epidaurus.png,Dataset_papilionidae,45038,0.0018256188601230568,0.0781897755475623,0.008415609534664555,0.00022894247326948604,2.763098815321383e-05,1.7762778098494606e-05,9.868210054719223e-06,9.868210054719223e-06,7.89456804377538e-06,1.9736420109438447e-05,2.1710062120382294e-05,1.7762778098494606e-05,9.868210054719223e-06,7.89456804377538e-06,1.578913608755076e-05,6.315654435020305e-05,3.330520893467738e-05,9.020160753141791e-05,0.00017624006394600114,0.00041076424352768775,0.0010088702873129358,0.0016000377459034593,0.0032639104755983837,0.008599682490341489,0.015364803055197832,0.009511412584928283,0.005163695101913939,0.004013277676628625,0.0031320773568986188,0.0025700519561259383,0.0020191282916648162,0.005542541853545894,0.0003552555619698921,0.0032597473244815487,0.004934721790488032,0.004680769572361117,0.004103479284160043,0.0034540277099338336,0.002739353434877215,0.0027948621164350105,0.0032611350415204937,0.0037343465518007014,0.003792630667436387,0.003961932146187664,0.007535303521470758,0.010846396376393268,0.0019955371020027534,0.0010505017984812825,60.98858741507172,0.1758837151790471,42.248251869702415,113.0601270038634,-0.1375648538050008,62.250960591692284,138.79002175940317,-0.2628153877206152,68.57932350181939,19.932701274479328,15.13781043225811,6.5591770334655815,156.60186953239486,0.5823150263452851,46.01729038911465,138.8053199520405,-0.2621052734088544,68.55775420122755
060_Heraclides_androgeus_epidaurus.png,Dataset_papilionidae,30307,0.006983351847574634,0.07222093905698354,0.0066753921902897384,0.0011614478503316067,0.0003636856905078768,0.00012025091379695927,5.8658982339980125e-05,6.745782969097714e-05,0.00010265321909496523,6.452488057397814e-05,6.745782969097714e-05,0.0001407815576159523,6.159193145697913e-05,9.972026997796621e-05,0.0001378486084989533,0.0005631262304638092,7.630250437192728e-05,5.155574619724816e-05,0.0001257960207212855,0.0001794139967664236,0.00041863265912165504,0.0006413534826937671,0.0012146533804071667,0.002474675817467912,0.0051803213778994954,0.00840358663015145,0.01065966608374303,0.006667189098228132,0.004615270399577655,0.004132708615171413,0.003330501204342231,0.01432837298313921,0.009733724882040452,0.014648018609562148,0.0036130266935031513,0.0023117596594846076,0.0016394727290724915,0.001288893654931204,0.0015404856963737751,0.0017013396245091892,0.0018848780809713928,0.001905500379450292,0.0022313326954169,0.002746890157389382,0.0027242056290625928,0.006302174415151615,0.007411654073316396,0.0008166430197644108,35.89850529580625,0.6041903571490999,37.13534453921125,80.13775695383904,0.37408691277631045,71.4917499388927,104.37054145906886,0.30771914698609293,87.6559690238723,20.68357145213977,7.193843914361012,16.98654063609581,187.83851915399083,-0.1415344255626391,48.09183663032735,104.46583297588016,0.30891936079032356,87.56124354965391
061_Heraclides_androgeus_epidaurus.png,Dataset_papilionidae,150567,0.039870622380734154,0.04197171727905554,0.006818079511299141,0.0001245661768883989,0.0,0.0,0.0,0.0,0.0,0.0,0.0,5.903610279071037e-07,5.903610279071037e-07,5.903610279071037e-07,1.1216859530234972e-05,9.091559829769397e-05,4.1509759774718234e-07,8.301951954943647e-07,1.1207635139173922e-05,6.890620122603226e-05,0.0001971713589299116,0.0005030982884695849,0.001445784932953436,0.0028969661346775854,0.002998249948527898,0.004167164783783963,0.006939186541539646,0.013467011363711836,0.018749128295044732,0.008313574687680568,0.0016421260966878533,0.0010991784388345387,0.0,0.00015234081837321592,0.005591779739252293,0.024674231405288013,0.017461080449235226,0.007099414214270059,0.002367716697549928,0.001448275518539919,0.0014105016371449256,0.0013552936566445502,0.0005143059236087589,0.00027562480490412905,0.00014030298803854762,7.471756759449282e-06,4.1509759774718234e-07,1.2452927932415469e-06,21.760352534087815,2.2626845662976223,17.66493127933228,44.39772327269588,2.3901040276994108,28.55162447532723,71.17883068667105,1.9346878148733462,26.39654597145759,13.610120411511154,12.022038655700063,7.491448829504006,182.74279888687428,-0.9239213081599922,31.87123852061291,71.21537255839593,1.9350121260122628,26.476450356817537
062_Heraclides_androgeus_epidaurus.png,Dataset_papilionidae,77236,0.0014581571057825653,0.0001553679631260034,0.0002612483528118724,0.0006502436975273476,0.0028426582883053957,0.0021843584741715145,0.0035907262589120787,0.009798539541146616,0.044780499594316986,0.01998722530080964,0.001401764289536831,0.001466213222389099,9.897514688026885e-05,5.178932104200114e-05,8.976815647280197e-05,7.135417565786824e-05,0.00181909990160029,0.004701499300844166,0.008568705008027346,0.010866046921124865,0.010681547464912735,0.00886487518773629,0.0062681262623647,0.004146382515925216,0.0025036899891242425,0.001374844632036874,0.0008504777564866125,0.000522748459267699,0.00034067662747941374,0.0002160585737220985,0.00019178232948366048,0.000583439069863794,0.0005065642964420736,0.0032441154383966025,0.006863703454347714,0.008927184214614947,0.010223535656947537,0.009250058262986173,0.007974746232326893,0.004880334300067326,0.002744024807084779,0.0017988696980682584,0.0013578512610699673,0.0011612136827386192,0.001026885131285929,0.0008885105391268321,0.0007549911958154229,0.0008974118286809259,88.29725775545083,1.1145471047734663,49.511392504306286,83.95008804184577,1.3203711066710901,47.98641101177925,66.05593246672537,1.4411020687876304,42.25459047888396,92.31733906468486,-2.1804169504360047,19.44005701409945,77.32297115334818,1.2102053006403928,42.57086357667572,90.82320420529287,1.1616789367526439,48.878654923272855
063_Heraclides_androgeus_epidaurus.png,Dataset_papilionidae,84771,0.0002778728050342164,0.05050049872925621,0.03624719669593506,0.001535116175736199,0.00015414076354728227,4.823452464744888e-05,3.3554451928660094e-05,2.831156881480695e-05,1.0485766227706277e-05,2.097153245541256e-06,4.194306491082512e-06,3.145729868311883e-06,1.048576622770628e-06,6.291459736623766e-06,1.468007271878879e-05,2.2020109078183185e-05,8.626181123261493e-05,0.0007638225336494791,0.006275731087282207,0.014078369961425488,0.01298424579160326,0.00861659647756898,0.00726516143492468,0.00468099350013566,0.004000483655967253,0.0019729624517818593,0.0008250168099939838,0.00045416474973752815,0.00022192141180356489,0.0001238631135647804,6.856708072336058e-05,8.183812860530135e-05,0.0,9.216005473569971e-05,0.0011722758962381002,0.004729654009036109,0.006036852225407274,0.007021858890422433,0.005721296197992238,0.00529883450708379,0.005200776208845006,0.004523952766866028,0.0029911467365018696,0.0028451652098005213,0.005726457161057437,0.00762347972773708,0.0025664732042797655,0.0009496172039966498,96.12780314022484,0.3338855951082996,49.94530745271718,127.16700286654634,0.20746577137637418,55.61040774747451,137.50943129136144,0.1602899804613953,57.59502583023588,22.84275282820776,11.054183611185366,5.516996225401913,83.4401623196612,0.9970732207707733,34.70028757359692,137.75573014356326,0.15518555787960892,57.52706422486322
064_Heraclides_androgeus_epidaurus.png,Dataset_papilionidae,71706,0.00041651558679422454,0.06378514737647864,0.02271249577751126,0.0012656619467764979,0.0004090778084586134,0.00017974630977726953,9.669111836294499e-05,9.91703778081487e-06,0.0,1.2396297226018588e-06,0.0,0.0,0.0,0.0,0.0,1.2396297226018587e-05,0.0,0.00018303907622793073,0.00036172007921233927,0.0007888112570775109,0.0015070217276099628,0.003147400496471704,0.010316430982065658,0.012756951998438067,0.007947382366887011,0.0050379326695116165,0.0041105346832901015,0.004311006052492121,0.0035404987030374026,0.0030794145538727584,0.0021093074498647253,0.003302547903941093,8.106016232951218e-05,0.004938568599559312,0.0109544529049173,0.00886170613337796,0.00577793350626168,0.0038629961230580425,0.004310134437843416,0.006456921317602432,0.008421540735782222,0.0041070482246952835,0.002479743675564109,0.001479130058851421,0.0005569617605221321,0.0001934984520123839,1.656067832538421e-05,1.743229297408864e-06,45.131118734833905,0.5244206334946597,33.93848613236741,76.928151061278,0.3699929132639208,43.00669572256839,89.66535575823501,0.34649305222037924,47.070019411781885,21.842300504839205,6.66856900938411,5.283950084778828,144.7976877806599,0.5754642295539425,48.272306506915996,89.90339720525479,0.3420413525629813,47.07805497714045
065_Heraclides_androgeus_epidaurus.png,Dataset_papilionidae,98870,0.00194823730375465,0.01544564692132205,0.010960295786835687,0.03930908150995134,0.001994987806659699,0.001194834968477125,0.0014933189485632087,0.005031972399222324,0.007601451962734455,0.0019212658597709674,0.0006895699178494769,0.00035512401245181666,0.0002337525145252464,0.0001357562680512008,0.00025173347718103456,0.0003218592315386085,0.0033977697987255993,0.006917543238596137,0.007300622028926874,0.004949681399817943,0.00402801658743805,0.006938403964802266,0.02011669363811065,0.002612647921513098,0.0015986901992515424,0.0009450541114594922,0.0006643825225042985,0.0005682967533124305,0.000390664508951148,0.0003957216546980884,0.0003344037625164357,0.0013414079093759482,0.0017997117426924243,0.004956634975219986,0.0075541114594922625,0.00621649640942652,0.004387706078689188,0.0032081268332153335,0.00228393344796197,0.006461135834934763,0.013092318195610398,0.00814642965510266,0.0011751542429452816,0.0008281076160614949,0.0008571862041064024,0.0006131789218165268,0.000414685951249115,0.0005050824314756751,73.0471123697785,0.9061174412135031,43.62292666087425,97.53124304642459,0.09743655015152133,53.50371469813795,91.58910690806108,0.18754774112431988,50.5367969037211,44.688702336401334,1.509388851583983,28.67815937131897,82.37879033073733,1.0568724763253532,48.95517224652259,100.24402751087287,0.11171831603139758,52.83042629999109
066_Heraclides_astyalus_phanias.png,Dataset_papilionidae,72925,0.003198415419190188,0.019185616881880165,0.049613225155220354,0.011571096636574867,0.000553384375119034,0.00026572201272235553,0.0002523140212547137,0.00033154306174532436,0.00019380642212318591,0.0002681598293528359,0.00044855826000837995,0.000455871709899821,0.0005875138079457586,0.0004814687845198644,0.0004619662514760218,0.0010202262598560166,0.0005922180322248886,0.0007953376756942063,0.0021511827219746313,0.002724545766198149,0.0046288995543366475,0.008689578333904697,0.009369214946863215,0.01499742886527254,0.010672780253685293,0.0025094274940006857,0.000998457319163524,0.0007490572505999315,0.0004919437778539595,0.0004276654096674666,0.0003282482002056908,0.002374014398354474,0.007754542338018512,0.017528282482002056,0.0029456633527596846,0.0010721631813507028,0.000658210490229688,0.0005596503256770655,0.0005356530682207748,0.000536510113129928,0.000600788481316421,0.0009307507713404182,0.0025771340418237914,0.012958519026396983,0.012330305107987658,0.0014586904353788138,5.056564964004114e-05,2.5711347274597188e-06,57.58505313678437,0.12739909822550854,44.963048052830594,97.76360644497771,-0.00965460199948844,77.53967485557968,106.10466918066507,-0.018144703977722654,82.97218917412953,29.80123414466918,3.9034526922678454,26.918223749298633,113.4966198148783,0.9502878936008706,44.69387873359696,106.45579705176551,-0.01746644062844778,82.642153343475
067_Heraclides_astyalus_phanias.png,Dataset_papilionidae,83561,0.006167683222768729,0.05170939659516866,0.02278574933282273,0.003455094016480309,0.0009882334794674285,0.00033933959090431606,0.00022019841792223643,0.00025849379495219066,0.00019679568751504223,0.000271258920628842,0.0002542387530599735,0.0003297657466468276,0.0003308295071198818,0.0003021079743474162,0.00046060828483250425,0.0008190955642517975,0.00047794425629181075,0.00041436794676942595,0.0015894077380596212,0.0031152391665968575,0.003864691662378382,0.005096576153947416,0.006869233254748028,0.006984418568470937,0.010291882576800183,0.007949282560045954,0.003282781441102907,0.0029701355895692966,0.0016941216596259021,0.001643260612007994,0.0011159512212635082,0.005140705592321777,0.011307607615993106,0.01036518232189658,0.006362866648316799,0.003011273201613193,0.0023717703234762627,0.0017472265769916588,0.0015220916456241548,0.0019387034621414297,0.003041939421500461,0.004227450604947284,0.005954482354208303,0.0024630210265554507,0.0015056366008065964,0.002215447397709458,0.004228946518112516,0.00023635428010674835,47.13744450162157,0.6503044836439106,41.87872467553184,78.18513421332918,0.4948605968223127,66.3490937929482,92.3726379531121,0.43676448926542616,76.28482751727681,25.368760546187815,4.540120649216492,24.41070742085645,135.39456205646175,0.4464418921290404,56.12027723591038,92.62787664101674,0.4406021933300379,76.05638318574832
068_Heraclides_astyalus_phanias.png,Dataset_papilionidae,72106,0.00848627175423836,0.07617797255275412,0.0032852867845794926,0.000274903922311905,9.12237230990178e-05,5.300837963861846e-05,3.2051578386141385e-05,4.068084949010253e-05,2.4655060297031837e-05,3.574983743069617e-05,1.7258542207922288e-05,2.2189554267328656e-05,1.6025789193070693e-05,1.6025789193070693e-05,5.793939169802483e-05,0.0002576453801039827,0.00015081962666074945,0.00025483316228885254,0.00036578093362549577,0.0004862632790613819,0.0012923681801791807,0.002429582836379774,0.004321762405347682,0.008371356059135162,0.01098209580340055,0.008612320750006935,0.006373429395612015,0.004755152137131445,0.0036552089978642553,0.002771093945025379,0.0021617479821374086,0.005516184506143733,0.0011484827892269715,0.0023723753917843176,0.002656679055834466,0.0030432626965855823,0.003786092696862952,0.003230487060716168,0.0027528915762904615,0.002508459767564419,0.0021366113776939504,0.0018055016226111557,0.0019407192189276898,0.002336837433778049,0.0035121903863756135,0.006210474856461321,0.013929145979530136,0.009129788089756747,71.790683160902,0.20424486188825083,51.546745866407164,127.94732754555793,-0.28205258168626873,70.79831207231835,165.26033894544145,-0.5531539353864159,76.97726972507655,18.160721715252546,10.68703585472522,11.21729360704567,156.0173771946856,0.2885066975495411,49.195115826862484,165.2902671067595,-0.5522592108285674,76.94631000100021
069_Heraclides_chiansiades_chiansiades.png,Dataset_papilionidae,144156,0.004892230947337915,0.050793122265693644,0.016814500340680313,0.0071478120924553966,0.0013158584373101979,0.0008281152208564179,0.0008478469312565709,0.0031465911928743864,0.002433166538718857,7.152745020055435e-05,7.954345755061646e-05,5.3645587650415754e-05,5.302897170041098e-05,4.06966527003154e-05,8.817608085068336e-05,0.00028302672105219345,0.0007383494270096284,0.0010422736479924527,0.005320191320513888,0.006766541108243847,0.006523315019839618,0.0073748231082993426,0.012783460279142041,0.012002188601237548,0.00560937456644191,0.002094952690141236,0.0011168456394461555,0.0005679610976997142,0.0002584006215488776,0.00012139626515719082,6.069813257859541e-05,0.00011922847470795527,7.71733399927856e-05,0.00881683731513083,0.02119665501262521,0.011628895085879186,0.006392814034795638,0.0043026304836427205,0.0023394794528150058,0.0012789963650489747,0.000826795277338439,0.0009542613557534893,0.001154565193262854,0.0010531126002386304,0.0005549543550043009,0.0003399095424401343,0.0008987659202530592,0.0006841546657787397,44.15846027914204,2.305209328862955,40.743888025252645,58.61136546519049,2.254695662850007,46.19123795477806,63.74557423901884,2.1616228525216217,45.08936693057261,27.618170592968728,2.939061367065366,21.91167481348892,95.46897111462582,0.12201568859552857,36.714706308400515,65.96276256277922,2.0200850505898607,47.689750775928296
070_Heraclides_chiansiades_chiansiades.png,Dataset_papilionidae,135824,0.005361840813601916,0.037395452939097656,0.03650933888299892,0.004297718616248478,0.0013560031936754756,0.0007879478017303439,0.0010798287980523815,0.0010556144553081764,0.00029122655462624836,7.526079501577204e-05,6.413528618735357e-05,6.413528618735357e-05,5.693642753367103e-05,5.562754414209238e-05,8.638630384419051e-05,0.000351435190638866,6.85629932854282e-05,0.0005089306749911651,0.0013597560077747673,0.0028271881258098716,0.0037691240134291436,0.005083324743786076,0.009666001590293322,0.017768858964542347,0.011803418394392744,0.00473912931440688,0.0022391109082341852,0.001173853663564613,0.0005774936682765932,0.0003570797502650489,0.00020200774531746967,0.00035615944163034513,0.0002480231770526564,0.00810837922605725,0.016244827865472964,0.013832698933914478,0.007658808458004477,0.007809739074095889,0.005098049681941336,0.0012589822122747085,0.0005116916008952762,0.00034649620096595596,0.0002843753681234539,0.0004311645953586995,0.00045693323713040404,0.00015001030745670867,5.1997437860760986e-05,7.822623394981741e-06,33.91009689009306,2.102712417281247,20.30759226586222,53.91212156908941,1.073205366763768,27.29773185039475,61.523604075862885,1.6145303011618568,32.65274714357582,25.670249734951113,4.8295026645624715,17.186832188619558,116.75216456590883,0.20567359085510736,34.53659482930865,62.41514018141124,1.5881222968128341,32.91822300180313
071_Heraclides_garleppi_interruptus.png,Dataset_papilionidae,155826,0.005057492901626743,0.038594614791141686,0.027803661348769357,0.0020130715598737623,0.0017369801359636177,0.001386731924639591,0.0009400798896775178,0.005622795796451027,0.005562329492867401,1.4831357482776371e-05,6.274805088866927e-06,1.1408736525212595e-06,3.4226209575637785e-06,2.8521841313031486e-06,1.2549610177733853e-05,0.00013005959638742357,4.612516524841811e-05,0.0003280903058539653,0.0012590164670850822,0.0038107408263062647,0.004596472989103231,0.0028477275935979876,0.0023182909142248406,0.004670674341894164,0.007118115718814575,0.00938426514188903,0.0068177005121096606,0.006987360902545147,0.004932183974433022,0.003289325914802408,0.0017523551910464236,0.002341554041045782,0.00026792704683428954,0.006546163669734191,0.0203817078022923,0.007480699626506488,0.004752897462554388,0.0031385166788597536,0.0015498055523468484,0.0009397501058873358,0.0020688139334899183,0.008924617842978707,0.006264599617522108,0.00017968760027209837,4.4119723281095585e-06,4.010883934645053e-07,0.0,0.0,39.49780524431096,0.43422075000021126,31.432485640278717,67.8586564501431,0.5671311261249813,50.31195331467777,76.30703476955065,0.7835278177293349,51.84539396973939,29.99156110020151,1.833738132865844,25.281163020995766,146.35103256196012,-0.18763200832087035,53.159874115030085,79.48966154557006,0.658077425791906,51.17338339886867
072_Heraclides_garleppi_interruptus.png,Dataset_papilionidae,139059,0.0011972536037860827,0.04436550113421082,0.038335766353370396,0.0015532975211960392,0.0007587506821644849,0.0006590328166062207,0.0007836801485540509,0.0011908614329169632,3.323928851942141e-05,2.556868347647801e-06,0.0,0.0,6.392170869119503e-07,0.0,2.556868347647801e-06,5.752953782207553e-06,6.741742713524476e-06,9.12382513896979e-05,0.0008148519693079915,0.0013905967970429818,0.0012656498320856614,0.001965442725749502,0.004783041730488498,0.009793954364694123,0.010052837284893463,0.004966417132296363,0.005539015813431709,0.007633899999280881,0.006183526416844649,0.0038198714214829677,0.0019973536412601846,0.002195560877037804,4.898999705161119e-05,0.0009047418721549845,0.009485631997928937,0.013292019933984855,0.008160205380450024,0.0036675080361573144,0.0022787090371712724,0.0024077010477567074,0.004723714394609483,0.011672203884682042,0.005625759569679057,0.00023101705031677202,1.79779805693986e-06,0.0,0.0,0.0,43.67394415320116,0.3675147200906438,32.40325800801316,82.83216476459633,0.2933714571890481,49.18689509369269,94.47791225307243,0.2937597521483171,46.73261232618116,23.66755837450291,3.606532570733699,10.856646810676574,152.977362126867,0.0008447740859854591,46.85327842492441,95.26475093305719,0.26685524025068547,46.557409673728934
073_Heraclides_isidorus_flavencens.png,Dataset_papilionidae,103559,0.005880491099544972,0.07820941578123475,0.0017372812706873482,0.00013990950944764712,1.201676768262e-05,0.0,0.0,0.0,0.0,1.7166810975171428e-06,8.583405487585714e-07,0.0,0.0,1.8025151523929998e-05,0.0016188302749586656,0.0012703440121626854,3.0176034917293523e-06,3.741828329744397e-05,0.00020761112023097943,0.001002447879952491,0.002370629303102579,0.0048426500835272645,0.006982130959163375,0.010236314564644309,0.01360033893722419,0.00975832617155438,0.005484796106567271,0.002916815535105592,0.0017689191668517463,0.0012046273138983574,0.0007073262584613602,0.0013766307129269306,0.0004031518264950415,0.008983405594878282,0.010700421981672283,0.022077994186888633,0.010413749649957995,0.003521543274848154,0.0020187767359669366,0.0014212912446045249,0.0010459013702333935,0.00047738487239158353,0.00020519703743759597,0.00016053650576000156,0.00016295058855338501,0.00021726745140451337,0.00031745188732992786,0.00037297579157774796,31.932280149480007,3.1940471541107747,28.14156949854548,46.555818422348615,1.6476731817492998,26.665201797696966,61.11846387083691,2.4411473683893434,34.765206401481194,21.312420938788517,5.1152305096167145,27.307382173101352,136.08688766789945,0.5981591226732309,38.72630412327805,61.12571577554824,2.440799344094067,34.76569158955113
074_Heraclides_isidorus_flavencens.png,Dataset_papilionidae,88469,0.010319747909186017,0.07777740099796412,0.00028635265836997515,4.219933912820687e-05,3.0142385091576334e-06,2.0094923394384224e-06,5.023730848596055e-06,8.03796935775369e-06,2.0094923394384224e-06,1.1052207866911321e-05,8.03796935775369e-06,1.1052207866911321e-05,7.033223188034478e-06,1.5071192545788165e-05,5.727053167399503e-05,0.0003335757283467781,0.00013493427076150967,0.0006273383897184324,0.001687031615594163,0.009567616905356678,0.02329276356689914,0.017786597565248845,0.005955475929421606,0.0020967796629327786,0.000672551967355797,0.00029742056539578836,0.0001391730436650126,8.760130667239371e-05,6.146220710079237e-05,3.1084334625688096e-05,2.3313250969266072e-05,3.885541828211012e-05,0.0,3.5323107529191016e-06,0.0001978094021634697,0.001734364579683279,0.008565147113678237,0.00961989510449988,0.007759780262012682,0.006663351004306593,0.00777602889147611,0.009670760379341916,0.005160706010014808,0.0022119329934779416,0.0010257830426477071,0.0005870700471351547,0.000515010907775605,0.0010088279510336955,85.794775571104,1.0410660179698783,34.10078493965571,103.42722309509546,0.7301423241873296,37.729485481706234,122.39299641682398,0.6258488099571855,41.25081732844345,14.947439215996564,12.746215672986278,11.362119452393872,78.53120302026699,1.36130609283034,21.048310609456863,122.39988018401927,0.626567914550405,41.244152185595084
075_Heraclides_isidorus_flavencens.png,Dataset_papilionidae,65880,0.01008702691762801,0.048913175470552524,0.020035080617958577,0.0037522768670309654,0.0006112123052013762,0.0006071645415907711,0.0002496120893206503,0.0001578627808136005,0.00020778519867773053,0.00014571948998178506,7.690750860149767e-05,4.182689064291979e-05,0.00012548067192875938,0.00013222694461310124,0.0005653376509478514,0.0031801929433987724,0.00139078627808136,0.003610731633272617,0.007876062537947783,0.013306390406800242,0.013549256223436551,0.009751631754705526,0.00473683211900425,0.002578551912568306,0.0016156268973891925,0.0011754326047358835,0.0008500303582270795,0.0006128567091681846,0.00042975865209471766,0.0003197100789313904,0.0002827109896782028,0.0004136308439587128,0.00013566332726168792,0.004027208561020037,0.02020719489981785,0.012229622040072859,0.007841909532483303,0.0071009790528233155,0.005140027322404372,0.0021753567091681845,0.0008006982392228293,0.000593882817243473,0.0005492941712204007,0.000480988160291439,0.0004506299332119004,0.0003064283545840923,0.0002865057680631451,0.00017361111111111112,49.02840012143291,2.1793813513740132,33.62039324405402,58.67666970248938,1.8690627205234,35.03808833546135,66.76860959319976,1.850619452617661,37.374987472840736,27.094353369763205,3.737895814055193,33.43475497149409,75.72489374620523,1.5352777754721023,40.09360555814781,67.06291742562235,1.8544478296168934,37.53234270258445
076_Heraclides_paeon_thrason.png,Dataset_papilionidae,56033,0.005303224092152045,0.05723135374590767,0.02513598137605419,0.0008376016514078013,3.648643557268831e-05,7.931833820149634e-06,6.345467056119707e-06,1.7450034404329196e-05,9.042290554970583e-05,1.5863667640299268e-06,4.75910029208978e-06,1.5863667640299268e-06,6.345467056119707e-06,1.5863667640299268e-05,2.8554601752538686e-05,0.00016339577669508245,1.2269555440543966e-05,0.0001081951707029786,0.0005956311459318615,0.002697071368657755,0.009024815733585566,0.0069981082576338945,0.005048364356718363,0.006585405029179234,0.007879285421091143,0.008136946085342565,0.006324398122534935,0.00361171095604376,0.0020122070922492102,0.0011700694233755108,0.0007897132047186479,0.0015058090767940322,0.00013384969571502507,0.011996278978459122,0.019479592383059983,0.011476495993432442,0.0025922224403476524,0.0011577998679349669,0.000726134599254011,0.0006134777720271982,0.0005331679545981832,0.0005186675708957222,0.0005733228633126908,0.0005967465600628201,0.0007852515481948138,0.0017121606910213624,0.00742977352631485,0.0021750575553691576,51.17432584369925,1.2830174974545452,59.17835913045734,73.73611978655435,1.2637837661023599,74.12709512836508,84.42376813663377,1.2439835513216804,76.5382618068783,19.83279496011279,10.227944877119645,9.504049575196579,127.76786893437796,0.4283534131719679,47.36568187916329,84.47252511912623,1.2440286650225847,76.51342784804717
077_Heraclides_paeon_thrason.png,Dataset_papilionidae,43663,0.0052971369097150655,0.07017790297913057,0.009291365432720813,0.00035626401199082876,0.00013029083867093167,8.346756852356559e-05,5.496644756429929e-05,5.089485885583268e-05,0.00013232663302516497,0.00038476513295009507,0.00016082775398443126,0.0002300447620283637,0.00029722597571806285,0.00036033560069929536,0.0006657047538342915,0.0012153692294772844,7.729656688729588e-05,0.00025049813343105146,0.0005468016398323523,0.00077869134049424,0.0016346792478757759,0.0034296773011474246,0.0070039278107321985,0.012104069807388406,0.014450163754208368,0.010253246455809266,0.004095286627121361,0.001713407232668392,0.0011723312644573208,0.0009075189519730664,0.0007514944002931544,0.003330909465680324,0.001709112978952431,0.005896010352014291,0.0027998534228064953,0.0020268877539335365,0.001893765888738749,0.0019395712617089984,0.0024362732748551405,0.0033466550626388477,0.0043500790142683736,0.007649497286031651,0.008660078327187778,0.00579581109864187,0.005589686920275748,0.0036372328974188673,0.002366133797494446,0.002403350663032774,66.97762407530404,-0.34275560030239943,35.75282066726628,114.5684446785608,-0.41727302583643455,58.98660782334455,138.11323088198245,-0.4630439197972217,66.93397922396976,24.400522181251862,4.735559625809511,26.319470177255276,137.97024941025583,0.8345572361685953,42.57969415304407,138.25715136385497,-0.45998330281769934,66.75145327835138
078_Heraclides_paeon_thrason.png,Dataset_papilionidae,39897,0.004745553132649907,0.0760937191044718,0.0065702517315420535,0.00032973796414656627,6.683877651619587e-05,1.782367373765223e-05,3.341938825809793e-05,3.787530669251099e-05,0.00012030979772915257,0.00025175939154433775,9.357428712267422e-05,7.129469495060893e-05,6.90667357334024e-05,4.678714356133711e-05,8.689040947105464e-05,0.0002539873507615443,7.67601574053187e-05,0.00019738326189939093,0.0003227059678672582,0.0010589768654284783,0.0037659473143344113,0.007964257964257964,0.01603034062711482,0.01068689375140988,0.005489134521392586,0.0040400907336391205,0.0032850214301827206,0.002565982404692082,0.0016777577261448229,0.0014788079304208336,0.0011138055492894202,0.0027461337945208913,0.0002381131413389478,0.00493771461513397,0.010038348748026168,0.003938266035040229,0.0022558087074216106,0.002280873248615184,0.002569115472341279,0.003037509085896183,0.0034557736170639395,0.0043800285735769605,0.00707133368423691,0.004018159260094744,0.0038959696217760733,0.006756460385492644,0.0035059026994510864,0.00012062310449407224,70.4504849988721,0.08303379060786799,48.88604517411645,105.579567386019,-0.0029626870757158887,64.45633433263171,125.43895530992305,-0.07987690541511112,69.82234761862348,20.0195002130486,8.553881771520935,13.35258106623085,127.3771461513397,1.063577375522029,46.74362888847852,125.56217259443066,-0.0812947347161122,69.74049737045682
079_Heraclides_thoas_cinyras.png,Dataset_papilionidae,98332,0.01886669649757963,0.057346766283836614,0.01103111002635064,0.00032904400963628885,5.152612238810018e-05,7.231736475522832e-06,4.51983529720177e-06,2.711901178321062e-06,9.03967059440354e-07,4.51983529720177e-06,1.7175374129366726e-05,1.0847604713284248e-05,3.5254715318173806e-05,5.152612238810018e-05,0.000160906136580383,0.0009681487206606191,3.0508888256111947e-05,0.00012839157141113778,0.00026949517959565553,0.0005669568400927471,0.001126286458121466,0.002912963226620022,0.006206016352764105,0.00890795976894602,0.005267868038888663,0.004971677582068909,0.00557422812512712,0.005200494243989749,0.004662775088475776,0.004664046292153114,0.003387757800105764,0.00862257454338364,0.0020930368547370133,0.025093560590652077,0.014112267623967783,0.004107259081479071,0.0014631554326160355,0.0008097567424643046,0.000608906561444901,0.0005675924419314161,0.0005313631371272831,0.0005167442948378961,0.000544710775739332,0.0007086960501159337,0.001751718667371761,0.0072128096652158,0.002343463979172599,3.495810112679494e-05,34.92017857869259,1.2753034514075905,45.69614692789193,58.18694829760403,1.2712585388117277,68.79648874602788,72.40915470040272,1.2782808071571798,74.17423230461421,18.21923687100842,7.145322746594574,19.05126330409154,165.4747183012651,0.09442458481876599,55.00079749190668,72.4248566082252,1.278190266896323,74.16808237899227
080_Heraclides_thoas_cinyras.png,Dataset_papilionidae,86826,0.005267239459762436,0.02847278209036208,0.03544969888691816,0.01062456970134394,0.002221556778947422,0.0006562294448411509,0.00030712766529227036,0.0001781340458695168,0.00018427659917536222,0.0003224840485568839,0.0005446397264516261,0.0006807996580645327,0.0008384585262478981,0.0007278925667426808,0.0007811280287266743,0.0016318716615862632,0.0006485672494414116,0.0010567111233962176,0.002443104600004607,0.004236922120102273,0.00973642687674199,0.01465358878676894,0.009041070647041209,0.005282115956050031,0.004491742104899454,0.0025129281551608965,0.0016750454932854214,0.0014231048303503559,0.0009710512979982954,0.0008522792711860502,0.0006334508096653076,0.0028418906779075393,0.008201748324234676,0.022019613940524728,0.009383709948632898,0.0031938877755511024,0.0014533377099025637,0.0009372192661184438,0.0007975721558058646,0.000647127588510354,0.0005542694584571441,0.0005362736968189252,0.0005593082717158455,0.0005629074240434893,0.0007162313132011149,0.0014475790661783337,0.0067188975652454335,0.004770316495059083,52.27010342524129,1.0778500814859358,61.037959320376125,74.85719715292655,1.0829494255611942,84.58632723694859,79.33667334669339,1.0782925028478456,87.47269344094309,32.286342800543615,3.163682410359319,32.55928165993542,106.6790823025361,1.2014462737794325,51.77977473076259,80.25639785317762,1.0765058011030029,87.04062430443415
081_Heraclides_thoas_cinyras.png,Dataset_papilionidae,93836,0.012487034116259574,0.02501669579550137,0.029975702289100133,0.0017941467619629519,0.0006507807948619578,0.00013356636401096948,0.00016293201850983512,7.483505501323823e-05,7.957145090015204e-05,0.00028892014910174253,0.0007890835547598411,0.0019182403342000937,0.0019959172267454803,0.001761939269931938,0.0017515191989807275,0.010008004509048884,0.0005441674836949572,0.002452416982821092,0.007792851357687881,0.005792686175881325,0.009648482458757832,0.005837977961549938,0.003283654460974466,0.0023025544567117097,0.0019515431177799566,0.001712429131676542,0.0018542989897267572,0.002297226011338932,0.0027754539835457607,0.004945463361609617,0.004962114753399548,0.004346679312843685,0.0003063856089347372,0.02448820282194467,0.01260909991900763,0.003981014749136792,0.0017637154183895306,0.0009837642269491453,0.0007353254614433693,0.0005508280404109297,0.00045158574534293874,0.00043693252056779916,0.0003923067905707831,0.0004635747474316893,0.0006280904983162113,0.0015012894837802123,0.005693443880813334,0.007514440086960229,28.69551131761797,2.127529956946128,20.19084057043004,78.22322989044716,1.001213272054347,81.27963152491371,88.75654333091776,0.9916199851970766,88.42240960574843,48.745769214374015,1.4263138515866496,57.82882272960523,122.07566392429345,0.4389658703566088,74.69133713935558,89.32638859286415,0.988904252863103,88.13736405900026
082_Heraclides_thoas_cinyras.png,Dataset_papilionidae,59663,0.0059504587805209634,0.046186823398830845,0.030160512657202397,0.003477308661426121,0.00041119845353625086,0.00021751802252279937,7.747217240538059e-05,6.257367771203817e-05,2.3837591509347876e-05,8.790111869072028e-05,0.00011471840913873664,0.0001266372048934106,0.00028158154970417176,0.00023539621615481024,0.00040523905565891384,0.0010697119189819859,0.00010580259122068954,0.00027864840856142,0.0006138645391616244,0.0011596383017950824,0.0027990546905117073,0.005019861555738062,0.006847837017917302,0.0044154249702495684,0.003940884635368654,0.003734517204967903,0.003563766488443424,0.0038466050986373465,0.00292580828989491,0.0036611886763991083,0.0031866483415181938,0.016400449189615005,0.013378266262172535,0.025530898546838075,0.006376439334260764,0.0019033990915642862,0.0010894524244506646,0.0007531887434423344,0.0005363458089603271,0.0005185374520221913,0.00046720748202403497,0.0004347334193721402,0.0004965388934515529,0.0005583443675309656,0.0007647117979317165,0.002120242026046293,0.0061040762281480984,0.0014676181217840203,34.290330690712835,1.4731681814739077,52.91653153459831,55.50721552721117,1.445385775681333,73.11917006219164,64.21951628312354,1.4364837292074164,79.33583119359405,24.858203576756114,5.217780614976256,23.265911181470855,170.53009402812464,-0.11187326272745701,67.25859509997808,64.39113018118432,1.4377007848977958,79.23857054215442
083_Heraclides_thoas_cinyras.png,Dataset_papilionidae,53615,0.0028366854217828762,0.025319614121255454,0.03742402105546748,0.015168226139036546,0.003425243764701006,0.0006581905975732331,0.00045592547690841075,0.0002337654263421306,0.00018237019076336434,0.00044266219030743883,0.0004957153367113267,0.0003663982923518501,0.00032163470007356976,0.00025366035624358856,0.00041116188463013044,0.0008936139347404851,0.001127249836799403,0.0033118063974633964,0.012747132332369673,0.017519584071621748,0.011102303459852653,0.0055429917000839315,0.0033246293015014453,0.002442180359973888,0.0017299263265877086,0.0012438216916907583,0.0008090086729460039,0.0005875221486524294,0.00034621840902732446,0.00022381796139140167,0.00013755478877179893,0.00030425254126643665,0.00021216077590226616,0.0023395971276694953,0.020010724610650003,0.015389816282756692,0.003810733936398396,0.0015597314184463303,0.0009757064254406416,0.0007821971463209922,0.0007798657092231651,0.0006329851720600578,0.0005781964002611209,0.0006516366688426746,0.0006411452019024526,0.0008288258882775343,0.0019945444371910846,0.011312132798657093,76.0841182504896,1.0409593628855585,68.18381750007495,96.81590972675558,1.0142269140739733,82.78094483362894,99.39996269700643,1.0077178168198635,84.35791190592039,31.384836333115732,3.9227583515927367,24.72412466073295,69.86988715844447,1.7291752849192241,38.45307053353968,100.8930150144549,1.0029561356760854,83.949148213994
084_Heraclides_thoas_cinyras.png,Dataset_papilionidae,79056,0.0033517731453372008,0.07816568845712743,0.006652949245541838,0.00019339315028446785,4.497515122894601e-05,1.9114439272302052e-05,5.621893903618251e-06,5.621893903618251e-06,4.497515122894601e-06,4.497515122894601e-06,1.9114439272302052e-05,2.8109469518091257e-05,2.8109469518091257e-05,3.37313634217095e-05,8.770154489644472e-05,0.00024399019541703208,3.873836267961951e-05,0.00016364981785063753,0.00025140406800242866,0.00032176558388990085,0.000939207650273224,0.0024294487451932806,0.005328501315523174,0.010929752327464076,0.01579023097551103,0.01134085331916616,0.00459089126695001,0.0027456802772718074,0.0019701224448492208,0.0015068432503541793,0.0011060197834446468,0.003046890811576604,0.00036999089253187615,0.003377352762598664,0.004662043361667679,0.004573498532685691,0.004112591074681238,0.003227142784861364,0.002696664389799636,0.002404940801457195,0.0024895327362882006,0.004770352661404574,0.00668355343047966,0.006455866727383121,0.00571983783647035,0.004597215897591581,0.0026618789212709978,0.0036975371888281726,65.02256628212912,0.010154945166683998,38.984462272763594,113.98785670916818,-0.207479386853699,60.22579645528027,139.17006931795183,-0.20026538773265878,68.727129405776,19.955348107670513,11.783022739101401,10.83446375566181,144.6807452944748,0.8274562555083494,40.47879949419558,139.18736085812588,-0.19998114161817834,68.70737706654812
085_Heraclides_thoas_cinyras.png,Dataset_papilionidae,62520,0.009390772730504015,0.047039169687922086,0.027570910641927918,0.000599985782327433,0.00013791142389990758,4.549655221440251e-05,3.980948318760219e-05,2.8435345134001563e-05,2.8435345134001563e-05,6.255775929480344e-05,0.00010378900973910571,0.00026302694248951446,0.00038814246107912135,0.0004478566858605246,0.0008118291035757446,0.0019307599345987061,8.097408829174664e-05,0.0002119321817018554,0.00038387715930902113,0.0005998080614203454,0.0010486644273832375,0.0015165147152911068,0.002469209852847089,0.004275631797824696,0.006410948496481126,0.008922144913627639,0.009342010556621882,0.008881158029430583,0.0060760556621881,0.0031829814459373,0.002074336212412028,0.007023752399232246,0.0018194177863083813,0.017374440179142674,0.0056391954574536145,0.002412228087012156,0.0019423784388995521,0.0017364443378119002,0.001797424824056302,0.0021703055022392836,0.004265634996801024,0.005928103007037748,0.0034748880358285348,0.00546325175943698,0.006661868202175304,0.001129638515674984,0.00024392194497760718,0.00044085892514395393,33.68275751759437,0.8768350975923721,28.591630715484435,81.97797504798464,0.23360043619775406,63.28677414512541,100.97856685860525,0.17419630182338897,71.14300311252015,25.55766154830454,4.164936748014103,30.272534245688846,169.66545105566217,-0.14578220025987498,48.019213767235094,101.0652911068458,0.17562308835310111,71.0526493132762
086_Heraclides_thoas_nealces.png,Dataset_papilionidae,128370,0.018500688115084003,0.058553659993248686,0.006823331861892274,0.001930530670890568,0.00044939541083499954,2.7005271221209526e-05,2.9775042628513067e-05,9.001757073736507e-06,7.616871370084737e-06,2.9775042628513067e-05,4.7778556775986083e-05,5.8857642405200245e-05,0.00011356062769944517,0.0001724182701046454,0.0004410860966130889,0.0016944076584179412,4.235802757653657e-05,0.00023418633637142634,0.000683084053906676,0.0015419295785619692,0.004398905507517333,0.010522805172548104,0.012375360286671341,0.010267196385448313,0.007139031705227078,0.005136519436005297,0.0035390862351016594,0.002364259562203007,0.0013836955675001947,0.0009226260029601931,0.0005930123860715121,0.0013559437563293605,0.00016699774090519592,0.011631903871621095,0.015118894601542416,0.008108397600685519,0.005638486406481265,0.003401300927007868,0.001817500194749552,0.0009878671029056633,0.0007054802523954195,0.0005837617823479006,0.0005452987458128846,0.0005696424398223884,0.0007298239464049233,0.001199657240788346,0.0028876489834073382,0.008407338163122224,53.63500817948119,1.1699742764123828,54.20663817262071,77.63166627716757,1.1396788024307736,74.79945315149531,94.05963231284568,1.0715117325723844,81.54223331842655,20.64571940484537,5.097105914359155,26.197787770646197,121.50650463503933,0.9209774474009425,41.961836702108556,94.3029446132274,1.0720929967698916,81.39585525015481
087_Heraclides_thoas_nealces.png,Dataset_papilionidae,78392,0.011380979918585797,0.056679252984998464,0.018205939381569548,0.001212141828531256,0.00028234173555124673,7.48375684593666e-05,7.370366590695196e-05,8.617659398351306e-05,4.1954394439341885e-05,5.442732251590298e-05,5.215951741107369e-05,3.74187842296833e-05,4.082049188692724e-05,3.515097912485401e-05,0.00014627342926148927,0.00048531029243346826,2.3918256964996428e-05,0.00013155041330748036,0.00029578911113378915,0.000636225635268905,0.001926216960914379,0.004025442647208899,0.00520062633942239,0.0067640830697009895,0.008954995407694663,0.010841348607000714,0.008978913664659659,0.0055721565976120015,0.0031468453413613633,0.0021087929890805184,0.0013346387386468006,0.0025584562200224514,0.0003388419736707827,0.005422268853964691,0.007273541943055414,0.0069745637309929585,0.008140180120420452,0.007582087457903868,0.005379215991427697,0.0032855712317583427,0.001836124859679559,0.0011951155730176549,0.0010053640677620166,0.0008738136544545362,0.0008219907643637105,0.000987026737422186,0.0014653918767221145,0.009918901163384019,49.751734870905196,1.3876126322252236,46.5709957151763,89.39867588529442,1.13367908088222,74.93351163680403,111.51778242677824,0.8399027764183403,76.72833762578878,19.547466578222267,7.344709046841585,15.86397805679549,148.92438003877947,0.2295880955784375,43.74340877628764,111.6812047147668,0.8464659490694024,76.77378293490005
088_Heraclides_thoas_nealces.png,Dataset_papilionidae,109234,0.0016502798274041662,0.04697438526466118,0.03276309980815904,0.00699985555982773,0.0002441242348231015,2.359867603289981e-05,2.278492858348947e-05,2.6039918381130827e-05,1.2206211741155073e-05,8.137474494103383e-07,3.2549897976413533e-06,8.137474494103383e-07,4.068737247051691e-06,1.464745408938609e-05,2.5226170931720484e-05,0.00012368961231037142,1.2015489682699526e-05,4.176813080176502e-05,0.00013789204826336122,0.00042283080359595,0.001159208671292821,0.002943794972261384,0.007463907757657872,0.012965285533808156,0.011225900360693557,0.008724962008165955,0.005862414632806635,0.0036143737297910906,0.002100994195946317,0.0014876320559532746,0.0011517705110130544,0.0031852490982661077,1.7737151436365966e-05,0.002400237105663072,0.019013654173608948,0.011576638226193309,0.004452025010527857,0.0028139132504531555,0.0025776086200267317,0.0029231969899481845,0.001360038998846513,0.0008759864144863321,0.0007615531794130033,0.0008044656425655015,0.0009143215482358973,0.0009743989966493949,0.0018286430964717946,0.009205581595473937,47.74309280993097,1.1577041048907515,47.11569533836059,88.63580020872622,1.027140331584429,72.55469477825476,99.84266803376238,1.0580704602918145,78.86806402173949,23.06530933592105,8.212433542455075,9.230654016498962,143.9116392332058,0.8330819896957221,42.085478467826114,101.49777541791018,1.0137443216142206,78.63564962125267
089_Heraclides_thoas_nealces.png,Dataset_papilionidae,88940,0.0009504534892436848,0.009396596956749869,0.05944581865427379,0.012805636758863655,0.0038367938435399647,0.001112360392774155,0.00043275116807835494,0.00036279139494790495,0.00014491667291307499,6.6961497139145e-05,8.195287709566998e-05,6.596207180870998e-05,2.8983334582614998e-05,1.9988506608699997e-05,4.7972415860879994e-05,8.894885440871499e-05,0.00014686867551158084,0.00038790195637508434,0.0006999100517202609,0.0014152799640206881,0.002640825275466607,0.004855098943107713,0.00623664830222622,0.00794917922194738,0.009339161232291433,0.009229536766359344,0.005815015740948955,0.0034426298628288735,0.001897346525747695,0.001401928266246908,0.0010660276590960197,0.0059766415561052395,0.0019092927816505509,0.011656032156510007,0.005972425230492467,0.00243211715763436,0.0018502642230717337,0.001844642455588037,0.0022964920170901733,0.0034194400719586237,0.006191674162356645,0.007583061614571621,0.0073961378457387,0.005234568248257252,0.002443360692601754,0.001575500337306049,0.000565690353046998,0.0001293006521250281,52.45172026085001,0.5555650799316165,40.35295895261174,99.45566674162356,-0.056376396296583815,60.026874106132475,106.7508994827974,-0.1228360070342229,66.62070833235872,29.37803013267371,4.628566038811571,12.423070162437364,144.61904654823476,0.4629685990401743,52.817263982338424,108.41550483472004,-0.11033663939804984,65.07358862356118
090_Heraclides_thoas_nealces.png,Dataset_papilionidae,66680,0.0045404252482836764,0.07595147637139239,0.00677997733786576,0.00044124508431647003,7.331866959941345e-05,1.732986735986136e-05,2.132906751982937e-05,1.199760047990402e-05,1.0664533759914685e-05,3.066053455975471e-05,1.3330667199893354e-05,2.132906751982937e-05,2.932746783976538e-05,7.731786975938147e-05,0.00016263413983869893,0.0007065253615943478,0.00016871625674865027,0.0002511997600479904,0.00027088332333533293,0.0007348530293941212,0.0016637297540491901,0.0030284568086382723,0.005986615176964607,0.010276694661067787,0.01737027594481104,0.012880548890221956,0.003255286442711458,0.001519383623275345,0.0012063212357528495,0.0009973005398920215,0.0008595155968806239,0.0020302189562087583,0.00028306838632273545,0.002794128674265147,0.0034080683863227353,0.0027050839832033595,0.0018090131973605278,0.0015071985602879425,0.00151375974805039,0.0016852879424115177,0.001999287642471506,0.0025148095380923816,0.0030443911217756447,0.00616751649670066,0.010784718056388722,0.01091125524895021,0.008772308038392322,0.002600104979004199,79.84178164367127,-0.5203950055290131,39.11835761844505,138.451274745051,-0.8727255997260392,60.796694957465824,167.17195560887822,-0.937725082142759,67.53993956665565,21.256868626274745,8.256294844777148,16.494914030535668,137.39043191361728,0.6747770311504948,38.33396436410718,167.19475104979003,-0.9369155786339862,67.50545768365396
091_Heraclides_thoas_nealces.png,Dataset_papilionidae,95632,0.000662725633446731,0.00670533340769245,0.05952819140036808,0.014021341066681538,0.00525068317439072,0.001523432416857212,0.00045544959381332145,0.0002714107783540609,0.00017939137062443069,7.621809529120889e-05,5.483984905099177e-05,4.9262915249195995e-05,3.0673135909876746e-05,1.1153867603591544e-05,2.974364694291079e-05,3.9038536612570406e-05,0.00010456750878367074,0.000270568428977748,0.000610412832524678,0.0013077474067257821,0.0023860998410573865,0.004493135143048352,0.00596753701689811,0.0073537100552116446,0.009167956332608331,0.009281673498410574,0.0062505228375439184,0.0038212888991132677,0.0021181455997992303,0.0016312531370252636,0.00110514785845742,0.006630233603814623,0.002181539651999331,0.011673001714907144,0.005879308181361887,0.0023423121967542245,0.0017946398694997491,0.0018567268278400536,0.002271075581395349,0.0037409026267358207,0.006470114605989627,0.007578530199096537,0.007307961770118789,0.0049826417935419105,0.0023174774134181028,0.0014861657185879203,0.0005038846829513134,0.00011371716580224193,51.20597707880207,0.5837498654017397,40.26906517726444,99.48348879036305,-0.05657340545056108,60.20418452196792,105.28501965869165,-0.12424771908378623,66.72708499020138,30.453457001840388,3.70041967600851,11.870091835955904,148.37749916345993,0.42646667497308993,53.107470575129035,107.43128868997825,-0.10927128408685749,64.78313574753513
092_Heraclides_torquatus_torquatus.png,Dataset_papilionidae,242010,0.004789517421226855,0.008579627104481449,0.004723037156407678,0.005267734574788002,0.012693690343374241,0.007343314555413229,0.008443728220596945,0.0028898714010899456,0.002539839951517155,0.0010339334003645396,0.0002927335417728377,0.00047270773934961365,0.001036871754610691,0.0037596242579507736,0.00910522522026179,0.015917432245683146,0.0015502975083674228,0.010128971943308128,0.015893454815916697,0.012868786413784554,0.007851173505227058,0.0039060885913805216,0.0029753419280195035,0.002349851245816289,0.0018328271559026486,0.0011484546093136648,0.0007936139002520557,0.0005493058138093468,0.0003300483451097062,0.00011259865294822528,5.836535680343788e-05,0.00015082021404074213,0.00011259865294822528,0.0010534172141647038,0.0036560989215321683,0.0037671480517333994,0.004961830089665716,0.004767623238709144,0.004343312259823974,0.0040099066154291145,0.004086607991405314,0.0042968265774141565,0.004935229949175654,0.00650257220776001,0.00610202057766208,0.005080626833601917,0.003007881905706376,0.0018162989132680467,113.73667203834552,0.1867895040982025,58.28153029763705,130.99148382298253,-0.03542448266490337,64.44192092790074,125.88194289492169,0.10756840829047236,54.88612219507802,88.48123631254907,0.3253247402609937,59.88530831544105,62.086488161646216,1.553891386277008,39.025508335975864,140.24327507127805,-0.12423300195027275,61.56482426176059
093_Heraclides_torquatus_torquatus.png,Dataset_papilionidae,197765,0.007647235636010192,0.010080651278032007,0.004408824165606205,0.002949404034530321,0.0017650578548614095,0.0009402854678813518,0.0010580458849869514,0.0010468092039654247,0.0013560426656778388,0.001788879618627046,0.003354374018546142,0.011027678754526274,0.0120744879584917,0.010729681973835389,0.007977594058043075,0.010683836315267559,0.0033534118777336737,0.013702184410790585,0.017016408363461685,0.011033297095037038,0.006462847318787449,0.003375218061841074,0.002297866154274012,0.001507787019947918,0.0012985740651783682,0.0010173058933582787,0.000590663160822188,0.00027305134882309813,0.00015896392182641013,0.00010176219250120093,7.647966020276591e-05,0.0002341794554142543,0.0005925593507445705,0.007095226657902055,0.01166188405430688,0.007037708896923116,0.004892802063054635,0.004329633656106995,0.0041068313402270375,0.004303086997193639,0.003856850302126261,0.002902434707860339,0.002416378024422926,0.003549035471392815,0.0023222005916112556,0.002409109296387126,0.000640596162111597,0.0003836624276287513,82.3825904482593,0.47676853006445596,51.60021650126421,80.20596667762243,0.7340120677625932,53.03906135076625,90.73206583571411,0.6745056909038655,59.0183422273131,105.31787222208176,-0.589121785154716,60.86074518983665,54.581336434657295,1.8589561498111817,37.67187654564754,94.94353399236468,0.6239041215742305,60.78095755976117
094_Mimoides_ariarathes_gayi.png,Dataset_papilionidae,111747,0.014602032567615537,0.0026798631432312873,0.001966346598417258,0.01583577187754481,0.019818578276523453,0.0017515757320852759,0.0015996452303467257,0.018238023789850684,0.0017603256562691715,0.003629627641010497,0.0010030594905356643,0.0013451019813606729,0.0001646576641878529,0.00010261274724750255,0.00041522367490849865,0.003976442817753994,0.012676514805766597,0.00835648831735975,0.01260492451698927,0.007060032931532838,0.0042892650361978394,0.001819400073380046,0.001415026801614361,0.0017254378193598038,0.0031790562610181927,0.0031874457479842857,0.002753988921402812,0.0011941036448405774,0.0009379446428092029,0.0007170214860354192,0.0002421765237545527,0.00034117246995445067,0.0030828568104736592,0.026721075286137437,0.017787390265510482,0.006638880685834967,0.0009838071715571784,0.0006510241885688207,0.0005688072163011087,0.000821610423546046,0.0006359231120298531,0.0003428503673476693,0.0002125336698076906,0.00023993932723026122,0.0002729379759635605,0.00033781667516801346,0.0007835780826330909,0.0024189687418901627,37.93428906368851,3.481179381579381,45.636430219558655,43.908516559728675,3.31536381150012,45.84496069355676,43.92194868766052,2.8738539474403537,52.826755240256546,56.87795645520685,0.8653933303608107,41.825418736719854,64.05786285090427,1.0242792531660196,59.18008513105088,49.941313860774784,2.726644472364622,54.477641541997485
095_Mimoides_ariarathes_gayi.png,Dataset_papilionidae,59204,0.016533417411736445,0.04421322883588946,0.005005667785209708,0.004828502578654596,0.0005570194206097185,0.000303282811221464,0.0005735348212207884,0.000606565622442928,0.0003498262129435699,0.00016965820627735362,0.00026274500972156534,0.00017266100638845723,0.0004233948156656082,0.0004384088162211262,0.001547943457273908,0.012903032077412188,0.005654178771704614,0.007978768326464427,0.011189066617120465,0.012138115667860279,0.009312081953922031,0.005115786095534086,0.0033338119046010407,0.002238024457806905,0.0017408029862847104,0.0010271687723802446,0.0006534609148030539,0.0006471268833186947,0.00047294101749881766,0.0003483717316397541,0.00017946422539017633,0.0004708296736706979,0.002510387811634349,0.014910310114181475,0.015898419025741503,0.009505269914194987,0.00591598540639146,0.004582671778933856,0.0033084757786636036,0.0017629720964799675,0.0009891645834740896,0.0005953989595297615,0.0003800418890615499,0.00029558813593676104,0.0002860870887102223,0.0003853202486318492,0.0005278359570299304,0.0006460712114046348,45.22280589149382,1.6947420348396116,33.72100394629775,48.27920410783055,1.4508476146064342,32.92621465818797,58.493226808999395,2.0786799666830023,44.307026895530946,44.05278359570299,1.5608962784336657,59.87235172404056,63.91867103574083,1.4496486591250386,45.126717553314585,58.74741571515438,2.087643546335867,44.20140670478928
096_Mimoides_euryleon_clusoculis.png,Dataset_papilionidae,101377,0.0054239784829563575,0.037461050227259526,0.01960383299740353,0.016476233377502897,0.005847480197677974,0.0006128937859014701,0.00047961788396009176,0.0008487570597319358,0.00043051623587642607,6.663795097068916e-05,8.066699328030793e-05,4.734801779496335e-05,1.1398596876565251e-05,1.8413118031374637e-05,0.0002130660800773351,0.0012669978835874454,0.0007287155863756079,0.0021411414817956737,0.002234234589699833,0.0029629501760754413,0.004458605009025716,0.006245869378655908,0.009390690196001064,0.010156396421278989,0.008843228740246801,0.0057175197530011735,0.0037730451680361423,0.002668874596802036,0.0013920810440237923,0.0009364796748769445,0.0004876599228621877,0.0003625082612426882,4.0689702792546635e-05,0.0021392919498505578,0.010251339061128264,0.010525686299653768,0.009628046795624253,0.012288290243349083,0.010534933959379347,0.002782312556102469,0.000940178738767176,0.0005628742219635618,0.0004038144746836067,0.0003760714955068704,0.00036127523994594434,0.0003699063890231512,0.0008514012054016197,0.00044388766682778143,45.98497686852048,2.7753054419425376,33.6370286863245,68.79020882448681,2.0696574950553757,32.4668491791562,77.66280319993687,1.579073984810412,40.948725529606584,29.83458772699922,4.0941015957174836,23.85200555154924,115.68720715744202,0.057805422951060184,45.66940571644191,80.53508192193496,1.7282134415617967,39.54602577906183
097_Mimoides_euryleon_euryleon.png,Dataset_papilionidae,104545,0.01117987469510737,0.021596229162349014,0.005345491840302688,0.026688347920353277,0.003459647892188903,0.002949500746621604,0.0026085524043341253,0.00931528687805889,0.00016834855803720886,0.00016409733182414803,0.00025337308229842544,9.862844814301126e-05,5.356545028456645e-05,4.8463978828893454e-05,0.0003026873063699311,0.004656793193786833,0.002601152613707016,0.010337055813286145,0.015771318570950307,0.009430149696303028,0.007546391506050026,0.0054850781959921565,0.0030555024152278923,0.0020140848438471473,0.0012213640059304605,0.0010462002008704385,0.0010402219140083217,0.0005685350805873069,0.0006492419532258836,0.0010766894638672342,0.0006073939451910661,4.961978095556937e-05,6.217418336601464e-05,0.03111279831651442,0.017318499210866135,0.0038470275957721554,0.0013235927112726577,0.0010151131091874312,0.0009356018939212779,0.000845927590989526,0.0006396766942464967,0.00048424123583146016,0.0004716868334210149,0.0005470132478836864,0.0007628294036061027,0.0016494093452580228,0.0012757664163757234,0.00020864221148787603,38.148491080396,3.0801739176424356,41.40178947623868,42.585613850495,3.1255088912873425,43.2992101313993,49.46476636854943,2.463251324869615,48.93237961518251,42.58996604333063,1.9872420040715197,40.318289588468524,65.76883638624516,1.5600331743856664,47.078334987795344,51.77925295327371,2.437980266875053,51.79149192667436
098_Mimoides_euryleon_euryleon.png,Dataset_papilionidae,87506,0.01354472201271278,0.018027462243858833,0.006861751702105507,0.027240798726182583,0.0013591448967308908,0.0008055320651028375,0.0013459394530406803,0.007991325039298893,0.002471449576790925,0.0028848815446305904,0.0007110623525497934,0.0005851027358124015,0.0001970658519923713,0.00021128709904336717,0.0006887146786125142,0.0039626489104239195,0.0039025895367174822,0.0020727150138276232,0.006526695312321441,0.0049525175416542866,0.004901092496514525,0.00434684478778598,0.0037483144012981965,0.00269767215962334,0.004873237263730487,0.005481766964551002,0.001360620985989532,0.009458637122025918,0.0011134950746234545,0.0018420165474367471,0.0016741709139944689,0.003547613877905515,0.029853667177107857,0.01896941352592965,0.003999011496354536,0.0014313304230567047,0.0010127876945580875,0.0009013667634219368,0.000815658354855667,0.000824229195712294,0.000997074486320938,0.0012013461934038809,0.000815658354855667,0.00045425456540122965,0.00043925559390213244,0.0006199574886293511,0.00015927479258565126,5.713893904417983e-06,19.528603752885516,2.9539394534343315,28.402218180742956,23.37395150046854,3.129396068062858,31.413601294247872,31.540454368843278,2.5390807418486956,45.25261444656762,44.22355038511645,1.6091089887280878,43.03021467508834,117.70947135053596,0.16077853334289924,70.3981689272437,33.22391607432633,2.5176815013965173,44.83156864419243
099_Mimoides_euryleon_euryleon.png,Dataset_papilionidae,132940,0.00872908413152132,0.05514200223994116,0.003815255002256657,0.010566504521672267,0.0016341540878926164,0.0006459054209919261,0.0003804556775822008,0.000692710161643515,0.00019457399328017653,0.000976881801313876,0.000431272253146783,0.00030088761847449976,0.0001798639319325343,0.00014041422195476658,0.0005496213830800862,0.004509302442204504,0.004053520385136152,0.0036402700466375807,0.004253798706183241,0.0050078982999849555,0.007948134496765458,0.010575259515570935,0.008835282834361366,0.00860444561456296,0.003916240409207161,0.0018377651572137807,0.0010775537836618023,0.0008222694448623439,0.0010620392658342108,0.00039350458853618174,0.00015044380923724988,0.00032157364224462165,0.005956164435083496,0.035264969159019104,0.010452083646757936,0.004047408605385889,0.001774296675191816,0.0010211373551978337,0.0006013051000451331,0.0004691966300586731,0.00041042951707537234,0.00036388596359259817,0.0003182826839175568,0.00032298405295622085,0.000317342410109824,0.0003507221302843388,0.0004245336241913645,0.0004052580111328419,24.705197833609148,3.867656674469192,27.517905519471388,28.875913946141118,3.9824436838365433,28.952061023250554,36.652519933804726,3.3409999085184054,39.29661849648361,29.723928087859186,2.7726164127994486,40.80276737945379,87.75265533323304,0.3700532596989019,45.95746236159937,37.26226117045284,3.316084841114587,39.913490894817166
100_Mimoides_euryleon_euryleon.png,Dataset_papilionidae,64432,0.028104737466545265,0.017860000551830697,0.006366746682117926,0.005755594183704439,0.0016085864856661975,0.000893965731313633,0.0010677924012912838,0.001590651987970091,0.0017051568578760035,0.002370112849377811,0.001469249234334906,0.002096956653698645,0.0014568330436222166,0.0012333416107938085,0.002497033909996413,0.012812129238749552,0.005615416252793643,0.012446261174571642,0.014626854668487708,0.011799261236652595,0.006873525577352868,0.0032437298236900917,0.0019342097094611373,0.0012784796374472312,0.0011320073876334741,0.0008662233051899678,0.0007731018748447976,0.0006537900422150484,0.0004617270921281351,0.0002716041718400795,0.00013483207102061087,0.00038897597467097095,0.0005005276881052893,0.004529969580332754,0.01974174323317606,0.02159738173578346,0.007505005276881053,0.0027499922398808046,0.001286239756642662,0.0006993807424882046,0.0005150779115967221,0.00039964613856468834,0.00041516637695555,0.00035017537869381674,0.00032204494661037993,0.00028712441023094116,0.0003850959150732555,0.0012154286689843555,49.93264216538366,3.046422163108983,35.17278902721757,52.08469394089893,3.064152377337701,34.14506923132118,60.58720821951825,2.999923143748642,41.52888712984863,56.69392537869382,0.9282707591657081,64.23807909766859,55.85715172585051,1.880178281435078,43.11427296191587,61.79205984603924,2.9665419685638224,41.56979024683101
101_Mimoides_euryleon_euryleon.png,Dataset_papilionidae,69291,0.03465577540132678,0.04574074875845669,0.002443799820082454,0.0011404399160384786,0.0006696396357391292,0.00010775810230284837,6.542456211244366e-05,8.72327494832582e-05,4.233354019040471e-05,9.877826044427767e-05,4.233354019040471e-05,5.3879051151424185e-05,0.00012700062057121418,6.285889300999488e-05,0.00024245573018140886,0.00330843030760769,0.0013917752666291437,0.003422161608289677,0.003092934147291856,0.0053244649377264,0.004885194325381362,0.00585934681271738,0.007905969029166847,0.008947770994790088,0.008363279502388478,0.005641064496110606,0.0030180687246539953,0.001752572484161002,0.001077881687376427,0.0007396342959403097,0.0004906842158433274,0.0005871974715330996,0.00015063283831955087,0.003396003810018617,0.009339235975812155,0.011047610800825504,0.011790853068941133,0.011964035733356424,0.006999466020118053,0.0027429608462859537,0.0012745161709312898,0.0007495562194224358,0.0005105280628075797,0.0003607972175318584,0.00042303473755610395,0.0008442654890245487,0.0007955578646577478,0.00011094514439104646,48.03022037494047,1.9431290516418085,34.81285819542022,58.79379717423619,1.715449657701306,34.010729641674146,78.63582572051205,1.62748657024196,40.100787000998935,19.874009611637874,4.151803195946305,33.62142811784647,107.35174842331615,0.16226563651023193,49.35203553983117,78.7180008947771,1.628566586118382,40.071723471809676
102_Mimoides_euryleon_euryleon.png,Dataset_papilionidae,96431,0.014602957324696183,0.06555936945127143,0.002855697626051558,0.000822234435906388,0.00027745803274419593,0.00018251392187159732,0.00010692734816719843,6.729048634659901e-05,5.3463674083599214e-05,5.3463674083599214e-05,4.148043678899939e-05,6.636869886239902e-05,0.00042125688027939376,0.0002590222830601962,0.0002885194825545958,0.003230865132120952,0.0007693324760709731,0.0025730833445676182,0.005030151092491004,0.009263748172268254,0.013475956901826177,0.014787127583453455,0.009261803776793769,0.0037053696425423358,0.001386353973307339,0.0007421109394281922,0.0004653586502265869,0.0003746201947506507,0.0002761041573767772,0.0001886063610249816,0.00011407120116974831,8.620153270213935e-05,0.00023267932511329345,0.004079989837292987,0.008843110617954807,0.012228303139032054,0.013969185220520371,0.01031761051943877,0.006618722195144715,0.00307797803610872,0.0010823801474629528,0.00046730304570107126,0.00031758459416577657,0.0002352718524126059,0.00021971668861673114,0.00024434569796019954,0.00036360195372857275,0.00020221712934637202,51.171179392519,1.7485218100222766,26.479032264593375,60.882651844323924,1.4433545553410414,28.821997015915894,73.90596384979933,1.556326767995408,34.769017581609,22.333305679708808,3.993089747204739,33.93702840136791,80.42508114610447,0.9427496163055463,32.52689224746883,73.99596602752227,1.578865010594886,34.65540597161378
103_Mimoides_euryleon_pithonius.png,Dataset_papilionidae,104443,0.003473239523525325,0.011475052314553286,0.0037353708083196894,0.001661299571164282,0.0008723524899812444,0.0011234197919758465,0.0016664060247641723,0.0067915832878539814,0.04144397741670896,0.0106324874705714,0.002285989061550851,0.0014774672415682343,0.0007608615863836415,0.0002961743087936323,0.0004093673635911986,0.0007838406275831474,0.00528697471348008,0.007389197935716132,0.006403014084237335,0.006984671064599829,0.009211962505864443,0.010597885928209646,0.008843938799153605,0.004156573441973134,0.0017653169671495456,0.0006061918941432169,0.0002297904119950595,0.00016516185862144902,0.00014661107015309787,0.0001280602816847467,7.00142661547447e-05,0.0005146347768639353,0.0011531409476939574,0.0016300757350899535,0.005283982650823894,0.02610514826268874,0.018578315444788066,0.0033301657363346516,0.0011088584203824095,0.000593625230987237,0.0004541951112089848,0.0004117078214911483,0.00037939354480434303,0.00035665386861733194,0.0003841808450542401,0.0005571220665817718,0.0013236885190965407,0.0008497457943567305,68.15578832473216,2.5321027786678876,42.31450480952304,67.00198194230346,2.7344629845306736,43.36860110590288,57.928161772450046,2.81113860816907,44.22068209046757,79.68568501479275,-0.7355299070492015,36.64132463338431,71.24858535277616,0.8615963717346777,41.30855114657621,71.63974608159475,2.7023047209318922,42.54459315506098
104_Mimoides_euryleon_pithonius.png,Dataset_papilionidae,89869,0.010312294067537812,0.07296447545254142,0.0036092040142380083,0.0007170931516367651,0.0001275931262912313,0.00014836410033864107,5.4400170124168395e-05,1.8792786042894534e-05,2.373825605418257e-05,0.0001414404423228378,4.055285409256189e-05,9.89094002257607e-06,2.4727350056440177e-05,1.1869128027091284e-05,0.00012957131429574653,0.0005548817352665176,0.0003776329991431973,0.0016245868987081196,0.004044080828761864,0.006772357542645406,0.00888932779935239,0.009824717088206167,0.009595911827215168,0.007804415315626078,0.005132470596089864,0.002843722529459547,0.0015460002893099957,0.0010793488299636136,0.0006759839321679333,0.00044648321445659795,0.000283746341897651,0.001559213966996406,0.00221642056771523,0.005007288386429136,0.009728744060799608,0.016137377738708564,0.013894529815620515,0.007848229089007333,0.003493974562974997,0.0014646318530305222,0.0007038022009814286,0.0003991921574736561,0.00031086915399080884,0.0002601008134061801,0.00028235542845697625,0.00038736939322792064,0.0003060009569484472,5.91138212286773e-05,43.339616552982676,2.188292753534517,31.08261293884364,54.19614104975019,2.027949424160211,32.41758155839076,65.71519656388743,1.7145213382006064,34.545553216556556,16.710222657423582,8.304401583992181,15.755772003541235,100.35539507505369,1.054073494739742,46.543125572979115,65.76484661006576,1.7264035654012617,34.50117919278126
105_Mimoides_euryleon_pithonius.png,Dataset_papilionidae,97217,0.005064500607461201,0.008336904953751802,0.001772895229800915,0.0019548478603993585,0.00035933358706124785,0.0002459560684973936,0.0008622177419815693,0.007554234341730356,0.022999178241574117,0.023685843696747137,0.003469900668950218,0.003192857216330477,0.0009408505371145651,0.0005550012400666093,0.0012380093559311185,0.0066563575414908,0.0053353580135161545,0.007146383862904636,0.007183671580073444,0.006522778937840089,0.006877012250943765,0.006151187549502659,0.004980481808737155,0.0042000113148934854,0.003939640186387154,0.0031739562010759436,0.0020431097441805444,0.002034752152401329,0.00140471831058354,0.0005381003322464178,0.0001343643601427734,0.0008344733945709084,0.002123471203596079,0.008616034232695928,0.016693325241470113,0.015696843144717487,0.007064093728463129,0.0028621537385436703,0.0014818653116224528,0.0009032628038306058,0.0006191046833372764,0.00049631237335034,0.0004808829731425574,0.0005149562319347439,0.0006068897415061152,0.0008730468950903648,0.0015416542374276105,0.0019261034592715266,58.58159581143216,2.3580246815502073,44.73656428278994,54.03097194935042,2.661114523450512,45.217412531871396,56.392739952888896,2.1349407024160665,57.73503236445367,91.22721334745981,-0.39534032236849265,43.935420085820155,84.24390795848463,0.7068232245952436,56.44834772366732,67.94030879372949,2.063392682192132,56.232409337867345
106_Mimoides_euryleon_pithonius.png,Dataset_papilionidae,81850,0.014920518563768413,0.04749609719676916,0.004620919025317315,0.005596144709156315,0.0014834724767528677,0.0005408267155365506,0.0006722324034480418,0.003379623973393063,0.0012803909590714722,0.0034936537025724566,0.0008438199959275096,0.0008807439082332179,0.00028887531392112945,0.00021285549446820062,0.0006331364963008213,0.002545577954252359,0.0073869883934025654,0.008972968845448992,0.005330635308491143,0.0048816432498472815,0.006020922419059255,0.006547800855222969,0.00509850335980452,0.00391188149053146,0.0029482284667073917,0.0026481368356750155,0.0018631643249847282,0.0014744960293219304,0.0016585216860109957,0.0012637446548564447,0.0006276725717776421,0.0018646915088576664,0.0036415699450213805,0.012438912645082468,0.014872480146609652,0.009916768478924863,0.007264813683567501,0.0054405925473427,0.0036621869273060475,0.001988393402565669,0.0010438301771533293,0.0005589492974954185,0.00033979841172877216,0.0003275809407452657,0.00032910812461820404,0.0004260843005497862,0.00014355528405620037,0.00010537568723274283,44.3671105681124,1.4424413097222606,37.5609492981279,49.63369578497251,1.4532266266252076,36.394513382678205,57.04783139890043,1.7055060926650807,38.34487327580106,32.872962736713504,2.148247526441173,40.32328264909108,85.65131337813072,0.8171378332783447,64.43259859389141,58.04411728772144,1.6222560482293569,38.960087606392634
107_Mimoides_ilus_ilus.png,Dataset_papilionidae,74037,0.03900992446719583,0.00971286128707418,0.0009040524782653719,0.0004982493738115927,0.0003625814720267494,0.0006147076611844228,0.00038059048553801175,0.0004346175260717989,0.0003853928891410151,0.0004898451675063369,0.0010841426133779957,0.0029198613906260083,0.002466034250142196,0.001116558837698268,0.001847724786255521,0.026661744202973587,0.0019458176317246783,0.004379566973270121,0.008443413428420924,0.00781956994475735,0.0059640787714250985,0.0045754149952051005,0.004082418250334292,0.0028043410727068897,0.0034222753488120806,0.002547712630171401,0.001974519497008253,0.0018622445533989763,0.001613213663438551,0.0015068479273876575,0.0010830733282007645,0.00847549198373786,0.015704985345165255,0.019189729459594528,0.012264138201169686,0.006884226805516161,0.002981617299458379,0.00113372367870119,0.0005791023407215311,0.00034779907343625483,0.000290395342869106,0.00031065548306927616,0.000284486135310723,0.00028195361778570176,0.0003570849710279995,0.0007091049070059565,0.0009049529289409349,0.0002760444102273188,28.568729148939045,3.038353661011527,36.10175373195697,28.67494631062847,3.1487127844026994,36.206780164939104,39.946067506787145,2.8297347358684872,44.85203369478055,73.29103016059538,0.3662842527468533,77.07275331200675,112.500709104907,0.6601177386703715,77.65763558665084,40.443926685305996,2.8217437322515835,44.86473382094942
108_Mimoides_pausanias_cleombrotus.png,Dataset_papilionidae,63093,0.0032107805585053456,0.0088011172220197,0.005835477434545477,0.02020298078497879,0.007331681450838885,0.00936747693440195,0.0034037936943172075,0.012521903292670257,0.014185761054668858,0.002287980529623818,0.0005945368125007704,0.0002564116110785313,0.0003127658113155712,0.0001916042808059355,0.00014792977562222962,0.00023668764099556738,0.0022248902413896945,0.0011689093877292251,0.0018405369850855086,0.005755392832802371,0.004319021127541883,0.0038445231642179004,0.004111985481749164,0.0034254988667522545,0.004058493018242911,0.0032471906550647456,0.002904442648154312,0.003902968633604362,0.0021446515461303155,0.002838072369359517,0.0019742681438511406,0.014739154898324695,0.02582992566528775,0.014569762097221562,0.006953029654636806,0.0038554197771543596,0.002282345109600114,0.001483920561710491,0.0009153154866625458,0.0006716275973562836,0.0006359659550187818,0.0005329434327104433,0.0006686557938281585,0.0010847082877656793,0.0017721855039386303,0.0012441950771083956,0.0,0.0,30.930832263484064,1.9304039994334523,42.6663076004612,39.678902572393135,2.1054796052709324,52.898701117861066,33.20373100026944,2.1627040710124144,51.51688799925551,57.810692152853726,0.30902212392929035,30.712579886953005,150.40608308370184,-0.05622297349185252,79.45139354858745,41.25584454693865,2.043535291337764,52.831464581324994
109_Mimoides_pausanias_cleombrotus.png,Dataset_papilionidae,94610,0.002484116078873504,0.0001305946047516706,0.00044721605655967774,0.0029679737871260966,0.0069835230008573205,0.00286274647970029,0.0014299639455542638,0.0013031274589249435,0.0034508919658481014,0.036433076137124334,0.011291265898601275,0.009898883134270514,0.002773491174294472,0.002132732034433757,0.00189691012225628,0.0024023770097123865,0.00254465701300074,0.007000449212556812,0.0021456505654793363,0.002359687136666314,0.0036809005390550683,0.0049063259697706375,0.006094757425219322,0.006326630377338547,0.006962134023887539,0.006651648874326181,0.005862223866398901,0.004275446570130007,0.0019712503963640205,0.0008468977909311912,0.00034087305781629846,0.0005304671810590847,0.001943504914913857,0.009904476271007294,0.018399217841665785,0.009525948631222915,0.004934071451220801,0.003845391607652468,0.002516250924849382,0.001943504914913857,0.0013331043230102525,0.0009301342352816827,0.0006104005919036042,0.00041618222175245746,0.0003712609660712398,0.0004703519712503964,0.0008825705527956875,0.00447362858048832,71.25350385794313,1.565206333506703,60.900039212340346,59.90410104640102,2.0309131042231257,66.08633078859508,50.120949159708275,2.2465466535968925,62.240497392637906,102.67965331360321,-0.8983714478529576,33.827759807704446,111.33438325758377,-0.18592249743456474,57.78780414689864,74.89733643378078,1.6872773410188937,64.33801562044934
110_Mimoides_pausanias_cleombrotus.png,Dataset_papilionidae,45417,0.02238026387573914,0.030533843176686164,0.005957632115238298,0.00604570486332822,0.001736011723461357,0.0004129633299327467,0.0009355283019329521,0.002197904357888505,0.001669467869348971,0.0035698820559115162,0.0017203543460231486,0.0017183971738433726,0.001082316215416156,0.0008494127260228059,0.001360234664944355,0.006718972093171182,0.018972796529933725,0.019224629544003346,0.014676497787172204,0.004859138648523681,0.0014587048902393377,0.001004579782900676,0.0006674262941189422,0.00047063874760552214,0.0005077944382059582,0.00034678644560406897,0.00015963185591298413,6.880683444525178e-05,3.5779553911530925e-05,2.0642050333575534e-05,6.880683444525178e-06,1.9265913644670498e-05,0.00015412730915736399,0.001085771847546073,0.0016224651562190369,0.0024467710328731533,0.0039921725345135085,0.006674262941189423,0.010224695598564414,0.012386606336834225,0.009520113613845036,0.004780698857256093,0.002318790320804985,0.0013100821278375938,0.0008944888477882731,0.0007513706321421494,0.0008944888477882731,0.003443093995640399,110.461303036308,1.0876518761729126,48.029939580550035,113.95389391637492,1.0615109237636307,47.03850444953625,121.72959464517692,0.8356468935679848,49.170613787397166,44.77889336592025,1.396828174750674,54.01560775160725,30.457537926327145,2.3881843279553796,27.42594243698342,123.11086157165819,0.8402138213306389,49.21191074025474
111_Mimoides_pausanias_cleombrotus.png,Dataset_papilionidae,152192,0.04179399121577423,0.027266727408653393,0.006755793851041958,0.002104359405663022,0.0003107186244276236,0.00014017381553125876,0.0002540650406504065,0.0010834267825436876,0.004561489580413045,0.0007902298850574713,0.00015711148490795253,0.00011739557050742922,0.0001997476871320437,0.00012732454910756004,0.0004327866554527614,0.0027935473320250446,0.001147810003153911,0.0011979111911269975,0.003281217146761985,0.007083158116063919,0.007793198722666106,0.005897566889192599,0.005903316205845248,0.008894603527123634,0.010282652833263246,0.00713079531118587,0.002460296861858705,0.0007486431612699748,0.00034619099558452483,0.00014291158536585365,6.036782485281749e-05,0.00012935962468460892,0.00010471969617325484,0.023139356865012617,0.019170685712783853,0.006840454820227082,0.002691912189865433,0.0016254139507989908,0.0010792288687973086,0.0007691764350294365,0.00047924660954583683,0.0003108737647182506,0.00029444714571068124,0.0003687775967199327,0.0005326331213204373,0.0011794312447434819,0.0014467744690916738,0.0024668675094617325,42.289502733389405,2.1216519234076965,51.44220139947566,49.80032458999159,2.2492285729851336,58.74142750700878,57.51638062447435,2.331382893822266,59.4102979914432,25.299568965517242,2.711555280586468,37.7420202191976,103.66522550462574,-0.11644521951227865,42.1668321285384,60.40186737804878,2.196492290031492,60.32428618922879
112_Mimoides_pausanias_cleombrotus.png,Dataset_papilionidae,63782,0.04965943021193719,0.031960253502381374,0.0034478553684599276,0.0012570596371668775,7.804361383741147e-05,1.9510903459352867e-05,1.3936359613823475e-06,0.0,0.0,4.180907884147043e-06,1.3936359613823475e-06,2.787271922764695e-06,8.361815768294085e-06,1.3936359613823475e-06,2.229817538211756e-05,0.0024249265728052845,6.663321940359349e-05,0.0007212066100153649,0.0017726396161926563,0.0028720877363519488,0.003589374745225926,0.0053443761562823365,0.008995484619485121,0.01435259947947697,0.012420236116772758,0.006239025116804114,0.0024056552005267944,0.0012983678780847262,0.0008936690602364304,0.0007212066100153649,0.0003576636041516415,0.00044977423097425606,8.721112539587972e-05,0.002467388918503653,0.01743340597660782,0.024916904455802576,0.006815206484588128,0.0031493995171051393,0.0017187451004985733,0.0009730409833495344,0.0007290458122981405,0.0005595230629331159,0.0005409049575115237,0.000583040669781443,0.0006232165814806685,0.0006418346869022609,0.0007897996299896522,0.00047133203725188927,37.14916434103666,3.143149177887463,32.066873200844626,46.95296478630335,3.3505231138366396,36.340782689789734,65.9892602928726,2.5815430253745397,41.41219080108968,16.591091530525855,5.378722551126416,27.68279411017687,118.7367125521307,0.2132523554443962,38.11978310788117,66.12335768712175,2.6030600179179464,41.80361070472323
113_Mimoides_pausanias_cleombrotus.png,Dataset_papilionidae,53110,0.0057976108286784235,0.05992091884767464,0.010634532103182074,0.004952404862026402,0.0025188811481411744,0.0016351806523149021,0.0006594280215067262,0.0009740789556266868,0.0010929098935124166,0.00031297725893847156,0.00010376786125232746,7.02943576225444e-05,2.845247808531559e-05,1.6736751814891525e-05,3.682085399276135e-05,0.0001338940145191322,0.00041658821314253435,0.0024877612502353604,0.0037787139898324234,0.004963754471850875,0.006816042176614573,0.008844850310675955,0.010768922990020711,0.008151713424967049,0.005974628130295613,0.0035127565430239124,0.0019228958764827715,0.0011768028619845603,0.0006225287139898324,0.0005001412163434381,0.00030361513839201657,0.0022582846921483713,0.0020346921483713047,0.0035880719261909247,0.005438006025230653,0.012498823197138015,0.010765392581434758,0.00803285633590661,0.007764545283374129,0.005796930898135945,0.0021100075315383165,0.0007919883261156091,0.0005731029937864809,0.0005201468649971756,0.000537798907926944,0.0006036998681980795,0.0007649218602899643,0.0006790152513650913,52.037733006966675,1.8329795527450776,36.58503335339349,69.62325362455282,1.6552214205220135,39.804426491605426,81.56426285068726,1.2303902256586101,45.500308434254876,23.639484089625306,3.459465180000705,17.94067306396351,105.45927320655244,0.9127293348142438,49.8425008401551,82.54078327998494,1.291237015457798,45.24157529174738
114_Mimoides_pausanias_hermolaus.png,Dataset_papilionidae,86929,0.01193822289198976,0.005952239439338106,0.001666749748517628,0.00421084384318748,0.0006155726065077375,0.00015440442455592752,0.00046525836538375507,0.00034664304585734716,0.00012679568639029808,0.0003261921286976217,0.0006268206109455865,0.0014417896597606476,0.0030932012204084817,0.0018906872914166222,0.0028252942056160774,0.05320817372031581,0.0016838454370808362,0.0012308895765509784,0.0032950741409656157,0.011801297610693784,0.016855709832161878,0.009779532722106547,0.0067813963119327265,0.0029887897019406644,0.00242726823039492,0.0012107582049718736,0.0009634299255714434,0.0009296379804208032,0.0007908753120362595,0.0005902805738016082,0.00037890117222100797,0.0007923132671490527,0.019385072875565117,0.027939467841571856,0.008378245464689574,0.003111734864084483,0.001115134189971126,0.0006894994765843389,0.0004694923443269795,0.0003185070574836936,0.00020203269334744447,0.00021641224447537647,0.0002753684040998976,0.0002660216958667418,9.849992522633414e-05,1.653648379712179e-05,1.0065685789552393e-05,7.908753120362595e-06,19.684915275684755,3.42195344803665,16.511500183770078,20.771813779061073,4.270693566498802,25.257167945812498,26.686479770847473,3.25995574604851,23.53736571022291,125.35834991774897,-0.9465629417420912,69.10733809684967,85.23856250503285,1.4695128385152778,43.76536769397618,27.535977636922087,3.617274910674504,25.753587024864068
115_Mimoides_pausanias_hermolaus.png,Dataset_papilionidae,90310,0.03599453733436681,0.003454766913963016,0.0030344861526347515,0.0017283677210595603,0.0002539401321374525,0.00011614316121015268,0.0002687040933082346,0.000292326431181486,0.00018208885443964613,0.00015846651656639476,0.000187994438907959,0.0005669361089580334,0.0011092656159647633,0.002079749996924175,0.004259894929809668,0.03520122048745679,0.0008387775440150592,0.002199368840659949,0.0028886612778208395,0.0031412634259771898,0.00485549773004097,0.008781557967002546,0.014084126896246264,0.010388522865684863,0.005049966781087366,0.0024436662606577343,0.001468552762706234,0.0010775384785738013,0.0008892979736463293,0.0011931126121138302,0.0013647436607241723,0.0018353449230428525,0.0006270069759716532,0.012153969660059794,0.016820534824493413,0.011481978739895914,0.006177333628612557,0.004483169084265309,0.0023225556416786625,0.0011820396412357435,0.0008505425755730262,0.0007114383789170634,0.00060486103421548,0.0005453438157457646,0.0005550326652640904,0.0006180101871332078,0.0009384342819178386,0.002427748865020485,43.16342597718968,2.988706851368035,43.62803625553352,42.9284464621858,3.0205588984134804,48.55598414957627,68.50580223674012,1.9672184358747378,56.38562204084956,88.14298527294874,0.02421802084962605,80.80218621280353,109.76833130328868,0.8215146418936285,50.05725799448403,68.83450337725611,1.9870161207875412,56.58688727043081
116_Mimoides_pausanias_pausanias.png,Dataset_papilionidae,83618,0.0034729364490899087,0.0031997363672361875,0.0026235712140660833,0.009553498582176618,0.0054204171882183795,0.0040225257188112075,0.0022291851036858094,0.016776823703561965,0.013964032199340386,0.021208618027484777,0.0025884910479136605,0.002777711338069156,0.0003104063186820488,0.00013181638190607552,0.00026788490516395987,0.00034123434348266326,0.005764309120045923,0.0043852699179602475,0.005229137267095602,0.005603608074816427,0.007560423593006291,0.006294996292664259,0.005702271042120117,0.00439722906551221,0.004329958860532421,0.003012957736372551,0.0025450560884020187,0.002204967829893085,0.0016697959769427636,0.0012183381568561793,0.0007504365088856467,0.0018312444688942573,0.014063210074385898,0.022104241909636682,0.006453454997727762,0.003908398909325744,0.003053319859360425,0.0021631108134612166,0.0017475304360305198,0.0014963883374393074,0.0010225071156927934,0.0005441412136142936,0.0004163278241526944,0.00039166208232677173,0.00034382549211892175,0.00041408548398670143,0.0019807338132937884,0.002397061637446483,50.81558994474874,1.9340371381444545,60.608946589345955,51.54716687794494,2.0037542264655346,64.42853054550575,42.533497572293044,2.2185229328233906,63.71184411098335,78.21092348537397,-0.5943342906348885,33.14250282979489,95.14136908321174,0.6219257580634793,62.439464225522514,55.065595924322515,1.9094433698222426,64.19672416120368
117_Mimoides_pausanias_pausanias.png,Dataset_papilionidae,69827,0.035516347544646054,0.04166614951554875,0.005885020598526835,0.0008949101191357052,0.00014002861039107763,7.383326729711367e-05,5.346546942204783e-05,1.527584840629938e-05,3.818962101574845e-06,6.364936835958074e-06,1.0183898937532919e-05,8.910911570341303e-06,4.455455785170652e-05,5.8557418890814276e-05,0.00013875562302388602,0.0043727116063031965,9.219213198333023e-05,0.0005083993297721512,0.0014777593194609535,0.0035758016240136337,0.00215085138986352,0.0033502441748893695,0.006617246910220974,0.010582403654746731,0.012553346126856374,0.009292608876222665,0.004945257565125238,0.0027621836825296804,0.0015994887364486517,0.0011949174388130666,0.0007921362796625947,0.0010051627593910665,0.00014410614805161328,0.00620193478167471,0.015547352743208214,0.010762312572500609,0.007046880146648144,0.0066557348876509085,0.005449181548684606,0.003177495811075945,0.0015797972131124064,0.0007267962249559626,0.000562998553568104,0.0005343563378062926,0.0004887078064359059,0.0006471350623684248,0.001589642974780529,0.0013855671874776234,42.06395806779612,2.4226488023160173,41.69405036296117,56.14898248528506,2.359902535973891,49.97680317954689,77.62613315766107,1.6588719906054548,52.28550040153871,21.907213542039614,3.822272441227014,36.670783027843314,129.9734486659888,0.1115588419878347,43.225364169073686,77.77915419536855,1.679163113182529,52.564434439579905
118_Mimoides_pausanias_pausanias.png,Dataset_papilionidae,49172,0.020653126892450083,0.030481665265688695,0.007671936151558701,0.01323065520576299,0.0016468270108553195,0.000741162540560572,0.0006200457351518931,0.000453736091904155,0.000370581270280286,0.0005947377459620199,0.0005459294810958359,0.0005820837513670834,0.000809855654075942,0.0005983531729891446,0.0011948986324647269,0.00869329428672144,0.0011642804848287643,0.005053689091352802,0.008538904254453755,0.004629158870902139,0.006320924509883674,0.008443575612136989,0.008552885788660213,0.006226866916131131,0.004216068087529488,0.0026386968193280727,0.0017489628243715935,0.0011719067762141055,0.0008604998779793378,0.0007105161474009599,0.0006012059708777353,0.0016218579679492394,0.004407996420727243,0.0209862828438949,0.010420056129504597,0.007510625965996909,0.0054311905149271944,0.002679370373383226,0.0014172191491092492,0.0009532864231676564,0.0007626291385341252,0.0007372081672496543,0.0006736557390384772,0.0007257687301716424,0.0011134385422598226,0.002915785406328805,0.0015697449768160743,0.00019574147889042545,45.233852599040105,1.9636960885832089,54.0251480877586,52.60727649882047,1.975345235824867,60.910040964563656,62.1985276173432,1.6222977335521167,59.095829377485614,41.20751647278939,1.8136147160066813,53.04584200539654,94.064894655495,0.8617682661181713,53.9661003652745,63.27011307248027,1.6591666000358227,60.28505329398264
119_Mimoides_phaon_therodamas.png,Dataset_papilionidae,109995,0.0055921733816183565,0.001875640811956099,0.001372991701643004,0.0009689329312948569,0.0008315529493764869,0.0005398225171851246,0.0009026672929577607,0.004219181679975353,0.0241853417579587,0.04080266274729659,0.0037383517432610573,0.0015370395624043516,0.0005155789909642357,0.00045981888065619144,0.0004428484123015692,0.0009042835280391533,0.007023614709759534,0.003935974362471021,0.004768398563571072,0.005073526069366789,0.005818446293013319,0.0051905768444020185,0.004746806673030592,0.0045877085322060095,0.004490545024773853,0.004297354425201146,0.004335424337469885,0.0036257329878630847,0.002058048093095141,0.001033001500068185,0.00047388517659893633,0.001040956407109414,0.0037217600800036367,0.011851675076139824,0.00970782762852857,0.008969725896631664,0.007942974680667302,0.00457975362516478,0.0029097913541524614,0.0016631437792626938,0.000990954134278831,0.0007682167371244147,0.0007318514477930815,0.000707418519023592,0.0006790081367334879,0.0007602618300831856,0.0009631119596345289,0.005552525114777944,80.1763534706123,1.4027957235305986,71.17479471838028,70.41500068184918,1.6591074765763596,70.72716950696768,57.40319105413882,1.8179011946349373,68.99455084676633,92.9678803581981,-1.6303375633926753,32.10637286175684,98.44650211373244,0.25946175531476295,63.43362207591755,81.44821128233102,1.4124645033466916,70.8529616014364
120_Mimoides_phaon_therodamas.png,Dataset_papilionidae,99635,0.022118064267911207,0.0035551986974679804,0.004289434212653965,0.014102139475753166,0.002717474336885186,0.0012204546595072012,0.002671974930719348,0.01263277630016226,0.005357332039722766,0.010132985396697948,0.002683572818565542,0.0021384720897944165,0.000422876833776618,0.00024533993520795347,0.000847537957991112,0.0037532549360722194,0.014416369749585989,0.00505281778491494,0.00800609725498068,0.00835298840768806,0.007164901891905455,0.0073831986751643494,0.003455738445325438,0.0015688513072715411,0.0014427660962513173,0.0007822301400110403,0.0006166256837456717,0.0006799819340593165,0.0006103527876750139,0.000738319867516435,0.0006141165253174086,0.0016146434485873437,0.01686279921714257,0.024288653585587395,0.010349651226978472,0.005091082450945953,0.0027218096050584633,0.0012815526672354093,0.0005739699904651979,0.00033371807095900033,0.0002603251869323029,0.00019445977819039495,0.000140512871982737,0.0001210668941636975,7.841120088322377e-05,6.523811913484217e-05,4.955587895819742e-05,8.719325538214482e-05,26.246800823003966,2.9302263545209017,22.794047844341918,26.717629347116976,3.3076546015516204,20.914727397007844,27.976173031565214,3.556846325565126,25.90388707960757,58.98924072865961,0.47913684626467473,49.14841261167867,63.469383248858335,1.3622631049481762,59.102279257190226,31.773111858282732,3.145569240298924,27.7460038262282
121_Mimoides_xeniades_halex.png,Dataset_papilionidae,104443,0.02321478914070088,0.05066282831571075,0.004623042659100605,0.0035711132175232207,0.00026213128479436417,9.787369399789571e-05,0.0001353210203970906,0.0001361720959970723,0.00017532157359623058,0.00169023614156366,0.0002961743087936323,0.0003566006763923331,0.00010808660119767615,0.00010042692079784082,0.0002723441919941446,0.003186427046331492,0.005437774671351838,0.005166693794701416,0.00412186551516138,0.007808086707582126,0.0178440632689601,0.01379161360742223,0.0034007784150206334,0.0009975536895723027,0.00047035224955238743,0.00034528403052382637,0.00038836973277290004,0.0007504093141713662,0.0013224916940340664,0.00047573796233352163,0.0001172888561224783,6.163649071742482e-05,2.8723801499382437e-05,0.009636236990511571,0.02021676895531534,0.011846174468370307,0.008143197725074922,0.004409103530155205,0.0016181074844652107,0.0008928314966058041,0.0005080522390203269,0.00035665386861733194,0.00029262372777495856,0.0003051903909309384,0.00031356816636825827,0.00045658876133393336,0.0012423044148482905,0.0022338739791082215,48.916097775820305,2.8968433440305508,45.38185629051679,54.16968107005735,2.839304733633778,46.45734485951644,66.21978495447277,2.3237850267395146,52.64969629142046,23.179648229177637,3.3885537414427427,35.95179049263289,70.94107790852426,1.1779238058015986,40.5771147253761,66.49260362111391,2.3161487898078432,52.674142195552065
122_Mimoides_xeniades_halex.png,Dataset_papilionidae,107011,0.007033129512126999,0.05747778784943189,0.010413882684957621,0.0030493230706292915,0.000720175184482592,0.00026331664761358904,0.00021680014204147237,0.0005050363462115525,0.001808329154116036,0.004564432109263949,0.000971862705703152,0.0005008830867854707,9.801692245553157e-05,7.392801778425687e-05,0.00010133952999639706,0.0010906459252890929,0.0077246731644410385,0.004894940707030118,0.007243414228443805,0.010913597667529506,0.009705777910682079,0.007875358607993571,0.006883638130659465,0.00456086290194466,0.0016516993580099242,0.0005811318462587958,0.00022836437375596902,0.00015594191251366683,7.067030492192392e-05,9.928885815476914e-06,0.0,0.0,0.0,5.840521067927596e-07,0.0006518021511807198,0.004360533029314743,0.00720837110203624,0.008435464578407827,0.010161338553980432,0.01133119492388633,0.007932011662352469,0.0018315874069020942,0.0006494659427535487,0.0005379119903561316,0.0006085822952780556,0.0010804963975666053,0.003112413677098616,0.004598242236779396,96.70931025782396,1.5181179219107226,61.340059777244306,110.57222154731757,1.3379075748421605,55.75247221089412,122.22613563091645,1.0441941339820553,52.36209400385141,29.10573679341376,2.6524572450631556,31.910434462855772,65.50401360607788,0.23124645772687435,37.04822882775735,123.36055171898217,1.1195503552463308,54.523662419210154
123_Mimoides_xynias_trapeza.png,Dataset_papilionidae,116169,0.03288618784319014,0.029729866736297024,0.0021814961153338863,0.0035610953773286234,0.0007544563906416036,0.00044685855186074694,0.001311499242961165,0.005643884723501488,0.0007207889655014104,0.00058152825242152,0.0007100766029568034,0.0011439272860133847,0.0004965945208178506,0.0003206057075850222,0.001322976774258958,0.007077045798219261,0.020483089292324112,0.0034190489717566648,0.004277173772693231,0.005733026883247682,0.008987445015451626,0.01031901798242216,0.005221380058363247,0.0017808107154232197,0.0005536115486919919,0.0003556241338050599,0.00040781103392471314,0.00034863001317046716,0.0002517883428453374,0.0001646308395527206,7.585930842135166e-05,0.0001210520879064122,0.010062387556060566,0.032191785243911884,0.009414086374161782,0.002945062796443113,0.0014198064888223192,0.0010195275848117829,0.0007037161376959429,0.00047882825882980827,0.0004158811731184739,0.0003889807091392712,0.00035185806884797146,0.0003179634842341761,0.0003281856605462731,0.0004847463609052329,0.0008764171164424244,0.001100766986028975,33.12866599523109,3.17064421291175,41.93745394899367,35.0290008522067,3.3702481022530737,43.99549763914071,36.81827337757922,2.9758065360342205,39.91569490522941,35.83106508621061,1.668016384704194,53.42684326214735,52.31306975182708,0.6177717104995635,45.8978507328273,40.624194062099185,2.9591619751099683,49.591856248620374
124_Mimoides_xynias_trapeza.png,Dataset_papilionidae,95353,0.013288633929830327,0.004047649843796792,0.0008166147542989382,0.0015866190774164305,0.0008343267181478879,0.00019856043683296102,0.0003943242477950353,0.0006292408209495244,0.0010841586292804398,0.007910722380115058,0.0020415368857473457,0.007456736780407772,0.0038733268311781834,0.0016882298173919834,0.001741365708938832,0.04129684202676138,0.0015422954705148239,0.0035604543118727254,0.007944820823676235,0.014126456430316823,0.01877038478076201,0.008779875829811332,0.0034850765051964803,0.0010821631201954841,0.000692820362232966,0.00035460342097259656,0.0002766037775423951,0.00028381382861577506,0.00025956183864167884,0.0003106876553438277,0.000380166329323671,0.0006502155149811752,0.012840445502501232,0.026059090956760667,0.013133435759755854,0.006234072341719715,0.0013607332753033466,0.0005276446467337158,0.0003513261250301511,0.0002969230123855568,0.0002562845426992334,0.00021957882814384444,0.0002110578586934863,0.000260872757018657,0.00022023428733233355,0.0001887722462848573,0.00016517571549925014,0.00017435214413809739,27.55616498694325,3.6375828670305754,24.0149217965333,25.798842196889453,4.219208723850678,25.687284643752854,32.018457730747855,4.021026037226776,30.420902830170803,120.60123960441727,-0.8896293180431584,64.34481297816997,70.13666061896322,2.2361894948832735,37.26554662148685,33.94617893511479,3.8000376817068093,31.570176324564375
125_Mimoides_xynias_trapeza.png,Dataset_papilionidae,94751,0.02132278873632527,0.012593475999666964,0.0012664773986554231,0.0008086692723266479,0.00026736745082725597,0.00017636870440534784,0.00044655054945183807,0.00045593186351595234,0.00020638890941051342,0.0003508611459978728,0.0005384874272801577,0.0025798613676314176,0.005003054790392127,0.0014447223658735939,0.002362214881343967,0.03906566802578454,0.0030184378001287585,0.004081091492438075,0.010105434243438065,0.012642346782619709,0.01242730947430634,0.008069835674557525,0.004265126489430191,0.0018753100231132126,0.0014511720192926724,0.000681391225422423,0.0005389125180736879,0.0005026332175913711,0.0003931356924992876,0.00046635391710905425,0.0005402317653639539,0.0014412776646156769,0.012135755823157538,0.028611835231290433,0.012325727432955853,0.005837009635782208,0.0010276936391172653,0.00043271311120726956,0.00028034004918153896,0.00021965467382929996,0.00022097392111956603,0.00022625091028063028,0.0002486781142151534,0.0002493377378602864,0.0002645090816983462,0.00021833542653903389,0.00011873225612394592,8.24529556416291e-05,24.20190815928064,3.3925122615847028,19.154648338608176,23.576015028865132,3.749510546054775,20.434997829237275,32.12674272567044,3.8599161767855623,30.220510895927223,100.92734641323047,-0.2980381500886634,77.19555544501007,73.44646494496101,1.77029587572823,48.30735988899622,32.54042701396291,3.864909295940813,30.284612590433554
126_Mimoides_xynias_trapeza.png,Dataset_papilionidae,74212,0.002063757283937309,7.545949442138737e-05,0.00021679632524239866,0.0019799134012468784,0.004581469304155662,0.004840187570743276,0.0033393820705845717,0.026537786641273948,0.014277415452427581,0.022445007396228223,0.0025596339615635687,0.001466070177329812,0.0006324224294363894,0.0009438425651437025,0.00242548374925888,0.000504261065895303,0.0032162925133401607,0.021042755888535547,0.01656740149840996,0.0077051218131838515,0.004578942758583517,0.0031674459656120305,0.0020742939147307712,0.0012464291489247023,0.0008143898560879642,0.0005415229342963402,0.00038150838139384464,0.00034361019781167465,0.00024423273864065113,0.00020465019134371798,0.00010190400474316823,0.0002694981943620978,0.0005036247507141702,0.007678171993747642,0.019179007438150163,0.015142429795720369,0.009820682638926319,0.005752944267773406,0.001462869886271762,0.0006274254837492589,0.00034782110709858245,0.00033603056109524066,0.00036213819867406886,0.0004429876569826982,0.00034529456152643777,0.00022317819220611223,0.00012548509674985178,0.0001499083706139169,55.378874036543955,2.3999784921089695,29.369572180180263,53.466029752600654,2.2712733364975275,28.928191436898008,49.750727645124776,2.4481682804806213,30.892546907149537,90.00456799439444,-0.23620271240057802,27.2278266564344,48.91862502021237,2.2563779088486116,37.853418344169654,58.11929337573438,2.443761250114766,32.57750397286343
127_Neographium_agesilaus_autosilaus.png,Dataset_papilionidae,60131,0.005046759020582838,0.0028811169686924288,0.003686765377074868,0.00918291360159947,0.007002489010105714,0.006034232666086452,0.005769625207186531,0.014071499448426492,0.025251534150438213,0.004137632834976967,0.0020459034811032947,0.0016689487212179334,0.0004124328549333954,0.0002586944430585814,0.0005824320603718918,0.0008559090430338206,0.025494337363423193,0.020298390181437195,0.005106559012822006,0.002666054115181853,0.0021619464169895727,0.0015206382731037236,0.0010591458648617185,0.0006090868270941778,0.0005851806888293892,0.00042095591292345047,0.0003149373867056926,0.00027855848065057954,0.00016838236516938018,0.0002006036819610517,6.963962016264489e-05,0.0015455838086843724,0.0036015116994561874,0.005662636576807304,0.003357253330229,0.0015965142771615308,0.0011287854850243635,0.0011215097038133409,0.001051870083650696,0.0013387437428281585,0.0015237564650513046,0.0015778051254760439,0.0018729939631803895,0.0022232708586253347,0.003130664715371439,0.004520338926676756,0.008088589912025412,0.02070375513462274,163.70657398014336,-0.6602551925608324,90.09091352329196,168.06670436214264,-0.7411475107841412,89.57813829594706,160.58083185045982,-0.70131063476893,86.09386232544358,72.1203538939981,-0.156745588861342,33.61919076224807,35.33580016962964,2.979612852885451,49.147586403152836,169.64866707688213,-0.7466510673419449,88.90774009631583
128_Neographium_agesilaus_autosilaus.png,Dataset_papilionidae,65756,0.002475143797608668,0.021227298227115735,0.01408439280572622,0.015665997526208,0.013592338003798556,0.014262830261370318,0.006807659292603632,0.00015545687423538872,3.1091374847077746e-05,5.407195625578739e-06,1.4869787970341531e-05,1.8925184689525588e-05,1.8925184689525588e-05,1.4869787970341531e-05,6.083095078776081e-05,0.0004528526336422194,0.003711638481659468,0.03029001155788065,0.006668592980108279,0.004646914350021291,0.00318792201472109,0.002900875965691344,0.003572867875174889,0.002687967637934181,0.0017156229089360666,0.0010407795486343451,0.0005997551554230792,0.0004448263276355009,0.0002851450818176288,0.00017964140154510616,0.00014352302451487318,0.00042391568830220817,0.00042391568830220817,0.0029541030476306343,0.00355670965387189,0.0027706597116612932,0.002331536285662145,0.0021490434332988623,0.0023077741955106756,0.002203220998844212,0.001666197761421011,0.0014913087779061987,0.0019846097694506963,0.003613738670235416,0.005097443579293144,0.009068564085406655,0.014758158951274409,0.006123015390230549,146.8334904799562,-0.5988702257969034,76.30588258133571,165.10365594014235,-0.7139270038576073,77.3284098608581,161.930348561348,-0.8411051307272168,68.84135685558171,40.05985765557516,1.5454076047950898,21.35051359875274,50.90191009185474,1.7354616901086442,46.21140384941919,169.1580844333597,-0.7728899239669274,73.89891126533767
129_Neographium_agesilaus_eimeri.png,Dataset_papilionidae,37775,0.0032167071108169716,0.002195455548202074,0.005409809544819472,0.03465431281711891,0.03443547319655857,0.0016471799397014485,0.0010989043312008237,0.0010965512170012502,0.0004541510405176851,0.00029884550334583425,0.0005459224943010516,0.0003317891021398632,0.0002541363335539378,0.00014824619457313036,0.00039532318552834767,0.002706081329509523,0.0006965585704831237,0.0041280608868299136,0.01915618795499669,0.01687954996690933,0.005524487094639312,0.0034943745863666447,0.0027399073461283918,0.0023031105228325612,0.0020218398411647916,0.0017455327597617472,0.0012607544672402383,0.000941429516876241,0.0006254136333553937,0.0003772336201191264,0.00020350761085373924,0.00040205162144275316,0.00019688947716743879,0.006250827266710788,0.0038881535407015223,0.0014626075446724023,0.001171409662475182,0.0011482461945731303,0.001515552614162806,0.0019209133024487095,0.002359364659166115,0.0034497021839841164,0.005193580410324288,0.00871277299801456,0.015334215751158174,0.009240569159497022,0.0006535407015221707,1.6545334215751159e-06,116.58874917273329,-0.571808255280891,60.270260556666386,148.8432825943084,-0.8839250846523913,69.51008139708564,137.206856386499,-0.9160400835941708,59.818975455938485,48.585810721376575,3.0240038824161233,29.059414065869692,69.25230972865651,1.705707361793138,44.508604373707335,151.66586366644606,-0.9217180810699667,66.12429075181664
130_Neographium_dioxippus_dioxippus.png,Dataset_papilionidae,67757,0.018904155864174755,0.03290582522838969,0.013854739075749451,0.01769066910675896,0.0008041809538333883,0.0006480675223388153,0.00016529657452366543,9.445518544209454e-05,0.00013381151270963393,0.00011544522665144889,0.0003082912302623919,0.0002925486993553762,0.00038569200722188605,0.00030697935268680725,0.0005431173162920436,0.001735614032498487,0.0006705949200820579,0.0009565432353852738,0.002596595185737267,0.004401759227828859,0.006242897412813436,0.004172078161665953,0.004702466165857402,0.003770828106321118,0.004313207491476895,0.004529052348834807,0.004548423041161799,0.004682173059610077,0.0033778797762592794,0.0028050607317325147,0.0020210088994495035,0.008709432235783757,0.008108940773647003,0.00970656168366368,0.008623647741192791,0.006358199152855055,0.00467387133432708,0.0025633882846052805,0.0012692415543781453,0.0011751553345041841,0.0013541036350487772,0.0014933881370190534,0.001702776096934634,0.0027248107206635478,0.005100948979441238,0.005426561093318772,0.0017950174889679296,0.00042338798943282615,55.59596794427144,0.8760170271128843,61.536958401150336,81.39517688209337,0.7079331120176744,81.29288445437972,88.15177767610727,0.5736848701398498,72.18145298298583,26.877223017548,3.4821465436529335,30.441609894099503,143.62204643062708,0.11092013620910955,69.42928027562658,91.36602860221085,0.6161183972035074,76.54850594547304
131_Neographium_leucaspis_lamidis.png,Dataset_papilionidae,81683,0.037307368458281136,0.013175052064417048,0.0209079272580858,0.007802521128427376,0.00014908582909268486,7.182237021983358e-05,0.00018499701420260166,5.441088653017696e-05,0.00010882177306035392,8.814563617888667e-05,0.00017302661916596273,0.0003025245291077839,0.00036890581067459976,0.0003025245291077839,0.0009064853695927482,0.006985269612744118,0.0003565613407930659,0.0013803361776624267,0.005927641002411763,0.00844269921525899,0.006523695260947811,0.0047768507522985195,0.0044860925774028865,0.004474615281025427,0.005271139649621096,0.00674711996376235,0.007001915943341944,0.004193038943231761,0.0016374276165175127,0.0006993499259331808,0.0002509702141204412,0.00033054613567082503,0.002547194642704112,0.0037683789772657715,0.006730286595742076,0.011566054136111554,0.007942289093201767,0.005510632567364078,0.0019105872703010418,0.0011217144326236793,0.0007942289093201768,0.0008301911046362156,0.0013298360736016062,0.003987977914621158,0.0037415986190516997,0.003871674644662904,0.005429526339630033,0.0014178286791621268,71.23541006084497,0.8504008386148003,65.63252451289921,91.77453080812408,0.7290555031686065,81.92150688362325,107.36529020726466,0.5569845652499195,72.93661205689607,32.92910397512334,2.369988425640244,47.27709736982979,110.61130222935004,0.1604414943267708,52.62926432007293,108.48842476402679,0.5654796933680339,74.21868896991045
132_Neographium_leucaspis_lamidis.png,Dataset_papilionidae,70930,0.031618027162930586,0.017576013910428123,0.005111769036765512,0.02207622538653132,0.0015263875182104421,0.0005940128765449504,0.00013910428121622257,0.00018045960806428875,7.017873646944563e-05,0.00012030640537619249,0.0003721979416325955,0.0003859830505819509,0.0006779767219637514,0.0007769788680545766,0.0015451853940504723,0.006118081990068456,0.0007181376004511491,0.0008397363597913435,0.0016204356407725927,0.002808226420414493,0.004363456929366982,0.006669427604680671,0.004602248695897364,0.0057239531932891585,0.004615465952347385,0.004859544621457775,0.004573170731707317,0.004346715071196955,0.0029650711969547443,0.0027641688989144225,0.0021253348371634007,0.008904906245594249,0.008891688989144227,0.010715670379247146,0.008317178908783307,0.00546225151557874,0.0028108698717044973,0.002208162977583533,0.0017437967009727902,0.001897998026223037,0.0017675877625828282,0.0014953122797123925,0.0015085295361624137,0.0027835542083744537,0.005207599041308332,0.00513710700690822,0.001872444663752996,0.0006802481319610884,53.752784435358805,1.0200506778823828,59.27399788007684,80.39120259410687,0.6974301209954986,82.35915104269817,85.8347948681799,0.5298046378894586,70.19225176741959,36.52444663752996,2.0869387724446553,47.925333466726634,146.7723248272945,0.13936937221849247,66.68097337515783,91.64384604539687,0.5812189989179336,77.86974295502068
133_Neographium_leucaspis_leucaspis.png,Dataset_papilionidae,77697,0.04465208866923219,0.016727086559898637,0.021382206949217258,0.0013007795238769407,0.00013042116598238455,5.491417515047771e-05,9.609980651333599e-05,3.6609450100318475e-05,1.2584498471984476e-05,0.00018419129581722732,7.093080956936704e-05,9.381171588206608e-05,0.0001750389332921477,0.0002013519755517516,0.0004255848574162023,0.0033451885029166005,0.001551700837870188,0.007295165836518784,0.012712041648969715,0.006323442346551347,0.00746570009138062,0.008144619483377736,0.008170360502979522,0.006296092513224449,0.00324336846982509,0.0009355251811524254,0.0002453440930795269,6.83745833172452e-05,2.5741019601786428e-05,5.6308480378907805e-06,4.826441175334955e-06,1.2066102938337388e-05,3.2176274502233035e-05,0.002857253175798293,0.0031798203276831795,0.002575710773903754,0.005211752062499196,0.008185644233368084,0.007858250640307863,0.006404687439669485,0.0038482824304670706,0.0019410337593472077,0.001103646215426593,0.0009258722988017556,0.0013232492889043335,0.004992953395884011,0.007218747184575981,0.00484092049886096,102.43054429385948,0.5965217708385189,67.53968758042741,116.31419488525941,0.5683546393419996,75.16835884493638,133.98752847600292,0.3184103571288678,69.15673754954028,22.13475423761535,3.685583531869373,35.01901232408618,72.19805140481614,0.28124512965776494,36.99405497915089,134.1153326383258,0.3228396629032543,69.1867260531144
134_Neographium_leucaspis_leucaspis.png,Dataset_papilionidae,89081,0.030711624501546034,0.018255545202930167,0.008537548223901093,0.020670326257376245,0.0010357614605434006,0.0003392667597155647,0.00037019990545433676,0.0004919368015875689,0.0005927189860913102,0.0002404802620336797,0.00038117618297454626,0.0006256478186519385,0.00026941772095059554,0.00031731420467514583,0.0007354105938540329,0.005314514006603229,0.0029102726731850786,0.004235611409840482,0.008897800877852741,0.017308685353779146,0.010524129724632637,0.006578984295192016,0.004432061831366958,0.002553153871195878,0.001853650048831962,0.0010496065378700285,0.0005633917445920006,0.00044481988302780615,0.0002645064604124336,0.00024205498366655068,0.0001319024258820624,0.0005093678786722197,0.002700491687340735,0.005660578574555742,0.007941508290207788,0.008358263827303241,0.008211627619806693,0.006632306552463488,0.0043401510984385,0.0029811351466642716,0.002044487601171967,0.0015512567214108508,0.0018992546109720366,0.004540811171854829,0.003331939470818693,0.002148325681121676,0.00015084585938640114,7.016086483088425e-06,69.89699262468989,0.7031873049633603,48.39024090901466,83.67913472008621,0.8372027939189693,61.298856980057025,88.85179780200043,0.5809640453684664,54.97518209342227,33.70445998585557,2.3534307382367166,43.961081563150984,69.77906624308214,1.5170433239015086,40.5044435621574,91.77544032958768,0.6786843059181691,58.94828422764142
135_Neographium_philolaus_xanticles.png,Dataset_papilionidae,77961,0.008190990081935554,0.03741243841293866,0.01604790999488348,0.010372137635769453,0.005492204791854617,0.0029097169667454807,0.0010672002668000668,0.0005450018456521708,0.0004948343117427659,0.0006054309205884994,0.0005860480097598657,0.0004914137980671248,0.0005974497220120031,0.0003511727373658339,0.0005415813319765296,0.0031833580607967802,0.0011872923641307834,0.0075261989969343645,0.010421877605469402,0.008142693141442517,0.0073642590526032245,0.0076320211387745154,0.007296917689614038,0.005343216480034889,0.0031570272315645004,0.0016586819050550916,0.0009700363002013827,0.0006092789984735958,0.00038560947140236785,0.000289407524274958,0.00014430292069111478,0.0003711791793332564,0.00031906979130590937,0.008724714921563346,0.011104911430074011,0.008632521388899578,0.005972537550826695,0.0039715370505765705,0.003104116160644425,0.002946184630776927,0.003145001988173574,0.003872930054770975,0.005780935339464604,0.00383525095881274,0.00068303382460461,0.00027818396377676016,0.00010742550762560768,2.164543810366722e-05,66.90705609214864,0.79822628753739,51.727379011888,80.86654865894485,0.647671412005784,57.072810052946096,85.15031874911814,0.5084758227353494,51.52032967487409,35.14123728530932,2.6115751953961475,37.136546315688825,77.66957837893305,0.9220225838160307,44.16512025765281,87.78840702402483,0.5534518834605926,54.55992873159834
136_Neographium_philolaus_xanticles.png,Dataset_papilionidae,68864,0.0035703221809169766,0.024371385790995456,0.045489983477901695,0.010348254853366379,0.002060099132589839,0.0009048430400660884,0.00030849855431639816,0.0002413775299463032,0.0001458591491119372,0.00015102230483271376,0.00016134861627426682,0.00018329202808756712,0.000182001239157373,0.00010455390334572491,0.0002452498967368856,0.0004207971912432879,0.00016881098977695167,0.0003403447374535316,0.000754203938197026,0.0015828299256505575,0.004240241635687732,0.006144356993494424,0.006541879646840149,0.006665311338289963,0.006577275499535316,0.004760288394516729,0.003974318947490707,0.0038899134526022305,0.0032010557039962827,0.0026510586082713755,0.001985798094795539,0.009022312093401487,0.007403178729089219,0.01261635252091078,0.009160265160315985,0.004709463580390334,0.00386994656133829,0.002283486291821561,0.0016826643819702603,0.0015964437151486988,0.0015909981993494425,0.0014730120236988848,0.0017734229786245353,0.003199240532063197,0.003462440462360595,0.003585872153810409,0.0036194528345724905,0.000473759874535316,46.61749244888476,0.8638130860121015,50.154222158828944,80.94998838289963,0.7504517884375784,74.1364153963836,88.1844940752788,0.6935860588424388,76.8403442341013,28.269821677509295,4.950638743659556,18.629278127041072,150.38546991171003,0.29515140953207947,61.97728074081794,88.99873664033457,0.7005360910959302,76.41112661664482
137_Neographium_thyastes_panamensis.png,Dataset_papilionidae,132510,0.010423028869938537,0.039706521101132826,0.015649301100965126,0.0192609362815385,0.00037833622619676504,0.00033339202911310674,0.00022069613194811293,7.982626049187063e-05,6.57392733462464e-05,9.257162981410208e-05,0.00012946611995740364,0.0001408698714562423,0.00022136694085980933,0.00029046025876453766,0.0005413427917389883,0.0013550340016267115,0.02078192211908535,0.0023583125801826276,0.0009711531205192062,0.0008716323296354992,0.0011168968379744926,0.0012966002565844086,0.0018243906120292807,0.0022672817145875782,0.0029101577239453624,0.0033992717530752395,0.003168157120217342,0.0028078069579654365,0.0023795373934042715,0.0023281261791562903,0.002657346615349785,0.011361406686287828,0.0001348954795864463,0.0048288808391819486,0.00707399441551581,0.005301486680250547,0.0031087276431967397,0.001958814429099691,0.0014074409478529923,0.0011117085502980906,0.0010744472115312052,0.0011904761904761906,0.001228680854275149,0.0012183042789223454,0.0018885367142102484,0.00996953060146404,0.019004226096143686,0.001999849067994868,93.8244736246321,0.41752984890385525,95.00632536691471,134.2709908686137,-0.27277069040596597,84.11466267639207,151.44499283072975,-0.4018484544246126,82.75748742437865,26.352463964983773,4.274019941018931,26.399753529531473,117.78430307146631,0.09703190666455802,97.24232754320822,151.8550524488718,-0.4025798929867198,82.96995695668888
138_Neographium_thyastes_panamensis.png,Dataset_papilionidae,70920,0.012047377326565143,0.05660086482421508,0.013596540703139688,0.0012095005326815816,0.0002832612646487435,9.274926364604875e-05,0.00011405652691608698,9.400263207369807e-05,0.00012909694804787866,0.0003145954753399762,0.0006053769505546155,0.0008259697938208936,0.0006078836874099142,0.0004399323181049069,0.000566522529297487,0.001361158112427148,0.0005807600112803158,0.0009279822335025381,0.001967886350817823,0.004258319232938523,0.006270269317540891,0.004809115905245347,0.00471570078962211,0.0058640016920473775,0.007563980541455161,0.007993161308516638,0.006149534686971235,0.00384412013536379,0.0024966511562323746,0.0017440425831923294,0.001071630005640158,0.0022428440496333898,0.002894106034968979,0.006279082064297801,0.0061565848843767625,0.005402213761985335,0.006292301184433164,0.004692787648054145,0.0030897490129723633,0.00306771714608009,0.003420227016356458,0.0029002749576988156,0.0028244853355893964,0.0031223561759729274,0.005409263959390863,0.005605788212069938,0.0010584108855047941,0.00028465172024816696,60.03454596728709,0.8193569196795832,51.49519870981454,88.82195431472081,0.42036000133920964,63.88659236356803,108.77562041737168,0.2675172784355483,68.78532066569208,24.151945854483927,3.7957021715073815,30.492532957293143,128.891567963903,0.1678179280612242,54.594740629684125,109.05881274675691,0.2728224317849724,68.64044372344978
139_Neographium_thyastes_thyastinus.png,Dataset_papilionidae,77258,0.005988592335637302,0.029138729969711872,0.04777872697829207,0.002171080449058134,0.0003428627312238071,0.00018408737246915815,0.00018063573423536146,0.00012425897641668175,9.664587054630805e-05,0.0001668291813001746,0.0002772816047816695,0.00040384167335421575,0.0004107449498218092,0.0002485179528333635,0.0004072933115880124,0.000968759797618945,0.00012539154521214632,0.0002596818452457998,0.0004756788940951099,0.0008348649977995806,0.0014796202335033266,0.002222261772243651,0.00313640658572575,0.0037148256491237154,0.00485629319940977,0.005080380025369541,0.0051620867741851975,0.006170881979859691,0.0071594527427580315,0.006115871495508555,0.005439566129074012,0.010266736130886122,0.002879960651324135,0.00519687281576018,0.009433489088508634,0.006809974371586114,0.00404003468896425,0.0025086398819539725,0.001791076652256077,0.001537866628698646,0.0013485658443138575,0.0010961647984674726,0.0010419632918273836,0.0010023233839861244,0.0015386756064096922,0.0046613295710476585,0.0067517279763907945,0.01086133474850501,30.27364156462761,1.3288538867031132,25.759913505285,117.57120298221544,0.2498752622152387,91.26591093843663,128.19251080794223,0.1724777690989549,89.40608192331567,27.619159180926246,4.512812038216154,24.42569939567078,178.55099795490435,-0.4914796026459979,55.56894552024374,128.58369359807398,0.17699846837520658,89.34135333157937
140_Neographium_thyastes_thyastinus.png,Dataset_papilionidae,60618,0.003899098544253449,0.02815738632822667,0.0160260428695547,0.03364310564152195,0.006347949453957571,0.00016863344587782873,3.3726689175565746e-05,3.079393359508177e-05,2.0529289063387846e-05,2.9327555804839777e-05,3.2260311385323755e-05,8.211715625355138e-05,3.3726689175565746e-05,2.492842243411381e-05,4.545771149750166e-05,0.00031380484711178566,0.0001278498135867234,0.0007237949124022568,0.0020466280642713387,0.00434276947441354,0.007428692797518888,0.015173916988353294,0.01577604836847141,0.006929666105777162,0.004119032300636775,0.002374500973308258,0.0013681992147546933,0.0007382295687749514,0.0004897472697878518,0.0003113761588966974,0.0001556880794483487,0.0003938599095978092,5.876967237454221e-05,0.0008320548351974661,0.002029100267247352,0.0027961991487676927,0.004432470553301,0.005308860404500314,0.005964606222574153,0.0050304777458840605,0.005158327559470785,0.002905490118446666,0.0025631825530370517,0.0036942409845260485,0.011263156158236828,0.009363967798343727,0.0009093833514797585,0.00018971262661255734,90.5741528918803,0.1109063229949566,43.98970017006645,136.8726450889175,-0.14131513453250974,63.28346887961373,133.97688805305356,-0.3957215426530813,48.33949827972125,30.61849615625722,3.8761386820758035,15.33175494817797,99.86472664885018,1.0413437876850224,34.733124387239315,144.26190240522618,-0.23534501964483365,57.555892161576345
141_Papilio_polyxenes_americus.png,Dataset_papilionidae,103773,0.01908010754242433,0.0016480416121941372,0.007029017395875827,0.007459872349583546,0.0035890303300901436,0.002128577654003343,0.0025046120967025247,0.020794105081925616,0.009489944397868424,0.010031296944077726,0.0024172419072826692,0.0016942964183575904,0.0002903773942483433,0.0001242027202537162,0.00029551681715539365,0.0003126482268455614,0.013719247781214767,0.004119568673932526,0.009418393994584334,0.011805214265753134,0.007570610852533896,0.004411672593063706,0.0031788133714935485,0.0021971032927640137,0.0016815549324005281,0.0010003806385090535,0.000705867614890193,0.0005583099650198029,0.0003426951133724572,0.00032041089686141866,0.0002342854114268644,0.0012358706021797577,0.010105591049695007,0.030850992069228027,0.00962136104767136,0.0030896765054493945,0.0014900311256299808,0.0009672554518034556,0.0006516627639173966,0.000555298584410203,0.0005306052634114846,0.0005275938828018849,0.0005209688454607653,0.0005456621664594837,0.0007203222418162721,0.0011961203781330405,0.0009263006755128983,0.00020055794859934664,37.34455976024592,2.5878777704675193,42.12143076756469,40.34199647307103,2.7093219324936335,48.500276504320524,35.957975581316916,2.8816649829938195,46.87761527948994,60.51785146425371,-0.16605079085716676,41.490716296571726,59.94278858662658,1.417698272022094,53.34423642827067,42.65270349705607,2.598142915353999,50.14042853271485
142_Papilio_polyxenes_americus.png,Dataset_papilionidae,94829,0.01978953929939388,0.037973381326153154,0.0039969020259859565,0.0020509431596757205,0.000808004115009356,0.0014613438692570604,0.0004518074053764612,0.0005577290585041378,0.0019890774153710597,0.005394505431413972,0.0032751350090982484,0.0028870680675508313,0.0015307084916592558,0.0009907892686367625,0.0017003706086159765,0.004031584337187054,0.003155021143321136,0.0012621402735450125,0.0020411741134041274,0.0027002551961952566,0.0033573590357380127,0.003124703413512744,0.0031378850351685664,0.0034318351980934104,0.00430709487604003,0.00483238249902456,0.004816564553037573,0.0048495186071771295,0.004119256767444558,0.0026508241149859222,0.001650998112391779,0.013062987060920182,0.016521185502325238,0.015871331554693186,0.00664156007128621,0.003277610224720286,0.0019818568159529256,0.0013069577871748094,0.0010367345432304464,0.0008456010292210189,0.0007651931371205011,0.0007810110831074882,0.0008627371373735882,0.0009615992997922577,0.0011033017325923504,0.0018474042750635355,0.0034021765493678093,0.0052937392569783505,30.955519935884592,1.6136812243011152,35.99987995668857,55.59277225321368,1.1563831904761865,67.40044833371014,72.68570795853589,1.11197832878282,86.2395350695979,44.99200666462791,1.2649828304218091,52.33492014669282,154.0201098819981,-0.28524221831038565,76.4300080940882,74.31362768773266,1.1188421221394576,85.23061195693703
143_Papilio_polyxenes_americus.png,Dataset_papilionidae,115178,0.0047894949073993675,0.05679942735977743,0.01931233009390296,0.003488320493304084,0.00042523552916162613,0.00014894819805479827,0.00011807810519370018,8.489275536801975e-05,6.94577089374707e-05,0.00017210076770062183,0.00018599230948811597,0.00033030999361374953,0.0004908344764914596,0.0004483880988074497,0.0006390109222247304,0.0013860671694633042,0.0002241096389935578,0.0006772126621403393,0.001286052892045356,0.002034351178176388,0.00339745871607425,0.00585506780808835,0.0068442975220962335,0.006074836340273316,0.007467246349129174,0.005812742016704579,0.005721578773724149,0.0058952230460678256,0.0038587013144871416,0.0023067556304155307,0.0012193083748632551,0.003825057736720554,0.00127845595513032,0.02241747555956867,0.014764104256021116,0.004112656062789769,0.0017923344735973883,0.0011096954279463092,0.0008416320825157583,0.0007439571793224401,0.0006614761499591936,0.0006555071280973798,0.0006517086596398618,0.0007206237302262585,0.0009431054541665943,0.0016143490944451196,0.004338936255187623,0.005853982531386202,30.294474639254023,1.3465584914194753,27.26779092669759,67.12210665231207,1.137732313505878,67.62927862550833,82.24584556078418,1.140583077012626,83.44135742019243,26.39287016617757,4.287998766265412,27.91206374641003,141.14791887339595,0.18295445129516238,54.58465977856979,82.51840629286843,1.1408128235112729,83.28866560786328
144_Papilio_polyxenes_stabilis.png,Dataset_papilionidae,92233,0.01825039724273187,0.03774016771533929,0.008142662845426498,0.0058528099728104065,0.004042901010363849,0.0014321217881765626,0.00038646085939354074,0.000302615236532598,0.0005358409920768296,0.0011217966093119238,0.0006977497810496846,0.0007748492043700917,0.0008586948272310344,0.0009261568226363907,0.0016836586567593908,0.006140005324678923,0.0016662962280311819,0.0073753428816150405,0.013957856732405972,0.012263099975063155,0.008470395628462697,0.006121724328602561,0.003632105645484805,0.0022131449698047337,0.001629704118916223,0.0012068619691433652,0.0009215790443767415,0.0007508158685069335,0.0006301974347576247,0.0005515921633254909,0.00039099346220983813,0.0007182895492936367,0.00038353951405679096,0.005180493966367786,0.010560211637917014,0.014848264720869971,0.011197863020827686,0.006659763858922511,0.0022585462903732937,0.0013329014560948902,0.0011336777509134476,0.0008531382476987629,0.000771144818015244,0.0009480066787375452,0.0013789804083137271,0.001752355447616363,0.0017449014994633156,0.001496210683811651,58.84693114178223,1.6160522798293442,39.74785830734821,72.36091203799074,1.6315664380792478,49.992832415911565,80.45097741589235,1.6112989727630833,57.38064258575076,39.36871835460193,1.905670103272372,49.537728240290996,70.47149068120954,1.6646873826115371,47.058002269074876,82.49098478852471,1.5740746161138641,57.42732898243963
145_Papilio_sp.png,Dataset_papilionidae,37196,0.004573968527081765,0.017098612754059578,0.012799464697518251,0.006057999068000143,0.012565269861753355,0.004425804447312136,0.0016919382012402766,0.015614582213141198,0.010777741931629448,0.001309579285705751,0.0004636101850856125,0.0004755589011960665,0.00016250253910217346,0.00015055382299171953,0.0003178358485380746,0.0004038666045333429,0.016056834068179374,0.02454565006989999,0.010328731584041295,0.006549763415421013,0.003321929777395419,0.001030016668458974,0.0003108533175610281,0.00013610334444563932,7.897354554253146e-05,4.536778148187977e-05,2.520432304548876e-05,2.6884611248521347e-05,1.5122593827293257e-05,3.3605764060651684e-06,5.040864609097753e-06,2.016345843639101e-05,7.39326809334337e-05,0.0004805624260673191,0.001458490160232283,0.002226381869018174,0.004120066673835896,0.006213705774814496,0.007297491665770513,0.007112659963436929,0.004745133885364018,0.0034277879341864715,0.0023692063662759436,0.002001223249811808,0.0025120308635337135,0.0037789681686202815,0.005429011183998279,0.009253347134100441,141.6924938165394,0.14533186805839657,62.347523598774224,148.56035595225293,0.1841951619245081,64.5720985145515,142.2998171846435,0.3813746713619657,68.57346851297763,52.83689106355522,0.4966735615980948,33.03482140341405,29.677922357242714,1.8688879681130401,22.1211783018271,151.19063877836325,0.1816508741950154,66.06801584765174
146_Parides_aeneas_bolivar.png,Dataset_papilionidae,151431,0.012225296596396304,0.048378762898247024,0.0051338380002920285,0.008558353309428056,0.006410547084517408,0.0022675527321207533,0.0018948123787951828,0.0012473594501052551,0.0001995775120168408,0.00021601330712411006,0.00016846689984950978,0.00016024900229587514,0.00020368646079365813,0.0001931205925104136,0.0003251939460509701,0.0013060587183455024,0.0007821218904979826,0.0019237309401641672,0.004763720770515944,0.006494707160356862,0.008983051686906909,0.008668552013788458,0.006766695722804445,0.006786919455065344,0.006456323341984138,0.003585791548626107,0.0016661879007600822,0.0011019870436040178,0.001292667947778196,0.00193570008782878,0.0007313561952308312,0.0005604862940877364,0.0003165633192675212,0.019065614042038947,0.012996430717620567,0.00798135784614775,0.006242529600940363,0.004458713869683222,0.0020434224168102964,0.0014783961011946036,0.0012278694586973606,0.0010730959975170208,0.0016286295408469865,0.000748278093653215,0.0004507003189571488,0.0013624191876168024,0.0010417285760511389,0.00038425091295705635,37.40391993713308,2.252511191862686,34.71054381243677,51.36149797597586,2.4403613583595116,47.97940843444865,61.7645396253079,1.5266713152913867,47.33255217054241,27.026223164345478,3.097389405478748,28.74563768013815,102.34926137977033,0.6817376224725537,50.09912455196238,65.32254294034907,1.6798843301601027,52.93536014281183
147_Parides_aeneas_bolivar.png,Dataset_papilionidae,94767,0.012495676530625404,0.0494049147441151,0.010311137374355583,0.005827626353758868,0.0011039942408456764,0.0008404238231076688,0.00047649029256550864,0.0006153102990609717,0.0005440243497795177,0.0007297430071180427,0.0007156734118651241,0.0006922240864435931,0.00035642974640727026,0.00023636920024903182,0.0005871711085551347,0.003951680320036393,0.005466697268036342,0.00966449291420009,0.010050967108803698,0.007015891607838171,0.0054647187312039,0.005210806504373886,0.0057806251121170875,0.004073147825719924,0.0026314539871474247,0.0015900841010056243,0.001026860616037228,0.0007637152173224856,0.0005447571411989405,0.00048078445028332646,0.0003818576086612428,0.0023531398060506296,0.003195996496670782,0.006180289552270305,0.015381145335401563,0.010359618854664599,0.0065641256977639895,0.005945503181487227,0.004776187913514198,0.003467715554992772,0.002216620764612154,0.0013256196777359207,0.0008342830310129054,0.00056784007091076,0.00043264005402724576,0.00035415809300705944,0.0005229932360420822,0.00037526248588643727,55.13271497462197,1.4854868478976972,45.22939280362795,61.775132693870226,1.3684842047326973,45.54375646645218,69.3674907932086,1.3382565800373762,45.743241692948274,30.823356231599607,2.7369643548858,39.99433953102031,76.61978325788513,1.2668731810935066,59.21205868023956,69.8827756497515,1.3400687222829635,45.87335124233174
148_Parides_aeneas_bolivar.png,Dataset_papilionidae,98986,0.022057440221625056,0.03413277298473184,0.011118070568902,0.010446370642762052,0.0037033295393063444,0.003964645954422286,0.0001320051993884657,6.824758607839043e-05,7.27375588467056e-05,0.00016343500876667182,0.0009366083194705424,0.00029723619726246356,0.0004516912604925051,0.00020653874734249736,0.00047324312978041784,0.0006645159697106437,0.01186089446992504,0.0003390630998322995,0.0019655557351544663,0.0022054886549613077,0.0014976865415311255,0.001984497807770796,0.002995373083062251,0.0035535328228234295,0.005038591315943669,0.003940582506617097,0.0032289919786636493,0.003461979471844503,0.0024934081587295173,0.002720081627704928,0.001940931040753238,0.013273341684682683,0.028683980562907885,0.015475673327541269,0.008857944557816256,0.004813180651809347,0.0014408603236821368,0.00032075242963651424,0.00015216798335118098,0.00010670700907198998,0.00011428383811852181,0.00014522255672519345,0.0004104115733538076,0.0013221566686198048,0.00043061645081122585,0.00020268017699472652,2.2099084719051178e-05,1.2628048410886387e-06,15.114400016163902,3.7320590376938014,30.69870597113096,24.46362111813792,3.2497260484894244,37.49604758293451,26.26984624088255,3.053195970050617,37.35231036467394,25.134705918008606,2.9157409103798257,28.141966472172314,137.4259592265573,-0.21290011490504832,90.72115644529215,28.051320388741843,2.979487399731395,38.00532910040588
149_Parides_aeneas_bolivar.png,Dataset_papilionidae,96585,0.012785054039907278,0.03588686994184742,0.0055927709041546595,0.01830051825392717,0.009744324227939697,0.0007169275192260128,0.00039021472163264367,0.0005733579518328704,0.0018203884891258707,0.001030755868463587,0.00027241405095109085,0.0002935813589641824,0.00027793595738928866,0.0002880594525259846,0.00021075276239121557,0.0007049633886099175,0.002425971941812911,0.0022564321582026195,0.0027883470518196406,0.0038521768390536834,0.005966894445307242,0.006738882849303722,0.007381451571154941,0.0073568618315473415,0.0065441062276751045,0.005607107728943418,0.004741290055391624,0.003136485996790392,0.0014740901796345188,0.00113954030128902,0.00043290883677589686,0.0006574519852979241,0.001013356111197391,0.02194181291090749,0.011076383496402133,0.0076092302117306,0.005018895273593208,0.0038767665786612828,0.0024693275353315732,0.001628099601387379,0.0010508878190195164,0.0007771651912822903,0.0006399803282083139,0.0007952839467826267,0.0010929492157167261,0.0011518351710928197,0.0008185794895687736,0.0015394471191178755,45.40586012320754,2.2015936849022433,56.90156397175518,56.52628254905006,2.0525326951776215,55.708366517370095,62.677765698607445,1.6442568427468174,56.6606178557724,30.244551431381684,2.656405021966823,27.538258918314305,111.41439146865456,0.09705186504596419,52.40787235327908,65.35459957550344,1.7613936776617318,57.93502226259485
150_Parides_aeneas_bolivar.png,Dataset_papilionidae,79097,0.024638102582904536,0.0033500357507589133,0.0007990189261286775,0.0009619693400367762,0.0007506956999352413,0.00029780592886652536,0.000411309320623201,0.00030679629653042047,0.00013597931091641349,0.00014496967858030856,0.00029892972482451223,0.0009394934208770385,0.00211273640101535,0.0034972530212551956,0.005129004752252157,0.04511478873338362,0.0008312578226734263,0.004633551209274688,0.009282905799208567,0.010860873358028749,0.013491346068751027,0.008457179159765857,0.006942425123582437,0.0027885065173141837,0.0015218655574800561,0.0006258138741039483,0.00041562891133671315,0.0003595269099965865,0.00028130017573359294,0.000399035361644563,0.00047015057461092076,0.0011386335764946838,0.007344621161358838,0.017554395236228933,0.008800112520070293,0.007821883257266394,0.0076116982944991595,0.0051858793633134,0.0029101925483899518,0.0014238845973930743,0.0007166833128942943,0.0003769106287216961,0.0003255496415793267,0.0005546986611375906,0.000565761027599024,0.0005262525759510474,0.0007427588909819588,3.8718282615017005e-05,43.48617520259934,1.954014093922333,38.621153867834686,42.43406197453759,2.063611966547678,40.34099070968597,54.74700683970315,1.8138367720418154,44.916720648282386,111.85682137122774,-0.6097764778174134,76.09604428667507,76.7495733087222,1.8233293932918564,43.79207866801085,55.139309961186896,1.807645242585517,44.92354571689229
151_Parides_anchises_drucei.png,Dataset_papilionidae,101096,0.03416862300299825,0.017865527155706787,0.0034369971776001687,0.0047892871901734765,0.003040454397580298,0.0015246234602094377,0.0013399804805992984,0.0013628410399796013,0.0006207521124036119,0.0007746212620787283,0.0006216313646874698,0.0019739213772607773,0.0006822997722736585,0.0006313031398099057,0.001332067210044578,0.014723958745482841,0.004122937603861676,0.008096264936298172,0.009121280762839282,0.007680818232175358,0.007863812613753265,0.006968005657988447,0.0054125534145762445,0.0035813731502730077,0.002767171797103743,0.0023387423834770912,0.001737828400728021,0.001172771425180027,0.0006380074384743214,0.0004259565165783018,0.00021946961304106986,0.00035300605365197436,0.0007876177098995015,0.017085245707050722,0.011641781079370103,0.008803513492126295,0.005447792197515233,0.0034490731581862783,0.0021526568805887475,0.001506612526707288,0.001267977961541505,0.0016012008388066787,0.0014107877660837224,0.0007876177098995015,0.001043562554403735,0.0016259298092901797,0.0025328648017725725,0.0013557658067579331,55.376414497111654,1.233376762460201,48.299738935371515,59.39710769961225,1.242100057743157,51.00063671506431,74.31106077391786,1.4551268083619893,63.71402982282144,51.93042256864762,1.1138168123002903,64.2192446634365,76.03631202025797,0.8882373063064531,49.638366750863774,75.72043404288992,1.3962689825435008,64.44077968097659
152_Parides_anchises_drucei.png,Dataset_papilionidae,89100,0.0036213991769547325,0.0035096645467015838,0.0028771667290185808,0.0227499688240429,0.018651702207257762,0.004878413767302656,0.002943010350417758,0.009467514652699838,0.004873425614166355,0.0049342810824292305,0.0012220975183938148,0.0009806709065968327,0.00034118967452300786,0.00022047636862451678,0.0006504551689736875,0.006967452300785633,0.0044591750841750846,0.015021745230078563,0.018150252525252524,0.012040544332210999,0.004246632996632997,0.0017992424242424243,0.0014015151515151514,0.0016182659932659934,0.0016393097643097644,0.0008200056116722783,0.0003661616161616162,0.0002714646464646465,0.0001585297418630752,0.00013327721661054995,7.856341189674523e-05,0.00029531425364758696,0.0004159652076318743,0.016059203142536477,0.014708894500561167,0.011363636363636364,0.007091750841750842,0.002843013468013468,0.0013650392817059485,0.0009140011223344556,0.00070496632996633,0.0005758978675645342,0.0005064534231200898,0.0005555555555555556,0.0006572671156004489,0.0008368406285072952,0.0010998877665544331,0.0028016273849607184,56.46282828282828,1.8343356638956902,45.13381325151454,59.78086419753087,2.1428425111551292,45.10970047720527,63.0424354657688,2.0767095554298156,58.25031346297973,66.73648709315376,1.1478612460599467,42.917966798058345,50.68283950617284,2.1449835001194337,37.784828866866285,68.24446689113356,2.0069641378975502,59.46018039830204
153_Parides_anchises_drucei.png,Dataset_papilionidae,117743,0.03716720125848482,0.04104759235510108,0.006213155393998416,0.0008402481109988138,0.00017212629767091603,6.190507196936453e-05,5.3600733046644905e-05,5.737543255697201e-05,5.435567294871033e-05,8.455326903132718e-05,4.8316153732186957e-05,5.435567294871033e-05,8.832796854165428e-05,8.530820893339259e-05,0.00014041882178416837,0.0027200484671417125,0.00010297852101611136,0.0002691242791503529,0.0011630203069396907,0.0040825144594583114,0.00857588136874379,0.010749577469573562,0.010450727431779385,0.009519143388566624,0.007761607908750414,0.004447185819963819,0.0022050143108295187,0.001166736026770169,0.0007909175067732264,0.00043527003728459444,0.00032273680813296756,0.00045756435626746387,0.0014953118232081738,0.024591164655223666,0.014594285859881267,0.00451088387420059,0.0012463585945661313,0.0004549102706742651,0.00030893556304833407,0.0002829255242349864,0.00044854046525058815,0.0006890006199943945,0.0014602778933779502,0.004137188622678206,0.005559247683514094,0.0021391929881181895,0.0005409026438939046,4.0872918135260695e-05,42.52724153452859,1.439714871728559,44.359007149314195,50.47942552848152,1.359755526003096,48.38659679548394,71.53801075223156,1.1559720758072387,69.59522313807722,18.095054483069056,4.608193361304254,30.628503284935874,108.85830155508184,0.7666257358283158,38.277685613098,71.58902015406436,1.1571139110441762,69.55554272964527
154_Parides_anchises_drucei.png,Dataset_papilionidae,86951,0.038085307305902816,0.029791491759726743,0.0037466823587742264,0.0005827036683496068,8.996126809607965e-05,4.089148549821802e-05,7.258238675933699e-05,8.28052581338915e-05,3.169090126111897e-05,3.475776267348532e-05,0.00011040701084518867,0.00010836243657027778,0.0003353101810853878,0.00048558639029133905,0.0010631786229536686,0.014227170091967506,0.00021132591919586894,0.0006390093270922703,0.0025186599349058666,0.00864998677416016,0.016455388667180364,0.01844573380409656,0.00921855412818714,0.0026631378592540627,0.0013498982185368772,0.0007130452783751768,0.0005347839587813826,0.00042408942967878463,0.0003248956308725604,0.00022498303642281284,8.12239077181401e-05,4.5284125541971914e-05,0.0007935503904497936,0.016637243964991777,0.01438956998769422,0.009963945210520868,0.007959224160734206,0.005660515692746489,0.0027105783717266047,0.0006390093270922703,0.00037089855205805567,0.00042768340789640143,0.0011788248553783165,0.000794269186093317,0.00039749399086842015,0.0004183390645305977,0.00015382226771399983,5.031569504663546e-06,39.201573299904545,1.6213305090932086,25.146997770607452,44.43829283159481,1.1124544856676373,28.52324679350593,57.89895458361606,1.902145401842677,38.889817047742966,40.81918551828041,1.5859159825788929,62.382929168922836,84.03257006819933,1.4580509274351763,28.39037201407698,57.95795333003646,1.9068105262371697,38.84970390759315
155_Parides_anchises_nephalion.png,Dataset_papilionidae,95752,0.017154500979381922,0.02519100268285664,0.008162753780599883,0.021891738843865173,0.0035666211787859377,0.0012170328905227394,0.00047344528921937227,0.001074070979660419,0.00035647645305929206,0.0006748916181617326,0.0008271367699891387,0.001859433165306672,0.0005412129482644981,0.0004205308157183836,0.0007482292217859099,0.00472981127171118,0.008636895312891637,0.008569011613334447,0.009974987467624697,0.007390837789288997,0.005925463697886206,0.005925463697886206,0.004576275169187067,0.0034268213718773497,0.00212919834572646,0.0013615903584259337,0.0008955426518506141,0.0007095152059487008,0.0003661803408806082,0.000353778511153814,0.00022388566296265353,0.0020345528030746092,0.00790192371960899,0.023297816233603476,0.0095840034672905,0.005788390843011112,0.0037805998830311638,0.0023902894978694964,0.001619417871167182,0.0011181228590525524,0.0008074243880023394,0.0005802750856378979,0.00043275858467708246,0.0003263639401787952,0.0002937275461609157,0.00029242209040020054,0.0008961953797309716,0.003390268610577325,44.35713092154733,2.076863794782201,50.70805096603813,50.43053930988387,2.2236941112843844,56.80163377617149,55.83530370122817,2.025757654155581,62.0735514611107,37.53238574651182,2.0292217865853863,44.48294795846527,69.3678252151391,1.345136786485599,57.55783281996843,57.12498955635392,2.040078687879989,62.83610172617603
156_Parides_anchises_serapis.png,Dataset_papilionidae,111044,0.017372092744017385,0.007438092607935193,0.007350839907304011,0.0413193568915625,0.002803293189086208,0.001017414518369095,0.0009589792234509644,0.002933771998286965,0.0016970250031018736,0.0014848968777141393,0.0007660627018719307,0.0008477120180589076,0.00025375326697325184,0.0003145900123674699,0.00049149686410592,0.0018395110646830686,0.03543358938799035,0.003776093260329239,0.004749806383055366,0.005153925470984475,0.004311354057850942,0.0024866269226612872,0.001408225568243219,0.0007525170202802492,0.000665839667158964,0.0004474577644897518,0.0003771027700731242,0.0004998018803357227,0.00046997136270307267,0.0007547683801015813,0.0003613432513237996,0.000851576852418861,0.008931707251179713,0.009176542631749577,0.005551853319404921,0.004025431360541767,0.002881177731349735,0.0013457503332012536,0.0005088073196210511,0.0004029934080184431,0.0003348897734231476,0.00034220669284247687,0.00048291668167573215,0.0009545765642448038,0.011223591549295775,0.013087154641403408,0.0032307013436115414,1.969939843665574e-05,106.81863945823277,0.14667534400045515,88.52166339656245,111.40783833435395,0.11539594036530168,89.32822997289468,115.33330931882857,0.022355996386327077,88.94087885712779,37.78341918518785,1.9845685461321139,35.136012107923264,37.61414394294154,2.15937805941431,53.86666597370209,116.81583876661503,0.016268646478335543,88.80470696881335
157_Parides_anchises_serapis.png,Dataset_papilionidae,102283,0.013535430564653407,0.011776476377631994,0.012212738730341852,0.0352242742630197,0.004434754553542622,0.0017328827316801857,0.0014148109765172228,0.002330788107505646,0.0006969769061221209,0.0005327267374723941,0.0005318576889610199,0.0005327267374723941,0.0002615836019236389,0.0002737502810828779,0.0006761197418491396,0.0027209908891126693,0.00529596804943148,0.006854144872559468,0.010039547138820723,0.009562317296129367,0.008221063128770177,0.006137383533920593,0.004335397866703167,0.002766833198087659,0.0021612829111387036,0.00130886853142751,0.00129970278540911,0.0019993547314803048,0.0008695237722788733,0.0005120596775612761,0.00030796906621823766,0.0008285834400633536,0.004370227701573086,0.012572959338306463,0.009997384707136084,0.007078400125142986,0.007361316152244264,0.007239717255066824,0.004773520526382683,0.002466807778418701,0.0010216751561843121,0.0005639989049988757,0.000391071830118397,0.00044056685861775663,0.0006079944858871953,0.0006813204540343947,0.0007607569195271942,0.002172281806360783,48.877809606679506,1.8419903208857669,38.59638167948917,61.03627191224348,1.3610212733575495,43.24338441724499,67.98807230918139,1.6941675004747823,55.12815464684496,38.38938044445314,2.356220887193633,35.438226912250954,74.21843317071263,1.1396630317879601,53.52801524731226,70.78744268353489,1.6242868958292365,56.36539739275494
158_Parides_chabrias_chabrias.png,Dataset_papilionidae,99104,0.013523840275535465,0.04794245327018979,0.00782387974025042,0.015987694184336095,0.0026423420514476376,3.318623757758404e-05,3.767086427725756e-05,1.0763104079216445e-05,1.7938506798694075e-05,2.152620815843289e-05,5.830014709575575e-05,3.228931223764934e-05,4.125856563699637e-05,6.188784845549457e-05,5.291859505614753e-05,0.0006009399777562516,0.0008438105424604456,0.0013313034791733935,0.003790840934775589,0.006400473240232483,0.0077532188408136905,0.008711177147239263,0.008127194664191153,0.006969320108169196,0.006490025629641589,0.004949976792056829,0.0033519080965450435,0.0016485207458831128,0.0007662405150145302,0.0004490232483048111,0.00026802651759767515,0.0006489394979011947,0.0002106373103002906,0.001227876775912173,0.0030403666855020987,0.004354011947045528,0.004900155392315144,0.004694563287051986,0.005100702292541169,0.005465218356474007,0.0058253198659993545,0.00610532874556022,0.006773187762350662,0.005415396956732321,0.0034383072328059414,0.00213979758637391,0.0015368955844365516,0.0022722342185986437,83.14691637068131,0.8829294760451352,51.060917697677,117.79867613819826,0.175646610782843,60.08952354099651,125.64166935744268,0.2760776151436471,54.95266358355309,22.585485954149178,4.936100615503109,18.271363618436347,103.99826444946723,0.48114297771937986,45.890802896634014,132.04655715208267,0.07419957297971938,57.07795010024724
159_Parides_chabrias_chabrias.png,Dataset_papilionidae,145352,0.02537839176619517,0.06304205576042221,0.0004672182777747201,0.0,0.0,0.0,0.0,0.0,0.0,0.0,0.0,0.0,0.0,0.0,0.0,1.223084496792461e-06,0.0,0.0,8.599812868071991e-07,3.4399251472287965e-06,3.697919533270956e-05,0.0002631542737630029,0.0008483715394353019,0.002104374208817216,0.003998053002366668,0.004305496312400242,0.006360851587869448,0.01103656984424019,0.01588299438604216,0.013071715559469427,0.0038178869227805602,0.0007692532610490396,0.0,0.0001019077824866531,0.002189082365567725,0.010707627002036436,0.015121050965930981,0.012009638670262534,0.009404325361880125,0.005589878364246794,0.0028031090043480656,0.0011953739886620067,0.000630366283229677,0.0010470272166877648,0.0016636337993285266,3.396926082888436e-05,2.1499532170179975e-06,8.599812868071991e-07,26.92033133359018,1.7440915170680407,22.437121341433908,56.02524905058066,1.7647304682621021,32.15893889445388,90.40376465408113,1.2572955956193752,34.15375309357504,13.57135092740382,2.6788416635583094,3.353552226314462,187.3637032858165,-0.7963752183634218,30.822524897731824,90.40376465408113,1.2572955956193752,34.15375309357504
160_Parides_chabrias_chabrias.png,Dataset_papilionidae,144815,0.03607238353915149,0.05248259273325737,0.00030813259829591007,6.751909524412373e-06,0.0,0.0,0.0,0.0,0.0,0.0,0.0,0.0,0.0,3.0690497838238056e-06,2.455239827059045e-06,1.3503819048824746e-05,0.0,0.0,1.7263405034008907e-06,1.6400234782308462e-05,6.689569450678452e-05,0.00016141283706798328,0.0005606290784794393,0.0019701860995062666,0.005409487967406691,0.006478092739011843,0.008792683768946588,0.012777077650795844,0.015209059834961848,0.008086610503055622,0.002043987156026655,0.0009257500949487277,1.424230915305735e-05,0.0013888409349860167,0.006057297241307875,0.011760694679418569,0.009621758795704864,0.009315764941477057,0.00844827883851811,0.006241584090045921,0.003983962296723406,0.0021501570969858093,0.0011039947519248697,0.0022243897386320477,0.00018299209336049442,4.74743638435245e-06,8.631702517004453e-07,4.315851258502227e-07,28.585194903842833,1.320172937096634,22.12540939031354,55.61480509615716,1.19550611378721,33.77921975579848,88.71391775713842,0.6625662671141013,37.7487666146291,13.036377447087663,12.386335494227001,4.120107792303899,181.2180713323896,-0.43138338622241296,29.668252307043833,88.7140558643787,0.6626058012800385,37.7485137540774
161_Parides_childrenae_childrenae.png,Dataset_papilionidae,107211,0.04519270928874421,0.008407097530415101,0.002316511883627198,0.0028844469732065225,0.003987982161863573,0.011808904351647168,0.0028910797917709526,0.0008382224460798487,0.0005563276570915713,0.0013962083078125275,0.0009750243289712188,0.0008166657857454511,0.0006831803121362961,0.0003614886117614382,0.0011483067139669541,0.0046247327440488584,0.02812328026042104,0.0008534572012200241,0.001569335236123159,0.0021120733879919037,0.0037653552340711307,0.005193613528462564,0.006152586954696813,0.0027399240749549953,0.0023248547257277703,0.001955839419462555,0.0012026517801345012,0.0010242652339778567,0.0005922899702455904,0.0005439040770070235,0.0005147559485500555,0.003831812966953018,0.035997355681786386,0.008295557358853102,0.0032552629860741903,0.001295925791196799,0.0009257445597933047,0.0007403624628069881,0.0007129632220574381,0.0009438163994366249,0.0013816212888602848,0.002029875665743254,0.0029229743216647544,0.0026221656359888446,0.00031946348788836965,0.0006284336495322308,0.0003725130816800515,5.5964406637378624e-05,27.59204745781683,1.770322056395305,37.66682020276307,36.993452164423424,1.7555642326403231,55.2848761074724,34.635960862224955,2.00666515799437,46.40752225650858,35.32344628816073,1.5588667378623622,49.70305466405831,67.3248920353322,0.9586710699714172,76.63806960619762,44.357043586945366,1.5676205114154178,60.870444480578314
162_Parides_childrenae_childrenae.png,Dataset_papilionidae,92848,0.023618051965458478,0.004667126199092423,0.002476688302985046,0.0029094146705726923,0.004359813889367569,0.002389568613935321,0.00040592030941850003,0.00033794780477530776,0.0004758075325023455,0.0006883412794148621,0.0013134968502881651,0.0050184770329523044,0.007783330461255672,0.005365041070710552,0.006383671281138109,0.02069619162502154,0.002906632345338618,0.005757393804928485,0.013358526839565742,0.015109372307427192,0.012183891952438394,0.007424096372565915,0.002063857056694813,0.0007108392210925384,0.0006112140272272963,0.0004422550835774599,0.00035003446493193176,0.0003399373169050491,0.00028406643115629846,0.0002780081423401689,0.00019251895571256248,0.0004873556780975358,0.001365807556436326,0.005503618817852835,0.016399114682061004,0.01558461140789247,0.008637100422195416,0.00390625,0.0026259316301912804,0.002080012493537825,0.0018679723849732897,0.0021762719713941067,0.0005203396949853524,0.00026723785111149403,0.00027127671032224713,0.0002551212734792349,0.0003406104601068413,0.0006987226434602791,55.512558159572635,2.302192616489113,37.84647359360353,56.731658194037564,1.9694463886293465,42.78208346194096,64.21536274340858,2.0592909398662234,39.794962227422225,92.24854601068412,-0.15960885338466005,71.37658006939351,62.20602490091332,2.1643118421261898,37.320567322577816,67.40490909874202,1.8820410518912314,43.12844307064366
163_Parides_childrenae_childrenae.png,Dataset_papilionidae,87242,0.007700674242019007,0.07069276011299348,0.010339566314899297,0.00013652955126098796,2.0377544964326563e-06,0.0,0.0,0.0,0.0,0.0,0.0,0.0,0.0,0.0,0.0,1.7320913219677576e-05,2.149194195456317e-05,0.00047353912106554185,0.001980840650145572,0.005261227390477064,0.005504802732628779,0.008462810343641824,0.009715074161527705,0.007947003736732308,0.008113924485912749,0.008249323720226496,0.004921654707594965,0.00131673964374957,0.00030590197381994913,0.00011247449622888059,5.8744641342472665e-05,5.444625295156003e-05,0.0,1.4327961303042113e-06,0.00012322046720616216,0.0035433048302423143,0.01167657206391417,0.014636012471057518,0.010816894385731643,0.007520030489901653,0.003704494394901538,0.0013045608766419844,0.0006734141812429793,0.00047497191719584605,0.00042339125650489443,0.0005158066069095161,0.0011118497971160679,0.005974043465303409,68.91753971710874,1.5876719088097195,47.950903627256295,94.6092134522363,1.5829740620451427,54.07679801761907,115.08177254074872,1.5474857901565897,55.028701643505826,17.064693610875494,6.483855457631318,5.0129344509202225,111.8756332958896,-0.021301086220475877,38.06934267630603,115.09281080213658,1.5475920977705169,55.03199649404702
164_Parides_childrenae_childrenae.png,Dataset_papilionidae,102805,0.018031980718620475,0.04688228523256003,0.010154283460056524,0.003730903706585823,0.0011266205167280018,0.00040637885100703057,0.00022826386524650227,0.00018416743673297344,0.001889229339256089,0.0013341331214975494,7.781722678858032e-05,6.571232484369004e-05,0.00012450756286172852,0.00014525882333868328,0.00037352268858518555,0.004133824014180028,0.0003520013618014688,0.0016177471912844706,0.003799061329701863,0.014135377656728757,0.014325057147025923,0.007918510772822334,0.00707832790233938,0.0043480375468119255,0.0029759009775789116,0.0020913379699430963,0.0014742716793930257,0.0009490053985701085,0.0006225378143086426,0.00036902388016147073,0.00020123048489859442,0.00024257088663002773,0.00010274305724429745,0.005853922474587812,0.013948129954768736,0.007722143864598025,0.0036811195953504205,0.0022111035455473957,0.0015691114245416078,0.001602548514177326,0.0015362822819901755,0.0015672875832887505,0.0015496571178444628,0.0022901366665045476,0.004282987208793347,0.0046653859248091045,0.005090948883809153,0.004826491902144838,83.54277515685035,0.5855713036003197,67.47464569268962,100.1202957054618,0.4621403120993753,77.45797408379592,114.30933320363796,0.4258694898151255,79.954890490504,29.46745780847235,2.8854111688503403,39.12716269998757,86.47362482369535,1.213102715811958,39.77568636434419,116.51251398278293,0.38922419441708833,81.48074404258108
165_Parides_childrenae_childrenae.png,Dataset_papilionidae,99041,0.007940146000141356,0.0778128923038607,0.0021845049581037707,0.0006183746574089968,9.154457918101257e-05,8.974958743236527e-06,2.692487622970958e-06,4.487479371618263e-06,1.974490923512036e-05,7.359466169453952e-05,8.077462868912875e-06,4.487479371618263e-06,4.487479371618263e-06,8.974958743236527e-07,3.589983497294611e-06,0.00011039199254180929,0.00014198665199260913,0.0006745943599115518,0.001212881533910199,0.002560177098373401,0.007939262527640068,0.010211048959521815,0.007291172342767137,0.00543903534899688,0.0024926545572035823,0.001611075211276138,0.0024339667410466373,0.006410224048626327,0.009679072303389505,0.00359131571773306,0.0005994991973021274,0.00021203340030896296,3.1552589331690916e-06,0.002837839884492281,0.0049152623660908105,0.005899703153239568,0.004441973526115447,0.004036838279096536,0.0037497097161781484,0.009310538059995356,0.009634267626538504,0.008312214133540654,0.003971839945073253,0.0010671085711977868,0.0006367312527135227,0.0005736260740501408,0.0007926010440120758,0.002316591108732747,64.60319463656465,0.8178891012171892,49.02272439682491,88.92678789592189,0.6460395086341574,49.9798341962476,115.17573530154179,0.3595580027582325,53.599663277910466,15.157924495915832,13.76666951379721,7.837881448935701,130.30784220676284,0.1936402175645025,54.90843698895211,115.26789915287608,0.3627892046800243,53.53769965354488
166_Parides_childrenae_latifasciata.png,Dataset_papilionidae,99066,0.027792919198648715,0.00036249683151748445,0.0006576984591641486,0.002214460842042454,0.004631704565082313,0.0025859303674093817,0.008407414136927794,0.030471268312707352,0.002408271029190416,0.0019237455613205115,0.0010910795720922304,0.0013593631181905664,0.0008658649564712189,0.00031763336227027096,0.0007510144751983527,0.00304802410065568,0.01930783518058668,0.0018459915611814346,0.004355682070538833,0.005098242585750913,0.005275523388448105,0.0060225001514142085,0.007587744533947066,0.0038440282236085034,0.0019816334564835563,0.0011993267114852725,0.000997441099872812,0.0008283619001473765,0.0006819948317283427,0.0012214079502553853,0.0007280499868774353,0.0015242363676740759,0.01706627399915208,0.02404016009529001,0.003445935033210183,0.0012119445622110513,0.000904699897038338,0.0008403488583368663,0.000627738073607494,0.0005690650677326227,0.0006157511154180041,0.0007223719540508348,0.0012157299174287849,0.0017324309046494255,0.0026295600912522965,0.0040175236710879615,0.002418211091595502,0.000442255667938546,51.97066602063271,1.4342717463417969,64.0873427346874,58.95904750368441,1.4210427576800175,74.30962498064515,43.02447863040801,1.5588795480234394,49.973558069850846,58.49076373326873,0.2457522413602424,46.51717051687699,69.82953788383502,0.8621038148791609,65.38061439850406,63.355015848020514,1.2895133531823406,76.46949768501125
167_Parides_childrenae_latifasciata.png,Dataset_papilionidae,109586,0.03730971312231692,0.012561215240389587,0.0015865773608550971,0.0016295674427187577,0.001300247192970716,0.004238173164860881,0.002301186080135946,0.0025145142222141106,0.0009271257277389447,0.0017488040848689106,0.002705941756550411,0.009378326915238565,0.0014884301928267398,0.0008208672235098968,0.0017496152184889797,0.006628583943204424,0.017191977077363897,0.00826976073586042,0.007932696694833282,0.006681396346248609,0.006588432829011005,0.005334280838793276,0.0024216140747905755,0.0011994004708630664,0.0015512930483820926,0.0016094665376964212,0.001537034840216816,0.0011475005931414596,0.0005001779424379027,0.0002372565838702024,0.00011520632197543482,0.0001825050645155403,0.0017223915463654117,0.012641897687660832,0.021238456554669393,0.012339623674556969,0.004162826455934152,0.0021598333728760975,0.001159477488000292,0.00040493311189385503,0.0002982817148175862,0.00029314875987808663,0.0003285091161279726,0.0004260352599784644,0.00069180826017922,0.0027267397295274946,0.0016596554304381948,0.0002463818370959794,48.260042341174966,2.9197429134718536,44.398721995380605,52.07861405654007,2.5584218960329057,45.26665103926605,58.328892376763456,2.241079444887919,54.255557872217295,52.59943788440129,0.8073798621474748,60.19300403228905,54.20742613107514,1.1268642988683648,51.630101711497076,62.08967386344971,2.136693679423383,54.72947555432386
168_Parides_childrenae_unimacula.png,Dataset_papilionidae,104618,0.014009061538167427,0.06466531147178836,0.006167623587188098,0.0016024435990407428,0.0005191373483636765,0.00017247934814701527,0.00019372064717989893,0.00023535359328435092,0.00016228352461123113,8.666450005416531e-05,6.967146082785838e-05,4.4181901988398e-05,3.823433825919058e-05,3.738468629787523e-05,0.00010110858339652619,0.0007842287602940646,0.0012683046894415874,0.0033634269437381715,0.006274015943719054,0.007445539964442065,0.008513711789558202,0.009487492592096962,0.007940196715670344,0.005667045823854404,0.004068372555391998,0.002780950696820815,0.0016990384063927813,0.0010616002982278385,0.0007963495765547037,0.0007670764113250109,0.0006242950543883461,0.0007425825383777171,0.00027899118698503127,0.0025879867709189624,0.0037188868072415837,0.006799140683247625,0.01104076258387658,0.012546837064367508,0.009342919000554398,0.0069287789864076925,0.004939398573859183,0.002264189718786442,0.0008680389607906861,0.00033932975205031637,0.000219250033455046,0.00019654839511365157,0.00019714580664895143,0.0002317956756963429,60.98553786155346,0.8249473689530145,34.61053773469485,74.6078781853983,0.677828698518115,35.3262962651234,90.69893326196257,0.6733847523585084,36.614687007281525,18.102381999273547,6.537790019377487,18.97852138831507,92.73662276090157,0.8707606692268168,48.68806095213137,90.86452618096313,0.6850124822752969,36.610349080110694
169_Parides_erithalion_cauca.png,Dataset_papilionidae,83956,0.03447837756285038,0.047241676857189746,0.0015193143498446276,0.0013446196685036077,0.0001524608128067083,5.293778222455149e-05,9.211174107071959e-05,4.9761515291078395e-05,3.282142497922192e-05,0.0001397557450728159,0.00015881334667365446,0.00012387441040545048,0.00016198961360712754,0.00017257717005203784,0.0003462130957485667,0.002821583792568594,0.0006744604316546763,0.001340732050121492,0.003549478298156177,0.009653121873362237,0.014048281242555624,0.01080997784553814,0.008688330792319787,0.005534148839868503,0.0031832150173900613,0.001633296012196865,0.0009901019581685644,0.0007265710610319692,0.0005091952927724046,0.0003565855924531898,0.00025013102101100577,0.0005523726713993044,0.001022112773357473,0.013048501596074133,0.02902115393777693,0.012283964219352994,0.0028184406117490114,0.0008843918242889133,0.0006372385535280385,0.0004890954785840202,0.000422840535518605,0.0002873528991376435,0.0002560865215112678,0.00021439801800943352,0.00017717613988279575,0.00025013102101100577,0.0005024953547096098,0.0001846205155081233,31.531992948687407,3.713170971620396,23.424122030766437,36.73456334270332,3.5793387852138565,25.150448667561918,47.480132450331126,3.6286908888275407,32.980913753710944,18.89046643479918,4.239303112586846,32.492577632985366,89.11670398780313,1.2523217877216706,39.74496249365429,47.545392824813,3.6311881528673657,32.96960898439984
170_Parides_erithalion_cauca.png,Dataset_papilionidae,50388,0.026748873188501672,0.004274386317729971,0.012382136840341175,0.01222336887971563,0.004572517266015718,0.0024467906820847996,0.0014024503188589878,0.005692713432651513,0.0021663006183130023,0.005098215624531414,0.002669065826960564,0.0032759122542404275,0.0010302276556146525,0.0005556878621894102,0.0010425762747744171,0.0033076658463655367,0.013343950940700167,0.005775184567754227,0.0072475093276176865,0.006163421846471382,0.006685619591966341,0.003298156307057236,0.0026717670874017623,0.0023827597840755735,0.0028987556561085974,0.0021532904659839645,0.0016348138445661665,0.0011982019528459158,0.0007032924505834722,0.0007777149321266968,0.0004862268794157339,0.005079334365325077,0.016021919901563864,0.016407676430896245,0.008577190997856633,0.004606751607525601,0.002061502738747321,0.0012056442010002382,0.0009402040168294038,0.000747945939509407,0.0006648408351194729,0.0006263892196554735,0.000749186314201794,0.001172154084305787,0.0020391759942843535,0.002080108359133127,0.0024001250297689927,0.0021991843296022863,45.175736286417404,1.573116694467849,50.48760669008155,54.04520917678813,1.76565698718037,65.5248127948303,61.71199491942526,1.4429436280766048,75.04459028394878,48.88644121616258,0.986572941938109,49.11031316279042,80.33906882591093,0.9992460433243107,75.82528734127673,64.35407239819004,1.4144490383476376,74.70009312924569
171_Parides_erithalion_cauca.png,Dataset_papilionidae,41452,0.0355516956694222,0.032714679361403286,0.004402414573214534,0.0012158641320081057,0.000508218340892277,0.000223015643260746,0.000223015643260746,0.0003452453708171165,0.000392421756891505,0.0005318065339294713,0.0004331649994102952,0.0007698328454866137,0.0010250142065253518,0.0007505334148198183,0.0015825533146772168,0.00821941308286961,0.009610513364855737,0.008564122358390427,0.010997659944031651,0.010201558429026343,0.0072960894528611405,0.006037103155456914,0.004832396506803049,0.0025270192029335134,0.001041867702402779,0.0005141488951075944,0.0003422633407314484,0.00019450207468879667,0.00014022242593843482,0.00010554376145903695,4.824857666698833e-05,4.674080864614494e-05,7.08650969796391e-05,0.0012680329055292869,0.008205273569429702,0.0071513437228601755,0.007110633986297404,0.007881103444948374,0.0076021663610923475,0.006334133455563061,0.004138823217215092,0.0016434671427192897,0.0009649715333397665,0.0007342830261507286,0.0007207131139631381,0.0006362781047959085,0.0012469241532374795,0.006790987165878607,91.57705297693718,1.2255402632562789,65.78574855718797,97.34690726623565,1.2065049436925401,65.79584634719177,109.71791469651646,1.0304977640824153,64.95594239030677,35.808018913442055,1.9022297915640503,54.65847580641355,56.28531795812024,0.9373854654700368,37.851477599596706,110.01657338608511,1.0323243607128494,64.86378619670884
172_Parides_erithalion_erithalion.png,Dataset_papilionidae,71222,0.020031263748092817,0.05197644922449056,0.008408138558934661,0.0010683340665649504,0.0001647431037226325,0.00029204459296284857,7.238712133267187e-05,3.619356066633593e-05,1.747275342512769e-05,2.3713022505530437e-05,3.993772211457758e-05,1.1232484344724945e-05,4.617799119498032e-05,3.494550685025538e-05,0.0001747275342512769,0.006491127897434937,0.00013338575159360872,0.000453687062986156,0.0019419912386622112,0.004400852264749656,0.00770653730588863,0.0074204599702339166,0.006839529920530173,0.0064051486900115135,0.005102004998455534,0.004923864817050911,0.0033723779169357784,0.002581716323607874,0.002503615455898458,0.0016752197354749938,0.0015356912190053636,0.005503917328915223,0.007332706186290753,0.024921197102019038,0.012416282890118221,0.009219412541068771,0.003064362135295274,0.0010539229451573952,0.0005993583443318076,0.0004405239953946814,0.00035364774929094945,0.00025185335991687963,0.00023869029232540507,0.0003071382438010727,0.0006432352363033894,0.001274184942854736,0.0003554028249698127,2.808121086181236e-05,26.03592990929769,3.060019943280223,31.89309594832566,31.801002499227767,2.8495132983438856,32.47137114808418,43.92550054758361,2.8079645934387707,42.26480722501363,27.409789110106427,3.0218209411247496,43.16602992964499,129.73175423324253,0.6163895386879328,61.00425831688805,43.99196877369352,2.8112515012616632,42.23683434626413
173_Parides_erithalion_erithalion.png,Dataset_papilionidae,51658,0.009942312904100043,0.05367782122592606,0.0184357806255673,0.0030319064273146897,0.001087494246346699,0.0009653232155071173,0.0003269365614016975,0.0001617475619566293,8.431521846675355e-05,7.571162474565626e-05,5.850443730346165e-05,4.645940609392543e-05,3.613509362860867e-05,3.097293739595029e-05,0.00011872959335114278,0.0008087378097831465,8.106198459096364e-05,0.00017301289248519106,0.0006896318092067057,0.0015764741182391884,0.0030210712764721826,0.005827993727980177,0.006740243524720276,0.006488588408378179,0.006069969801386039,0.005342831700801425,0.005094806225560416,0.004193445352123582,0.003329590770064656,0.0030319601997754464,0.0024524275039684074,0.008386890704247163,0.007122565720701537,0.022970788648418443,0.013647450540090596,0.0095483758565953,0.004451149870300825,0.0011530159897789308,0.000561384490301599,0.0003557048279066166,0.0002952108095551512,0.00030488985249138567,0.00023350691083665647,0.00017180301211816175,0.0003012602113902977,0.0005553350884664525,0.0004464458554338147,0.0003811123156142321,21.256649502497194,3.038619969609953,26.374927314285944,33.121433272678,2.8783975016624628,29.380574383279484,43.14911533547563,3.0472501625686497,39.62447090598398,22.630512214952187,5.7712085954276935,19.318732227944388,153.44748151302798,0.24704965830607273,59.80097011343457,43.507026985171706,3.0726189403952677,39.45054109139661
174_Parides_erithalion_erithalion.png,Dataset_papilionidae,81888,0.007079588380877948,0.03292952976423082,0.02424666753506144,0.014649819808084755,0.00292214840866658,0.0008238895401849681,0.0005829099908818549,0.0007685293734531718,0.00033650297425209504,0.0003538708696973644,0.0002681168859363467,0.00013677217663149666,0.00011072033346359255,8.14120098997004e-05,0.0003962051148452086,0.0032022057227215493,0.002455335336068777,0.006357769148104728,0.012244620701445877,0.016592785267682687,0.010497569851504494,0.004651169890582259,0.002413357268464244,0.0015348707991402891,0.0011593579034779211,0.0008204804122704182,0.0007380507522469715,0.0008334554513481829,0.0008410878272762798,0.0005731914322000782,0.0003083479874951153,0.00047854997069167644,0.0010944827080890973,0.011252411830793278,0.01624169597499023,0.011903453497459946,0.011009702276279797,0.004467229630715123,0.0017218640093786635,0.0010105265728800313,0.0008120847987495115,0.0006197489253614694,0.0004472572293864791,0.0002449992672919109,0.0003045317995310668,0.0005159486127393514,0.000600667985541227,0.00025339488081281753,44.38792008597108,2.434942865974674,31.29513452801999,53.09719372801876,2.08875083155696,33.75379637859636,59.14271932395467,2.3035270504279124,39.44303849165333,31.901438550214927,3.216535424145592,33.8849370582118,67.0280138726065,1.8493417970473942,44.52242890014237,60.04917692457991,2.271580521492094,39.78716225912079
175_Parides_eurimedes_antheas.png,Dataset_papilionidae,83787,0.010608911751093714,0.04847423957309739,0.011138296447473288,0.005659854419208496,0.0004689138993983421,0.000102906443985609,4.031386465415611e-05,3.182673525328114e-06,7.4262382257655986e-06,0.0002737099231782178,0.00039889508184112364,0.0036876577246801744,0.0013292966424120422,0.0003575203260118581,0.0003670683465878425,0.0059706955335155415,0.0010547578980032702,0.0036923985821189446,0.006433724802176949,0.012179693747240025,0.016352477114588183,0.010205938868798262,0.005470717414396028,0.0031612899375798153,0.0009995584040483607,0.00046919569861673054,0.0003103106687194911,0.00022005203671213912,0.00019543604616467948,0.00027823528709704367,0.0003670020408893981,0.001109211452850681,0.0023325515891486747,0.016400217217468104,0.011397203623473809,0.011267410218769022,0.005255886951436381,0.00230495184217122,0.0013710360795827516,0.0011979782066430353,0.00111592490481817,0.0006564264145989234,0.0006191294592239846,0.00066463174478141,0.000995082769403368,0.0012710802391779155,0.0014404084165801378,0.004210080322723095,53.948762934584124,1.6628970029813301,54.91042521919107,65.88263095706971,1.5149873015340236,63.250732287929,73.41649659255016,1.5692580243173182,69.6412886523598,36.73919581796699,2.087302698282604,47.881146204191715,76.23103822788738,2.0039668266975283,40.59418996681032,74.51398188263096,1.5293108909637947,69.77573133429102
176_Parides_eurimedes_antheas.png,Dataset_papilionidae,79822,0.016350825030136497,0.06072399978841812,0.005574625764548342,0.0021347498183458195,0.0002884195111901759,0.00014031219463305855,6.792891962394105e-05,3.2294076542529354e-05,1.224947730923527e-05,3.340766538882346e-05,7.015609731652928e-05,2.3385365772176426e-05,0.000144766550018235,0.00022494494695141133,0.0003340766538882347,0.002732747028805759,0.00023724662373781664,0.0005668863220665982,0.0015307496680113252,0.0041819611134774875,0.0073992758888526975,0.007620079677281952,0.004662718298213525,0.004579721129513167,0.005574904161759916,0.004901530906266443,0.004156122372278319,0.003763843301345494,0.004067644258475107,0.0025877890807045677,0.001569116283731302,0.0051004109142842825,0.019642924256470646,0.02696233494525319,0.0038844240936082783,0.002068665280248553,0.001410951867906091,0.0010037959459798052,0.0007595023928240335,0.0005246047455588685,0.00047997419257848716,0.00045256946706421786,0.0006099508907318784,0.0012707962717045426,0.003190693042018491,0.00023881260805291775,0.0,0.0,24.76394978827892,2.3108329768257367,38.91512418204992,32.68513692966851,2.2918812672855324,47.76708846190491,40.657788579589585,2.2137055130766443,52.21416197778694,20.98698353837288,4.353232178907019,31.17572378068688,134.8699481345995,0.3896312445110945,62.158008226335134,40.72905965773847,2.2138120911094794,52.19048165470767
177_Parides_eurimedes_arriphus.png,Dataset_papilionidae,82329,0.008144018376135856,0.008284376640605917,0.0028330775843802844,0.014977306497912846,0.006917503080459025,0.0027391455150810907,0.003307056646706102,0.010794630216705063,0.00496976224119758,0.007603099218447394,0.0027812529944221086,0.0032941004992165577,0.0014122200763602942,0.000862663487012137,0.0018948365703458077,0.008073839243900826,0.004313486134897788,0.004428117674209574,0.013178072125253557,0.013512856951985328,0.008154781425743055,0.005018735803908708,0.0033979521189374338,0.0021377643357747573,0.0016465947600480997,0.0013201605752529485,0.0015190576831979011,0.0013444533517958436,0.0009960038382586939,0.0004972427698623814,0.00028392182584508494,0.0007507986250288477,0.0028589561393919517,0.028346633628490568,0.015491959090964302,0.0058363395644305165,0.0016344483717766521,0.0006399628320518894,0.000412218051962249,0.0003826112305505958,0.00040158996222473245,0.0004152546490301109,0.0005473466214821023,0.0007310607440877455,0.0010324430030730363,0.0011379647511812363,0.0010878608995615153,0.001543350459740796,40.64513112026139,2.59583394294227,39.71196721376619,42.3366250045549,3.077292320111854,44.872237526374796,47.17294027620887,2.3909821616185063,55.140616394693865,73.09843433055181,0.4812530263059113,51.419263001931114,71.80977541328086,1.380123045330747,50.84440473253527,53.07295120795831,2.3326735824743605,57.91484049839901
178_Parides_eurimedes_arriphus.png,Dataset_papilionidae,122206,0.009630369121719792,0.032235551264076866,0.005333071480396489,0.0172488348453522,0.023624226488242986,7.49190347082431e-05,3.855057125763965e-05,2.473055514641034e-05,8.728431228144827e-06,5.818954152096551e-06,5.091584883084482e-06,2.2548447339374136e-05,2.8367401491470686e-05,2.3275816608386204e-05,6.328112640405e-05,0.0005215237658816534,0.00037181071305827863,0.0015153715856831907,0.003938534114527928,0.005657966875603489,0.00849078604978479,0.009811302227386545,0.009844033844492088,0.00674782743891462,0.004559411976498699,0.00356058622326236,0.0036598039376135377,0.002675298266860874,0.0009400111287498159,0.000308904636433563,0.00014729227697494394,0.0002710587041552788,2.9663028001898435e-05,0.0005032486129977251,0.0018176276123921902,0.006100355138045595,0.0069887116835507255,0.005106643699981998,0.0045297489484968,0.004264827422548811,0.0028645279282522953,0.0018079104135639821,0.003886879531283243,0.007549240626483151,0.006816870693746624,0.005775596124576535,0.0028834508943914373,0.0015746976416869875,81.72687102106279,0.7336720008996896,42.19615138338437,131.50593260560038,-0.008964382987239294,66.12113128998514,118.69723254177373,0.30241505444887146,47.08467855037853,30.252458962735055,2.7229035987843364,19.541975846703433,102.63162201528567,0.4923154231599835,43.862756190402145,139.3800713549253,-0.01681326473483629,62.0214259927765
179_Parides_eurimedes_arriphus.png,Dataset_papilionidae,62256,0.0026714069505125787,0.048095319683600334,0.023712841600274138,0.009055084382763643,0.002709957451669094,0.0018575630372083727,0.00017419115337388277,0.00039692738227819184,7.710100231303006e-05,5.5684057226077275e-05,2.9983723121733917e-05,0.0,1.998914874782261e-05,1.4277963391301865e-06,4.283389017390559e-06,2.7128130443473543e-05,6.425083526085839e-05,0.00011946639681315857,0.0015380043690567976,0.0029465031482909278,0.003715505332819327,0.004990482845026985,0.006748345540992033,0.008402804548959137,0.010654595540992034,0.008652780454895913,0.005244474428167566,0.0029846520817270626,0.0017116824081213056,0.001077205409920329,0.0006033554998714983,0.0030458911590850683,0.002269861539450013,0.008913799473143151,0.01695519307375996,0.011154547352865586,0.005400081919814958,0.002771821189925469,0.0015229455795425341,0.0011153543433564635,0.0011374405679773836,0.0011545071960935493,0.0008061471986635827,0.0008272295039835518,0.000927621434078643,0.0012910402210228732,0.002382300501156515,0.003870108905165767,42.146813158571064,1.6501663087884395,41.98451730873765,67.50991069133899,1.4124570367258045,56.690678052993775,78.8515484451298,1.4195857422596885,70.43677662688626,24.618864045232588,2.7667396542263445,11.891855340245614,132.8367868157286,0.4824841881339431,48.532512046067765,80.3947410691339,1.40589050763183,69.96439463249303
180_Parides_eurimedes_arriphus.png,Dataset_papilionidae,69978,0.03730442265982007,0.01761188437000835,0.0032505454095096554,0.005680515463590144,0.003241653726091692,0.0008053324695698013,0.00041790912064426595,0.00022737304740219941,0.0002985065147459043,0.001093677060409462,0.0009641125306048568,0.0016640150396473813,0.0015585850791201043,0.0015306397883779346,0.0021657600325181562,0.011073956576828907,0.0025463359913115552,0.006688709308639859,0.008224013261310698,0.008906370573608848,0.006139429534996714,0.004946197376318271,0.004382627397181971,0.00436565777815885,0.003507352310726228,0.0021997985081025464,0.0016540912858326903,0.0016031824287633257,0.0010780173768898797,0.0016201520477864472,0.0006939681042613392,0.003944096716110778,0.005911679384949555,0.008764361656520621,0.012226163937237418,0.011494684043556547,0.0056544556860727655,0.004320107748149418,0.0035841621652519364,0.0015228000228643289,0.0009101074623453085,0.0005867915630626768,0.0004608591271542485,0.00044656892166109347,0.0005269513275600903,0.0009092143245019864,0.003113478521821144,0.002067614107290863,55.7603389636743,1.614205563111039,57.10493987591628,59.97173397353454,1.7099363588171923,56.58069766113475,73.00031438452085,1.5266852381866873,64.31557252399003,48.4014690331247,1.246511286939561,62.123103741038555,95.27457200834549,0.9563097380920266,67.25317625501758,74.01630512446769,1.5511138221075254,63.766843939951194
181_Parides_eurimedes_arriphus.png,Dataset_papilionidae,104448,0.019707414215686274,0.023958333333333335,0.0361119621459695,0.009018416394335512,3.4041394335511986e-06,0.0,1.7020697167755993e-06,0.0,0.0,0.0,0.0,0.0,0.0,0.0,0.0,8.765659041394335e-05,2.991919424019608e-06,2.8124042585784312e-05,0.0004248525582107843,0.0010052849264705881,0.0026035682827818627,0.0037291283700980394,0.003793155445772059,0.005365109911151961,0.007086061963848039,0.009899064606311275,0.010205437155330883,0.00709683287377451,0.004796645220588236,0.003267176011029412,0.0018202837775735295,0.0013762829350490197,4.188687193627451e-06,0.000739602481617647,0.002395330690870098,0.00770120059742647,0.013110590916053922,0.006369796453737745,0.00979315065870098,0.010150984221813725,0.00510720645680147,0.001503140318627451,0.0005325616574754901,0.00033689012714460784,0.00033748851102941176,0.0005014456954656862,0.000716863893995098,0.0031995586320465686,43.05587469362745,2.275027776043664,34.23270402141608,86.98817593443627,0.5536288159700861,42.615524352924304,101.14930874693627,1.6274018731302653,49.32601839191896,21.582787607230394,2.5198961182111126,11.19937724267978,152.32759842218138,-0.15447908914441252,44.08500433132869,103.55350030637256,1.4832451517249716,49.45604300743983
182_Parides_eurimedes_arriphus.png,Dataset_papilionidae,86078,0.02097116052365942,0.06062408513208949,0.006285771819357637,0.0003056659205733301,3.7175584934594206e-05,8.26124109657649e-06,3.20123092492339e-05,1.548982705608092e-05,1.0326551370720612e-06,2.0653102741441224e-06,7.2285859595044286e-06,0.0,2.0653102741441224e-06,1.0326551370720612e-06,3.9240895208738326e-05,0.000556601118881841,6.316945096308e-05,0.0006396814517065917,0.0029304816561723087,0.008237441622714283,0.008558371477032459,0.008266485048444435,0.007793077209042961,0.007422773530983527,0.007491751667092637,0.005725911382699412,0.0027925253839540883,0.0012481412207532702,0.000662916192290713,0.0003281907107507145,0.00017498664002416414,0.00016409535537535724,8.713027719045517e-06,0.0002584864889983503,0.0006890552754478496,0.0015944840725853296,0.004920682404330956,0.008601210529984433,0.009782551871558354,0.007573073259137062,0.006151397569646135,0.005373033760078068,0.0032579462812797697,0.001631514440391273,0.0010847719510211668,0.0009061548827807338,0.0014361974023560026,0.009230726782685472,87.83370896163945,0.8203855787869416,53.921560386195964,111.65311694044937,0.8022477853827223,58.663980800842545,139.1966704616743,0.7249299294339135,60.105816211682665,16.018808522502844,9.31146046600608,14.377752681548506,103.75004066079602,0.42105547648102043,40.83564917657963,139.23269592695,0.7253593962884504,60.11306380347299
183_Parides_eurimedes_mycale.png,Dataset_papilionidae,91433,0.02179908299580628,0.04762297104011802,0.002364329922213837,0.0033851138113275415,0.005852494297585238,0.0011296675039524995,0.00013902104394596164,9.721751324892424e-05,2.7220903709698783e-05,7.777401059913938e-05,8.457923652656407e-05,7.096878467171469e-05,9.235663758647802e-05,0.00012735494235609074,0.0005580285260488251,0.0054607077191920735,0.00015585182592718166,0.0006275086675489156,0.001567404547592226,0.004244911574595605,0.010470781884002493,0.0125542747148185,0.01044617370096136,0.008079686765172312,0.004779455995100238,0.0024225389082716308,0.001309702186300351,0.000887261710760885,0.0007983988275567902,0.0012762077149388077,0.002070505178655409,0.0008093357977972942,0.00047439108418185995,0.028857879540209772,0.01706440781774633,0.0044185359771636065,0.002177824199140354,0.0014265910557457373,0.001142229829492634,0.0012420296829372328,0.0017020659936784312,0.0015086183325495172,0.0010437970973280982,0.0010048341408463027,0.0003465652444959697,2.255750112103945e-05,1.5721894720724464e-05,5.1950608642393886e-05,26.19818883772817,3.058832255816911,24.02009638512874,33.53929106558901,2.82402349319798,31.665499360961277,46.689193179705356,2.178417872109738,38.2411212848485,28.2083492830816,2.853034244284649,42.55578063323692,107.58167182527096,1.1967004818635183,45.945157199881045,48.677599991250425,2.0384517410044642,41.291748320354046
184_Parides_eurimedes_mycale.png,Dataset_papilionidae,98257,0.029890773968040726,0.027285361631006214,0.004395728661684268,0.007726675962017974,0.010217196852245754,0.00020807112413817277,0.0002786343749328575,0.00017188484167936013,0.00019992921058493995,0.0009308921162529557,0.0005120358967921991,0.0009408433439291291,0.0007653398740038878,0.00040890499178458304,0.0004966567267472037,0.00445995931304866,0.00946433841863684,0.008008335284000122,0.007849313534913542,0.007350621329778031,0.011209125049614787,0.010139862808756629,0.004582370721678862,0.0013580457371993853,0.0007155978708896059,0.0005680256877372605,0.0005139582930478235,0.000448441332424153,0.00020609218681620647,6.2336525641939e-05,1.526608791231159e-05,8.269130952502112e-06,0.0,1.526608791231159e-05,0.0006106435164924636,0.001274718340678018,0.002141704916698047,0.003286661510121416,0.010006284539523902,0.01575142229052383,0.011287363750165383,0.006304894307784687,0.003012508014696154,0.0012098374670506935,0.0008860691859104186,0.0013415074752943811,0.0021118088278697703,0.0032593097692785247,105.21612709527056,0.7201525748870408,42.858796525242504,119.91769543136876,0.9865191742557766,44.54498410932063,130.6299398516136,0.9764585884406652,44.8924434635505,33.08395330612577,2.3315928698352035,43.10473195584011,59.5036384176191,0.7048758952502615,37.694138421998105,134.87496056260622,1.0271082696140619,44.93267082414019
185_Parides_eurimedes_mycale.png,Dataset_papilionidae,102486,0.024603468874881552,0.040126022632901624,0.0016062898563923096,0.0007771251141077263,0.0003217783675602304,0.00019688325993577442,0.0002992278620169259,0.00020121989561717917,0.00016999611871106512,0.0003564714530114682,0.00031744173187882573,0.0002671367579745309,0.00039203186559898695,0.0004319289138679104,0.0012715015817878648,0.017550364602644915,0.002157001931971196,0.0003799299416505669,0.0007769353862966649,0.0015014245848213414,0.004499395039322444,0.00727599379427434,0.010805744199207696,0.005762982260991745,0.006746043362020179,0.0056751653884432995,0.00264670296430732,0.00478784907206838,0.001996004332299046,0.0018411051265538707,0.0022698222196202407,0.0033779003961516693,0.030859702788673574,0.015475284429092755,0.003108351384579357,0.0015581396483422127,0.0014788605272915325,0.0008732900103428761,0.000607400035126749,0.0005329996292176493,0.0004951895868704018,0.0005537341685693656,0.0013264006791171476,0.0025393712311925533,0.0024088656011552797,0.0006391116835470211,3.2321487812969575e-05,1.0977109068555706e-05,17.217844388501845,3.092568411210184,25.797123925271627,23.5037663680893,2.8454578054587794,33.615724584628374,42.07369787092871,1.9193638623793203,57.858222882115946,48.48815447963624,1.2467163983622385,67.03663213062397,129.4014889838612,0.28808329033105795,57.66039762247415,42.24273559315419,1.9195156721665274,57.804846625289414
186_Parides_eurimedes_mycale.png,Dataset_papilionidae,92789,0.030199939887510612,0.020358735051209373,0.00744532697242609,0.005946107117582185,0.0011591412296237222,0.0004626985238911221,0.00044353916472378795,0.0006092676215212292,0.000250029637133712,0.00032570910584468223,0.00031517145830264843,0.0004981433383506905,0.0003228352019695821,0.0006284269806885634,0.0013545666931305315,0.018569250904980353,0.003970702346183276,0.007124362801625193,0.008568499498863012,0.010292168252702369,0.010571700309303905,0.007189025638814945,0.004403808641110477,0.002869413400295294,0.0020038743816616195,0.0013673495780749873,0.0010184396857386112,0.0008736218732823934,0.000689736930024033,0.0005206705536216577,0.00036574917285454097,0.0006708769358436884,0.0005556962570994406,0.009498027783465713,0.01750813674034638,0.009695384151138605,0.006660272230544569,0.0038319466747135976,0.0017580208860964123,0.0011174546551854206,0.0008116533209755467,0.0007092704954251043,0.000611602668419748,0.0005732091088383321,0.0006021726713295757,0.000764503335524685,0.0015283330998286434,0.00627431592106823,61.90200347023893,1.7045592087676744,58.60500411958971,64.91482826628156,1.7354336581644907,59.571032982824725,83.33922124389744,1.4621483762392014,72.41690399680374,54.550830378600914,1.0825166347635844,68.13401492017213,73.46025929797713,1.2987602995338123,48.519722761131824,83.7309271573139,1.4612345647013303,72.39133984340923
187_Parides_eurimedes_timias.png,Dataset_papilionidae,103774,0.011662951327992667,0.005502555767554707,0.00557793324382258,0.031863258405552236,0.004260540533595441,0.0026416379182968115,0.004336774572093631,0.004974056871449282,0.002169672129392291,0.003824550358364223,0.0011477933886244254,0.0015341029544972727,0.0004848142223592722,0.0003006533428411741,0.00083172192563755,0.007775871926815323,0.007289277661071174,0.0016514252124809684,0.005861897006957426,0.006527405708558984,0.008337228014724305,0.007851798138261992,0.005500534816042554,0.0033703047005993795,0.0031932372270510917,0.0019164241524852082,0.0015002553626149132,0.0015634937460250159,0.003337782103417041,0.0018110268468017037,0.0012400745851562048,0.001547834717752038,0.012456756991153853,0.02262067088095284,0.010278345250255363,0.0048597191974868465,0.0020109805924412665,0.0015653005569795902,0.0011906884190645056,0.0009419507776514349,0.0015418120145701236,0.0017230953803457514,0.0006576791874650683,0.0003089646732322162,0.00038605527396072233,0.0005890203711912426,0.0005727590726000732,0.0007962013606491029,29.419931774818355,2.240274827548262,29.98243847342407,36.77977142636884,2.150325297405416,33.82148393566213,42.698633569102086,2.499802495218044,49.104321841552824,57.128760575866785,1.1869100589156714,49.36601312918778,93.96123306415865,0.634064413766722,65.05253654873876,48.23422051766338,2.162546320189121,51.60310440898391
188_Parides_eurimedes_timias.png,Dataset_papilionidae,96754,0.029918717113044994,0.024020597483193344,0.002983970803389122,0.028016986952018062,0.0004354686455684864,0.0005622506563036153,0.00012310716984425564,0.00010105812449901584,9.646457338542421e-05,0.00013688782318503054,0.000200278828552595,0.00010197683472173416,8.54400507128043e-05,5.236648269494457e-05,0.00016996139120289025,0.0018833559565725679,0.0004205252496020836,0.0008022924116832379,0.0024217345019327367,0.005418380635425926,0.006243281931496372,0.00595905595634289,0.005156117576534304,0.004535988176199434,0.0041884573247617666,0.004006940281538748,0.003999188664034562,0.0033725995824462037,0.002603251545155756,0.002426902246935527,0.0026691402939413356,0.008276143621969118,0.0024882692188436654,0.0026633265808131963,0.003703335262624801,0.004423589722388739,0.0038648272939620066,0.0034895198131343406,0.0034249230005994583,0.0032434059573764394,0.0032285486904934163,0.0034662649606217832,0.0037285280195134053,0.005756867933108709,0.009588104884552577,0.00628268598714265,0.0017977292928457738,0.0013500733819790396,62.64961655332079,0.836940126782158,50.3331599096379,120.58730388407714,-0.07229249647607926,73.56552891052598,124.81325836657916,-0.2922046478727781,60.95935883221402,24.79281476734812,3.8226548061000303,28.053905784220955,138.80024598466213,0.284854372880974,68.73238668738301,135.41828761601587,-0.2829681255301187,68.85646394261752
189_Parides_eurimedes_timias.png,Dataset_papilionidae,110795,0.024348471401136232,0.01547923843334286,0.005376897272740948,0.011544845084264732,0.003315833546439621,0.0012387241702644023,0.0007027994644764354,0.0005784456779537785,0.0002567303979822595,0.0003626316871499416,0.0008776970481018497,0.0028922283897688927,0.0013021044872662726,0.0008367806409234271,0.0018484588654722688,0.017927002321604966,0.007974750665643756,0.006293718128074372,0.009896655986280969,0.008677625344103976,0.008558599214766009,0.007028746784602193,0.004299043278126269,0.002166726837853694,0.001819802337650616,0.0021328805451509545,0.0019433413060156144,0.00067466943454127,0.00027077034162191434,0.00019912902206778283,0.00013820569520285212,0.0004253350782977571,0.0035126810776659597,0.028710117785098604,0.01573401326774674,0.004765558012545692,0.0016477503497450245,0.0007130285662710411,0.00043323254659506297,0.00034297576605442484,0.0003164628367706124,0.0002989755855408638,0.00031984746604088633,0.0004219504490274832,0.0008439008980549664,0.0013532876032311928,0.000816823863892775,0.0022693939257186694,37.25537253486168,2.4638624046942375,36.87889791612172,38.8196489011237,2.869438952915518,36.71098369781221,51.277295906855,2.414467716335474,59.33071375618147,61.786813484363016,0.8175087830165267,67.53426640061237,67.31678324834154,0.9547812131664236,48.87270120219785,52.59108263008258,2.3934657895413873,59.739133220987085
190_Parides_eurimedes_timias.png,Dataset_papilionidae,72155,0.02597740974291456,0.026247199316286697,0.005907036549403675,0.01170443258725429,0.003912564771826084,0.0019304121528499604,0.0011013327789711964,0.0016175055243726852,0.00027594915267287244,0.00039914073868754763,0.0005457387260450112,0.0006356685838357241,0.0008623411021027264,0.0005531302212058917,0.0014758352004558088,0.005743191740004158,0.00899106091053981,0.005016111149608482,0.00596805488185157,0.007250883514655949,0.0076839789342387915,0.007357424987873328,0.005457002286743815,0.0032672718453329638,0.004629790035340586,0.0018631764950453884,0.001212667174831959,0.0010541542512646387,0.0006331855034301157,0.0005543621370660384,0.0003386806181137828,0.0012221952740627815,0.01539047883029589,0.020207366086896265,0.010979835077264223,0.006159483057307186,0.0033538909292495324,0.001564340655533227,0.0007579169842699743,0.0005188483126602453,0.0005413692744785532,0.0007804379460882822,0.0006279883583951216,0.0004209687478345229,0.0010073799459496917,0.00018363245790312523,4.330954195828425e-06,1.73238167833137e-06,29.79135195066177,2.9476365803980014,33.20683001654937,34.04386390409535,2.796598023458076,35.00890096797622,39.22178643198669,2.327526976153257,39.499630716204145,36.82494629616797,1.9281382897500299,48.55938970816194,77.48677153350427,0.8497146830062547,56.56547728496386,40.36992585406417,2.3796985188581594,39.82000350080358
191_Parides_iphidamas.png,Dataset_papilionidae,58829,0.007890288425398661,0.003239520946774172,0.0010561684430014674,0.0006769148246990808,0.00022362364744523203,0.000297661206396694,0.0007116671482885425,0.004900077626114104,0.015194320261549009,0.03090539246516741,0.005635920303856186,0.006714753305720346,0.0019778605034176267,0.0008068582955118508,0.001814675679606241,0.006843185805942269,0.004556638732597869,0.0036312872902820037,0.004862610277244216,0.004558763534991246,0.00507296571418858,0.00448120824763297,0.004180548708970066,0.003689719356099883,0.004204983936493906,0.003798084278162131,0.003293443709734995,0.002950288123204542,0.0028599840214860017,0.002516828434955549,0.0015882897890496183,0.006254355844906424,0.015093533801356473,0.017458438865185538,0.011063846062316205,0.004867922283227659,0.0028429856023389826,0.0016584082680310731,0.0011091468493430112,0.0007999881011065971,0.0006597511431436876,0.000556698227064883,0.0005322629995410426,0.0008796681908582502,0.0019155093576297404,0.001451240034676775,0.0006916231790443488,0.0009189770351357324,45.29893419911948,2.0540537520050823,49.26376224604444,39.53864590593075,2.256121952820365,49.21899704591439,40.89464379812677,2.0751277015538903,54.997498703360286,98.08035152730795,-0.7746783645871689,43.22020022351623,119.73251287630251,0.2765202840779639,76.32541272801708,52.80356626833704,1.890655076501234,60.128400408781246
192_Parides_iphidamas_phalias.png,Dataset_papilionidae,134104,0.016295810216946052,0.03336117242339279,0.0024962384086645853,0.02757461870389151,0.0005760040300397038,0.0008186018148435377,0.00017233722417758687,0.00011003068928261317,0.00024127211384862161,0.0007907627247840814,0.0007072454546057124,0.000378479057713085,0.00026645986199765357,0.00010075099259612771,0.00047525303744357615,0.004523852134661655,0.004198700262482849,0.0013245317067350714,0.002940814591660204,0.0036124015689315754,0.005051117043488635,0.005215168824196146,0.004620947175326612,0.0038785196563860883,0.0030358900554793293,0.0018516412634969875,0.0012695370757024398,0.001043499821034421,0.00095215280677683,0.0010020208196623516,0.0023918003937242736,0.020111256934916184,0.01016701589810893,0.007048633896080654,0.0077640301557000534,0.011718516971902404,0.009005137803495794,0.014832704468173955,0.0008533488933961702,0.00015706093777963372,8.901673328163217e-05,8.016166557298813e-05,9.367729523355008e-05,0.00013189390323927697,0.0002791676609198831,0.00024328133389011513,3.495421463938436e-05,1.3981685855753743e-06,20.340556582950544,2.4536193818510186,23.9737863011511,48.02222901628587,0.3452651349624236,32.414375932615535,49.087402314621485,1.2760010370575408,30.296883593898308,32.498814353039435,2.598427634136075,40.27633214734838,147.01610690210583,-0.046678796804718724,86.96957512614358,54.447555628467455,0.770277352307997,33.86564096283858
193_Parides_iphidamas_phalias.png,Dataset_papilionidae,140884,0.016804999542570878,0.03253929947095956,0.0025691743246611084,0.02724700226190814,0.0005842474029067255,0.0009596547514267056,0.00019117382622109915,0.00010094987523226358,0.00013060390108174098,0.0008852042184429112,0.0008063371284177054,0.0002801359037695314,0.00025237468808065894,0.00015142481284839536,0.0006139014287562029,0.004772405351605261,0.00408492092785554,0.0011090684534794584,0.002565053519207291,0.00396026163368445,0.005144303114619119,0.004994357059708697,0.0050067786263876665,0.003742440589421084,0.0028325608301865363,0.0018197595184690951,0.0012984973453337497,0.0010505096391357428,0.0010021542545640386,0.0009733184747735726,0.0018286320660969308,0.02108738394707703,0.010265981232787257,0.0069272415604326966,0.007951133556684932,0.011552944266204821,0.008900052525481957,0.014941370205275263,0.0008286959484398512,0.00015305144658016523,9.892890605036768e-05,8.650733937139774e-05,8.384557508304704e-05,0.00013308821441753498,0.0003003357372022373,0.00024222055023991369,3.0166661934641264e-05,4.436273813917833e-06,20.17791232503336,2.443657272468259,24.234665786369817,47.86645751114392,0.3571357658026711,32.68141730608084,49.03846426847619,1.2816583483921387,30.459628446866475,33.23307827716419,2.520576077017264,41.44382303065153,148.84551829874223,-0.059788806414518225,87.16805913654558,54.43443542204935,0.7719273501941587,34.04434752985675
194_Parides_iphidamas_phalias.png,Dataset_papilionidae,78434,0.02173773845242851,0.036456978691213844,0.010243856830796169,0.006489249276815893,0.0015775471521704023,0.0005949800681677163,0.00019719339402130028,0.0005768473422807003,0.0003807872436273385,0.0009689675395874238,0.0008511048213218191,0.0035778134765818677,0.0005122495063082053,0.00032865565670216716,0.0003637878131082609,0.004031131623757271,0.004368322411199225,0.006131747711451667,0.004743637963128235,0.004014521763520922,0.0045547849147053576,0.004502989774842543,0.00438425937731086,0.004189031542443328,0.004620923324068643,0.004187437845832164,0.0031587066833261086,0.0026351773465588904,0.002074196139429329,0.0015052464492439504,0.0010582145498125813,0.006370802203126196,0.011532785526684856,0.014812613152459393,0.011378196955401994,0.006821021495779891,0.0031897837672437974,0.0014805441517709156,0.0011578205880103016,0.0008900795573348293,0.0011785386439554274,0.002145912486931688,0.007258491215544279,0.0006494313690491369,4.781089833490578e-06,0.0,0.0,0.0,38.95133488028151,1.431822700914133,41.63910077780114,47.58778080934289,1.3082220200511936,46.49078013426987,57.94437361348395,1.1412820628082156,53.47892232940462,33.57563046637937,2.171300351068266,43.966195700023114,114.23822576943672,0.4017289082616391,75.38679985017457,58.65076369941607,1.129893974558387,53.77326911217798
195_Parides_iphidamas_teneates.png,Dataset_papilionidae,92238,0.0340809162769743,0.014210580840386343,0.003339187753420499,0.007189131497984682,0.0013761501044399632,0.0007815530355047691,0.00045197086763469385,0.0007834804166034244,0.0006100161177244375,0.0028939627196310994,0.0014339715373996257,0.004813634293891888,0.0013877143910318958,0.00047702682191721416,0.0008201006574778773,0.014239491556866175,0.007330221817472191,0.009356230620785359,0.007215030681497864,0.004575120882933281,0.004237001019102756,0.003747777488670613,0.0033906849671501986,0.003196215225828834,0.0036569797697261434,0.002783559921073744,0.0023295713263513955,0.0022773965177042,0.0016770474208027061,0.001613353498558078,0.001392457555454368,0.0037213512868882674,0.006153239445781565,0.021995408616839046,0.011362589171491142,0.007744232312062274,0.004057438365966304,0.0011783375615256185,0.0007074090938658687,0.0005563054272642512,0.0005115841627095124,0.00044924543029987643,0.0004865131507621588,0.00046415251848478935,0.0005088737830395281,0.001200698193802988,0.003663078123983608,0.0014608946421214683,46.90241549036189,1.8836611087133734,56.48366927099389,48.67989331945619,1.9824331186381754,58.193314889336506,60.35973243131898,1.8535126778113746,65.67050907889542,55.966759903727315,0.9033547134029789,65.75488495003574,93.23515254016783,0.6861943339585052,74.7862142039824,61.54807129382684,1.8339978526209801,66.05715492918733
196_Parides_lysander_brissonius.png,Dataset_papilionidae,95305,0.02746364012614472,0.029477292202227938,0.0034844854822820306,0.003939632408233216,0.0024529434738762685,0.0034070731977452508,0.003549772951168471,0.003501273688567115,0.0011024255460538972,0.0003823980320491521,0.00019026633789762692,0.00015575724720050832,0.00019492972853237268,0.00022850614110254215,0.0004887233385213554,0.008869768987286432,0.002978595036986517,0.012309165311368763,0.011846833849220922,0.010228345837049473,0.0071566287183253766,0.005477808089816904,0.004185903153034993,0.002753003515030691,0.0018440795341272756,0.001497822779497403,0.0009043334557473374,0.0004197051571271182,0.00024395362258013744,0.00016657048423482503,0.0001272231257541577,0.0003600283300981061,0.0002669062483605267,0.0014827396254131473,0.00611261213997167,0.010897250931220818,0.009875531189339488,0.0062175384292534495,0.004590525156077855,0.0036193011909133833,0.0031340171029851528,0.0034284665022821467,0.004114422118461781,0.0033091128482241224,0.0019090026756203766,0.0015076596191175699,0.0006754629872514559,0.0013594512355070564,82.64760505744714,0.8137343983803337,52.33186946127712,88.31673049682598,0.8250497614479807,51.52311312324535,101.4730601752269,0.7365015837760747,54.56213627685087,40.89485336551073,1.7455894952239353,52.13983825826652,63.9463406956613,1.350254313432392,43.32519099154418,103.77105083678715,0.7599681010173752,56.55093964995253
197_Parides_lysander_brissonius.png,Dataset_papilionidae,85974,0.015549920777082478,0.04484353150694138,0.013223636086362027,0.0026488628345003526,0.0005345285267122101,0.0002367640862999925,0.0001499161245130957,0.00012303461253143714,0.00010132262208471294,7.030549287510694e-05,9.201748332183115e-05,0.00033188328254278425,0.0005727829860707243,0.0023087083175016734,0.001971655513423955,0.006130018636125134,0.00609341196175588,0.011195972038058017,0.013802864819596623,0.009025984599995348,0.006893799288156885,0.005261765184823319,0.0036900690906553142,0.002144543699257915,0.0013957708144322703,0.0008599983716007165,0.0006644450647870287,0.0004710726498708912,0.0002653418475353014,0.00019337241491613745,0.00013521529764812617,0.00040637285691022865,0.00037438644241282246,0.0013187126340521553,0.0029645590527368738,0.00573429176262591,0.00821251192220904,0.008488031265266243,0.006005449321888012,0.004747074697001419,0.004779061111498825,0.0037700351268988297,0.002337916114174053,0.002371356456603159,0.0023946193035103637,0.002598169213948403,0.003589021099402145,0.002814804475771745,101.09338869890897,0.7239340362383546,64.23711940178516,110.01959894851932,0.5767737044531731,60.25245390052482,121.46201177100053,0.5529745735867195,61.796779034733454,37.04194291297369,2.120630205067955,49.89705091739907,59.01669109265592,1.5657188317701638,42.958278272490354,121.65894340149347,0.5598107355044472,61.854987067791534
198_Parides_lysander_brissonius.png,Dataset_papilionidae,146519,0.030123662384324824,0.056796577766554356,0.0012169828562241833,9.949411187475874e-05,2.7300213624171608e-05,5.460042724834322e-06,4.853371310963842e-06,2.426685655481921e-06,1.2133428277409604e-06,1.2133428277409604e-06,0.0,1.2133428277409604e-06,6.066714138704802e-06,1.8200142416114405e-06,2.9726899279653527e-05,0.0005708778004521219,8.531316757553628e-07,1.7062633515107255e-06,1.3223540974208123e-05,4.8201939680178e-05,9.981640606337744e-05,0.00019792654877524418,0.0003651403572232953,0.0008706208751083478,0.0027773701704215835,0.007722974494775422,0.010259761532633993,0.011578703103351783,0.01251416198581754,0.0068851991891836556,0.0040310471679440895,0.005133293293020018,0.00022906585494031492,0.01320562520901726,0.02016163432728861,0.009606262669005385,0.006183498385874869,0.006514940041905828,0.002471522464663286,0.0005225431514001598,0.0005980453047045093,0.001413639186726636,0.0014473378879189729,0.00014076672649963485,2.132829189388407e-06,2.132829189388407e-06,4.265658378776814e-07,4.265658378776814e-07,14.329923081648113,1.529263070947007,11.332918391399604,29.87735379029341,1.202995799670728,18.21982769618165,56.67906551368765,1.5814093357772043,33.6762443487435,13.66675994239655,10.10438016780691,14.225132421390214,188.34066571570924,-0.08334100005507283,32.7962456990005,56.68625911997761,1.582855166925972,33.66778792553802
199_Parides_lysander_brissonius.png,Dataset_papilionidae,88685,0.019545833255028722,0.0040663271378724945,0.0020807727725470297,0.013025878107910019,0.001022345003852587,0.00045203685954658496,0.000560285154072153,0.001057425469671058,0.0006855725319952641,0.0036443592490274564,0.004452212261875677,0.009360470579391478,0.004219678888450383,0.0024736739897139063,0.0027442947260278264,0.019497722901906246,0.006066414839037041,0.010604245362800925,0.011732536505609742,0.007979083272255737,0.006859249027456729,0.005076957771889271,0.002747787111687433,0.0014130067091390878,0.0013227997970344477,0.0014263967976546202,0.0013566273890736878,0.0014848903422224728,0.0021107007949484127,0.0014538817161865029,0.0003826746349439026,0.0004827479280599876,0.0005729548401646276,0.011528161470372666,0.008824773073236737,0.0074928116366916615,0.00981070643288042,0.007163697355809889,0.006211591588205446,0.004437052489146981,0.0029430005074138807,0.0008907932570333202,0.0002966961718441676,0.00020789874274116255,0.00021212719174606753,0.00023397417827141005,0.0002734397023171901,0.0014003213621243727,58.54518802503242,0.6682400428181635,38.38988835299502,58.823205728138916,0.5100149639530513,35.0365804123514,70.82919321192986,1.7600218063815927,45.914422704752575,88.46770028753453,-0.0332451087996059,67.07153239300617,70.72316626261487,1.2690683060525827,57.49751976677225,74.86362970062581,1.4871813903153617,47.30362042547225
200_Parides_lysander_brissonius.png,Dataset_papilionidae,146530,0.043389522054641826,0.04457729551021027,0.00046467541724485694,8.25011184664498e-05,3.093791942491867e-05,7.886136323998877e-06,1.2132517421536735e-06,0.0,0.0,0.0,0.0,2.426503484307347e-06,1.1525891550459898e-05,3.0331293553841837e-06,2.790479006953449e-05,0.00028996716637472793,1.7061352624036034e-06,1.2796014468027026e-06,9.469050706339999e-05,0.0005515082235719648,0.00038388043404081074,0.00032757797038149186,0.0005711287790896063,0.0011200777997679655,0.0024269774107691256,0.004901726608885553,0.010101173821060534,0.013806046543369959,0.01387770422439091,0.008536647785436429,0.0032791919743397255,0.0025186821811233194,0.0002955879342114243,0.005316744011465229,0.021171432471166315,0.009293745308128029,0.005947587524738961,0.0063920357605951,0.0068471473418412615,0.003462601515048113,0.0009742032348324575,0.000623592438408517,0.0017820582815805638,0.00038132123114720533,1.1942946836825224e-05,0.0,0.0,0.0,19.76851839213813,1.6970981458676666,16.98819895723011,38.58102777588207,0.9571215877508016,25.196107173010564,66.69595304715757,1.0502484042950653,36.19281475133368,12.701269364635229,13.048482260452337,10.65801589562943,185.1257353442981,-0.9437259979191618,33.417445085778006,66.70287313178189,1.051660027897471,36.18312592336519
201_Parides_lysander_brissonius.png,Dataset_papilionidae,70889,0.019014390259576394,0.01634856371698477,0.0007887134973142676,0.0005579928558105708,0.00016551698194830415,0.00017429439765768393,0.0007122245889896724,0.0006532905120838369,0.0001329151521706079,0.00026081463822157016,0.00030344780023855764,0.0004463942846484567,0.0007586195005963941,0.0018432572989697507,0.0034244460431880203,0.04330400736049003,0.000718552948976569,0.0031422364541748367,0.008102455952263398,0.009185134506058767,0.01200909167853969,0.006977457715583518,0.007081493602674604,0.0042689980109749046,0.0035151786595945776,0.0016204911904526796,0.0011726078799249532,0.0010033291483869148,0.0006594817249502744,0.0006568367447699925,0.0006533101045296168,0.0017333436781447051,0.014910634936308877,0.02030903948426413,0.00878397917871602,0.00933060841597427,0.004110299200157994,0.0017888882619306239,0.0008843050402742316,0.0004064452877033108,0.00022658663544414506,0.00018426695255963549,0.00016134379099719278,0.00018867525286010524,0.00024774647688639986,0.0003456107435568283,0.0002618530378479031,0.00035971730451833146,28.84731058415269,2.5918741323727468,27.349573005576136,28.142405732906376,1.8997830113571543,26.600595166682744,39.20993384022909,2.9415277568685014,37.7629504419727,101.95648125943376,-0.29001951332144904,77.97958683017039,89.15687906445288,1.332211499719054,51.46600540353675,39.41885200806895,2.966984031696765,37.6276463503639
202_Parides_lysander_orinocoensis.png,Dataset_papilionidae,361883,0.013736790927208826,0.013075066926173499,0.006778863764132483,0.008699435391487795,0.0030089528629111866,0.0020107173988400794,0.002761850284944766,0.003665518659038664,0.004389386747773298,0.00916883203810194,0.0074612205847992006,0.0063102040039337455,0.0010048674418097685,0.0005998255421411524,0.0024476910431763246,0.0037696652724161614,0.008395496610783043,0.01005694520052061,0.00900878184385561,0.008857144436185176,0.007366331107015251,0.005229418071586673,0.0038615726629877612,0.00245124114700055,0.0015027301641690823,0.0012065363667262624,0.001195655778248771,0.000808272286899357,0.0005821978374225924,0.0006987755711099997,0.0007640591019749477,0.0005148418135143126,0.001216035293174866,0.007484290502731546,0.007905870129295932,0.007700347902498874,0.006796050104591816,0.0067110778898152165,0.006329566462088576,0.0052912474473794015,0.0029531298789940395,0.0023351815365739758,0.0018928769795762718,0.0014866683430832617,0.001019148454058356,0.0007614684856707831,0.000545411085903455,0.0020716295045636298,73.85643978855045,1.1134116937033924,48.90759570681445,76.67051781929518,1.014010188891657,49.331664303098016,83.27806500996178,1.0737164730707465,56.77798182396689,66.78283036229942,0.3977576209069451,52.238318346824315,65.8078771315591,1.3311683017695957,52.77118573376406,90.28630800562613,0.9990514139516254,57.4310918418646
203_Parides_lysander_orinocoensis.png,Dataset_papilionidae,156681,0.04357048184953292,0.01740209583662204,0.002214265503368841,0.0007199341336856415,0.00019572677393344865,0.00031202819032868624,0.000414146507163529,0.00029444114687379665,0.00016792789879507478,0.00017019719472473796,0.0004572631298271293,0.001088694722255907,0.0010648671149944438,0.0005803724340113565,0.0015175916529622468,0.018718854799809094,0.006878625998046987,0.004873357331137789,0.00550720891492906,0.005714237846324698,0.007423921853958042,0.00668276625755516,0.005807580370306546,0.004049230602306598,0.0036028618658292965,0.003002118955074323,0.0017655299621523988,0.0014507981184700123,0.0013977444616769105,0.0008404816155117723,0.00037895469137929933,0.003124581155341107,0.021548959350527506,0.011315985984261014,0.005221197847856473,0.004061995391910953,0.0032143335822467306,0.002635929053299379,0.0022749248473012042,0.002087840899662371,0.0019514172107658236,0.0018939756575462245,0.001648253457662384,0.0013155711285988728,0.0011312794786859925,0.0008791748839999745,0.0006533976678729393,0.0006657635578021585,43.63992443244554,1.557325096903048,53.833815055765825,46.7895724433722,1.4675643548912878,55.78790939141648,57.43742381016205,1.3009340781449887,62.40909241735324,52.151856319528214,1.0407116491827697,70.27908871798655,90.98132511280883,0.7869411187252223,65.24875144954498,57.65960773801546,1.3045611298813322,62.27885974363267
204_Parides_lysander_orinocoensis.png,Dataset_papilionidae,269780,0.027750018533619986,0.018247296150773057,0.00539896705957941,0.004555810907653149,0.001020749417220616,0.0004813798897867398,0.0005219067388242272,0.0006681987792522303,0.0004118582219256843,0.0012345862060444313,0.0008770932694129373,0.0030042586140147116,0.0021314486701098016,0.0012803848403225673,0.004769647696476965,0.016535283893872373,0.009945140484839498,0.01172042960931129,0.012259062940173475,0.009488518422418267,0.007153977314849136,0.00393654088516569,0.0020139094817999852,0.0010168007265179036,0.0007184094447327452,0.0007253595522277411,0.001606633182593224,0.0007719252724442138,0.000268737489806509,0.00023653532507969457,0.00018371450811772554,0.00045430535992290014,0.0006593335310252799,0.007525344725331752,0.007741724738675958,0.010338748239306101,0.013611785528949514,0.01088062495366595,0.006167062050559715,0.0020120561198013194,0.0005798706353324931,0.0002724442138038402,0.00017398435762473125,0.0001531340351397435,0.00016379086663207058,0.000531683223367188,0.0016119615983393877,7.645118244495514e-05,60.81474905478538,0.8118995243245514,33.56461557595475,60.40109348357921,0.2869079553246484,28.799513274545138,72.63476536437096,1.8182121190584566,41.373270391790136,64.21825190896286,0.6766965901372252,69.98818459658395,54.65392171398918,1.7540918899727516,45.858993617143796,73.3175031507154,1.8034654603779872,41.42282655167849
205_Parides_lysander_orinocoensis.png,Dataset_papilionidae,142264,0.049508581854080365,0.020397133342080764,0.001275250395196411,0.0004942298199903779,0.00024930176760576585,0.0008709941454697682,0.0004911057376895537,0.00029928708441895194,0.0001786975076071404,0.0002536754828269196,0.0006910470049422983,0.0011477878373227863,0.0008297562590988898,0.0002961630021181278,0.0013283597943104214,0.01057751785413035,0.008291363240173199,0.00044811055502446155,0.000621643564078052,0.0014792041556542766,0.0033542393015801608,0.0036037753753584882,0.003986865967497048,0.004407299105887646,0.005242454169712647,0.006996235871337794,0.004659910448180847,0.004036509587808581,0.0037509489399988752,0.002325781645391666,0.0013645405724568409,0.007931117499859416,0.022528977815891582,0.009756948349547321,0.007675430889051341,0.004391483439239723,0.0037702791992352248,0.004108119411797785,0.0035616002642973625,0.002691738598661643,0.0014018831187088794,0.0006980859528763426,0.0009045682674464376,0.0007674991564977788,0.0001660644998031828,4.7886324017319914e-05,2.152687960411629e-05,7.907833323961086e-06,24.176671540235056,1.6910939424055091,30.805110407286477,30.324087611764043,1.3471671257108668,35.184081991740264,45.414511049879096,1.155580011734478,46.01967279636034,36.18606956081651,1.7035393808885777,59.242605076113506,135.65882443907103,-0.23156956950138635,77.02541805614268,45.64200359894281,1.165362396207484,45.87168060047326
206_Parides_neophilus_olivencius.png,Dataset_papilionidae,69185,0.025233472252334722,0.013905390539053906,0.007830856078308562,0.010995318509953184,0.004135771241357712,0.00194647201946472,0.00093790400937904,0.001058675210586752,0.00025696000256960006,0.000285225602852256,0.00036488320364883205,0.0009828720098287202,0.0006231280062312801,0.0008736640087366401,0.003998297639982976,0.015459998554599985,0.005847546433475464,0.01971977307219773,0.013368143383681435,0.009455626219556262,0.005687649056876491,0.002960359904603599,0.0017697116426971164,0.0009747416347474163,0.0007597383825973838,0.0004995663799956638,0.00039748500397485006,0.0003188913781889138,0.0002556551275565513,0.00014182987641829877,9.485437594854376e-05,0.0002484281274842813,0.0005185372551853725,0.0023704560237045604,0.0037291320372913202,0.006413059189130592,0.010889282358892824,0.010817012358170123,0.005943304184433042,0.004189853291898533,0.0045159716701597165,0.004207920792079208,0.003112126906121269,0.0019214786442147865,0.0010117800101178001,0.0006594637565946375,0.0006612705066127051,0.0015393510153935103,87.07575341475753,0.7112431575506999,46.684123176346404,90.12696393726964,0.5725564429573843,47.57937081770585,101.3741707017417,0.8788096176193467,50.84063142138437,59.109301149093014,0.9709768270378518,65.48801876848721,47.83646744236467,2.2169944001998765,37.12470965878793,102.58079063380791,0.8616688891107989,51.38106515660407
207_Parides_neophilus_olivencius.png,Dataset_papilionidae,107276,0.013990910258481757,0.022967133582741918,0.014106085652377462,0.01566965376950835,0.007381997008754159,0.0022496488807686094,0.0006206213671070676,0.0005957633684245414,0.0002543801865178501,0.0005245037722013,0.0007034813627154878,0.0015254525191510165,0.0007175675619689192,0.00041098557821776435,0.0009114599516926225,0.006259244068260065,0.003634899697975316,0.00377297811253216,0.006053893694768634,0.006413946269435848,0.005880858719564488,0.00517065792908013,0.004238482978485402,0.003400108132294269,0.003163568738580857,0.0026316464073977406,0.0023997678884373017,0.0025646463328237445,0.0020688457809761736,0.0018119150602185017,0.0010562707408926508,0.008237513516536784,0.01459669450762519,0.015017921063425184,0.007656069391103322,0.005779484693687311,0.005668788918304187,0.004187795965546814,0.002740594354748499,0.0017507410790857229,0.0011768708751258435,0.0007830269584995712,0.000576200641336366,0.00044744397628546925,0.0003082003430403818,0.00033150471680525,0.00044802658562959096,0.0010306359297512957,36.06432939334054,1.5792172100792832,40.05741352301813,43.848148700548116,1.3508339762293922,41.33348850861003,50.50168723666058,1.8206896809422701,51.84338829028178,42.035935344345425,1.8996600738192124,46.645997726420276,115.98365897311608,0.49941961845016336,78.05329851372237,52.64507438756106,1.8005795011627146,51.68580028328714
208_Parides_neophilus_olivencius.png,Dataset_papilionidae,66927,0.01344350312031517,0.041123413071954024,0.015484864935759195,0.005450714958088664,0.00227511567329578,0.000852670322391063,0.0007371215403847974,0.0012179107252844308,0.0014423675546989007,0.0005657905877548174,0.0001739872464692044,8.500140285518384e-05,8.234510901595934e-05,0.0001700028057103677,0.0009204058152912875,0.0048636740196200505,0.005501329807103262,0.008718454435429648,0.010690752611053836,0.01170118188474009,0.009009816665919584,0.006173704185156962,0.004435803188548717,0.002710042284877553,0.0014652158321753553,0.0007442810823733322,0.0004361094924320528,0.0002717513111300372,0.00016809359451342508,0.00010832698313087393,7.564211753104129e-05,0.00028949452388423206,0.00023252947241023803,0.0010272386331375977,0.0025176685044899665,0.005506932926920376,0.00979145188040701,0.011584450221883544,0.00956639323441959,0.007270047962705635,0.005001718290077248,0.0030191477281216847,0.001810741554230729,0.0011887952545310563,0.0009170439434010191,0.000886226784406891,0.0010085615670805505,0.0011710520417768614,83.8655400660421,0.9238358985904842,45.691911953666335,93.5129320005379,0.7357669282374568,43.150627683337795,104.00575253634557,1.0639756330173702,45.80704071358851,33.7167361453524,2.5743140769436006,41.752436392903235,61.87762786319423,1.2804231910920432,39.317044908709924,104.97642207180958,1.055492247951594,46.227090929897166
209_Parides_neophilus_olivencius.png,Dataset_papilionidae,75375,0.05348074442601806,0.003399889441680486,0.0007075732448866777,0.00029482218536944904,0.00013561820526994655,3.891652846876727e-05,0.00035614519992629447,0.00022524414962225907,0.00013561820526994655,0.0001898654873779252,0.0003514280449603832,0.0011887230514096186,0.0010401326699834162,0.0009210245070941588,0.0030508199742030587,0.023372323567348443,0.0085,0.009700663349917081,0.009453565505804312,0.007776119402985075,0.008448590381426202,0.012808457711442785,0.003203150912106136,0.0007197346600331675,0.00047429519071310114,0.0003648424543946932,0.00032504145936981756,0.0002719734660033167,0.00015837479270315092,0.00011194029850746269,7.296849087893864e-05,0.00011028192371475953,0.00035572139303482585,0.0014087893864013267,0.0013059701492537314,0.0014038142620232173,0.0017313432835820897,0.0027023217247097845,0.004930348258706468,0.00827363184079602,0.01024792703150912,0.009312603648424544,0.007434494195688226,0.004445273631840796,0.002816749585406302,0.0019328358208955223,0.001232172470978441,0.0029660033167495854,115.47633830845771,0.39780302801651113,51.723189695053506,117.99073963515754,0.21442174947581374,49.00409371822401,142.13646434494197,-0.08659420613666197,49.94167109549817,61.95859369817579,0.6826805990536451,77.17461906486308,56.94551243781095,0.9999508669754169,36.677819239158595,142.30937313432835,-0.07206411062717759,49.98892172169005
210_Parides_neophilus_olivencius.png,Dataset_papilionidae,105923,0.012873922041902556,0.02278300694319878,0.014642921954837212,0.015308394882236257,0.00744356225224403,0.0021449543536342435,0.0006595986392631125,0.0007619790896321961,0.00037511525668016706,0.0004892442833211127,0.000905479556952797,0.0011471645545453877,0.0011631090509143435,0.0005202940920396054,0.0010045032712442058,0.006665638666242879,0.0029714981637604674,0.003911449826760949,0.006100540014916496,0.0062321214467112905,0.006273425035167055,0.005226084042181584,0.004187593818150921,0.003235841129877364,0.0031243214410467983,0.002603306175240505,0.0025437109976114724,0.00254489110013878,0.002187320034364586,0.0018368295837542365,0.0011352586312698848,0.00838580855904761,0.014609079236804094,0.014947768662141366,0.007734982015237484,0.005803744229298641,0.005662721977285386,0.004145700178431502,0.002784451913182217,0.0017412412790423232,0.0011393889901154613,0.0008231215127970318,0.0005452073676160985,0.0004171662434032269,0.00033809937407361954,0.00033573916901900435,0.00048679229251437367,0.0009847955590381692,36.02032608593034,1.5847057420381612,40.07854759144012,43.82279580449949,1.3407670857063854,41.32086214467233,50.35649481226929,1.8258480600352294,51.70770601375369,43.944403009733485,1.8007797954385414,48.00159208820288,117.58937152459805,0.4967797080337878,77.88072636173524,52.585566874050016,1.80005173059716,51.54198742723945
211_Parides_orellana.png,Dataset_papilionidae,82860,0.030794646927883716,0.017664065223804544,0.003880172714350846,0.002334325636280741,0.0011757448976855204,0.00046879609515380693,0.0003808297798160217,0.0006640384048059646,0.0014160431249497143,0.0012808753721136054,0.000956901869284201,0.0027441199345616435,0.002545659345080055,0.0014267707243811516,0.0023525625553141847,0.018803336283423178,0.004250392227854212,0.008163619357953174,0.009491914071928554,0.008334087617668356,0.006842867487328023,0.006205497224233647,0.005341087376297369,0.004068609703113686,0.003579079169683804,0.0025600410330678253,0.0016903511947863868,0.0009964096065652908,0.0005166847694907073,0.00024061670287231474,0.00011993120926864591,9.881124788800387e-05,2.715423606082549e-05,0.005471578566256336,0.011709510016895968,0.009520576876659425,0.008691618392469225,0.007729905865314989,0.005799692251991311,0.004080678252474053,0.0023624185372918176,0.0013999517258025584,0.000951906830798938,0.0007067644219164856,0.0004616220130340333,0.00044804489500362057,0.0006071988896934589,0.002531378228336954,62.42209751387883,0.9935022966385618,39.259920383682555,63.16218923485397,0.8996938026771534,38.64146691977048,83.8986000482742,1.5429113851507406,53.981003895170005,64.8768887279749,0.6442143099607869,71.130954483671,74.79863625392228,0.7302240821315128,47.53996213280383,84.75216027033551,1.516274503503222,54.02590232185802
212_Parides_orellana.png,Dataset_papilionidae,80076,0.026364953294370348,0.005328271475431673,0.00048287460246099537,0.0002286716508206093,0.00018093921885320056,4.329220573788235e-05,0.00010545537295125187,0.0001609582008203318,0.0016406635918100026,0.004207114352476259,0.0014286427893501175,0.0035055586082110885,0.00385411636722891,0.007761515449212137,0.007486221422981501,0.02610964028617258,0.00889467505869424,0.013997639742244867,0.014675901643438733,0.012896342224886358,0.006992575802987162,0.002483578100804236,0.0010357348019381589,0.0005994305409860632,0.000380888156251561,0.00023571357210649884,0.00012956441380688346,8.429491982616515e-05,5.385508766671662e-05,2.8878815125630653e-05,7.805085169089365e-06,3.122034067635746e-06,4.683051101453619e-06,0.0004870373145511764,0.0055619036914930815,0.00926151406164144,0.006269044407812578,0.00464558669264199,0.004971058744193017,0.005092037564313902,0.006379096108696738,0.007758254658074829,0.003811223088066337,0.001707752634996753,0.0011106636195614167,0.0010045144612618013,0.0011348593835855936,0.0033007705180078924,104.1497827064289,0.7293877140581607,56.73003469796883,101.02216644188022,0.5240895758301047,55.12636166770748,113.29690543983216,0.5308727829577377,54.58423315693586,100.72321294769968,-0.39284667957905556,72.934812700032,43.705317448424,1.3976069722030735,27.52626485202836,115.90446575753035,0.6144165521691161,57.97902896848086
213_Parides_orellana.png,Dataset_papilionidae,104893,0.06756430097549142,0.01246307083302879,7.88104703523273e-05,1.1863941773468624e-05,4.23712206195308e-06,0.0,0.0,0.0,0.0,0.0,0.0,0.0,8.474244123906161e-07,8.47424412390616e-06,0.00014914669658074842,0.008608137181063878,7.68640424051176e-05,0.0015468143727417464,0.0036912615713155313,0.00456298323053016,0.005794595444881927,0.006103243305082322,0.004456922768916897,0.004424151277968978,0.0059328315521531465,0.009111666174101227,0.00851999180116881,0.004032085077173882,0.001992506649633436,0.0012173119273926763,0.0004987225076983212,0.0005380482968358231,2.9792264498107595e-06,0.0007614902805716301,0.006848645762824974,0.007425424003508337,0.007613711115136377,0.009784375506468497,0.009056252562134747,0.0052017293813695865,0.0026002688453948307,0.0013907029067716625,0.000859208908125423,0.0007156101932445445,0.0009676527508985347,0.001851887161202368,0.0035554088452041605,0.0038646525506945174,63.735644895274234,0.9679446048569037,49.01495053674424,71.6269055132373,0.9807501614691211,48.743245849770176,109.92969025578446,1.0160785541527348,62.35877717227957,24.23915799910385,2.6673403052583544,50.51570986528714,122.26295367660377,-0.04609667502280746,51.137064196837166,109.93040527013243,1.0161516792147596,62.35784622903433
214_Parides_orellana.png,Dataset_papilionidae,112126,0.060419329841230204,0.024793535843604518,0.0010797376760668057,0.00038448808582408286,8.086141186403391e-05,2.4575527135147562e-05,8.720348338278167e-06,2.378276819530409e-06,2.378276819530409e-06,4.756553639060818e-06,7.927589398434696e-06,1.6647937736712864e-05,9.513107278121636e-06,1.6647937736712864e-05,5.787140260857329e-05,0.001979519072789144,3.455933503380126e-05,0.0004509435813281487,0.004168859140609671,0.010911831332607959,0.008158232702495407,0.007328808661684177,0.009040610563116494,0.01060469917771079,0.0066571312630433616,0.0029637416834632467,0.0012547268251788166,0.000503339992508428,0.00023522644168167954,9.754651017605193e-05,4.960936803239213e-05,4.0133421329575656e-05,2.2296345183097585e-06,0.0014230642313112034,0.004901851488504004,0.005925253732408184,0.004108101599985731,0.0033333036048730893,0.0030189251377914133,0.003413013038902663,0.0056259252983250985,0.004697839930078661,0.0017340982466154148,0.001736885289763302,0.0023840367087027093,0.0022179289370886325,0.002465975777250593,0.015511567343880992,101.11174036351962,0.37144650729628886,65.13143277521965,113.51599093876531,0.26957902169438563,64.6344604521973,150.21082532151328,0.04104554051682344,78.17177052931576,13.200131994363485,5.838273534147998,25.8989822642832,95.18287462319176,0.3287580125825141,35.78970564457742,150.24479603303428,0.04230319527490603,78.12577271942125
215_Parides_panares_erythrus.png,Dataset_papilionidae,106032,0.015092299180121725,0.025235149137367335,0.004718910852908137,0.03545428633703871,0.0022718508458662375,0.0004376037422664856,0.0003328135740992237,0.0002665861878175142,0.00019365223077309995,0.00021293362171587613,0.0004317354928491189,0.0003168854685377999,0.00029341247086833326,0.00028502925741495227,0.0007930519926898379,0.0025526884965544993,0.0022522681831899805,0.0005876763618530255,0.0026483750188622305,0.004609457522257432,0.009831348083597405,0.01089883242794628,0.009713459144409235,0.005320917270258035,0.006192116530858609,0.004088388411045722,0.00103565433076807,0.001062768786781349,0.0008711992606005734,0.0016822751622151803,0.0006271691564810623,0.001078094348875811,0.02173400482873095,0.02143574581258488,0.004321808510638298,0.0011653321638750566,0.0007986975629998491,0.0005234268899954731,0.00039787516976007244,0.00038313905236155124,0.0004638929757054474,0.0004980807680700166,0.0007256064207031839,0.0015632073336351291,0.00241908103214124,0.0012667166515768825,0.0017606713067753132,0.0030427135204466574,34.55062622604497,1.9111067647451097,49.422117191678836,44.74905688848649,1.8299997695930976,61.208730927493264,55.490040742417385,1.6429397814278557,74.75041487221715,32.351940923494794,2.9283159294661676,34.29750904213567,102.67000528142448,0.7509851046269704,49.369317579888424,57.631469744982645,1.589119992767164,76.5563677664962
216_Parides_panares_erythrus.png,Dataset_papilionidae,79188,0.03685182378923855,0.03099010512254943,0.005764060772395369,0.009985800317668783,0.0005365571663495591,0.00018745825686271208,0.00035583393667951933,0.00021888838376184943,0.00023684845627564222,0.00020990834750495306,0.0002042958248443928,0.0001245980030644374,0.00012347549853232535,0.0002132758611012892,0.0003041987282023651,0.0025817604238577113,0.001631402485225034,0.0011041761377986563,0.0027608349749962116,0.007763960448552811,0.01435902535737738,0.012337727938576551,0.0073795903419710054,0.0033243673283830885,0.003907631206748498,0.0029636750517755216,0.0009826299439308986,0.0018389781279991918,0.0006566651512855483,0.0005003914734555741,0.00018705485679648432,0.0008018891751275446,0.009419040763752084,0.003031551497701672,0.00553193034298126,0.01858236096378239,0.010095437440016165,0.004823173965752387,0.0027979302419558517,0.0019265860989038743,0.0013756819215032582,0.000789260999141284,0.00042146537354144565,0.00031491513865737234,0.0002793983936960146,0.0002967621356771228,0.00038515936758094663,0.0024293453553568723,46.52161943728848,2.6984792211052975,42.17148930405207,54.06622215487195,2.364103760984504,44.372677623857484,68.93452290751124,1.7989823161388205,53.93048432690222,22.233848562913572,3.7734052237424125,32.55330519854005,92.88211597716825,1.0719105793288337,44.56435142918463,69.20246754558771,1.8282549939116794,53.803121054454664
217_Parides_panares_lycimenes.png,Dataset_papilionidae,86007,0.008356942522766236,0.016862710141164222,0.016533021214035548,0.02769490338641687,0.011066799472394365,0.006443919939333103,0.0011502939683204082,2.2737167388184164e-05,0.0,2.0670152171076514e-06,2.0670152171076514e-06,2.0670152171076514e-06,7.23455325987678e-06,1.963664456252269e-05,5.787642607901424e-05,0.0006666124075172176,6.68550234283256e-05,0.0020121908681851475,0.009183118815910333,0.007646906647133373,0.009216546327624496,0.009371330240561814,0.007503749694792284,0.0057444452195751505,0.0038252700361598477,0.0018835676165893473,0.0012905926261815898,0.0008502214935993582,0.0006067820061157813,0.0008037136512144361,0.0011161882172381317,0.0013785215156905833,4.069436208680689e-05,0.01052094596951411,0.01881242224470101,0.011778111083981536,0.006017678793586568,0.002853692141337333,0.0015819933261246178,0.0009039961863569245,0.0006794505098422221,0.0005341135023893404,0.0005355668724638692,0.0005399269826874556,0.0006423895729417373,0.0010885741858220842,0.002496163103003244,0.003474281163161138,48.9910588673015,2.15541382854196,52.030388034448684,64.28880207424977,2.1461699934771654,57.18621658635665,71.20354157219761,1.7202634634217087,60.983462295262505,33.850663318102015,2.7174475255546326,20.63528903713986,93.3633541455928,1.2064847591998065,50.04202935703855,76.47629844082458,1.7025180555707946,65.99649520933107
218_Parides_panares_lycimenes.png,Dataset_papilionidae,96730,0.011082394293393983,0.04210207105689376,0.008196928449176976,0.009431981345555212,0.017047221935054046,0.00010016426019734197,5.054159918214504e-05,5.237947551604121e-05,3.0324959509287016e-05,1.8378763338961831e-06,1.0108319836429006e-05,6.4325671686366405e-06,3.6757526677923662e-06,9.189381669480915e-06,1.4703010671169465e-05,0.0007489346060626945,0.00010338054378166029,0.0006861883593507702,0.0032416261759536857,0.005577380337020573,0.01077548330404218,0.007858213584203452,0.00591595161790551,0.006008347978910369,0.005008141217822806,0.0038438178434818566,0.003876770391812261,0.004164943657603639,0.003108523725834798,0.0015461852579344568,0.0005175488473069368,0.000267497157035046,1.4860953168613667e-05,0.00029140390778455497,0.0011358937248009925,0.0020650263620386644,0.007058306626692857,0.008071435955753128,0.0074576139770495195,0.007926703194458803,0.007983562493538716,0.003764990178848341,0.004049286674247907,0.005073400186084979,0.004085469864571488,0.001630828078155691,0.0006319135738653986,0.0012593042489403494,68.77284193114856,1.33129495189026,34.21547946474081,114.6467796960612,0.40519206507658634,52.1396654906834,111.53335056342397,1.0145984057025488,37.466652309273044,26.663227540576862,3.9199638565988386,19.86016069008026,112.94056652537992,0.4748198450891532,50.26042478908085,127.78580585133878,0.4299255268824044,48.41667453589937
219_Parides_panares_lycimenes.png,Dataset_papilionidae,167124,0.029696645737429823,0.009864664693414604,0.004584220897856282,0.03333147177478333,0.0008674862843025406,0.0012605410752894058,0.000276042539272237,0.0002249826476149446,0.00023349262955782668,0.00040528789002975833,0.0019067678290770127,0.0016083865872047103,0.0004223078539155225,0.00017870962080052336,0.0007728127351879776,0.0032550680931523897,0.009441342954931667,0.0023119061295804313,0.006421130418132644,0.0069084183001842945,0.006934970441109595,0.003331358751585649,0.0021353904884995572,0.0017300028721189058,0.0025721919054115506,0.002861647638878916,0.003241605035781815,0.002189990665613556,0.0017329946626457,0.0014917815514228956,0.0010867679088580934,0.00810850027524473,0.019267504966372275,0.0034704770110815923,0.001439051243388143,0.00102356633397956,0.0010893857255690385,0.0017535632225174121,0.002229631890093583,0.0021608207079773104,0.002218786649433953,0.0033975521169909767,0.0075897985926617366,0.00886018764510184,0.0059327206146334455,0.0009925265072640674,0.0006013498958856897,0.0004730768770493765,65.95223905603025,0.4302480970447737,62.886628934376475,87.73779349465067,0.17396569201738984,77.70794308234608,96.86855269141476,-0.06958329856046126,77.56202458253269,34.93474306502956,2.0605921059928716,41.126710140682135,105.85879945429741,0.5119473894401546,83.91879161437625,101.57757114477873,-0.0944163137470296,80.75095744575248
220_Parides_panares_lycimenes.png,Dataset_papilionidae,59849,0.028021632218861912,0.048063181228313476,0.0087449711403328,0.0012401581015927122,0.00021387157680161743,8.16870605839511e-05,8.614271843398479e-05,0.0002732803481354,9.208359556736305e-05,0.00021981245393499566,0.0001158471041008761,0.00014109583191773372,8.020184130060652e-05,3.8615701366958694e-05,0.00012624363908428804,0.0013500643285602098,0.0011163511503951612,0.0015507777907734464,0.002775735601263179,0.004742142725860081,0.007274557636719076,0.009876940299754382,0.006743011579140838,0.00620519975271099,0.006115390399171247,0.0066834867750505435,0.004995906364350281,0.0022347908904075254,0.0010213203228124112,0.0005649634914534913,0.0002694280606192251,0.0003299971595181206,5.952480409029391e-05,0.0009064478938662301,0.0032425353807081156,0.008474452371802369,0.014207630871025414,0.011940466841551237,0.008618565055389396,0.004305627495864593,0.001371159083693963,0.0007111647646577219,0.0005607863122190846,0.0004761984327223513,0.0004688883690621397,0.0005127487510234089,0.0008991378302060185,0.005744665742117663,62.396748483683936,1.5606726745532753,47.35348834190838,80.09722802386005,1.6493772079607594,53.56705222145533,102.562816421327,1.5683436577603533,58.89827418292559,18.58037728282845,5.442409407978117,23.74118637466084,108.76967033701482,0.20191976103947123,46.6109385273002,102.73832478403983,1.56837161806085,58.87463751746979
221_Parides_phosphorus_vavi.png,Dataset_papilionidae,154702,0.007752251999902321,0.04803960014881658,0.015361433235798144,0.009466228261072542,0.0013703765950020038,0.0006992655413490309,0.0010698705324502019,0.0025942349377081958,0.0011899580411946122,6.550227749695113e-05,6.090562644453351e-05,6.090562644453351e-05,8.848553275903924e-05,7.412099822023418e-05,0.0001775456468996307,0.0008182038873303369,0.00012645279311191839,0.001045962560277178,0.004549472534291735,0.008253367765122623,0.010018050833214826,0.009565163992708563,0.010227324145777043,0.00715811689570917,0.0043620153585603285,0.0023201865522100556,0.0014237049294773176,0.0009049656759447196,0.0008795135163087743,0.0008896135796563717,0.0004581388734470143,0.00031794999418236354,7.231645356879678e-05,0.015365024369432845,0.015636918074750164,0.00850950537161769,0.005596243099636721,0.003722479347390467,0.002626016470375302,0.0017141827513542165,0.0017077187108117543,0.001629342219234399,0.000989806208064537,0.0007631607865444532,0.0011093909581000893,0.0016390382800480926,0.001294424118628072,0.00012443278044239894,44.27022921487764,1.7428979516509848,39.290839904123985,59.5477692596088,1.6877898462731955,48.15958414363029,68.11052216519502,1.6431339718809224,53.5147251597454,26.994130651187444,3.5761606980171554,23.990849035007763,96.47932799834521,0.9770876331759405,42.13652422394905,69.71333273002288,1.5590729950625122,54.24232458581493
222_Parides_phosphorus_vavi.png,Dataset_papilionidae,154353,0.0062321791967474265,0.06225786922760743,0.01530057004974888,0.0019683596834672613,0.0008085362772346504,0.0005954604776785104,0.0006772355142649209,0.0006858737223550347,0.00020098230822998079,6.33468593275011e-06,1.4397013483522978e-05,7.486447011431948e-06,4.607044314727353e-06,4.607044314727353e-06,2.015581887693217e-05,0.00010423437762070636,2.712937228301361e-05,0.0002741281348597047,0.0014050585346575706,0.0016480081371920208,0.0016399098171075391,0.002460674557669757,0.004368638769573639,0.00785091640590076,0.011151386756331266,0.011897646952116253,0.009972271352030734,0.006000855182600922,0.0019350935841868963,0.0008653055010268669,0.0004178733163592544,0.000585103626103801,5.790298860404398e-05,0.0033531094309796378,0.01832528360316936,0.010988610522633184,0.007977655115222897,0.006510239515914819,0.007408343213283836,0.004033368318076098,0.0009402149618083225,0.00035997032775521043,0.0002542872506527246,0.00030854599521875183,0.0006219509824881926,0.001064119259100892,0.00029032477502866804,6.073740063361256e-06,35.47784623557689,2.1878616028503513,29.58938492150619,57.63283512468173,1.4146719238216858,36.643856351132726,71.48987062123832,1.6216651417942072,39.26930072942828,19.973852144111227,5.152349497090472,12.608016120544098,140.51883669251652,-0.4190997212541872,39.16011412125417,72.20659138468316,1.6002922994208337,39.75913598631119
223_Parides_sesostris_sesostris.png,Dataset_papilionidae,97417,0.010362781764077225,0.009536095114587575,0.004512103180713382,0.018438944605835395,0.009149213062287782,0.004344210969338001,0.004146207654835512,0.017689816858339806,0.0042319786758642395,0.0006779560491951554,0.00033030967672765307,0.0003284847613866163,0.00015694271932916113,0.00011861949716738922,0.0005073264648082185,0.004357897834395777,0.0032033679953190923,0.008950568175985711,0.01465029204348317,0.009994405493907635,0.00584856852500077,0.002817783343769568,0.0020382736072759376,0.00189007052157221,0.002028650030282189,0.0021069217898313434,0.0019888725787080286,0.00210820493343051,0.0019324142603447036,0.0012273268526027284,0.0008468747754498702,0.0008674050730365337,0.001215136988410647,0.006988641612860179,0.013678310767114569,0.010807276963979593,0.010059845817465125,0.006750618475214798,0.0033169262038453247,0.0024732592873933706,0.0020928072102405124,0.0011625281008448218,0.0009328453965940236,0.0007795097364936305,0.0008584230678423684,0.0008885769424227804,0.00031437018179578515,0.00018092324748247225,50.97504542328341,1.4407788404518933,34.86414358791784,61.932208957368836,1.683439124184962,40.1119713364333,66.37194740137758,1.5297277887562237,43.58096347403172,55.522845088639556,1.1914776051101452,40.42642369617164,77.36770789492594,1.172695088678391,60.64382914290361,72.03412135458903,1.4603195753877753,45.27077830125805
224_Parides_sesostris_sesostris.png,Dataset_papilionidae,133470,0.0317401330303106,0.031799405609250514,0.007999134220757056,0.007067422558544159,7.059430750147766e-05,0.0001731558485885301,3.6629121816804444e-05,1.398566469368897e-05,4.262297811409972e-05,4.9948802477460604e-05,9.123981252549469e-05,5.927257893991992e-05,0.00013452877467262723,0.00013053287047443037,0.0005254614020628856,0.008954821308159137,0.0016010152094103544,0.0004392372817861692,0.0004963662246197648,0.0014361841612347344,0.0028658125421443022,0.004896231362853076,0.006531898553982169,0.006570296695886716,0.007365887465348019,0.006679871881321645,0.005195924177717839,0.005034371019704802,0.0041530868359931075,0.0028625346519817185,0.0017508616168427362,0.004620420319172848,0.011503053120551434,0.012347343972428261,0.006900427062261182,0.005480164081816138,0.005792031917284783,0.005375271596613471,0.004291226492844834,0.0035068742039409606,0.002402693489173597,0.001893683973926725,0.0004584363527384431,0.0004626507829474788,0.0003821083389525736,0.0003081216752828351,0.001185191428785495,0.0002107215104517869,31.32952723458455,1.978208161958212,33.39545983128526,47.19554956169926,1.0251995956660318,44.87461951270425,60.97661646812018,1.2524838583973001,50.7626831825898,32.808683599310704,2.281444568879124,50.59341910377068,144.6920581404061,-0.032938989003097385,58.002429416779705,62.91873080092905,1.1557246259597311,52.99431948993992
225_Parides_sesostris_tarquinios.png,Dataset_papilionidae,144021,0.009627608319465757,0.0026169023190290926,0.004001885527496377,0.021036438358912165,0.022211575626702586,0.018116493813787958,0.007000830897345989,0.002068216903553417,0.00026107303795974197,0.00016725955859832168,0.000325878401992302,0.00015182971001914073,0.00024440880149422656,0.00015985323128031483,0.000398090093342869,0.0005005442879086306,0.006463901097756577,0.001414724241603655,0.0035832448045771104,0.0043209844397692,0.0052084418244561555,0.006024295068080349,0.006745978017094729,0.007012432214746461,0.006423976364557947,0.004096624797772547,0.003684792495538845,0.003314186819977642,0.002040501038043063,0.0009620992771887433,0.0003159261496587303,0.0008878913491782448,0.011831607890515966,0.015764628075072385,0.012505554745488505,0.009357142361183438,0.005779973059484381,0.0027543726262142325,0.0007841738357600628,0.00031332236271099356,0.00025300129842175794,0.000307246859832941,0.0002447559730872581,0.0005645878031675936,0.0015739892099068886,0.00042745502392012275,3.0377514390262533e-05,7.811360843210366e-06,28.82415758812951,3.009603569858998,32.57348040784693,46.23720151922289,2.2924736421730025,41.468565424224174,30.479478687135902,2.3420613516082147,25.26056992393499,47.16608689010631,0.9301651148968746,26.01779009000969,103.60293984904979,0.05432239566662578,59.26010451552738,46.61609070899383,2.2885829994540017,41.39253808265006
226_Parides_sesostris_tarquinios.png,Dataset_papilionidae,147432,0.029929881044971393,0.007865019504283708,0.0017249383519935366,0.005743363418766316,0.00236643936790445,0.0009905885048323597,0.002418290013927325,0.01894116157505381,0.00798319074405677,0.006383055691211316,0.0008217724480136982,0.0005305647500015074,0.00034004377159187513,0.00019112389289827023,0.0006716467403428172,0.001987809069039738,0.011927532693038147,0.0038301555971566553,0.00724995252048402,0.005335934532530251,0.005784870313093494,0.005896786315046937,0.004874704948722123,0.0037771650659286994,0.004460954880894243,0.002799595745835368,0.0016189667100765099,0.001408276357914157,0.0009254266373650225,0.0005625474795159802,0.0003471939606055673,0.0016999362417928266,0.018526761490042867,0.01910202669705356,0.004509706169623962,0.002079348445384991,0.001287881870964241,0.0009122849856204895,0.0006117226924955234,0.0004883607357968419,0.00048115402354983994,0.0005672106462640404,0.0007550090889359162,0.001941149139942482,0.002980611400510066,0.0029055768082912803,0.004258319089478539,0.0010928767160453632,54.836338108416086,1.319890919820965,65.44004730365934,60.649594389277766,1.2871770513786127,73.11945942663222,55.64205192902491,1.4233013542873083,72.28084615900039,50.9127394324163,0.49893482934451666,45.750659585632974,78.79071029355906,0.7331792954405513,63.18527461598876,68.4557694394704,1.1488612869990071,81.51581058387342
227_Parides_sesostris_tarquinios.png,Dataset_papilionidae,83484,0.01023536113373687,0.04410159764479155,0.018654273074281698,0.011984731605257693,0.002452099936647874,0.0008230452674897119,0.00015864650046050073,5.6431305532929796e-05,1.8100607435090688e-05,2.1294832276577282e-06,6.388449682973184e-06,8.517932910630913e-06,1.7035865821261826e-05,2.0230090662748418e-05,5.3237080691443204e-05,0.00029706291025825306,0.0024495711753150305,0.010313353456949835,0.012649130372286906,0.010771525082650567,0.008767398543433473,0.006040079536198553,0.004400543816779263,0.0027295649465765895,0.0016305519620526089,0.0009447918163959561,0.0005816982894925974,0.0004948553016146807,0.0003571043553255714,0.00019240213693641896,8.459704853624646e-05,9.283215945570409e-05,1.1229696708351302e-05,0.0003630935269033587,0.004032958411192564,0.01369199487326913,0.01777062071774232,0.014129204398447606,0.006723593742513536,0.0017675542618944948,0.0005554956638397777,0.0004177447175506684,0.00041250419242010443,0.00035935029466724165,0.0003032018111254851,0.0003623448804561353,0.0004581716257007331,0.001140937185568492,61.33602846054334,2.030122103669764,29.211885396222645,72.4974126778784,2.2655915933469366,29.763031735437238,81.84036462076565,2.5625238282237444,37.833137121120814,22.929687125676775,5.016630991437834,14.652992429629471,64.11125485122898,1.2792396075378114,39.16160418946743,82.3656149681376,2.5996675563964313,37.66329296909308
228_Parides_sesostris_tarquinios.png,Dataset_papilionidae,93329,0.010090944698622912,0.055440669269168456,0.010985271935244614,0.0058088411247665065,0.002532498532669969,0.0011095753255210658,0.0002447732692351193,0.0001257201227199834,6.28600613599917e-05,5.619308515514411e-05,4.762125860605433e-05,5.5240659983023025e-05,4.8573683778175415e-05,8.667069066301888e-05,0.0001847704833914908,0.0020086646880033716,0.00014866761671077585,0.0010212527724501495,0.003364441920517738,0.006752992103204791,0.008764692646444298,0.008606649594445456,0.008847732216138606,0.007713974220231653,0.0064047616496480195,0.00444194730469629,0.0027034737327090185,0.0015904756292256426,0.0007473561272487651,0.0005149792668945344,0.00027858436284541784,0.0005980188365888417,0.0007560618885876845,0.004129879244393489,0.011266594520459878,0.013088107662141456,0.012078909020775965,0.01012613978506145,0.005435073771282238,0.0015047573637347448,0.001040673316975431,0.0007312839524692218,0.0002953262115741088,0.0001734455528292385,0.00018349066206645309,0.00018349066206645309,0.00026251218806587446,0.0012442541975163132,43.864147263980115,1.9039846292286347,28.230465688620676,59.032540796536985,1.7169835942961291,32.60561855414206,70.98109912245926,2.2898265372919555,40.221581496380374,23.933718351209162,4.457724022799331,27.391807038221717,104.14353523556451,0.6597169358151995,43.622082510918496,72.75170632922243,2.1523034378782784,41.14594923349509
229_Parides_sesostris_tarquinios.png,Dataset_papilionidae,81871,0.015765723584120817,0.04118565928242126,0.01171056363737533,0.005671795331137467,0.0027772688470615696,0.0009196038754734752,0.00048531633097596627,0.0005700024021529805,0.0005026878327558667,0.00037131585054537013,0.0003235442206506441,0.00026165824555974914,0.0005178878968132794,0.0004494876085549217,0.0008468607117701425,0.006529513231520047,0.006269008562250369,0.01628781864152142,0.009583674316913192,0.007553804155317511,0.007303410242943167,0.005781961866839296,0.003387188381722466,0.0017069536221616935,0.0010382186610643574,0.0006748421296918323,0.0005771274321798928,0.0005038414090459382,0.0004229214251688632,0.0003030682415018749,0.0001977195832468151,0.0009084413284313127,0.0011084510999010639,0.002278737281821402,0.006850716370876134,0.010463869990594961,0.008692791098191056,0.007637777723491835,0.0065987956663531655,0.0047490869782951224,0.0041192852169877,0.0037169754858252615,0.002258888983889289,0.0010420356414359176,0.0006252213848615505,0.0003969659586422543,0.0003748274724872055,0.001585573646346081,76.05241172087797,0.8938712754055931,46.87411197565188,82.7996115840774,0.8483860201977264,48.17233144878721,92.80308045583907,1.0251941500623443,50.69886509867572,35.62202733568663,2.288130460517697,46.73816734262442,58.66649973739175,1.8077258682733564,47.5578078564619,93.47274370656277,1.0187471514172963,50.9806296429394
230_Parides_sesostris_tarquinios.png,Dataset_papilionidae,110227,0.021397459585925205,0.03440979876880337,0.009316531642277604,0.004068372036292782,0.0036530674577614076,0.002028944309873665,0.0009023802395662284,0.0007523867413005283,0.0008072230739998165,0.0013563928176500415,0.0008144808239158987,0.0014805809828807822,0.001042696737943819,0.0007951268241396794,0.0011297897369368062,0.004933657109621256,0.002108149545937021,0.004979496856487068,0.010209612889763851,0.008523320057699112,0.008684351383962187,0.007759555281373892,0.006771820878732071,0.004932434884374972,0.0033992352146025927,0.0020559844684151798,0.0010478376441343772,0.0005658776887695392,0.000381031870594319,0.0002846398795213514,0.00020866031008736515,0.0005879911455451024,0.0009004145989639562,0.010650180990138532,0.016856124180101063,0.015321790486904298,0.008139453128543823,0.00410629881970842,0.0011255182487049451,0.0003645885309406951,0.00019902111098006841,0.00015989730283868744,0.00017520661906792346,0.0001967530641312927,0.0001950520289947109,0.0002528872236384915,0.0005477333139793335,0.0033090803523637582,46.79397969644461,2.547405724529918,43.47801323571996,55.39808758289711,2.668036087923159,49.93026571504586,62.82813648198717,2.5347297598769942,54.06065770779542,37.58175401671097,1.9199618978426003,47.509486581401596,79.66123545047947,0.9762877542637284,45.49959089663899,64.5913161022254,2.512770108731587,53.73487098321872
231_Parides_sesostris_tarquinios.png,Dataset_papilionidae,106188,0.013107988766255236,0.049919011564395224,0.009498457662091972,0.005007471026230208,0.0016699940985170955,0.0004428204902834805,0.0002310367775392072,0.0005265294676527584,0.0005114618517262884,0.0009333550976674494,0.0006027046370588013,0.0006554412928014465,0.0006169351632115786,0.0006864136144280794,0.0008981973271723526,0.0035810700518577113,0.0013343080197385769,0.004876963498700418,0.010340740008287188,0.010823374580931931,0.01352436245150111,0.008241868196029683,0.00488696933740159,0.0042795560703657665,0.0018245941160959806,0.0008269531397144687,0.0004002335480468603,0.0002407287075752439,0.00018363656910385355,0.00018363656910385355,0.0001371388480807624,0.00039493633932271064,0.0009305429992089502,0.01693811918484198,0.02233950634723321,0.01024715598749388,0.004726875918182846,0.0011795118092439824,0.0004349596941273967,0.0002719233811730139,0.0002371972350924775,0.00021953987267864543,0.00022660281764417826,0.00023190002636832788,0.0002701576449316307,0.0003148896297133386,0.0011118252533242928,0.002819292198741854,42.98079820695371,2.6736897744098145,43.72215749749299,50.08267412513655,2.7980310667200863,50.40449216202132,56.99334199721249,2.620710215325527,55.25774236638897,30.642115869966474,2.6280649727576497,40.85334483453767,72.44905262364863,1.3706536929817128,37.75917025270559,57.69487136022903,2.6103187556780076,55.125545159659396
232_Parides_sesostris_tarquinios.png,Dataset_papilionidae,109241,0.0293752142307172,0.024908027002478718,0.008581230693807474,0.006750416256004817,0.008429883366949121,0.000375113535923122,0.000245735982318401,0.00021074708417372803,0.0002538729353753017,0.00033361507533292853,0.00044509133221246804,0.0006558384163861961,0.0005411073782838963,0.0005085595660562935,0.0008877415785078659,0.006386694454361356,0.0033675543065332615,0.006844957479334682,0.008100209628253129,0.009414391116888347,0.008177447112347929,0.006528569859301911,0.00536714695032085,0.003527750569840994,0.0021328988200400947,0.0012409489111231131,0.0007111569831839694,0.0005767065479078368,0.0005252148918446371,0.0007243159619556759,0.0009022482401296216,0.004358482620993949,0.0002900696624893584,0.001313609359123406,0.0030008192894609167,0.008534455927719446,0.011038094671414578,0.01066220558215322,0.009912143792165946,0.006649289186294523,0.002306826191631347,0.0011917457731071667,0.0007574994736408491,0.0005578262740179969,0.0004302413928836243,0.00045198231433253084,0.0006339194990891698,0.00476927161047592,73.3125291786051,1.404820063412136,56.550481087652855,88.12628042584744,1.5197276929474155,53.75586002382211,97.46635420766928,1.3366609804775853,59.4627409786616,35.965525764136174,2.153974401870188,47.55202464009895,86.94457209289553,1.307520699333845,64.32320553513624,102.75403008028121,1.4929096292916078,56.0114244888952
233_Parides_sesostris_tarquinios.png,Dataset_papilionidae,94833,0.0454487830654355,0.02956214257343611,0.002883197011823123,0.000932633623785438,0.00019121332588163754,4.967797192022936e-05,3.93674494462195e-05,3.09315674220296e-05,1.874640449819976e-05,7.8734898892439e-05,0.00025213914050078675,0.00040211037648638483,0.0007161126518312308,0.0004283553427838645,0.0008210925170211494,0.00703365096772455,0.0013629221895331794,0.004306254152035684,0.007327354401948689,0.010264095831619795,0.012867356300022144,0.011598678729977961,0.007057801609144496,0.0034475077241044785,0.001516481604504761,0.0008192032309428152,0.00056019529066886,0.0004587010850653254,0.000392136703468202,0.0002590079402739553,0.0001364240296099459,0.00012587917707970853,1.5817278795356048e-05,0.00017662627988147586,0.0004534286588002067,0.0028714951546402624,0.009155568209378592,0.009893707886495207,0.008099105796505435,0.005887322978288149,0.005074710280176732,0.005347558339396623,0.003987272362996003,0.002463541172376704,0.0016061128510117787,0.0011342307002836565,0.0010663482121202536,0.005267153838853564,92.88985901532168,1.201157211218847,50.97594188677561,102.86464627292187,1.123412990855209,53.90166354411089,127.9005409509348,0.839835666497177,56.27671223657687,28.395727225754747,2.4713655756846107,49.37387123490705,75.96179599928296,1.0553079553382887,36.508532292753,128.06144485569368,0.8495169198508044,56.30314381325899
234_Parides_sesostris_tarquinios.png,Dataset_papilionidae,78807,0.02214354900791385,0.04850217761253583,0.007998161471837668,0.0019332743989183138,0.0004895222223632136,0.00010264175630196415,3.3837941638010155e-05,6.203622633635196e-05,3.045414747420914e-05,5.301277523288259e-05,3.722173580181117e-05,7.557140299155603e-05,7.444347160362234e-05,8.572278548295907e-05,0.00016806177680211713,0.007099200155654532,0.00040288299262755846,0.0017526996332813075,0.004733082086616671,0.009784187952846829,0.011125280749172028,0.009424924181862018,0.0072415838694532214,0.0056911188092428336,0.004699772862816755,0.003001795525778167,0.0015163627596533303,0.000979449795068966,0.0006003591051556334,0.0004465022142703059,0.00037750453639905085,0.0007224929257553263,0.00035371223368482497,0.0011459959140685471,0.002509294859593691,0.006366027129569708,0.01054792086997348,0.01124662149301458,0.01055664471430203,0.007391475376552844,0.003714771530447803,0.0019049703706523532,0.00106589516159732,0.0006749083203268745,0.0005646706510842945,0.0007201136954839037,0.0013402997195680587,0.0023966779600796883,69.91905541385917,1.3796724133326665,44.52935845105616,83.28827388429961,1.0893212627346944,44.17355909626701,103.25627165099547,1.3212911762262063,49.89885748184556,29.522529724516858,2.8216693684139154,45.32224314237965,93.33861205222887,1.0411960720705014,44.253085984343734,103.51107135152968,1.3371998334146324,49.76860997851758
235_Parides_sp.png,Dataset_papilionidae,43526,0.004970719927297605,0.009396171892151306,0.027818877095171723,0.03516467807236543,0.007823676270122074,0.001684816737888465,0.0005473101645504348,0.0002818238907013433,0.0001817559874813011,8.577248847432187e-05,7.351927583513303e-05,3.063303159797209e-05,7.147707372860155e-05,3.880184002409799e-05,0.00010211010532657364,0.0006167450361725048,0.0004020585397233837,0.0015192069108119284,0.0036415016312089325,0.006000723705371502,0.008605488673436567,0.011305024583007858,0.012060320268345357,0.008779235399531314,0.005187991085787805,0.0019873179249184397,0.0011027891375269953,0.0006863713642420623,0.0003776478426687497,0.00025846620410788955,0.00015220787575242383,0.00043364885355879246,0.0008672977071175849,0.01665527500804117,0.02602323898359601,0.006995818591186877,0.0020461907825207923,0.0011932523089647567,0.0008960161742406838,0.000791193769241373,0.0007351927583513303,0.001381358268621054,0.0011286357579377844,0.000791193769241373,0.001164533841841658,0.0011243279878693194,0.0005456508753388779,0.0001608234158893535,37.27229701787437,2.454416115248772,37.44806286689886,51.984629876395715,2.4502363281337836,43.766148769289245,54.40240316132886,2.1497483879112527,49.966534522400316,33.512360428249785,4.075750339222369,18.522917950762725,95.83212332858521,0.7553447081794514,37.72986019028495,56.63679180260075,2.174310404294251,49.158199535524076
236_Parides_sp.png,Dataset_papilionidae,65351,0.004443696347416259,0.067500114764885,0.011653991522700495,0.0036955993192317044,0.000666486443291695,0.0001754627575196503,7.88902320630986e-05,4.08052924464303e-05,6.936899715893151e-05,0.00012785658299881495,0.00010473358394583777,7.072917357381252e-05,3.128405754226323e-05,1.768229339345313e-05,5.848758583988344e-05,0.00015369993488155412,0.0005709553029027865,0.0014441248029869473,0.002561169683707977,0.0037461171213906443,0.005995508867500114,0.009033909198022983,0.011465968386099677,0.009737800492723906,0.007076211534636043,0.004160227081452464,0.002375633119615614,0.0015349803369497023,0.000864562133708742,0.0005441768297348166,0.0003653348839344463,0.0010233202246331349,0.0009420284310875121,0.007541009318908662,0.013613028109745833,0.015358410735872442,0.010474208504843078,0.005265795473672935,0.002578384416458815,0.0018620602592156203,0.0012471117503940262,0.0008473474009579043,0.000600602898195896,0.0006331196156141452,0.0006063411424461752,0.00039689522731098224,0.0002438753806368686,0.0002897813346391027,40.998301479701915,2.39877007761242,34.20472878532481,55.63564444308427,2.0422994528506346,36.40322007823351,65.71881072975165,1.8909604813984646,40.3636881891793,20.07435234349895,7.415920725508736,12.222532612694998,109.09279123502318,0.6098244642048131,44.18571485957789,65.94624412786338,1.8858255324652209,40.381178719007714
237_Parides_sp.png,Dataset_papilionidae,63667,0.005932255153986977,0.07715282467980097,0.004023713662930212,0.0014715455241944631,7.399612218435157e-05,2.7923064975227005e-05,2.7923064975227005e-05,1.535768573637485e-05,2.5130758477704307e-05,1.8149992233897552e-05,6.980766243806751e-06,6.980766243806751e-06,1.3961532487613502e-05,9.773072741329452e-06,2.0942298731420254e-05,6.14307429454994e-05,0.00021105910440259476,0.0006331773132077842,0.0006852058366186564,0.001470542039046916,0.0028193569667174516,0.0036871534704006784,0.004439112884225737,0.005075235208192627,0.005559198642939042,0.006121695697928283,0.007127907707289491,0.007909317228705609,0.006030400364395998,0.003718566918497809,0.00222348312312501,0.004788587494306312,0.0005742770980256648,0.0028360453610190525,0.004053316474782855,0.009194323589928848,0.014628850110732405,0.010022853283490663,0.006849113355427459,0.0046982738310270625,0.002744750027486767,0.001455816985251386,0.0008157679802723546,0.0005575887037240643,0.0006439756859911728,0.0005772221087847708,0.0005409003094224638,0.0023069250946330124,43.433756891325174,2.1183621430962996,45.37996737079009,67.85893791131984,1.9593837285999967,47.05212128695406,91.43184067099125,1.5277482767668493,50.046580619607646,16.12106742896634,11.763067341163136,7.512419037322018,156.4302699985864,-0.19385091179431738,54.771909507941196,91.56154679818431,1.547365184813241,49.9013148949814
238_Parides_sp.png,Dataset_papilionidae,56209,0.04004103731905329,0.03488567469424628,0.0014786086055811544,0.00037479170002431404,0.00012493056667477133,6.80001818609515e-05,4.427918818852655e-05,2.3720993672424938e-05,8.065137848624478e-05,6.958158143911315e-05,0.00015339575908168126,0.0007147926093290715,0.0012413986688569049,0.0005772108460290068,0.0010010259329763323,0.00800978886338882,0.002210500097849099,0.006603702254087423,0.01164849045526517,0.011050276646088705,0.009126652315465495,0.007081828532797239,0.006528091586756569,0.0037138180718390293,0.001971436958494191,0.0011152573431301037,0.0005537369460406696,0.00035581490508637404,0.000246846590403672,0.0001412140404561547,4.7812627870981514e-05,0.00010452062836912238,4.7812627870981514e-05,0.0005959899660196766,0.0031645288121119395,0.009602554751018521,0.014827474247896244,0.008538445800494582,0.005858714796562828,0.004559990392997562,0.003211229518404526,0.0017045757796794107,0.0010485420484264087,0.0007794570264548382,0.00096070024373321,0.0032301321852372398,0.004191944350548845,0.00017790745254318702,79.72312263160704,1.072968337836798,50.11034239853627,86.33209984166237,1.0750315994165267,49.36933213806892,104.55261612908964,1.1227323004708234,55.76547174479028,31.45359284100411,2.1625245798648955,53.13901954822797,69.58382109626572,0.9518340916188054,38.158394075567685,104.72620043053604,1.1214096341084712,55.735214833584195
239_Parides_sp.png,Dataset_papilionidae,90001,0.03819216823516776,0.006558939468573806,0.001254307050909311,0.011917892270332799,0.018161773511158517,0.000986655703825513,0.00020246688617040057,5.135745405297965e-05,6.518446091339726e-05,0.00043456307275598175,0.0009718410536179228,0.0014656627272042655,0.0010636918849049825,0.0006469063923981092,0.0012029495968563313,0.0057125291200468145,0.003164548171686981,0.004772169198120021,0.00524299730003,0.006443678403573293,0.005599937778469128,0.005576326929700781,0.005462439306229931,0.004902028866345929,0.005086749036121821,0.004890223441961756,0.003954122731969645,0.002624970833657404,0.00151178875790269,0.001081932422973078,0.0005673548071688093,0.0016187320140887322,0.0009881834646281707,0.004550643881734647,0.0021923367518138686,0.005279108009911001,0.009582532416306485,0.01073113076521372,0.0097700303329963,0.006302013310963211,0.003765235941822869,0.002161087099032233,0.0013645681714647615,0.0008604071065877046,0.0006097154476061377,0.0009569338118465351,0.0019631726314152066,0.0014229008566571482,67.05957711580983,1.2308825592539994,51.60132038052687,86.3291852312752,0.7561117709140388,47.31883007352869,91.35077388029022,1.0850658994377667,54.476647225465776,40.81629093010078,1.7601065320924185,48.70292559992633,102.27507472139199,0.4388594660806735,60.121152168136895,99.7717469805891,0.9514167963463078,52.457357944209186
240_Parides_sp.png,Dataset_papilionidae,52837,0.03211049496039181,0.017556720564082827,0.0011355678785699415,0.00036001707557624813,0.00014636208212679246,0.00010262168976706139,0.0002607600313753199,0.0002792655819890523,0.0005703074234595706,0.005028462798586007,0.005425490975389721,0.006759572942361519,0.003149308249900638,0.002170196390155888,0.002235806978695485,0.011597933266461002,0.005482663663720499,0.013496697390086493,0.009458334121922138,0.0073303272328103415,0.0101775271116831,0.007810577814788879,0.0049148797244355285,0.001521187804000984,0.0006399398149024357,0.0003666937941215436,0.00030873251698620286,0.00030873251698620286,0.00024130817419611256,0.00011119102144330678,0.00010172795578855726,0.00022947934212767568,0.00022947934212767568,0.0013780589359728979,0.00623024585044571,0.01396748490641028,0.013772309177281072,0.006714045082044779,0.005160919431459015,0.004725618411340538,0.0033724000227113578,0.0019351969263962754,0.0010977156159509434,0.0005736983553191892,0.0003820712758105116,0.00042938660408425915,0.0011130930976399115,0.0014182769650055833,73.74972083956318,1.0838694259854085,45.100770454483204,74.13976947972066,1.2426288562212382,41.40819691942499,86.3721823722013,1.7134851513441205,46.70334601683288,65.62827185495013,0.49949304074769185,67.34871956619793,58.393417491530556,1.324247895579685,38.2617704203167,88.75916497908662,1.5381165707853002,47.91283509772533
241_Parides_sp.png,Dataset_papilionidae,48489,0.0050449013636540705,0.01764982206731882,0.03580010128299431,0.02475888002089821,0.0033052169907951635,0.0009734166511992411,0.00031163998249316566,0.00020531575317196798,0.00010082470021837715,8.065976017470171e-05,8.065976017470171e-05,4.7662585557778276e-05,3.483035098453028e-05,2.5664469146495998e-05,7.516023107188113e-05,0.00039413291903547424,4.5113324671575e-05,0.0002565014745612407,0.0008996885891645528,0.0018896038276722555,0.002736445379364392,0.0032210913815504546,0.004120779970715007,0.00521896718843449,0.007490100847614923,0.008235115180762647,0.0073302707830642,0.0059137123883767455,0.004891573346532203,0.0033602982119656003,0.00196694095568067,0.004923797149869042,0.004809080409989895,0.030088009651673575,0.010400554764998246,0.0042226071892594195,0.002303357462517272,0.001761997566458372,0.002414207345995999,0.0025366577986759885,0.001563498937903442,0.0006676772051393099,0.00041117573057806924,0.00026810204376250283,0.00029645899069892143,0.0003016147992328157,0.00021009919775619211,0.00024490090535997855,22.101569428117717,3.116182327074018,29.829706599163355,39.254305100125805,2.347115015878899,34.14559677983711,44.73952855286766,2.0769659226676405,43.19882486202051,29.10715832456846,4.618462496510067,16.15929948843097,154.89469776650375,-0.018751857387726712,53.67080191286668,46.377570170554144,2.0848118939365055,42.694922285693025
242_Parides_vertumnus_bogotanus.png,Dataset_papilionidae,88425,0.03557566047812019,0.014558979675179844,0.002191436559545126,0.005912857726258914,0.0009017057770238432,0.001002230389847014,0.0029212452486413474,0.002784531775201835,0.001054503188515063,0.0009127634844343919,0.0007529293500455503,0.0007569503345584771,0.0006885935978387208,0.0006755253981717087,0.001500832469449942,0.016698143436056922,0.007571388182075205,0.00803223070398643,0.006779050042408821,0.006396663839411931,0.009355385920271417,0.008333333333333333,0.006192394684761097,0.0034704551880124397,0.002065309584393554,0.0006382527565733673,0.00038238620299689004,0.00036259541984732824,0.0005279898218829516,0.0008863443596268024,0.0006636980491942323,0.0008425219112242013,0.005837574215436811,0.01888888888888889,0.011460983884648007,0.0046515408538309305,0.002017953067571388,0.0011874469889737065,0.0009266327396098388,0.0009549052869663557,0.0018200452360757704,0.0025947130336443315,0.0024696070115917445,0.001903449250777495,0.002784139100932994,0.0025749222504947698,0.0011697766468758836,0.0012574215436810857,53.435148430873625,1.0507648091713098,49.151777692268375,55.3308566581849,1.0157223809316653,50.716855466552076,74.46720949957592,1.0945298547026368,71.1105038015265,54.96223918575063,0.9552202600946414,67.68513148975418,70.94013005371784,1.1385258810074521,52.159419083564465,75.98062765055131,1.0392377247702012,71.73921024694332
243_Parides_vertumnus_bogotanus.png,Dataset_papilionidae,62100,0.01628913938092682,0.027744498121309715,0.013041331186258723,0.016370728216138844,0.0030059044551798172,0.0012853820003578458,0.0007514761137949543,0.001079262837716944,0.0004909643943460368,0.0005510824834496332,0.0005324745034889963,0.0006455537663267132,0.0006555734478439792,0.0004136697083556987,0.000767221327607801,0.0052646269457863664,0.015555555555555555,0.01782709339774557,0.013254830917874397,0.00884561191626409,0.004619565217391305,0.0015901771336553946,0.0005314009661835749,0.0001388888888888889,6.038647342995169e-05,3.0193236714975845e-05,2.0128824476650564e-05,1.4090177133655395e-05,7.045088566827698e-06,4.025764895330112e-06,0.0,1.006441223832528e-06,1.3083735909822867e-05,0.0006541867954911433,0.009344806763285024,0.010217391304347826,0.007294685990338164,0.006207729468599034,0.004788647342995169,0.004952697262479871,0.006545893719806763,0.0054086151368760065,0.002648953301127214,0.0018448067632850242,0.0010336151368760065,0.0006833735909822867,0.00036735104669887277,0.0004941626409017714,88.50916264090178,0.6617713385878619,49.071367033982796,94.00987117552334,0.5371089006976616,49.69062207181115,97.55610305958132,0.6709367877779282,48.64846088178445,36.950901771336554,2.216983293623708,44.05098884644304,33.78206119162641,1.050975916021347,23.028542961302854,98.48780998389694,0.6560751466864518,49.07480729770509
244_Parides_vertumnus_bogotanus.png,Dataset_papilionidae,73762,0.011543432481042634,0.05768944563445798,0.012467726531878805,0.002736729842827834,0.0006133841875822841,0.00021932401206282065,0.0002446306288393,0.00018437677937149208,0.0001385838537759581,0.00011207216001012266,0.00010363662108462955,7.712492731879409e-05,0.00014099400775467044,0.00010002139011656108,0.0002072732421692591,0.002310132588595754,0.00031520295002846995,0.0016751511618448523,0.004698388058892112,0.008651134730620102,0.011765882161546596,0.010465246332800087,0.007935996854749057,0.006890404273203005,0.004892424283506412,0.0024360443046555135,0.0010023792738808601,0.0006236273419918115,0.00043636967544263984,0.00032367614760988044,0.00016776931211192754,0.00022030313711667254,0.000510086494400911,0.004583999891543071,0.006514194300588379,0.014398504650090833,0.013683366774219788,0.011004141698977793,0.006405737371546325,0.002512303082888208,0.0010667755754995797,0.0005024606165776416,0.00031520295002846995,0.0002126772592934031,0.00011523548710718256,0.00013472384154442668,0.0002830047992191101,0.00025758520647487865,47.99056424717334,1.7862661588362798,26.831782343040366,61.23979827011198,1.4200525492853804,30.895800349232395,72.83126813264282,1.5019283310448814,33.73275291740047,23.65520186545918,4.520590288214049,28.73232802521577,90.7488137523386,0.8170053438202091,38.47653437595656,73.02719557495729,1.5415307134083052,33.53152083293492
245_Parides_vertumnus_bogotanus.png,Dataset_papilionidae,165463,0.05264097310778442,0.006775868656772544,0.0006709791447164757,0.0003368326050738433,8.810294614371659e-05,5.694458714167048e-05,0.00027075539546605586,0.0003250139171765155,0.0007338330758068101,0.0010158699460839518,0.0005431224301908382,0.0012398878030469385,0.0021219916906565885,0.002073105299808551,0.0028493782094284924,0.01714623007359148,0.013590273958528493,0.008163456482718191,0.007120549609278207,0.006547158579259411,0.006898823301886223,0.006488610746813487,0.005519360823869989,0.0027611913237400505,0.0015399968573034455,0.002395172938965207,0.0010440400572937756,0.00023268041797864174,0.00011067428972036045,4.6838265956739577e-05,2.0397309368257555e-05,2.0775037319521585e-05,8.310014927808633e-06,0.00021266083656164823,0.0026384297395792415,0.012887699969177399,0.012066519403129401,0.006822522255730889,0.004225264862839426,0.00303957682382164,0.0024843167354635176,0.002514157243613376,0.002296208215734031,0.0020593727902914853,0.000563192375334667,0.0004638499241522274,0.0007924732417519324,0.009425445567891311,94.74753268102235,1.2974513645818109,67.62953744026515,96.98794292379566,1.2986427732935286,66.57114915902496,117.10133987658872,0.9423849330414261,69.98122568668371,55.059880456657986,0.8528258336722618,72.35548586525084,58.941757371738696,0.6137072281365722,45.71243928351292,117.4427152898231,0.9447954807832384,70.23674472307907
246_Parides_vertumnus_bogotanus.png,Dataset_papilionidae,149186,0.04130384590749504,0.03432195752654777,0.002451823748728284,0.0007578905974197758,0.00011439858074260766,3.33662527165939e-05,0.00011737771044944641,0.00035392060917244244,0.0002746757589705319,0.0001864935196481052,0.0001519356150487758,0.00015372309287287904,0.00018708934558947296,0.00022522220583700883,0.0005880802041299675,0.007667088213520185,0.0040457046907886795,0.005059120829032215,0.011540543348571582,0.009715221267411152,0.006955662729746759,0.007034004531256284,0.00680107382730283,0.006058711943479951,0.0034901900982665934,0.0011499906157414234,0.0003896143069725041,0.0001474669204885177,5.613797541324253e-05,2.7650047591597067e-05,1.256820345072594e-05,1.633866448594372e-05,1.2987143565750137e-05,0.00012274945370209002,0.0005475547303366268,0.0016543945142305579,0.00734695279717936,0.013123299103133002,0.009435369270574987,0.007307572426367086,0.005875635113214377,0.004539635086402209,0.0046062465646910565,0.0019346654511817462,0.0006145851487404984,0.0003795597442119234,0.0005651502151676431,0.004433643237301087,93.43994744815197,1.1683507847838326,51.606994743025744,102.62205568887161,0.9803556412931634,50.43616258705113,123.118301985441,1.1222193514191343,50.40195297640899,28.850790288632982,2.4984488232002167,49.051776938521996,71.02818629093883,0.34390116484231337,38.91519927247464,123.2450363975172,1.1270598976271264,50.49506472389085
247_Protesilaus_glaucolaus_glaucolaus.png,Dataset_papilionidae,46118,0.004625814938491117,0.012277683815911839,0.008814104880716616,0.01908919631284001,0.011300480410155592,0.005250299955187418,0.006666955780100322,0.007029311283615461,0.011601158381157514,0.0008268644202552871,0.0002736940505273911,0.0002390004384887077,0.0001291373336995437,4.625814938491117e-05,0.00014841156260992334,0.0005705171757472377,0.0036238561949780996,0.020766024112060365,0.010397241857842925,0.004506103907368056,0.003943687930959712,0.0032145799904592567,0.0030790580684331497,0.002478695953857496,0.002339108374170606,0.0019691335270393337,0.0015490155687584023,0.001035387484279457,0.0007955136822932478,0.0006450843488442691,0.0004743267270913743,0.0016831822715642482,0.0017143523136302528,0.0049926276074417795,0.005418166442603755,0.0038786374083871807,0.0029313391734246933,0.0028581573355305956,0.0033284184049611866,0.006143208725443427,0.008509421484019255,0.006514538791794961,0.005716314671061191,0.005228435751767206,0.003454453792445466,0.0015368185957760527,0.00024258424042673143,3.2525261286265666e-05,97.64935599982653,0.10062630715280871,63.31470329284605,112.947092241641,-0.24957881097140444,59.3946428415153,106.1428726310768,-0.1734394539033161,53.285405894850214,51.45305520621016,0.7647900554854824,29.919699643257363,67.77453488876361,1.414206725593609,60.47153954665217,115.8476299926276,-0.24038058040856686,57.91679309206068
248_Protesilaus_glaucolaus_leucas.png,Dataset_papilionidae,60972,0.012547836165234316,0.029547989240963062,0.011302820238069205,0.02646460670471692,0.0031139976819961075,0.0005131681573326918,0.00017494368999978132,0.0014082967044982395,0.0002143060202497321,0.00023034252516637873,0.000333850875082916,0.0002726205835829926,0.0002522104864163514,0.00016765436958312375,0.00031781437016626936,0.0020264310758308004,0.03110546644361346,0.009991266482975792,0.004614823197533294,0.004556394738568523,0.004381109361674211,0.0033037705832185266,0.0021444269500754446,0.0009215295545496293,0.0005463573443547858,0.00034237026831988453,0.0002029620153513088,0.0001301827068162435,8.610509742176737e-05,5.330315554680837e-05,3.58771239257364e-05,8.405497605458243e-05,6.86790658006954e-05,0.002174153709899626,0.0036266646985501543,0.002407867545758709,0.0029101472807190184,0.004095117430951913,0.004162771436069015,0.004482590369349866,0.003345798071245818,0.002625180410680312,0.003399101226792626,0.005619382667453913,0.010884094338384833,0.011120883356294693,0.0015017139014629666,7.585449058584268e-05,134.51105425441187,-0.4033870520814792,64.46789194528493,142.5334743816834,-0.46768317952356653,63.56618974134298,147.21616479695598,-0.5011969152060914,61.64264249216539,30.49583415338188,3.234925603888007,30.262189887958353,33.318031227448664,1.8211340338780881,36.54157616064134,147.99001180869908,-0.49909683673858507,62.115177415199
249_Protesilaus_glaucolaus_leucas.png,Dataset_papilionidae,98087,0.007465481324402486,0.01484396505143393,0.0245052294844826,0.03039569180648019,0.005025923698122868,0.0013674934836760562,0.0006207641062412846,0.00036792733888169575,0.00016040182015285748,0.00010874699671380168,0.0002184002184002184,0.0001730889697694677,0.0003443654895937054,0.0003978327629779912,0.00047486188565026735,0.0024187144519094727,0.009872613088380723,0.013996503104386921,0.008554268149703835,0.005845575866322754,0.004561639157074842,0.003465036141384689,0.0027998103724244804,0.002363972799657447,0.0023384852223026498,0.0020447408932886112,0.0021594349913851988,0.001934507121229113,0.0010048477372128824,0.0006148878036844841,0.000326878179575275,0.000616799371986094,0.0012756532466076036,0.0038938646303791533,0.004061445451486945,0.003244568597265693,0.0025353767573684585,0.0023773537777687153,0.0027883409626148214,0.00336436021083324,0.004900623935893645,0.005909294809709748,0.006672010562052056,0.007032022592188567,0.007882670486404926,0.005505316708636211,0.0009844576753290446,7.263959546117223e-05,107.26533587529438,-0.009230094324292636,65.14983380521412,131.6114469807416,-0.4580388528344493,65.55931691569378,132.21008900262012,-0.4939039967987995,61.154699340100535,35.95751730606502,3.2827513689254184,30.87415575986083,66.78812686696504,1.1403187712825038,58.54225569885991,135.86529305616443,-0.50206771473776,62.96470673982084
250_Protesilaus_macrosilaus_leucones.png,Dataset_papilionidae,38901,0.00587931187144575,0.016362904124144196,0.031247411520412216,0.029492529469393815,0.00316244369610607,0.0005278356169078773,0.000230785269730284,0.00013710016023581227,0.0001188201388710373,0.0001188201388710373,0.0002627753071186402,0.0004387205127545993,8.911510415327798e-05,0.00010968012818864982,0.0001508101762593935,0.0005598256542962335,0.003703310968869695,0.013842831803809671,0.018285198323950543,0.007276483895015552,0.004233502994781625,0.00326469756561528,0.0025256420143441043,0.00216254080871957,0.0019986632734377008,0.0013447597748129868,0.0009880851391995064,0.0007037094162103802,0.0005510783784478549,0.0004305801907405979,0.0002940155780057068,0.0008948998740392278,0.002006696485951518,0.00543205830184314,0.0035410400760905888,0.0023103519189738055,0.0017512403280121333,0.0015664764401943396,0.0016227089277910593,0.001746420400503843,0.0019456440708465078,0.0023071386339682783,0.0030365543302228733,0.004140317729621346,0.006786457931672708,0.009162682193259813,0.008494318912110228,0.006649893318937817,130.89491272717925,-0.44128197577704703,76.10816412543748,153.44826611141102,-0.5833825645434763,81.6680621598511,155.5355132258811,-0.6248271005230867,78.24005093463775,31.31544176242256,4.225675725413123,19.711660365361315,61.57569214159019,1.7635559708415582,50.48078665902319,158.25081617439142,-0.6348720410051849,79.26695881182627
251_Protesilaus_molops_hetaerius.png,Dataset_papilionidae,56407,0.006818696655064482,0.03320785639292208,0.042946600402235344,0.005476073694557216,5.357885053667492e-05,4.727545635588964e-06,7.879242725981606e-06,4.727545635588964e-06,1.8910182542355855e-05,4.727545635588964e-06,1.4182636906766892e-05,1.7334333997159533e-05,1.4182636906766892e-05,4.5699607810693314e-05,5.830639617226388e-05,0.00019540521960434383,0.0007179959934050738,0.0006570549754463099,0.002022133777722623,0.005393834098604783,0.005944519297250341,0.009136720619781232,0.00839988831173436,0.004543983902707111,0.003956734093286294,0.0035988441150920985,0.0027922066410197314,0.0027024571418440974,0.0022415214423741735,0.0022160370166823267,0.0018005300760543905,0.006375538496995054,0.0007988813445139787,0.009054727250163987,0.005944519297250341,0.0032343060258478557,0.002477529384650841,0.0023312709415498076,0.002545118513659652,0.0030891556012551634,0.0039290336305777655,0.005515716134522311,0.0054038062651798535,0.005812665094757743,0.003548983282216746,0.003289706951264914,0.003003838176112894,0.0025207421064761468,77.36945769142127,0.511474953598852,63.30566471737543,113.29111635080753,0.032229461875085734,74.53265726700137,122.68957753470313,-0.0016460230084030679,72.16135039455615,23.01097381530661,7.535488712045349,11.426025047417557,128.707890864609,0.5779269967646717,64.84831329680028,123.67817824028933,-0.023956288985258697,72.52801620308936
252_Protesilaus_protesilaus_archesilaus.png,Dataset_papilionidae,109214,0.0014055992007536682,0.0030057196574309764,0.0038326384692235226,0.026339317507116506,0.0322180916976456,0.011448267723104283,0.0060391117947841445,0.00345010712912264,0.0004305512317305677,0.00010743433381556699,6.34839245273805e-05,5.2089373971184e-05,5.615885631268275e-05,4.72059951613855e-05,0.00012534005611816148,0.0002677719380706177,0.005339288003369531,0.01255734154961818,0.008912547841851777,0.005545305546907906,0.006298414122731518,0.005783942534839856,0.005182485761898658,0.00428630944750673,0.003763826066255242,0.0018890664200560368,0.0009265066749684106,0.000979727873715824,0.000673562913179629,0.00011731554562601865,8.297928836962295e-05,0.00016138040910505978,0.0005356456131997729,0.004178150237149084,0.0027697914186825866,0.0017351255333565294,0.0014884767520647537,0.0036476550625377697,0.0062303138791729995,0.008449580639844708,0.00967252366912667,0.006220013001996081,0.004266852235061439,0.004009330305638471,0.002919154137747908,0.0019193967806325196,0.001552571098943359,0.0029054196348453497,101.41721757283865,0.6466713021877857,62.226193770522904,130.32431739520575,-0.04899288769619272,58.620907343025145,114.37177468090172,0.4141538248110218,55.437349521294685,49.27040489314557,1.7888570840610583,17.51160714318548,69.69650411119454,0.802775189137548,48.22934462222839,130.75246763235484,-0.021208938465893282,58.06218508372307
253_Protesilaus_protesilaus_archesilaus.png,Dataset_papilionidae,70671,0.007510231290848518,0.007671227707734903,0.0062423845078682285,0.01607448599850009,0.01986293293335786,0.0159939877900569,0.009562935606149937,0.0026413474645422684,0.0006527901590940178,8.80449154847423e-05,0.00011823174365093966,5.031138027699559e-05,0.00011445839013016497,0.00029557935912734914,0.00033331289433509583,0.0016766267477308782,0.021012862418813942,0.018579049397914278,0.009048973412007754,0.004058418587539444,0.0032058765264394167,0.0021110144189271413,0.0014415389622334479,0.000931251857197436,0.0007243070000424502,0.0004890619914816544,0.00028919217217812117,0.00022109493285789078,0.0001370788583718923,8.932235287458788e-05,6.190658120020942e-05,9.905052992033508e-05,6.544410012593568e-05,0.0018386254616462197,0.0049604859135996375,0.003563165937937768,0.002016385787663964,0.0015600458462452773,0.0015733115422167509,0.0016131086301311712,0.0017130435397829378,0.003817867300590058,0.0032730893860282153,0.004076106182168074,0.00424325395140864,0.005596354940498932,0.009275374623254234,0.013314336856702183,156.25842283256216,-0.5226935697397196,77.02776317909733,169.0594303179522,-0.6857350392372513,77.71437154225187,162.7753958483678,-0.5666687573193233,72.10427735154418,49.28126105474664,1.6568635385658104,29.114270782047633,35.09473475683095,2.269786752386428,35.8357289599504,171.33780475725544,-0.6707911091308644,75.04371208865969
254_Protesilaus_protesilaus_dariensis.png,Dataset_papilionidae,71611,0.006182786939933188,0.008445629861334151,0.01609808548965941,0.024432000670288084,0.015283809594739479,0.005730963120191032,0.0031875922227963117,0.0020332071888397034,0.0009222667529352257,0.0004865794981838606,0.0005461606612267824,0.0005325066446961128,0.0005697448715979389,0.0004294808836010607,0.0006206371150304345,0.0033874373738361115,0.005620644872994372,0.0187802851517225,0.011498757174177152,0.006699389758556646,0.0037633883062657973,0.002628786080350784,0.002222947591850414,0.0018485288572984598,0.0016966667132144503,0.0012227520911591795,0.0010822359693343202,0.0010673988633031239,0.001043834047841812,0.000999322729748223,0.0007156721732694697,0.0016093896189132955,0.002764065576517574,0.005559550906983564,0.003259799472148134,0.0022203292790213794,0.0021356704975492593,0.00223778469788161,0.0027317730516261468,0.004045293320858527,0.004552373238748237,0.004540154445546075,0.006085831785619528,0.006699389758556646,0.006546654843529625,0.00840303863931519,0.0006964712125232157,2.1819273575288714e-05,109.54009858820572,-0.24245927982861398,66.82400043973612,129.3640222870788,-0.4362238999405969,70.50687783410297,127.26571336805797,-0.5029110160857783,64.08222286388798,47.16786527209507,2.1488922265117893,36.2190976041654,64.77077543952744,1.598947171119699,60.771329747353434,133.71479242015891,-0.47639281486444235,67.6360135949025
255_Protesilaus_protesilaus_protesilaus.png,Dataset_papilionidae,53335,0.007303105111298606,0.015584512983969252,0.01703280105830026,0.03314729748028707,0.010742997614657876,0.0008366405216503651,0.00034665583367186436,0.00028165786485838986,0.00036832182327635596,0.00022832619813964146,0.00025832526066893745,0.00034165598991698173,0.00018999406268554108,0.00029665739612303783,0.00027165817734862454,0.001658281512036082,0.009468454110809037,0.01623933627074154,0.009254007687259773,0.004524467985375457,0.0031124027374144557,0.0026436673853942063,0.0023038342551795258,0.002128058498171932,0.0021022780538108186,0.0018444736101996813,0.0014788600356238867,0.00150346864160495,0.0011026999156276366,0.0009468454110809037,0.0007312271491515891,0.0031159182525546075,0.002404612355863879,0.003993625199212525,0.0023999250023436767,0.0021081372457110717,0.0020542326802287427,0.0021901659323146153,0.0023425049217211964,0.0027174932033373956,0.0038963626136683228,0.006701743695509515,0.007812646479797507,0.006513077716321365,0.005043592387737883,0.0037920689978438176,0.0039701884316115125,0.004559623136776976,120.18610668416612,-0.15814690149964522,73.78635298895563,140.47182900534358,-0.4572105939843199,72.93255242359317,142.1745007968501,-0.4278476380454405,68.16570490111889,36.19542514296428,3.269088550408875,27.581013928239443,71.81946189181588,1.278669652772819,70.05053293916843,146.526221055592,-0.4863986190436654,69.13174538736075
256_Protesilaus_protesilaus_protesilaus.png,Dataset_papilionidae,49914,0.0047601875225387665,0.013657268279218033,0.02596109753219983,0.013728501912177834,0.0034530503577264006,0.0009954900206132326,0.0012109717603166334,0.002096049649842173,0.005301563133033261,0.009728733421484954,0.00271934393824044,0.0019785141554585,0.0005894583127423613,0.00035616816479900986,0.0005467181329664801,0.0018057725955309802,0.004337460431942942,0.014561295428136395,0.012738159634571464,0.00713852826862203,0.0055958749048363185,0.0046880634691669676,0.0035636294426413433,0.002665835236606964,0.002014715310333774,0.0013398044636775254,0.0009741755820010418,0.0007613094522578835,0.0005321653243578956,0.000426984413190688,0.0003055255038666506,0.000856473133790119,0.0007638137596666266,0.003920493248387226,0.005177655567576231,0.003077793805345194,0.002272658973434307,0.0022588852826862203,0.0028185979885402895,0.004795748687742918,0.007795908963417078,0.008924099451055816,0.009374874784629563,0.006539998797932444,0.0024429518772288335,0.0011319469487518531,0.0008189085226589734,0.00038566334094642784,104.21034178787515,-0.196977342054169,54.03645460728345,119.63839804463677,-0.4657019522821038,57.433931243072436,119.54946507993749,-0.2995830680843026,56.889881316450435,52.54497736106102,1.1003331287602172,41.35234090357403,64.58787113835798,1.536670968413631,50.94343041924737,126.27198781904876,-0.4545375175413497,56.24490369159118
257_Protesilaus_telesilaus_dolius.png,Dataset_papilionidae,70649,0.002776794827637727,0.011016590625643833,0.028353000199735467,0.035725912610228026,0.008682673813107365,0.00045797612925243885,0.0002918968735894666,0.00023150441698474933,0.00018495189835194647,9.184686108634077e-05,2.6421699764563782e-05,5.158522334986262e-05,3.9003461557213205e-05,2.3905347406033898e-05,6.794151368030686e-05,0.0008668833875135451,0.0002795510198304293,0.0038809820379623206,0.010253152910869227,0.0069790442893742305,0.006882616880635253,0.00694454273945845,0.006728686888703308,0.006586257413409956,0.00428703874081728,0.002745969511245736,0.001881661453099124,0.0014074863055386487,0.001073971323019434,0.0008209599569703747,0.0005652946255431783,0.0011827839035230506,9.64274087389772e-05,0.0033979603391413892,0.005774144007700038,0.0037801313535931152,0.0022390621240215712,0.0018064657673852425,0.001705615083016037,0.0019550878285609138,0.0025557686591459188,0.0035226967119138274,0.005671524013078741,0.0071922461747512345,0.005117729904174157,0.006035117269883508,0.00860061713541593,0.0030494062194793984,105.34488810881966,0.05076132508137544,66.37223258814333,145.9006638452066,-0.45359523713334476,72.6129686772866,141.70145366530312,-0.253410657735109,71.40730534329217,34.69569279112231,4.683672719828104,18.86969237612319,93.65914591855511,0.8954608696620654,52.53921573299318,151.53863465866468,-0.4792537108508271,71.68130606479998
258_Protesilaus_telesilaus_telesilaus.png,Dataset_papilionidae,61694,0.005705579148701657,0.01728531137549843,0.030096930009401238,0.026605864787859795,0.004153834516592645,0.00043080004178328165,0.00029536457714238374,0.0001354354646408979,5.763211261314804e-05,6.339532387446285e-05,0.00020027159133068946,0.0002478180842365366,0.00031121340811099944,0.0003097726052956707,0.0003746087319854623,0.002615057109821593,0.0008134907770609783,0.006767270723246993,0.009924992705935748,0.009632217071352157,0.011108252018024444,0.008670818880280092,0.004768494505138263,0.002982461827730411,0.0023756362044931438,0.0016462297792329886,0.0011883246344863358,0.0008215952928972023,0.000569342237494732,0.00043156546827892504,0.0002775796673906701,0.0005217282069569164,0.0006311391707459396,0.010363649625571368,0.00578966350050248,0.0028578548967484684,0.002605601841345998,0.0028315152202807404,0.004858657243816254,0.00891395435536681,0.00548169189872597,0.0026481505494861737,0.0033390605245242648,0.005433064803708626,0.004257910007456155,0.0013737154342399584,0.000586564333646708,0.0005278065938340844,80.87506078386878,0.5183463096226629,57.282423051683665,103.25793432100366,0.14688936443834508,63.650712553721334,104.21134956397705,0.12629587790665547,60.457347403567255,35.13818199500762,3.492864909606168,30.708311135314723,77.04995623561449,1.3199005435951032,44.980677573732564,107.98580088825494,0.10812718906157152,62.4264624027113
259_Pterourus_ascolius_ascolius.png,Dataset_papilionidae,135080,0.014190767610963051,0.04839206396209653,0.022669693679465665,0.001328595400256638,0.0006843681110782088,0.00037969269239627546,0.00041193695916822955,0.0001980719244562893,4.540519198499655e-05,1.5135063994998846e-05,1.5135063994998846e-05,1.4477017734346723e-05,3.4876451814562566e-05,4.277300694238805e-05,0.00010133912414042706,0.00036455762840127665,3.932854604678709e-05,0.0003049119040568552,0.0008883624518803672,0.0010711245188036718,0.0018896209653538644,0.0025646838910275394,0.003825510808409831,0.0031661793011548713,0.004122557003257329,0.006121372519988155,0.009175118448326917,0.010740394580989044,0.0074821402132069885,0.003907869410719573,0.0024374444773467576,0.004763380959431448,0.00014759771986970683,0.004167900503405389,0.014160590020728458,0.013667363784424045,0.007170750666271839,0.003508568996150429,0.0017808891027539236,0.001108602309742375,0.0008920639620965354,0.0008527354160497483,0.0010091242226828547,0.0013242152798341724,0.0022264583950251703,0.005660534498075215,0.004458006366597572,0.00036459875629256736,35.3574178264732,1.7673011084992531,38.74769184785983,76.40308705952029,1.0632995629562427,66.97414683101383,95.84273023393544,0.962248664950885,70.27744917123677,19.818966538347645,6.737588189247739,15.017049585811588,165.2678560852828,-0.44629599074841725,50.56323823038754,96.15441960319811,0.9549697080867539,70.22688683755042
260_Pterourus_ascolius_ascolius.png,Dataset_papilionidae,137375,0.005202305125872005,0.05618748357092306,0.01993181680315438,0.0024225659690627842,0.0007544636538267111,0.0006509351936103528,0.0014849863512283895,0.0014138105348296432,0.00012617531088868667,0.00011388130623799413,8.670508543120008e-05,8.088160954402993e-05,6.341118188251946e-05,2.6529167930441816e-05,8.994034981296128e-05,0.0002529976746537256,6.733393994540492e-05,0.0004340309372156506,0.0008794358507734304,0.0019799818016378525,0.0019140127388535032,0.001770700636942675,0.0023557779799818017,0.0033393994540491354,0.004375796178343949,0.004588717015468608,0.00466196542311192,0.0062283894449499545,0.007704731574158326,0.007156050955414012,0.006066424021838035,0.008977252047315741,0.0012474977252047315,0.00559417652411283,0.007233848953594177,0.01036533212010919,0.009183348498635124,0.004007734303912648,0.003037306642402184,0.003559599636032757,0.00605459508644222,0.006664240218380346,0.005011373976342129,0.0005163785259326661,2.3202911737943585e-05,1.364877161055505e-06,0.0,0.0,28.1797779799818,1.5072498169658524,30.078210581107452,67.2373575978162,0.7455955349148717,44.62611675346174,87.20018926296633,0.3219446752988722,47.887751646365466,22.938642402183802,4.53750659972774,17.29702532543392,176.6428025477707,-0.6487226716489455,57.93880693469281,88.19218926296634,0.29341500810117,47.715872898182596
261_Pterourus_ascolius_ascolius.png,Dataset_papilionidae,50543,0.00805123030554841,0.05718167369038904,0.014176707621892909,0.005019268521632845,0.0010182748682639865,0.00037283984813810903,0.0003253555278563687,0.0005029820592806565,0.0008494417294844653,0.00039394399048554916,0.00013190088967150084,4.572564175278695e-05,6.68297841002271e-05,5.6277712926507024e-05,0.00023390424435079484,0.0004625324531147296,0.0003882832439704806,0.000509467186356172,0.0009904932433769265,0.0014195833250895276,0.0028441129335417367,0.0033857309617553373,0.004060898640761332,0.003980521536117761,0.004907949666620501,0.005111983855331104,0.004827572561976931,0.004021328373859882,0.003848208456166037,0.005294996339750312,0.006208822191005678,0.010700047484320283,0.008581801634252022,0.01420696238846131,0.00972810280355341,0.005104564430287083,0.003081534534950438,0.0052059632392220485,0.005189887818293335,0.003450032645470194,0.0030209425637575927,0.001997061907682567,0.0013305502245612648,0.0008643630176285539,0.0004896820529054468,0.0001397325049957462,8.655995884692242e-05,2.2258275132065767e-05,23.3984330174307,2.3402011090087225,31.911533493158064,44.8008824169519,1.739384849563915,40.479990169369174,62.76691134281701,0.8700550841282297,48.89335917934467,22.208258314702334,4.757375425261418,20.10454241076274,168.95328729992283,-0.3352960187384295,63.84896984684899,63.21544031814494,0.880732185034017,48.80437303827533
262_Pterourus_bachus_bachus.png,Dataset_papilionidae,145183,0.010506892833336012,0.06481566941951422,0.008752784799567136,0.0009551164162930003,0.0005240895207351336,0.0004169450509586751,0.0005547022263855502,0.0009777698184743086,0.0005547022263855502,2.1428893955291674e-05,2.081663984228334e-05,3.061270565041668e-05,4.285778791058335e-05,4.2245533797575016e-05,0.00013285914252280837,0.0005393958735603419,9.556904045239456e-05,0.0006285171128851174,0.0018769415151911725,0.0010951695446436566,0.0013616435808600181,0.001914824738433563,0.0031288098468828995,0.005260171645440582,0.007619263274625817,0.008386398545284227,0.008151350364712122,0.0056398648602109065,0.0030280749123519973,0.0024322751286307625,0.002755143508537501,0.009125982380857264,2.1524558660449227e-05,0.002694874744288243,0.015638022357989573,0.013290553990480979,0.007922759551738151,0.004097845477776324,0.002254051782922243,0.001501553212152938,0.0011877251468835883,0.0009199596371475999,0.0007873683557992327,0.0007671352706584105,0.0008205161761363245,0.0014249257833217387,0.004698811155576066,0.00447237279846814,27.62201497420497,2.6934545728359547,28.734851210067685,71.22485414959051,1.2120479792123193,58.13262921169368,95.50848239807691,1.1868572658069887,72.2018795206965,19.9035424257661,5.547786131976119,18.705962744980134,162.19660704076924,-0.14844534943988205,56.97862617204777,96.1234028777474,1.1624118870185465,72.32857206342409
263_Pterourus_bachus_bachus.png,Dataset_papilionidae,139332,0.002916774323199265,0.06800766833494419,0.013401085177848592,0.002085506400380227,0.0004893188770546448,0.00030558506142004546,0.0004165909083659493,0.0005275967553118531,0.00016459487650599528,6.315849912439354e-05,6.95381455005949e-05,7.017611013821505e-05,6.76242515877345e-05,5.486495883533176e-05,7.783168578965668e-05,0.00017097452288219664,0.00010631082594091809,0.0003696207619211667,0.0009410975224643298,0.001375760772830362,0.0013510894841098958,0.0013398752619642293,0.0016749562196767434,0.002195744696121494,0.0036657049349754544,0.006470157609163724,0.009521323170556656,0.011150076794993254,0.006605625412683375,0.004002580168231275,0.004051025607900554,0.007679050756466569,0.00041672049493296585,0.0032673757643613814,0.008770867424568656,0.008094425544742054,0.008552414377171073,0.0061767935578330895,0.003973871759538369,0.0026851333505583785,0.0024370747566962365,0.003194259035971636,0.005691890592254471,0.007346661212069015,0.0017758842189877415,0.00010810510148422473,8.074239944879855e-06,4.485688858266586e-07,28.39304682341458,2.071518836360658,26.060928069891432,75.84315878620848,0.5186572185119018,45.9243555492493,99.64836505612494,0.3774664359116371,54.75033412733743,20.88103953147877,6.590389824274484,13.905366690356892,174.93948267447536,-0.6639651514891332,51.58307176622468,100.0154666551833,0.3755938486280403,54.54806253872509
264_Pterourus_bachus_chrysomelus.png,Dataset_papilionidae,132428,0.007775462054013417,0.07016106026587193,0.0072015652950198515,0.0010612055859284542,9.866996909012192e-05,2.3492849783362365e-05,5.638283948006968e-05,3.6917335373855144e-05,5.772528803911895e-05,7.719079214533347e-05,7.316344646818564e-05,0.00011142323040109007,0.0002067370780935888,0.00018660034970784963,0.00041750150186432546,0.0013437910076083272,0.0003454707463678376,0.0016216359078140574,0.003765725526323738,0.007656990968677319,0.00910211586673513,0.012571453922131272,0.005774836137372761,0.0025490266408916542,0.001850061920439786,0.0014290784426254266,0.0011562887002748664,0.0011001261062615157,0.00131958498202797,0.0017023401395475277,0.0022752929893980127,0.008279971003111125,1.4158637146222854e-06,0.01273710997674208,0.024983859153653306,0.006204314797474854,0.001983153109614281,0.0010925748331168635,0.0009146479596459963,0.0007980751804754282,0.0007489919050351889,0.0007565431781798411,0.0008046825444769988,0.0011218360165523907,0.002953963663273628,0.005002718458332075,0.0019081123327392999,0.0004880010269731477,27.183571450146495,2.942809075420827,22.624827394851078,54.61447730087293,1.910875770617875,43.96108734577799,77.66398344760927,1.2912052945606411,69.20161608537205,20.465347207539192,5.411103618394536,24.572897409891258,117.87792611834355,0.858035087897511,71.09269383016839,77.72525447790497,1.2918287233859809,69.16411536848702
265_Pterourus_bachus_chrysomelus.png,Dataset_papilionidae,88892,0.007569735059272926,0.06962156324528641,0.008509702160424385,0.0009909653162139325,0.00018799342023029196,5.099821506247281e-05,7.799727009554666e-05,5.1998180063697764e-05,9.199678011269604e-05,0.00017999370022049228,0.00014499492517761878,0.00014999475018374358,0.00014299499517516885,0.0001049963251286205,0.00026199083032093877,0.0007509737159199428,0.0004014703235386762,0.0009456700265490708,0.0015461177608783693,0.003280666426675066,0.006061428475003375,0.011103361382351618,0.009533338208162715,0.004179931827386041,0.003100672726454574,0.0022759359672411467,0.0021198476803311883,0.0023469491067812627,0.003014894478693246,0.003815725824596139,0.003372772577959771,0.005401217207397741,0.0,0.002940365837195698,0.01563835890743824,0.014408636322728704,0.004231961256356028,0.0021550026999055034,0.0019574314898978535,0.002306872384466544,0.0025824877379291727,0.0024763195788147416,0.002773027944021959,0.0028728681996130134,0.0033917562885299015,0.003286994330198443,0.0012944078207262745,0.00018350920217792378,33.59115555955542,2.612168623947918,24.475697375794304,67.31215407460739,1.3842672826774916,42.458204147783015,94.27545785897493,0.8191057545606366,63.467358552378535,19.456104036358727,6.257075687630307,20.20157656465422,132.24010034648788,0.501262033963249,64.58531183147046,94.3760068397606,0.8199314826411869,63.41474616646365
266_Pterourus_birchalli_birchalli.png,Dataset_papilionidae,97919,0.005221549330455671,0.061582872918773,0.010855230683864556,0.010170764725039177,0.0005473912111030546,0.0,4.538898931202774e-06,0.0,0.0,9.077797862405549e-07,1.6340036152329986e-05,4.538898931202774e-06,1.0893357434886658e-05,2.1786714869773316e-05,2.5417834014735536e-05,0.0004266564995330608,0.0001480815776304905,0.0012101839275319396,0.005463699588435339,0.016320249389801776,0.02115587883863193,0.012175241781472442,0.0042860680766756195,0.001287416129658187,0.0002897803286389771,0.00010212522595206241,3.3828981096620674e-05,1.3403935906208193e-05,3.1914133110019505e-06,4.467978635402731e-06,3.1914133110019505e-06,3.1914133110019505e-06,3.1914133110019505e-06,0.012452894739529612,0.02856825539476506,0.010039547993749936,0.0029118455049581796,0.001513368192077125,0.0010857188084028636,0.0008795535085121376,0.000970189646544593,0.001127207181445889,0.0012689059324543755,0.0011055055709310758,0.0002757381100705685,0.0001487198602926909,0.00013595420704868308,1.3403935906208193e-05,40.480836201350094,2.3870825911919353,31.926018867968647,49.81542907913684,2.4229393277844564,38.48988396310129,53.619144394856974,2.348485462165699,36.607564034542314,20.806084620962224,7.190880770169531,14.069190266532702,69.9554734014849,0.530484784449446,19.951873760561025,54.30372042198143,2.3642946050179954,38.08376824955118
267_Pterourus_birchalli_birchalli.png,Dataset_papilionidae,98068,0.007209509954544013,0.07308851454546278,0.006304922208173014,0.0007686276642511092,0.00027735856752457476,7.613764598713818e-05,5.61968339428877e-05,3.3536820256239435e-05,1.540880930692082e-05,1.1783207117057097e-05,1.9940812044250475e-05,2.1753613139182336e-05,3.988162408850095e-05,3.2630419708773505e-05,0.0001033296624111161,0.0008293565009313265,3.6964147326344985e-05,0.00034414895786597053,0.0015002345311416567,0.008024406534241546,0.014914396133295265,0.020753456785087897,0.010819023534690215,0.00302022576171636,0.0009578812660602848,0.0005060264306399641,0.0003932220500061182,0.0004040563690500469,0.00039832055308561406,0.00028041766937227233,0.00011025512909409797,3.6964147326344985e-05,6.373128849369825e-07,0.004992071827711384,0.02763579862952237,0.015283400293673777,0.004390448464330872,0.0016468164946771627,0.0034555104621283193,0.003096703307908798,0.0007150650568992944,0.0003447862707509075,0.00033267732593710486,0.0002523759024350451,0.00020967593914426725,0.00014403271199575805,0.0,0.0,38.37229269486479,2.11562314526927,24.047274684816227,48.61762246604397,2.2912055754871212,29.248077491737135,57.031192641840356,2.0137993115488784,30.531393394356176,19.144552759309867,7.572195957704321,17.641241773392743,86.3021168984786,1.7651690162687896,26.889784261301244,57.09081453685198,2.024235399319048,30.491535344682944
268_Pterourus_cacicus_cacicus.png,Dataset_papilionidae,59281,0.007780645475691106,0.03534203389131613,0.016939285399668998,0.015505811305477304,0.004008029554157319,0.0005742893076102704,0.0005487986594917989,0.0020137612013592515,0.0007407282453249964,0.001362999949393566,0.0011230879671020695,0.0006492618020763632,0.0004153476193421539,0.0002863949288604743,0.00046932781535774065,0.0011290857666593568,0.0030954268652688046,0.005626802854202864,0.011282071827398323,0.01324623403788735,0.011536158296924816,0.008137092829068335,0.004606239773283177,0.0018777095528078136,0.0011829253892478198,0.0006431234290919519,0.00042593748418548943,0.0003373762250974174,0.00021824024560989188,0.0001222988815978138,5.693223798518918e-05,0.00010543007034294294,0.0013273645856176515,0.018476619827600748,0.015276817192692431,0.008744370034243687,0.0034391288945867984,0.0022140314772018015,0.0016520892022739157,0.0014665322784703362,0.0012493463335638737,0.001132318955483207,0.0009952598640373812,0.0008518749683709789,0.0009720652485619339,0.0013927312292302762,0.0015108129080143723,0.0017986370000506065,52.46379109664142,1.7095446058038433,50.0549470399867,62.99362358934566,1.7453295211978321,59.076273004594995,67.42502656837773,1.650410274061572,62.67666323127642,33.11467417891061,2.6161911280773205,31.458100047272886,64.81498287815657,1.1519941611233937,35.12666468208326,68.39729424267472,1.6582840373462817,62.2922605034379
269_Pterourus_cacicus_cacicus.png,Dataset_papilionidae,6292,0.0,0.0358267994631631,0.049685667867486044,0.0033199124108215018,5.650914741823833e-05,0.0,0.0,0.0,0.0,0.0,0.0,0.0,0.0,0.0,0.0,0.0,0.001400588048315321,0.018495708836617927,0.010102113795295613,0.015515734265734266,0.008155197075651622,0.006039415130324221,0.001986649713922441,0.0006655276541640178,8.939923712650985e-05,9.933248569612206e-06,1.9866497139224412e-05,0.0,0.0,9.933248569612206e-06,9.933248569612206e-06,0.0,0.0,0.0,0.0,1.9866497139224412e-05,9.933248569612206e-06,3.9732994278448824e-05,0.00025826446280991736,0.0007350603941513032,0.001201923076923077,0.00144032104259377,0.0019469167196439923,0.0023045136681500316,0.0026819771137952956,0.003665368722186904,0.005224888747616021,0.0429712333121424,190.98839796567069,-1.022413641811141,43.46674886624477,224.10680228862046,-1.538811062489577,38.71934369416005,233.95708836617928,-1.9298512966799182,33.754202991946975,24.745073108709473,0.5887284525077398,4.7058939870969905,49.628417037507944,0.6823424295917166,25.1190656063236,234.20343293070565,-1.9221355462562366,33.88773396564366
270_Pterourus_cacicus_cacicus.png,Dataset_papilionidae,59111,0.011460171917616386,0.05737604769933778,0.00818948907798699,0.007775954466079824,0.0009714303974255591,0.00025263205381965005,0.0003172938294996795,0.0003714292696038902,0.0003654142207034224,0.0005428581632672242,0.00024812076714429915,0.00014285741138611162,0.00013684236248564377,0.00010075206908283662,0.00023609066934336342,0.00040150451410622955,0.0005540423948165316,0.0012740860415151156,0.0026317013753785253,0.003646740877332476,0.004879590939080713,0.005989790394342847,0.00757473228333136,0.0075831909458476425,0.007551470961411582,0.006522686132868671,0.005451607991744345,0.004342465869296747,0.0020025883507299824,0.000960058195598112,0.0004937744243880157,0.0010414728223173352,0.00649096614843261,0.013016824279744887,0.010249784304105836,0.014435764916851347,0.011370557087513323,0.00381697146047267,0.0016314645328280692,0.0005847050464380572,0.000271734533335589,0.00015965725499484022,0.00012582260492970853,0.0001385105987041329,6.978396575933414e-05,4.335064539594999e-05,6.661196731572804e-05,2.7490653177919507e-05,26.580450339192367,2.43374645020284,21.08376549314818,37.98152628106444,2.16390869543859,24.375533485849697,49.11625585762379,1.2783075787135216,29.200818059901476,21.127133697619733,4.663411226481914,20.650462535279583,121.49198964659708,0.14462562382283933,49.84332407486878,49.480841129400616,1.309746579046174,29.080664847398015
271_Pterourus_cacicus_nesrinae.png,Dataset_papilionidae,61273,0.009367185474116748,0.053584594991087246,0.01233097050177983,0.0032930944751812016,0.0006876329432757223,0.0003670277102294467,0.0004047459729407733,0.0005817316672016132,0.000636858358856629,0.0013897729106711854,0.0007471117421666603,0.001247604074297724,0.0006673231095080849,0.0005585204286100276,0.0008443088037689249,0.002180405725197069,0.0014066146589851974,0.002380738661400617,0.0034905260065608017,0.006038548789842182,0.009746340149821292,0.007355401237086482,0.005602998057872146,0.005043004259624957,0.0048981606906794185,0.004102541086612374,0.003147797561731921,0.0022481353940561094,0.0015942992835343464,0.001224030160103145,0.0008578411372056207,0.003363022864883391,0.006466959345878282,0.022436472834690645,0.01017883080639107,0.005419393533856674,0.0030559952997241853,0.0019819088342336753,0.0013086922461769458,0.0010139049826187717,0.000876201589607168,0.0006925970655916962,0.0007129975682600819,0.000674236613190149,0.0007670589003313041,0.001064906239289736,0.004007678749204381,0.0018421653909552332,42.99954302874023,1.5763984348229196,50.83094845880311,57.2745581251122,1.5880777978461005,64.6477813296272,65.94562042008715,1.5582139171387064,70.67059350376225,30.52380330651347,2.738008897517465,37.31032054023958,110.59551515349338,0.7012166152456248,60.567719149179,66.51520245458848,1.5527199595972183,70.52548876782899
272_Pterourus_coroebus_syndemis.png,Dataset_papilionidae,39040,0.006259107468123862,0.048909380692167576,0.022750455373406194,0.006548269581056467,0.00022768670309653916,4.326047358834244e-05,6.375227686703097e-05,0.00014571948998178506,7.285974499089253e-05,0.00028688524590163934,0.00013205828779599271,0.000598816029143898,0.0002982695810564663,0.0004075591985428051,0.00028233151183970856,0.0018624772313296902,0.007268186475409836,0.01192046618852459,0.009552702356557377,0.009584720799180328,0.008878714139344263,0.007468301741803279,0.0037973872950819673,0.0016169313524590165,0.0007924564549180328,0.0005235015368852459,0.0002769595286885246,0.0002065189549180328,0.0001296746926229508,7.204149590163934e-05,7.364241803278689e-05,0.0003377945696721311,0.00020491803278688525,0.010809426229508196,0.01552094006147541,0.009259733606557376,0.005068519467213115,0.0020811987704918034,0.0012471183401639345,0.0008628970286885246,0.0006467725409836065,0.0006323642418032787,0.0005811347336065574,0.0005299052254098361,0.000547515368852459,0.0006643826844262295,0.0009413422131147541,0.012901831454918033,86.70550717213115,0.9864913716320883,84.6473653788037,96.3517674180328,0.9836721455690698,88.64352135103546,100.29226434426229,0.9572919638710878,88.09942851638556,27.23875512295082,4.062650527881861,28.834465003114847,56.51593237704918,1.4266150298479705,38.3484055369312,100.55161372950819,0.9578170583822468,88.07564744064332
273_Pterourus_coroebus_syndemis.png,Dataset_papilionidae,69753,0.004111013942849132,0.052537127037148544,0.02736895426242121,0.003394836064398664,0.00024722154523023303,3.823013586034531e-05,1.6566392206149635e-05,1.5292054344138126e-05,1.2743378620115105e-06,1.2743378620115105e-06,2.803543296425323e-05,3.568146013632229e-05,6.371689310057552e-05,7.26372581346561e-05,0.00017968163854362298,0.0007773460958270214,0.00024282109730047453,0.0013977893423938756,0.0072541682795005235,0.009073982481040242,0.008045352888047827,0.00800144796639571,0.007770275113615185,0.00559742950124009,0.00532503978323513,0.0031127693432540537,0.0018449027281980702,0.001327003856464955,0.0008350895301994179,0.0005859963012343555,0.00043725717890269954,0.0016486746089773917,0.0018717832924748756,0.020638001232921883,0.013993125743695612,0.00669863661777988,0.003592139406190415,0.002274991756626955,0.0013888291543016071,0.000897810846845297,0.0007159190285722478,0.0006442375238341003,0.0006155649219388413,0.0007338394047567846,0.0007419035740398262,0.0007804323828365805,0.0013386521009849039,0.0055741330122001925,52.84285980531303,1.5864378103337968,62.55217684562834,67.68140438404083,1.580487119558697,72.5322944312478,73.06263529884019,1.546114530533179,73.46374977902693,23.326466245179418,7.110098498862796,17.67530665630817,98.12035324645535,1.0389541709507566,50.420780245478014,73.14650265938383,1.5464364255568803,73.42539500173146
274_Pterourus_coroebus_syndemis.png,Dataset_papilionidae,53871,0.027704041960320846,0.0368567710105829,0.006606729244140838,0.007961405744999888,0.001813385474353342,0.00034485674626009874,0.0004537588766580246,0.0015196797287346932,0.0017704846351056743,0.0007111639121440313,0.00028380555194610995,0.00013200258230051625,0.0001798535183844534,0.0001732533892694276,0.00037785739183522773,0.0019998391218528215,0.012391871322232741,0.012328061480202707,0.009094642757698947,0.00849134970577862,0.008060923316812385,0.007233715728313935,0.0034051252065118525,0.0008562120621484658,0.0002761225891481502,0.00012877986300607004,7.193109465203914e-05,5.5688589408030296e-05,2.4363757866013253e-05,2.3203578920012624e-05,1.85628631360101e-05,3.944608416402146e-05,0.0001229789682760669,0.000968749419910527,0.00207788049228713,0.004308904605446344,0.010658563976907799,0.013010246700451077,0.009148010989214977,0.005861224035195189,0.003362198585509829,0.002073239776503128,0.001358569545766739,0.000915381188394498,0.0008028438306324368,0.0006845055781403723,0.0009884724619925378,0.0061582298453713505,97.75580553544579,1.297581722752069,62.186370169108834,104.85684319949509,1.2997669364360593,61.572466297990985,113.75322529746988,1.2013139688042327,59.430294713879974,25.727812737836683,3.1028370751202123,32.871802496153464,47.53223441183568,0.7634171275124095,32.96209389353902,114.37183271147742,1.2099835345920442,59.519070062615484
275_Pterourus_coroebus_syndemis.png,Dataset_papilionidae,102630,0.0409496898242879,0.042561520889495164,0.004072450117466195,0.0002451091840159364,6.928881526952266e-05,9.527212099559365e-06,3.11799668712852e-05,5.1966611452142e-06,2.4251085344332935e-05,1.1259432481297433e-05,1.55899834356426e-05,1.4723873244773566e-05,4.67699503069278e-05,5.97616031699633e-05,8.228046813255817e-05,0.0006902898221226196,0.00022045210951963365,0.000580361492740914,0.0021874695508136022,0.0036039657020364418,0.004401734385657215,0.006449137679041216,0.008605549059729123,0.009437420832115366,0.008767538731365099,0.007696336353892624,0.005136777745298645,0.0025979245834551303,0.0011101773360615804,0.0005974130371236481,0.0003288512130955861,0.0007788901880541752,0.0009414888434181039,0.004522313163792264,0.01050984117704375,0.014296501997466628,0.01207919224398324,0.006568498489720354,0.0032604988794699406,0.0017124622430088668,0.0011205300594368118,0.0007052031569716457,0.0005943681184838741,0.0005700087693656826,0.0006449137679041216,0.0016692243983240768,0.0016083260255285979,0.0016966286660820423,47.43337230829192,2.183379283905219,47.37467648165669,61.63269024651661,2.0873571827520125,53.45210319807447,80.79638507259087,1.701889465043604,55.624447316148235,14.589681379713534,8.375881840151404,16.76347488305278,120.2203644158628,0.21362192501699828,43.40721958225088,80.81632076390919,1.703969901739867,55.62975107393168
276_Pterourus_coroebus_syndemis.png,Dataset_papilionidae,73198,0.007678412585650489,0.0603574475319605,0.011048267864027857,0.006951009590425968,0.0008573397573097019,0.000190654875209098,0.0002100846714087513,0.0001590814563846614,0.0001287223998227031,0.00016272454317209638,0.00020522722235883799,0.00015786709412218307,0.0001323654866101381,0.00010929260362304982,0.0001748681657968797,0.0003655230410059777,0.0018537050192628214,0.002743415120631711,0.004940367223148174,0.006367148009508457,0.006649771851689937,0.007224411869176753,0.006942641875461078,0.0055278149676220665,0.005455237848028635,0.005145290854941392,0.0043238886308369084,0.0023455217355665453,0.001212464821443209,0.0007530943468400777,0.0002920161753053362,0.0007232096505368999,0.002295144676084046,0.006705272001967267,0.012327010300827891,0.013069004617612503,0.009335125276646903,0.003990033880707123,0.0022311060411486653,0.0021440134976365476,0.0015633965408890953,0.0012099032760457937,0.0011689185496871499,0.0020287439547528622,0.002109005710538539,0.0019570206836252357,0.00030994699308724283,5.6353998743135057e-05,49.77746659744802,1.6675873813637425,47.522798236943785,65.89464193010738,1.4236127352506487,53.178738129086454,75.78928386021477,1.3155981799087264,53.50061928894272,21.028607338998334,5.550075973065591,18.187019342446714,102.998551873002,0.36468440804509905,52.22529101857284,76.57660045356431,1.282334400080653,53.88428086641332
277_Pterourus_coroebus_syndemis.png,Dataset_papilionidae,78520,0.02410369615667629,0.04896926473085413,0.005232354106526292,0.0024158034754061244,0.0022233542763344088,0.001692420897718911,0.0007822493915209147,0.0012101658459274353,0.00010641308654553688,4.3018056263089376e-05,5.094243504839531e-05,8.603611252617875e-05,9.396049131148469e-05,0.00016867606271579781,0.00027282504103696157,0.0014377087224769344,0.0032539480387162507,0.002925210137544575,0.0022398751910341313,0.0033805081507896077,0.0034792091186958735,0.0047893848700967905,0.007116817371370351,0.009081285022924096,0.009188741721854304,0.008717524197656649,0.004284736372898624,0.0016978158430973,0.0007561767702496179,0.0004584819154355578,0.00028336729495669896,0.0008469179826795721,0.0006821510443199185,0.00980721472236373,0.008166709118695874,0.007520376974019358,0.008491467142129394,0.007638977330616403,0.005115734844625573,0.0034927407030056036,0.0016492613346917983,0.001300624044829343,0.0013260952623535406,0.0013444026999490577,0.001392161232806928,0.0012488856342333164,0.0012457017320427917,0.0020774961793173716,55.42841314314824,1.6979065945821943,56.676776321084546,69.6720071319409,1.5266638025956831,59.76607916658461,86.27004584819154,1.1770402658652674,59.21673884380068,21.24137799286806,4.133401251381287,26.96594193588121,111.87586602139582,-0.16582853402432562,50.7446130617822,87.00501782985226,1.173433758709921,60.17307395020297
278_Pterourus_euterpinus.png,Dataset_papilionidae,126763,0.05182654945756166,0.014551740036305723,0.0022880844129946785,0.002875006464381913,0.0004691169084564634,0.0002440249389280258,0.0005301231431884698,0.0005518609969435525,0.0005378365751660798,0.00133021640559329,0.0012923504667941136,0.0020833278550435766,0.0005714951874320145,0.00039478747303585784,0.0011422891537751553,0.008200079413288316,0.010897304418481734,0.004725846658725338,0.0058159715374360025,0.005552684931722979,0.006141381948991425,0.006139409764678968,0.005657210700283206,0.004798324432208136,0.0029193258285146297,0.0014441319627967152,0.0010146888287591806,0.0007928180936077562,0.0007716171122488423,0.0009328431797922107,0.001128089426725464,0.003768351175027413,0.00438712400306083,0.017690000236662118,0.008963084654039428,0.004486719310839914,0.0017818685263049944,0.0007509091769680428,0.0004955113085048477,0.00040528387620993505,0.00041021433699107784,0.0005438298241600468,0.0008682541435592405,0.0013238287197368317,0.0017399596096652808,0.00334137327138045,0.004813608860629679,0.010498430141287284,63.11993247240914,0.993736945287299,62.70633114039885,73.26494324053549,0.8551817026626893,66.62994894556988,106.19641378004623,0.5193722719017263,96.72066125166666,34.78527646079692,1.7195953279333012,56.35001262565211,84.37198551627841,0.8894043304608354,69.63146086485409,106.71644722829217,0.519846218343215,96.31683743947609
279_Pterourus_euterpinus.png,Dataset_papilionidae,74763,0.05961118616309018,0.020175160915901658,0.0018713950899657732,0.0006527292912269438,0.00022471008386501344,0.00011532739753918679,0.00013435047342193925,0.00026037835114517426,0.0002698898890865505,0.0001854749898568365,0.0001402951846352994,0.00011413845529651476,0.00024135527526242183,0.00024729998647578195,0.0007288215947579537,0.003916375747361663,0.0005692989847919425,0.0026675962708826557,0.006706191565346495,0.00940053903668927,0.012674217192996535,0.008833747976940465,0.005107807337854286,0.0028598705241897732,0.0019369541083156107,0.0013701630485668044,0.0011319101694688548,0.0009521755413774193,0.00097892674183754,0.0011737089201877935,0.001531506226341907,0.004605386354212646,0.0002892473549750545,0.005518271069914263,0.009083704506239718,0.012005437181493519,0.011908464079825582,0.006686964140015783,0.002731966346989821,0.0012054759707341867,0.0007089068121931972,0.0006144416355683962,0.0007732768883003625,0.001491379425651726,0.0026517127456094592,0.0012656661717694582,0.0017513676551235238,0.0038137180155959497,54.830584647486056,1.8176590530832626,51.254693641741504,65.98671802897155,1.7765732806340353,50.09654360711788,92.05141580728436,1.246815938896609,65.87061384347149,20.06039083503872,3.4037767671117334,39.18466897625453,99.15451493385766,1.256005331609219,63.41780632674469,92.16738226127897,1.2508211609537652,65.77735536508632
280_Pterourus_menatius_eurotas.png,Dataset_papilionidae,130470,0.03256942847653355,0.012397571174301458,0.00848624204798038,0.003256602198887782,0.0004735017841479097,0.00024731100380674995,0.0005143796360167941,0.0005518510002299379,0.0003747136421314393,0.000591366257036526,0.0011691065634500907,0.0026250393875135196,0.0011929519770402732,0.0009408718905154868,0.0019471483440211884,0.021550803505275797,0.01914903809304821,0.008177167164865487,0.010334272246493447,0.008710335709358473,0.006942208936920365,0.0042188817352648116,0.0021044109757032267,0.000960469839809918,0.0006672989959377634,0.00031472752356863647,0.00022131524488388135,0.00014706445926266574,8.57476814593393e-05,7.04184870085077e-05,3.592779949413658e-05,0.0003607151069211313,0.008660994864719858,0.025717597915229554,0.012038687054495286,0.004271096803862957,0.0019698014869318618,0.0011286119414424772,0.0006505326895071664,0.0004359239671955239,0.00035065532306277305,0.0003607151069211313,0.00029317084387215454,0.000332930941978999,0.0003813137119644363,0.0004747259906491914,0.0006170000766459723,0.004816241281520656,49.815076262742394,2.1828558437598278,65.1071345511113,51.73216064995785,2.1984637140051473,68.93527107160224,55.316578523798576,2.147937962799885,68.63995693847552,63.71348202651951,0.6554280593604636,72.8997424462167,42.583168544492985,1.5968255778421556,39.75007757751858,55.815106921131296,2.14047942801789,68.7652790814186
281_Pterourus_menatius_eurotas.png,Dataset_papilionidae,92399,0.013005431756716944,0.06729558160201349,0.008058769274799751,9.427711459118725e-05,2.8860341201383854e-06,0.0,0.0,0.0,0.0,0.0,0.0,0.0,0.0,0.0,2.8860341201383854e-06,0.00042905707252723996,1.0822627950518944e-05,0.00011837249320880096,0.0018804316064026667,0.0037297481574475916,0.001972423943982078,0.0035856719228563078,0.009546910680851525,0.018370734531759,0.013846876048442083,0.005146836004718666,0.002136792605980584,0.0010369430405090963,0.0005648058961677075,0.00027259494150369594,0.0001271658784185976,0.0001528696198010801,3.3820712345371703e-06,0.00023606857217069448,0.0077117988289916554,0.018515487180597194,0.015582555006006558,0.007991834327211334,0.0034213032608578016,0.0010234147555709477,0.0005884803948094676,0.0006209482786610244,0.000584421909328023,0.0005817162523403933,0.000656121819500211,0.0008536347795971818,0.002041418197166636,0.0020874143659563417,50.114059675970516,2.302440946769414,45.63913552073175,67.85966298336562,2.3185713319484,52.28166769816892,85.01294386302882,2.0016903903739527,52.596380805073984,16.252643426876915,10.819584201056147,12.343772927787606,117.99403673199926,-0.12957327450285488,32.46852187188283,85.02418857346942,2.002330712905096,52.6057500502494
282_Pterourus_xanthopleura.png,Dataset_papilionidae,49819,0.011085462708337514,0.015522859417758954,0.008150393312680793,0.004075196656340397,0.002901168898077708,0.0017307096132443893,0.004005611424467684,0.014022316340708921,0.020575817793746697,0.0031152773038399004,0.0008564336230487698,0.00040502173423348075,0.0004335695216684398,0.00024622466662652136,0.0005495449081229606,0.0012132809659857573,0.0016221220819366106,0.0030522993235512557,0.004862602621489793,0.0059126538067805455,0.006354252393665068,0.006063198779582087,0.005999217166141432,0.004985547682611052,0.0043419679238844615,0.0034110981753949295,0.002771282040988378,0.0025391918745860014,0.0019570846464200408,0.0016635219494570345,0.001225686986892551,0.00573827254661876,0.005004365804211245,0.007842138541520303,0.009424115297376502,0.008213482807764107,0.006679178626628395,0.0044824765651659,0.003235462373793131,0.0027185913005078385,0.002256920050583111,0.002131465906581826,0.0019922118067404004,0.0019809209337802846,0.0017638852646580622,0.0016610128665770088,0.0016459583692968547,0.0014678134848150305,71.31815170918726,0.9546228678419767,62.505288127382144,77.72990224613099,1.0577238514304719,64.16471907319024,64.08017021618258,1.2090425763863695,52.985815212610326,59.244505108492746,0.2547353103813524,40.36921838226978,117.23721873180915,0.560626145231851,68.68992851730965,85.812280455248,0.9389578942735829,65.16652065236254
283_Pterourus_xanthopleura.png,Dataset_papilionidae,68603,0.018198102771663692,0.04146498290486163,0.016511101717288038,0.0024605337958981386,0.0005649250842609733,0.0009627049027658331,0.0021741841545640213,0.0030591470732572435,0.0010197156910857477,0.00018010226310154887,0.00012827427371980818,9.069898141804619e-05,0.0001360484721270693,0.00016066676708339608,0.00036668302487581525,0.00141101701091789,0.001026740813083976,0.0016398699765316385,0.0020452822762852935,0.002232956284710581,0.0033653776073932625,0.00423359765607918,0.005110017054647756,0.005530005976415025,0.00459436905091614,0.003956641837820503,0.003974862615337521,0.0043073918050231036,0.004334722971298631,0.004320146349285017,0.0037334373132370305,0.008094580411935339,0.002671165983994869,0.004836705391892483,0.005592867658848738,0.006997689605410842,0.0062579260382199025,0.005828826727694124,0.0065039065346996485,0.005700370246199146,0.004255462589099602,0.0033562672186347535,0.0025253997638587235,0.002032527732023381,0.0018166115184467151,0.00146130635686486,0.00141119921869306,0.0012517674154191507,45.57213241403437,1.8656468587062442,46.246371478831506,81.11540311648179,0.7009361754716812,57.23308800511424,96.99877556375085,0.6004005680726072,57.54863026116298,26.43448537235981,3.138972397784714,29.722868645557366,151.00384822821158,-0.1169916968083371,68.35023782315302,100.06160080462953,0.5927949087955294,59.747155842758886
284_Pterourus_zagreus.png,Dataset_papilionidae,89388,0.02039945704867171,0.03451519716790223,0.006491549947047329,0.0014339483798471583,0.000939723452812458,0.0006642701232579069,0.0009606061962082904,0.0007845945018719888,0.0005817335660267597,0.0009625950289126555,0.0014249986326775159,0.0032676521332716795,0.003238814059058387,0.0020673915961874076,0.0027068013106407523,0.008449555744494663,0.0008439331901373787,0.0033771311585447713,0.005741122969526111,0.0056481295028415444,0.005669804671768023,0.005332790754911174,0.005049615160871705,0.003881952834832416,0.003453343849286258,0.002609410659148879,0.002382170984919676,0.002611508256141764,0.0028436423233543654,0.0035120765650870365,0.003747706627287779,0.00579566049134112,0.003472222222222222,0.01627735266478722,0.010095734326755269,0.004210576363717725,0.00243880610372757,0.0019682451783237125,0.0016270360674810937,0.001486497068957802,0.0013256812995032891,0.0011718575200250594,0.0011522799480914664,0.0011851423009799974,0.0013767228263301561,0.0015697017496755716,0.00228078713026357,0.010861357229158276,46.42651138855327,2.0248861839907217,56.19620036282259,70.32418221685238,1.1688626050127418,68.10982472455086,100.53990468519264,0.7031957311552935,91.4956528908289,51.298026580749095,1.1239921850816046,60.710700460087835,125.83542533673423,0.33408416177757305,73.55577449517237,102.03608985546158,0.6971786355799765,90.69931257479723
285_Pterourus_zagreus.png,Dataset_papilionidae,77481,0.017857854757223634,0.05579461057836401,0.008224525295807287,0.001415687573584348,0.0004164461825049582,0.0001353736901806751,0.00022944693250961885,0.00017208519938221415,0.0002707473803613502,0.00044168534508101626,0.0003969431932416406,0.0004175934171675063,0.0004393908757559201,0.0003831763772910635,0.0006848990935412123,0.0016084229968924282,0.0009066738942450407,0.0013148384765297298,0.002562725055174817,0.0038743369342161306,0.006253145932551206,0.006619364747486481,0.005599759941146862,0.00433332042694338,0.0034298731301867554,0.00271760173461881,0.00256917825015165,0.00299508911862263,0.003652508356887495,0.004398659026083814,0.00486490236316,0.006408022611995199,0.001998877144074031,0.006851679766652469,0.005577173758727946,0.006094236006246693,0.005562654070030072,0.004369619648688066,0.0025022263522670074,0.001835933970908997,0.001591519211161446,0.0017601089299312089,0.0025804713413611078,0.004030826912404331,0.004905234831765207,0.0053166260115383125,0.004565635446109368,0.002957176598133736,49.71191646984422,1.7110849042929441,51.481198403164605,88.8652056633239,0.7345734499954721,63.57557914583632,120.77575147455505,0.1844342134053144,77.92011658173902,23.343555194176638,3.86983576699087,30.865825592943896,139.84627198926188,0.14470938817491555,70.45930765340938,120.99916108465301,0.19073599468944583,77.7232411861853
