filename,dataset,fg_pixels,gabor_f0.1_t0_mean,gabor_f0.1_t0_std,gabor_f0.1_t135_mean,gabor_f0.1_t135_std,gabor_f0.1_t45_mean,gabor_f0.1_t45_std,gabor_f0.1_t90_mean,gabor_f0.1_t90_std,gabor_f0.2_t0_mean,gabor_f0.2_t0_std,gabor_f0.2_t135_mean,gabor_f0.2_t135_std,gabor_f0.2_t45_mean,gabor_f0.2_t45_std,gabor_f0.2_t90_mean,gabor_f0.2_t90_std,gabor_f0.3_t0_mean,gabor_f0.3_t0_std,gabor_f0.3_t135_mean,gabor_f0.3_t135_std,gabor_f0.3_t45_mean,gabor_f0.3_t45_std,gabor_f0.3_t90_mean,gabor_f0.3_t90_std,gabor_f0.4_t0_mean,gabor_f0.4_t0_std,gabor_f0.4_t135_mean,gabor_f0.4_t135_std,gabor_f0.4_t45_mean,gabor_f0.4_t45_std,gabor_f0.4_t90_mean,gabor_f0.4_t90_std,glcm_ASM_d1_mean,glcm_ASM_d1_std,glcm_ASM_d2_mean,glcm_ASM_d2_std,glcm_ASM_d3_mean,glcm_ASM_d3_std,glcm_contrast_d1_mean,glcm_contrast_d1_std,glcm_contrast_d2_mean,glcm_contrast_d2_std,glcm_contrast_d3_mean,glcm_contrast_d3_std,glcm_correlation_d1_mean,glcm_correlation_d1_std,glcm_correlation_d2_mean,glcm_correlation_d2_std,glcm_correlation_d3_mean,glcm_correlation_d3_std,glcm_dissimilarity_d1_mean,glcm_dissimilarity_d1_std,glcm_dissimilarity_d2_mean,glcm_dissimilarity_d2_std,glcm_dissimilarity_d3_mean,glcm_dissimilarity_d3_std,glcm_energy_d1_mean,glcm_energy_d1_std,glcm_energy_d2_mean,glcm_energy_d2_std,glcm_energy_d3_mean,glcm_energy_d3_std,glcm_homogeneity_d1_mean,glcm_homogeneity_d1_std,glcm_homogeneity_d2_mean,glcm_homogeneity_d2_std,glcm_homogeneity_d3_mean,glcm_homogeneity_d3_std,haralick_angular_second_moment,haralick_contrast,haralick_correlation,haralick_difference_entropy,haralick_difference_variance,haralick_entropy,haralick_info_measure_corr_1,haralick_info_measure_corr_2,haralick_inverse_diff_moment,haralick_sum_average,haralick_sum_entropy,haralick_sum_variance,haralick_variance
001_Battus_crassus_crassus.png,Dataset_papilionidae,82002,0.004295150745988225,0.0055080337496451505,0.0060976976189345035,0.012752662862851361,0.007294850743821621,0.015408418146905769,0.004523458124954045,0.00918750485011306,0.003960704844083318,0.00531124575886742,0.004859244987389351,0.010411031655511813,0.0053860150326301955,0.01166054917209269,0.004184351727333471,0.010373305868853646,0.003982146859276198,0.005996764225395148,0.0045952138133483365,0.00965527451780102,0.0048764752344061775,0.010489644589577749,0.004242296614569902,0.009352348885098715,0.004105476121695809,0.007263795630273323,0.004240468304200537,0.008847572493942992,0.00441335603436942,0.009181446648903102,0.004257993787471746,0.008964215659371047,0.13477170337433933,0.010372469286223596,0.12159428653580479,0.005121366824780123,0.10605741475294628,0.003701079065484456,5.717644630599636,1.0743994902488887,8.02291115478625,1.4297063139686719,12.114059963217915,1.1555085183168325,0.9154297862304931,0.015841868241477527,0.8815062010795353,0.0210424327914048,0.8216640750952187,0.017064958252018213,0.9496623185243522,0.09431229401342674,1.1289644221663526,0.08814968089880271,1.4029159843042984,0.05089737015533743,0.3668435061673156,0.014055082967025696,0.34862451097382147,0.007432152048272153,0.32561556554915455,0.005649621673221482,0.7398229757537872,0.021907599848174832,0.7085839565425731,0.014021218333764964,0.6677345792484903,0.010631522651235206,0.0050424220441987475,358.85836633914187,0.9169244933058627,4.032908376157306,0.00046793175051636996,9.909482971644298,-0.2708830495593217,0.9755456759090445,0.3676994573597979,70.69939528105895,6.635285044836217,8279.373764112104,2159.558032612811
002_Battus_crassus_crassus.png,Dataset_papilionidae,74842,0.01138100385416949,0.01052548967458224,0.016505972633324994,0.011745507529819304,0.01183022478588707,0.01275732945552876,0.01806319421048127,0.019006927752587804,0.010952953958135413,0.00931754737424474,0.012321060743816788,0.009389128176354043,0.010015652832474818,0.008251631705813587,0.012429760797627795,0.013133796048026438,0.010691347608225467,0.008375911626009076,0.010955997228262874,0.008343558921622099,0.009649570576408719,0.007003038239363297,0.01015478664177936,0.009208889523497068,0.009133952103725676,0.008152393532054861,0.008707627031963294,0.0070636379927786685,0.007987757858940318,0.006147413466705198,0.008071337106732954,0.007651216858034476,0.005058333005930537,0.0006201149342003999,0.00416234090788238,0.00033623636578125523,0.0034224492671452744,0.0001799281443717536,9.865535888805859,2.479494276289029,14.906367067286434,3.0826853040223545,24.592231632144678,2.8735942563067325,0.8910575585440417,0.027363774226864295,0.8353940483398773,0.03412401607519468,0.7282872097232072,0.032141445455826825,2.1660123330659418,0.29675867308152437,2.6815855910518986,0.26358077863519785,3.4235061610419777,0.21330719358990138,0.07098656828099054,0.004386357215139428,0.06446383200219903,0.0025990905091281278,0.058481450462098836,0.001539226752091593,0.40476185742394055,0.03674981460389471,0.34987048408111143,0.021369793715118362,0.29785830691528997,0.013162691016407456,9.294739789245172e-05,621.6911034850743,0.8927106632926369,5.5713466772585996,9.595314165327713e-05,13.923978115410547,-0.19264924573434714,0.972441219474238,0.0786496797639435,223.7917599077159,8.661369257925392,10966.799650297235,2897.1226884455796
003_Battus_crassus_crassus.png,Dataset_papilionidae,94236,0.005832272764128116,0.009670761057591827,0.006748742959144406,0.009279210415123845,0.0076430224669124,0.010726737417761452,0.00916974718191098,0.009457334596704815,0.003920260536897502,0.00616131917620294,0.004301346703408481,0.005902986941324271,0.004865097261673912,0.0068156506250272204,0.005006866312003611,0.005611521938525982,0.002911099717684539,0.004690429491770215,0.0031224234753723093,0.004376474324269482,0.003386819907481493,0.004993509646112893,0.0034519729355299835,0.0038917181368243385,0.002320154506357092,0.004075183064937187,0.00231704889406955,0.003588188016246717,0.002401053702634374,0.0038345416415459114,0.002559928861167592,0.0031808269787416024,0.04430192611127545,0.006253701037314647,0.03685472688745023,0.004061811694149045,0.028594650619033213,0.0029708716461192652,2.2669730155123515,0.5920501167735476,3.7136969853215724,0.917857098285806,7.270094751571345,0.7243904118955892,0.9465831492293503,0.014037140865843031,0.9123538781794434,0.02179457732268464,0.8275148157145108,0.018256285776995514,0.7715462188261155,0.12737426971176072,1.005041106175315,0.15118549265401351,1.4383390281948565,0.13670503616139978,0.20998140719253272,0.014482221677602531,0.19166288390310313,0.010957455060178613,0.16887286309691957,0.00875252697695211,0.7107176525890879,0.04111547833671711,0.6532537969580714,0.04066296967254629,0.5671844981490635,0.038991134718819424,0.0009699955901986215,135.66460205417565,0.9499530478122821,4.046805904719574,0.00035399902071663985,11.173731649005687,-0.28052724927761885,0.9852410847810427,0.24739505023242958,83.34257674787115,7.465278726256828,5287.887063756778,1355.8879164527384
004_Battus_crassus_lepidus.png,Dataset_papilionidae,107595,0.006727175989842797,0.00674264066789679,0.008165752910798674,0.011720033761171008,0.0068650474127667374,0.0092709823916543,0.007132115616526159,0.007912437998951949,0.006931956168844911,0.007078039830098484,0.0077075981752100405,0.009440649725852067,0.00692187213486376,0.008306983926148478,0.0071472294669534,0.00825156977390518,0.0073985436499452596,0.007934883159925634,0.007948090781689607,0.00967220267167472,0.0075765323635109015,0.009329100700738384,0.007805385641558229,0.009242984221920651,0.007513025693006397,0.009384641171970519,0.0076658366920831795,0.010010892427203733,0.007557378861958532,0.010037397474590199,0.00782196166407651,0.010615795184211215,0.028851855476861803,0.0026748170047081942,0.025365290196419844,0.000823720417358446,0.022587538134312236,0.00021028391892391658,9.018437714956576,1.1751578263761358,11.302805958987305,1.2955179804069477,14.891715348209834,0.8016345150297945,0.8693664300441634,0.01697829165593251,0.8363889157711852,0.01863318640313088,0.7848635887097873,0.011347959728710989,1.5993793796402582,0.13465739189221326,1.823223227818708,0.09354375368305068,2.1045998947135782,0.02879471521909664,0.16967531571380956,0.007883065030865763,0.15924386181939423,0.0025850859300069686,0.1502898742921509,0.0007012984826116654,0.5586188760579562,0.02778042829973488,0.5189080715696655,0.011950971170977216,0.4794592709305896,0.001837038380516979,0.0007271253915625674,572.397397031669,0.870298432711637,5.068787126721592,0.00017804047670523109,11.971666488883553,-0.16493688632348158,0.9380975634143442,0.16976459200319843,77.85951182891183,7.482654018387366,8253.530421865169,2206.4819547242105
005_Battus_ingenuus.png,Dataset_papilionidae,77993,0.007060943491307008,0.008971916684701762,0.009717466100501363,0.009454178396030829,0.007657159048905934,0.009193826831445946,0.01283652851325913,0.011008753835025404,0.005506998458210678,0.0059993806531339075,0.007625768275570333,0.007878137950097662,0.006229023964632278,0.006625221554505848,0.009401451895917195,0.00903536603634677,0.004828988560149479,0.005177537562642195,0.00620944762030197,0.006398336644611441,0.005380679671313693,0.005322589641391889,0.007499349679893829,0.007488808946029904,0.004117996305548022,0.0050937933654824396,0.0048089852342242945,0.005122084678507667,0.004397686857838492,0.004626316803135274,0.005971459502750527,0.006530114919768112,0.016195513093064738,0.0030953382678717187,0.01318989063947625,0.0015536649345534433,0.0104273064221632,0.001246831431643482,4.3631540637744415,1.1077519267636713,6.510833375942643,1.4833704274836232,10.800359540380382,1.1627186168714334,0.8665847934098139,0.033914680747057974,0.8007018353403001,0.04560490339146549,0.6686600579734598,0.036137019531933365,1.2944180966616847,0.20943758984591174,1.615073390824881,0.21266647217299195,2.125380897575087,0.18774718278124522,0.12672281656880985,0.011697899552163401,0.11463390818030207,0.006996980404883693,0.10193476940173611,0.006050554452121146,0.5653537240335293,0.049602720620590894,0.5045174766259032,0.03688927405874634,0.43008634487679814,0.033257979325813924,0.00028987276159242,268.62116083433114,0.8709432477614618,4.818108761879553,0.00019233763419462344,12.53874873666523,-0.2103783078737194,0.9704230496839332,0.14016461949116651,199.14763334769293,7.956639014931788,3894.590752101578,1040.802978233979
006_Battus_ingenuus.png,Dataset_papilionidae,154827,0.005166437034031696,0.008251663096440015,0.004750632470178221,0.008246697054885455,0.004850526220868486,0.008586848326964385,0.004545937783016863,0.005868513290144402,0.0031864637882787184,0.004575959841516093,0.0030329560994773845,0.00554435302996263,0.0030505600894755436,0.0060700379292891685,0.0031503776315080344,0.00453052178821584,0.0024635248294788085,0.00369650569520068,0.002238651078657351,0.003922174141509205,0.0022556388292420976,0.0040405206319348835,0.002483949547126263,0.0037426273418933458,0.002085597040070932,0.0032682059431620395,0.001741940739492646,0.0029128043332329345,0.001734299824331045,0.002926630218716399,0.002068955047961479,0.0033055175965689865,0.03959704233172038,0.0031678335829666364,0.03486769781563995,0.001579872730526462,0.028870300698428393,0.00028200373302253803,1.459277798927584,0.3694408181861328,2.3424267251136452,0.5556152697711237,4.493567690682461,0.43046356170762073,0.9841352580019473,0.004012262008358331,0.9745537946854452,0.00601900081247488,0.9512548287014275,0.004627960722230433,0.5341361921723327,0.08324927081530874,0.694895527269395,0.08359665757880522,1.003127491900094,0.04608704295390117,0.19883058514845237,0.007964969632359929,0.18668094634984456,0.004233448424913145,0.16991060963600063,0.0008279079363082251,0.7956377492410449,0.026078391125154476,0.7515127414237629,0.019300967495612806,0.6791972147319296,0.00863806343661187,0.0016988517102949664,85.01831424258697,0.9855207554199963,3.511570296997882,0.00066376720613612,11.067114268868513,-0.42514124566781414,0.9985888183411349,0.3775641342217749,139.14071645438193,7.99464425773426,11657.490322240381,2935.627159120742
007_Battus_ingenuus.png,Dataset_papilionidae,91614,0.008326810999167522,0.010414793385372198,0.00810991370446875,0.00910101938356091,0.007238182852392929,0.008666796543757868,0.007057458632880445,0.007239335081422782,0.005117229839749485,0.0066717341792069335,0.004765278078199139,0.0057684097710136014,0.0046922675973157715,0.006477778078719349,0.004297385406808692,0.004730776440159897,0.004314736978804277,0.005541484342663769,0.0038577288110294592,0.004170345242577456,0.003880563753376173,0.004791193203926508,0.003804557491355632,0.0037443927239407338,0.003776781469119974,0.005336342865015154,0.002969976713925946,0.0032354570854462683,0.0030043407109590233,0.003611840294942342,0.0031277444900831876,0.003402385334631153,0.022552629938432198,0.002688684198888823,0.018805399260288132,0.0012773469950800294,0.014997612349159273,0.0005260623896734174,2.543555898468664,0.6559479089201128,3.942850536744849,0.8843979606482655,7.2872177585342754,0.7020526178536048,0.9671054003259837,0.008474964222417305,0.949057005857453,0.011429830787250635,0.9060498074421307,0.009113869667226968,0.8995217735845661,0.1341483243566957,1.137420978631364,0.11337661613513639,1.5621777767586775,0.05851713892026881,0.1499094252971369,0.00893275688207907,0.137052592619463,0.004688935547824075,0.12244591643223618,0.002147067355512494,0.6691208822543062,0.035502381625155725,0.6149661681456051,0.01903978030759054,0.5437590277578395,0.0030923377420896945,0.00046898575386413897,152.73743507280398,0.969052655575766,4.294637520724123,0.00031554613808538014,12.167629379309414,-0.320556127829341,0.9947891786449089,0.2128136970181298,151.53393730741095,8.23103158033279,9717.566841438453,2467.576069127813
008_Battus_ingenuus.png,Dataset_papilionidae,64417,0.008644589034320378,0.011400191478928776,0.011632514926401367,0.010328231839234397,0.00906387635863872,0.01310889144868385,0.00994889653924211,0.00988763603311047,0.0061105133142218895,0.007912698008156464,0.007514349849798447,0.00792653937379096,0.0062789759206426906,0.008895233238202254,0.006836929215427249,0.007485464837571259,0.005234809261978853,0.006421938738697615,0.005768700111871405,0.005910320202625461,0.0050937602347986225,0.00615722296727999,0.00592799394076257,0.005835330445490034,0.004578687265990726,0.006114455814589435,0.004363194323852956,0.004552362346458616,0.004046367142525174,0.0046486181891121515,0.004774474832254679,0.0050777864407329535,0.018413897984448504,0.0024456168773294594,0.015112169752904896,0.0014029504166922853,0.011969792750475093,0.0007363132430373407,4.292568980043167,1.03967686934906,6.60751564879229,1.2834564934901167,11.65715217991334,0.41169844943022615,0.8744657426054493,0.030531281906956725,0.8062301879457466,0.03789223320420298,0.6564282518741785,0.011962634556059858,1.228649524974933,0.171506812335754,1.5465163603871102,0.1615571224556478,2.07815093312498,0.08315506042365917,0.13539994910303083,0.00898619871498321,0.12279843798860934,0.00571956121241519,0.10935491456333236,0.003360864668708313,0.5844802266493119,0.04014189972665628,0.5246437034157487,0.02914041692662079,0.4516600250246291,0.020194933822030872,0.00033606735218770284,264.0757801113929,0.878704504620739,4.728206328056254,0.00020905544738398753,12.318536285749612,-0.22531144649971477,0.9762257862086321,0.15039374135572456,140.6705197149878,7.901354895404752,4091.436923226647,1088.8781758345121
009_Battus_ingenuus.png,Dataset_papilionidae,122625,0.007466724928286164,0.011254128133304793,0.005270223668513027,0.008218868694382634,0.0062377905290983485,0.01061231156779475,0.005595040607448205,0.007158533231337196,0.005425891167064384,0.007685929974681626,0.0045123694327715725,0.005985775669330156,0.0046643795934648,0.006419435425418399,0.00489730389443765,0.005923227073173804,0.004340583216319407,0.006121714426272964,0.003926832724482655,0.005126118231527955,0.003941808679255749,0.004977869447993708,0.004560484793454025,0.00550262372478417,0.003555553693603379,0.0055557417115064,0.003136622782549014,0.004357328879460613,0.0031355442599718814,0.004145318048025106,0.0038598321598178158,0.0053330648321062825,0.03554477720027219,0.003754122064609615,0.030393642478067376,0.0016720136949674622,0.025403576342030998,0.0005852687766554248,2.7894121392567106,0.6985752162571285,4.225815318690641,0.8258979318082047,7.4524232975623255,0.6871511484131639,0.9774108778648215,0.005658441243279418,0.9657853110824809,0.0066630464275985995,0.9396751435569066,0.005474536899557858,0.8510944280386996,0.12235249303177871,1.0603416392591996,0.09201221228627479,1.3999056817829252,0.05566761054159297,0.18827164896321757,0.009927909998743935,0.1742712293719968,0.004814674572621633,0.15937442610458172,0.0018353871161739621,0.6934838178841514,0.03271382717490974,0.6449899972823433,0.01590662488245063,0.5850994955572867,0.003988909336498505,0.0008327213683202192,168.7400136787823,0.9786197459348762,4.189574203690986,0.0003329138663373263,11.730687268408856,-0.3244246741217799,0.9942196458792626,0.25201331523278053,122.2319091983679,7.971421627015857,15615.98833715633,3946.182087708778
010_Battus_ingenuus.png,Dataset_papilionidae,140102,0.01417552530320052,0.014289883753268662,0.011062211187385183,0.011365160511129527,0.013228156908309622,0.013866168772644422,0.010859900797430167,0.011491918482864743,0.012258403461863757,0.012578611489873723,0.011189500842871437,0.011764193072624751,0.011809811151449717,0.012416482870025536,0.010724519021823033,0.010787654584385626,0.012842657116069944,0.012714725513665075,0.01254882647544166,0.012958008224004206,0.012731391923444692,0.013026300469005006,0.012298955335757842,0.011763830158663901,0.014209380655302016,0.014890388427296225,0.013997248449508837,0.014806183954625426,0.014235014433242925,0.015058737353383783,0.014035841918146368,0.01468336801260948,0.004996395032151267,0.0004263128229626914,0.004378556550396498,0.00024088351332782936,0.00369722557123546,0.0001205256422878529,23.78982790453469,2.021061470675627,27.92007722521608,2.5674919225192605,35.45009635672263,1.840769487382183,0.8675958598396185,0.011229236715459754,0.8446342645838772,0.014285489399871506,0.8028254393132527,0.010268569717550477,3.0376467092232224,0.16331492589392835,3.342522395250068,0.1636271807336021,3.8497158792824138,0.10565864188308638,0.0706212270489113,0.0030062139407208504,0.06614528757842092,0.0018323431896058045,0.06079671791136784,0.0009923015877367175,0.4113796841334133,0.020299632836415955,0.3790935152520416,0.013402451103865813,0.33744582324994815,0.006432700450310685,0.00017980574972273144,1515.238053725801,0.8683355140377385,5.994758131712628,8.974106086530034e-05,14.328490820927701,-0.18841135953176183,0.9737982250441333,0.11350834878946008,247.50349227980288,8.92008875496244,21501.12090579488,5754.089739880161
011_Battus_ingenuus.png,Dataset_papilionidae,88144,0.00974935190485102,0.011290224904665492,0.013019405549604509,0.011521982789970195,0.010094754287163867,0.011826933908225049,0.014381788418861131,0.011626660350862593,0.0085276816999338,0.008747697186034749,0.010538197084107383,0.010344832454937567,0.008467639299275423,0.008401790963492329,0.011464513380610592,0.011252159285959538,0.007790339426508677,0.007236540062883771,0.008784928860880276,0.008857116651210783,0.007305172235575459,0.0064385753288949,0.009591196683232906,0.009690459457140232,0.006450136401150684,0.006575566851974731,0.0070887088258655495,0.008335306408594175,0.005905007510725771,0.005279514124353917,0.007518305010848633,0.007781162053661369,0.007443494049345745,0.0009991550418984977,0.006090243581069469,0.0005248920048909943,0.0048906864058194475,0.000326991480572013,7.46201826714669,1.838857335576383,11.224866653301689,2.322989294780368,18.260482484357162,1.2467482815761584,0.8971939117170984,0.02538103601622167,0.8451680027889844,0.032188330992213424,0.7473168984634265,0.017526884813970228,1.7643845835878813,0.24637372924671305,2.1926085101416417,0.23344549754688623,2.835298826920295,0.15173149958023374,0.08608250955800482,0.005770233751049843,0.07796662620686132,0.003383604437435918,0.06989430184177814,0.0023394392212360425,0.4801147844628512,0.03887085034467718,0.42156914713656596,0.024621571643614202,0.35871008373718694,0.015216269422253785,0.00012960317928166208,466.4586056856459,0.8992796476850783,5.264276673942404,0.000132472663941869,13.538078212404555,-0.20960880895190434,0.9773058371487369,0.10272734000692382,254.4662990758932,8.519071612228561,8797.226912948845,2315.921379658618
012_Battus_laodamas_laodamas.png,Dataset_papilionidae,148803,0.003511465707132199,0.004035407283566878,0.003877178187177588,0.004265938833088175,0.004084934872070171,0.004343065381612238,0.004650364526260133,0.005134762448116534,0.002971101481667754,0.003188738587327451,0.0032608845818964433,0.0035712429647569467,0.003276192521505533,0.0035974126957959845,0.0036589735012780007,0.0037331761125294896,0.002406517706915628,0.00299223501627749,0.0026113585124293765,0.0031861383405529663,0.002682929724892815,0.0034778339716237446,0.0030644175722733535,0.003213651782264162,0.0019499303088307597,0.0028788057860869654,0.001976181044114051,0.002861242433391297,0.002026553454617684,0.0030628611327632505,0.002355157808371592,0.0028184514473621287,0.08538198560666273,0.008130296102022585,0.07413031451327882,0.004279836080403778,0.0620338799077581,0.0016163893927229364,1.0553663747694408,0.22088754800760504,1.5457389284663527,0.2944011790579943,2.5033699523495936,0.13583262982392036,0.9217838684472688,0.016369560261949804,0.8853645421392037,0.021811147080519726,0.8142493876174661,0.009757919160060616,0.5435118323030375,0.08022185500982898,0.6870879992079998,0.07090286959483601,0.9110014975745853,0.022884774788375008,0.2918751411195192,0.01381620798640088,0.27215290418340166,0.007944259425459317,0.24904502189315644,0.003233725095818559,0.7703320294521587,0.02894590420124692,0.7242650385540099,0.019880514448467425,0.66360555131237,0.005821549053240943,0.0022250633607575534,58.44770403482366,0.9314400100337478,3.645241648566276,0.0006610843165804759,10.208202173707111,-0.2798303242394268,0.9799265917785348,0.32111582076524325,85.455966560039,6.897641294435628,1646.5446978295986,426.2481004661056
013_Battus_laodamas_laodamas.png,Dataset_papilionidae,149682,0.0036752994241821485,0.004018427759139918,0.004255282490751077,0.0038853630138132524,0.004102499687796539,0.004032458783894631,0.005744203732206483,0.005369107339550168,0.003415364854706926,0.0033697983998921947,0.003929769926652131,0.0037074577002872175,0.003756797261465087,0.003591236417587969,0.004856130104327758,0.0044892625645082266,0.0027553265455392195,0.0031346966046743707,0.003069810243000859,0.0030614001929728956,0.0030024533891145786,0.00300241994286933,0.0037031224275661475,0.003672322825740116,0.002160438446829801,0.002805765597623355,0.0021956824015795743,0.00240257007102077,0.0021693531871745746,0.002389789501761108,0.0027293149375100527,0.0029963276111644546,0.04481932216618021,0.0054397332377103475,0.03748025773276176,0.0028459425219685077,0.03025140778088272,0.0013513893190458528,1.1539563773621784,0.2754773895754029,1.721313567347532,0.3633324801720342,2.835176594185826,0.2847652851202336,0.926813994442073,0.017440038448063012,0.8909748598833991,0.022931286553346624,0.8209801862256878,0.018000884107001257,0.6472436179850326,0.10326691549901561,0.821600683126068,0.0970025003471531,1.0920343476818295,0.0682227405184969,0.2113235930481903,0.012714605278303844,0.19345432732492077,0.007461968374642164,0.1738861275229438,0.0038758787335568105,0.7219891706469599,0.03698553207129971,0.6666505333497983,0.027543528758472265,0.5941611820918294,0.017956518011465594,0.0009299204203358635,64.04965004019233,0.9359475056881077,3.890784104110902,0.000579145730444096,11.0654452372634,-0.2660993634664673,0.9813478060413134,0.24599043099479523,118.43448660578582,7.353909985074581,1935.598989251731,499.9121598229815
014_Battus_laodamas_laodamas.png,Dataset_papilionidae,163546,0.00652769545469455,0.007933973397706401,0.00791948573938487,0.00937280789153227,0.007803679106620562,0.009277902383153356,0.01040776971968729,0.011394382511851507,0.006929032589220335,0.007236190693472923,0.00770023064456601,0.008165808933301736,0.00762587827010777,0.008093200106376233,0.009034787345581434,0.009798806680532535,0.007978811911916744,0.007808673356887288,0.00829868245471692,0.008119360429303833,0.008220705941603783,0.007992573882154417,0.009404690207189134,0.009516217256037064,0.008443457687617298,0.009177986016399084,0.00781484349411941,0.008038840968676922,0.007702646583759796,0.007815972378679929,0.00949859436355629,0.010456765328770797,0.069870495216972,0.00473689129547365,0.06313285600850244,0.002377136055222257,0.057059186256273334,0.0010241775440713863,8.333642861695335,1.633113542735473,10.863056660393726,1.2230923945518948,14.77381032186247,0.927693931825102,0.8992860278265167,0.019700520986047295,0.8688762567391557,0.014718922835297136,0.8221540966119067,0.011255547651395107,1.6773987114865143,0.18803603055597234,1.9399057314933985,0.10233703927065214,2.2532134876120056,0.06832456007333969,0.26417864212385683,0.008952109392046962,0.25121746532477557,0.004758269044264379,0.2388609359180233,0.002153961150833069,0.5475398350459094,0.027366090741430232,0.5122011998757525,0.010877117397480644,0.482385614338727,0.006104763487624351,0.014063137620768109,535.3134554303715,0.9002524621325505,5.191626018341642,0.00017819287215825835,11.410250224018426,-0.1717839386936408,0.9376487853442949,0.21189662157477898,83.34811173145981,7.344225574380831,10197.300067077678,2683.1533806270127
015_Battus_laodamas_laodamas.png,Dataset_papilionidae,85085,0.007913533344615089,0.008283090728004233,0.012016029343124074,0.011855589667716805,0.009230225314257934,0.010570145126920746,0.0135097065189684,0.011097714854738138,0.0079206789964121,0.007102940187471218,0.01149544480086444,0.012894284218426023,0.0086796112217545,0.008865864191381873,0.011565560918359561,0.010833955888364296,0.008442731657729156,0.006924325125665716,0.009995008008503257,0.010307285188287517,0.008323577182097787,0.007276841058253495,0.010150896657318947,0.008954711525392756,0.008044464890567945,0.00724013686999154,0.007863555998062384,0.008257901263222829,0.0069110287491176816,0.0058568122705598405,0.008201379304994889,0.0072142876793241375,0.008906690163911343,0.0010403811618886797,0.007494530273019636,0.0004961245921594744,0.0063584481122005735,0.0003003205011756852,7.870887811864558,1.9294040915245445,11.54985761777024,2.49396095526163,17.52518932885502,2.13100614196112,0.8361254094685122,0.04044505470764194,0.7586668738193125,0.052505677097003496,0.6311097650511376,0.04536843351425344,1.8958226543170384,0.248912709450959,2.3091412259199675,0.23651982800042973,2.863711159479112,0.1917483294627758,0.09421404325545214,0.005514001937897202,0.08652268406177906,0.002890573604874845,0.07971754919612012,0.0018869187488449101,0.443196951595152,0.03651235396122754,0.3915363914466419,0.019892803544108717,0.34241744272867036,0.013553289739919825,0.00015159729592352815,492.7173268620859,0.8391395849006653,5.376183486700017,0.00011566136748604451,13.357818612837923,-0.16295965596046025,0.9493637060132115,0.08677173667633446,168.6951076045372,8.214269948100663,5635.722721252973,1532.11001202876
016_Battus_lycidas.png,Dataset_papilionidae,113286,0.006185855928071974,0.01273794533021471,0.0025106870931447195,0.002939408414550711,0.002950585885693544,0.003469551623647135,0.002564995554471819,0.0033775643748092787,0.004261416666538633,0.009137325371153502,0.0020106298461971595,0.0026537261842722393,0.0021747670551280967,0.0028531788537292315,0.0020594344728098375,0.0029715932994423024,0.0029463240718432533,0.006794593982772723,0.0015157193672231076,0.0022706580844743555,0.0015829767631673657,0.002401008084719289,0.0016906960198057525,0.0028204319572061646,0.002242839398190424,0.005462802578365483,0.0011490789987962484,0.001954344044496057,0.001197844517308435,0.002060307750233501,0.0014277808738025082,0.002751423810383914,0.1164978019394308,0.008119851096464282,0.10583662280072664,0.003941856983117069,0.09126172061505546,0.002475824417250652,1.3497535774575742,0.5291658791816641,2.0708734790842107,1.0603249302247841,4.0128665888427255,1.6864270567630588,0.9553399001716513,0.017496336365364646,0.9315509445508486,0.03505216825014445,0.8678486325222292,0.05564454515671906,0.44142670153976815,0.09861145989066936,0.5640857051501977,0.10573561167163689,0.8044973475060474,0.13650192443414805,0.3411123131191232,0.011840260890369646,0.32526794398853215,0.0061145248547829385,0.30206812788992526,0.004070224579947108,0.8305200947613736,0.02837936259103061,0.7947176692537884,0.01920574821414057,0.7383548554612075,0.01826525302529647,0.012392761086693772,79.30675152766008,0.9582602290404253,3.2153510409461825,0.0007951675739685427,9.049170204131766,-0.38549720494139866,0.9924997658065098,0.47946302071311214,49.2470693273755,6.507362449971181,3720.0992522930514,949.8515009551779
017_Battus_lycidas.png,Dataset_papilionidae,98968,0.004631431314011272,0.007690017694749765,0.004209652873573602,0.005379157007978649,0.004195792107377795,0.005374275529724528,0.003346222101276987,0.0034391012001235804,0.0037665588442377636,0.005984309289625977,0.003404031160084365,0.00433192943563073,0.003630969468982479,0.00480092685816096,0.0031973702759792695,0.003834166241377579,0.0029927290265505196,0.005082556603258636,0.0026340387843712364,0.003540577751561211,0.002757526653111127,0.003819554837400226,0.0027447577619156734,0.0037272916317273425,0.0024316750586304836,0.0045357609310132645,0.0019367799478425228,0.002822475450658926,0.0019844011451663913,0.0028705922175512196,0.002221283135201564,0.0035026158772062687,0.0662966236647475,0.005401083246194286,0.0581563830296508,0.003039190976199485,0.04829329311018665,0.001158340031724175,1.368274859581277,0.3514606832471972,2.0259215538406523,0.4272888448536863,3.3646915029457096,0.41711320588911266,0.9475925825446269,0.013459600052311607,0.9224216084662896,0.016475613031349003,0.8713255860955542,0.016401848446850952,0.5867595206967303,0.0911314156279315,0.742339353602667,0.0737518453857476,0.9926928809135758,0.042834949374040705,0.2572675999748859,0.010488358685208988,0.2410735383658287,0.006319187402675115,0.21974153323651674,0.0026366040755966018,0.7674759439058643,0.02742375567496867,0.7233063161306617,0.017040498787796517,0.6639036753491799,0.0028916957470805933,0.004928556554928752,79.27992325159823,0.9520227426090739,3.701239023670589,0.0005622199733825363,10.19659987402976,-0.34548356147986076,0.9922650872796507,0.3820427294642398,64.161091052276,7.091209964184351,3225.6899361121714,826.2424648409424
018_Battus_lycidas.png,Dataset_papilionidae,138958,0.006009117618951921,0.009759180179518654,0.005205962934667397,0.006507448894300037,0.004980885118048221,0.006549042845696316,0.005057060962160142,0.006223065456380497,0.004549356508105136,0.007500883604345594,0.004000732423841633,0.005481767955172594,0.0038662490996213966,0.005290352825988929,0.0037910486130648497,0.0048438587957141555,0.0033507103453596396,0.00573386995337188,0.0029720157249148744,0.003941587892046395,0.002904041845940289,0.0036862660909769782,0.0031098766696183297,0.004101475831082254,0.002671445915051825,0.004762021476775497,0.0022657149160123,0.0029794082814716795,0.0022583722862624155,0.002938272972695342,0.0026544912379459083,0.003863612278780473,0.04095814585151785,0.0030800102126479546,0.03649986245507061,0.0015851612280589988,0.03172625513384025,0.0004770307363296336,1.7352258712248263,0.45031121892221976,2.6604759444987938,0.6524287532251573,4.808095075325055,0.5812711619640677,0.9870701093755707,0.0033549198692993157,0.980175226884505,0.00486698205372275,0.964167301610216,0.004342687361577191,0.6809584730560583,0.10217695617388205,0.8674937247878011,0.0924460404744532,1.18803134656231,0.049858367800664646,0.20223875320938434,0.007591610621705128,0.19100404115635694,0.00416157626522853,0.17811362441826156,0.0013386300574471728,0.7394003046000428,0.028762122768517907,0.6921640655879906,0.018627539753651935,0.6324290597118466,0.003214755911129463,0.0021331205193482654,102.65142299773633,0.9880375488819589,3.9117409906803955,0.0004388084278751197,11.264681709463842,-0.383098771794384,0.9973813239367888,0.34112260110112425,161.2250832014882,7.87584718873566,17059.566681624987,4290.554526155681
019_Battus_lycidas.png,Dataset_papilionidae,62163,0.008047552388820262,0.009437685557734976,0.013149126003318454,0.010984841393859633,0.00907955250503942,0.011024463906464095,0.01615250599385473,0.014203049045359989,0.008403462144813653,0.009842712116634159,0.011883226237694732,0.011430070224579137,0.008458916914331172,0.008966164857310596,0.012735091740473664,0.01281114276741802,0.009104517101361155,0.00983502824806463,0.010840078885452879,0.010715725705464902,0.009186409879943748,0.008268791024074018,0.011874426047763493,0.012348706718131588,0.00974219720422008,0.011077961523610515,0.009866767615702677,0.010040783691498955,0.008897261002642223,0.008187975048984147,0.011133884760972402,0.011984790278625916,0.009024770894835037,0.0010620214451467968,0.007759745637806148,0.0006476591370882381,0.006540808508768516,0.0005208590560204252,12.580847571848599,2.6005393668772885,16.69822405703691,2.6136812406114585,23.5066863618087,2.4234780089363044,0.7838473243862337,0.04495315920697031,0.7124821856050448,0.04555600877459572,0.5937225711291984,0.042778328998292856,2.250396070359048,0.27045077685114594,2.6304668631304122,0.2388496418294477,3.1790246413485055,0.22901556329669331,0.09483536847938198,0.005569899479782244,0.08801147971953044,0.0037047368846968736,0.0808111044920673,0.003220853852738046,0.4247453717662652,0.033681903220678065,0.3836963208224015,0.022231734531010277,0.3385474059095447,0.020511435071314307,0.0001678941691180491,796.2762854210404,0.7859595206162435,5.617366029696688,0.00010109435408666966,13.410970371758182,-0.1554488920793239,0.943994553053531,0.09678459611888074,152.12465744919,8.186728409188948,6646.199326968424,1860.6189030973649
020_Battus_lycidas.png,Dataset_papilionidae,54363,0.004055389578104232,0.006105968603270339,0.0059795684163503615,0.006719766636063231,0.00506912079198846,0.00811330994377956,0.007318052057096875,0.00726995160834534,0.0028318752568724363,0.004792147918777576,0.004349663314023205,0.005794652837999152,0.0038326220375009662,0.00654938595803789,0.0049730767187562445,0.0055757491690500705,0.0023919173902120032,0.004342897008308308,0.003315132075318205,0.004861450073247343,0.0030142043692758854,0.005035475257926901,0.0036954628858527705,0.004454216998065603,0.0021484135868222827,0.004141523037434579,0.0027219586601010576,0.004670780654487309,0.002460583126363779,0.004265474178792723,0.0028388967140306545,0.0037517466089500504,0.06330146627718808,0.008837971241216472,0.054367877759292124,0.005857813635376547,0.044227281998473575,0.0044861696588718815,2.1089663811957955,0.4574349741667313,3.1775926677509543,0.7735250693114755,5.364478916185761,0.8033942099515367,0.9016644773329352,0.021291260525393,0.8518870582089832,0.03601072684474265,0.7500595435755316,0.037327527690795594,0.7021210438837013,0.10809560537279408,0.8847589299335086,0.12876660652746735,1.1863702899751682,0.11329631408892227,0.2510130226241755,0.0171443503890704,0.23281398736068587,0.012865653831443374,0.21003386168516647,0.010632917948048284,0.7416708294235563,0.03713792781643566,0.6957068964764934,0.03375579532843844,0.6294454850710025,0.03157353144308633,0.001762405560597017,125.80113805107348,0.9075847901632127,3.8769796422268246,0.0004461212648078874,10.55288009747551,-0.28169324724668976,0.9817128828368543,0.31411800016053787,81.10636410994344,7.090012925165699,2596.4719857397477,680.5682809477051
021_Battus_lycidas.png,Dataset_papilionidae,77564,0.007423345625666821,0.010040847669467152,0.012219741630137818,0.010721272557010494,0.007962984821407244,0.010203423558357783,0.014839855266021527,0.013725802309889705,0.00785799234579759,0.008688976553201328,0.010795628238004479,0.009567778457439299,0.00815825637368735,0.008397053255149342,0.011759316008635605,0.01141626257368713,0.009257409945064878,0.00835189964097489,0.011438648052290352,0.009844324297035915,0.009848916528940467,0.008019795598476914,0.012551366094146265,0.01195214414982801,0.009841656642580366,0.009568775110622206,0.011215149868285175,0.010213183277265912,0.01019949306932199,0.008509218190302377,0.013216291596645032,0.013627099812334058,0.007079163872459504,0.000755160829615763,0.006232709997709262,0.0003690924299190756,0.005582772437636492,0.0003738447084276166,13.548097801459484,2.6544280884116365,17.047104036985594,2.0265642947169322,22.424364003276313,1.750773150885611,0.7493534087913771,0.049133021302416896,0.684575843993447,0.037463234893121075,0.5853612575703999,0.03226534606020259,2.4440084627267056,0.27213332105193505,2.784534398620209,0.18933488096784376,3.2163420931388833,0.19045178154778034,0.08402047153949208,0.004441197444486055,0.07891234820215659,0.0023561194644695785,0.07467593119039091,0.002505541555131932,0.3908911358735887,0.031572553795697886,0.35298927750992426,0.0175206176025693,0.31871500840326594,0.019096745618740987,0.00012184127381490872,856.0500458970938,0.7520292102005243,5.739620725564639,8.846380545404902e-05,13.653348036685372,-0.1327106438906311,0.9226722968268227,0.07606753985185484,196.66695628863667,8.207943854501144,6048.499045778701,1726.137272918952
022_Battus_polydamas_polydamas.png,Dataset_papilionidae,58511,0.010707025322766257,0.013761970271871333,0.00832204513420053,0.009401663780927601,0.009173427304054026,0.010213852034864222,0.008183427571942316,0.007393788640171166,0.009124962443231093,0.009113630358403626,0.007508272451827066,0.007401576351287291,0.008181772303157782,0.008042531330896255,0.007352298762832675,0.00734784803511848,0.009173955217433093,0.008584451383627288,0.006964004729684551,0.006475414675102909,0.007507251247155351,0.00734507988422165,0.006550467054490803,0.006498769413564293,0.009026728610669658,0.009764470148268771,0.005848337952025716,0.005763268283973395,0.006190784631323267,0.006434801630442534,0.005076777950234838,0.0053423412603068356,0.02311375932591836,0.0028871751591187256,0.01954494393683777,0.0009980111935556318,0.01680556148566143,0.00030848189651472714,6.415512317079188,1.64492823639451,8.980957822600393,1.3707730790097898,13.682083561898146,0.9428076617154274,0.8686422604991776,0.03370893259260387,0.8158914061585352,0.028081421681685623,0.7191150157964451,0.018900157423022958,1.554059458708565,0.22375734398137276,1.8651883226888704,0.1309776905256656,2.293960604336751,0.06731300602183765,0.15174073896633786,0.0094078405528622,0.1397569834717616,0.0035957624659481813,0.1296308601828908,0.0011838808661556869,0.5306595816338214,0.038590813004973655,0.4808262761035012,0.016357685506359493,0.4310680279079874,0.006034390327203415,0.0004202573649986374,399.910686949608,0.8715287520258455,5.069904449571201,0.0001707297479355045,12.370700028716271,-0.1865679612110955,0.9574452914380509,0.13039116336681184,107.86894762294531,7.772881819371225,5826.172787386155,1556.520868583941
023_Battus_polydamas_polydamas.png,Dataset_papilionidae,161181,0.006355381019968381,0.012891901895997655,0.006105988323666249,0.010858288478660815,0.006202314713164755,0.011788048709366656,0.006809457096564495,0.01046814862427798,0.004718861994309791,0.010145836972774745,0.0039628649224048565,0.006903826518115393,0.004138874614957272,0.007674231218853775,0.004168677174197496,0.006667607148076313,0.004110087545708345,0.00858510565044142,0.0035638834119113543,0.006556269984093107,0.0036709426191990626,0.007000423263484307,0.0036795444804938954,0.006241211523361898,0.0038291107361574294,0.008491050047556166,0.0031078577392416712,0.006114987617664187,0.0031832220440900704,0.0063963269031526125,0.003275480687123349,0.006265135707068232,0.09519679601938871,0.00597676182185641,0.0870352199780112,0.0026621709043135075,0.07561951433314575,0.001884143568864217,4.465147379805305,1.0749537193016254,6.6122108134150634,1.1283308093663533,11.52109836154218,0.2667749438139432,0.9565926552767561,0.010424664191365857,0.9358210931284308,0.010893446649102047,0.888602453218583,0.00255991285530017,0.8182101289427387,0.11099207455312611,1.0120727376396463,0.08389617709515061,1.3686033127851722,0.028890484639477916,0.3083879333966212,0.009678768245487563,0.2949824618020386,0.004535108291985529,0.2749689737029752,0.0034026216184429785,0.7730454991730454,0.02115150785481695,0.7424488454721033,0.011652060286682918,0.6978479275057433,0.008449078424160318,0.007852667970581564,278.6102970493364,0.957485176551811,3.716022478771262,0.0006438613180999175,9.956467502378427,-0.38526496259535226,0.9952785514361288,0.45827993083098495,85.69818966057069,7.081983414559263,12825.871876713143,3276.120543440619
024_Battus_polydamas_polydamas.png,Dataset_papilionidae,74521,0.007034360058762033,0.009110474899738888,0.011004496098014589,0.010735020231335423,0.007488626740334434,0.010622754321673011,0.012369652122304783,0.015604188187405794,0.005792616917909862,0.007019196826818086,0.00791633235991013,0.009512987185518271,0.005689474093156817,0.00681635074045632,0.008079933465661519,0.009586827661624681,0.004817787708817413,0.006031930911047499,0.006032414595193358,0.007471532213235425,0.0048781689970276805,0.0052782807144946264,0.006296140884571391,0.007254608711303189,0.003761057180974708,0.005335958672250817,0.004361592563905744,0.005484666305891414,0.0038083613865457075,0.004173529989495378,0.004767913817430963,0.005668675988126426,0.017317515573113316,0.002369031966898148,0.014107197248668865,0.0013986215079626065,0.010997311836965234,0.0008571129472213645,4.23135657456222,1.1897244408303012,6.696070887545963,1.8331507491129242,12.084082549038845,2.0163641236262007,0.9307266139711815,0.019555311108661676,0.890050943534122,0.030013632776010445,0.8001292420148418,0.03252903545377021,1.1748892892586889,0.18980520999760958,1.495427943771985,0.20425788391794586,2.030917900454152,0.18994547224333339,0.13129023911766016,0.00896597376423415,0.11862622709745457,0.005917389060387807,0.10478814245712521,0.004093536044847578,0.602352635571417,0.04220220936284813,0.5410162709324801,0.031704562368477504,0.4659366204689325,0.02467652326051202,0.000327671705391658,261.147203254735,0.9330686656668021,4.668191342698683,0.00021687674538411225,12.38689728451321,-0.2532325270290474,0.9848944372662369,0.1624339454706397,115.08728122481068,8.072901576561517,7544.753230180151,1951.4751083587212
025_Battus_polydamas_polydamas.png,Dataset_papilionidae,101893,0.014273079269752909,0.01517906159192901,0.01091055795554194,0.013017207359434645,0.013657467264259733,0.013094213770963868,0.014886087009059933,0.015515406179906181,0.009639910437669366,0.010675925178327918,0.007619147474949336,0.008815648561915653,0.009516361599636768,0.010378392465315729,0.009710517151778567,0.010514488034905524,0.007056250920718124,0.00801287307911344,0.005885016887661939,0.006126406782062755,0.0074502104555184846,0.008579863380188945,0.007376707927212371,0.007695437583839465,0.005174501118941807,0.006064212048678926,0.004506156804497364,0.004605933331651623,0.005480540484311973,0.006705698332516828,0.005553782740166736,0.006162179523392326,0.01096149571383179,0.0014931516280084257,0.008803814127026592,0.0007036210699361884,0.006624713150712952,0.0001243331844752101,6.581895410990631,1.7818787542146075,10.603893303738984,2.3583675905490606,19.539663217475695,0.7274818169095171,0.8938203581809872,0.02878038024600392,0.8287455569761837,0.0382209487678947,0.6835207302884441,0.012033004649772867,1.560624588674658,0.23813690704813723,2.0043622452838274,0.21878286119519738,2.791294225020103,0.06358546540046259,0.10445219696333831,0.0071578113529045615,0.09375414072931726,0.003738344972573873,0.08138872078264511,0.0007676458021664682,0.5326942301383055,0.04103690118660267,0.47071172641654535,0.02237250217071928,0.39143695797887135,0.00590783602681558,0.0002699415105537821,411.1937582318059,0.8963770980160265,5.085626263844297,0.00016122455091922876,13.066484056104745,-0.21912758852409503,0.9780900875164813,0.13759962875168308,156.22341390906905,8.308488708079853,7525.8007602722955,1984.2486296260226
026_Eurytides_callias.png,Dataset_papilionidae,121123,0.009271992714031332,0.014421598343661217,0.00834129366463384,0.01132212287898795,0.008189714638614998,0.011637545391389082,0.008511139479875245,0.011141691835581452,0.005792001585126401,0.009145168044181284,0.0056475082581207104,0.007786558184285974,0.005581393474548376,0.008108042167673975,0.006325134456001784,0.00869200690808026,0.004683839681167206,0.007309610893626482,0.004564949993323396,0.006349295828432179,0.004475640074805278,0.006296393659263901,0.00527197270618744,0.007454510601348796,0.004079892458043325,0.006510908856891768,0.0036177456621281578,0.005241806935575739,0.0035534420621700677,0.0050200290659894505,0.004441051766103139,0.006749991966607822,0.035000693222979495,0.003315774784912709,0.030411219327763535,0.001374343466026709,0.025725576387223205,0.0002807381679337737,4.216907482283865,1.1115101572146,6.594347410793086,1.384405728059234,12.404325717072966,1.1613068063595082,0.9835659810408963,0.004326768000714385,0.9743051456827168,0.00539792533370258,0.9516982532744902,0.004537251593081651,0.9602509570315404,0.14562219369682905,1.211027237708357,0.10619014945762284,1.6567125094994106,0.041556582266905694,0.18687519330856572,0.00885185567356844,0.17434340582322003,0.003949199124321675,0.1603895494212726,0.0008768259031069651,0.6988034271983116,0.032115958351191805,0.6524433179139528,0.015113963705973631,0.5946226858771514,0.0026838911249021176,0.000974359381937854,261.2473501855554,0.984096331300344,4.250645949660157,0.0003475556185554104,11.758830796790606,-0.3376884868431419,0.9954215701497731,0.27548377973298593,233.64545187017117,8.0405582137181,32589.657084724502,8212.726108727518
027_Eurytides_callias.png,Dataset_papilionidae,90774,0.005598768610230071,0.007422303514396836,0.006589999210325576,0.008206759640547049,0.0081705181500276,0.011189742791969694,0.011608435132786116,0.013725035859297933,0.0041832159141831715,0.006268433049212315,0.0049836701585861285,0.00676459505683103,0.0047828831471624636,0.006935728303055481,0.006975122966430994,0.008885315486820927,0.00363110838177713,0.005759694308415422,0.004103376739124302,0.005631244559558844,0.004032219674627559,0.005718199059216283,0.005466774670006477,0.006960751638215866,0.003199162176295934,0.0055634746594898565,0.0034015384829242236,0.004887473445724058,0.0034495951455634794,0.005150399745235019,0.004658922828140484,0.006549526195110729,0.08647074517098205,0.004867447668824723,0.08044705484496403,0.003308119990203634,0.07193337184263918,0.0027530041352781284,3.8789127506615007,1.0513804448881532,5.887847895245265,1.5107169857054097,10.652639172837823,1.8530952770615639,0.974503916233489,0.006897436620508374,0.9613437433266435,0.009886564097426553,0.9302415672408825,0.012102107922359169,0.8742138369259359,0.14982405659223721,1.099091826964537,0.155447437895941,1.5211493714898803,0.15789742049656308,0.29394483904760815,0.008196143499096956,0.2835704494492566,0.00590381606341721,0.26815503497852167,0.005123383482329946,0.7317069342404539,0.03398562297195574,0.6927399550567687,0.026014521050614005,0.6372058057596318,0.023901164866425725,0.019058299044452172,243.28336949342088,0.9752890665345737,4.118627706954305,0.00042081723316397487,10.616159177884239,-0.34258314971499115,0.9931437508446721,0.3530900369158572,133.54369249767723,7.3898959821627574,19443.575296284136,4921.714666444392
028_Eurytides_callias.png,Dataset_papilionidae,77397,0.00495867667217573,0.006927335039245141,0.008199142759258293,0.00937302895892389,0.005471418786987468,0.007897339974107364,0.010431282978495349,0.014539640533252688,0.0037692532313719023,0.005103513774568647,0.0054146565939093205,0.007185863486405243,0.003822575351364191,0.005130898880918158,0.005998653905831281,0.00988324128672265,0.003298676504431137,0.004565290161871808,0.00415072678173598,0.005774971095185348,0.003394080214265875,0.0043855906127545,0.004886470841020282,0.007509251648321506,0.0027077192253213284,0.0039042150076644545,0.0031065049593880533,0.004456339716466208,0.0027468229147130855,0.0037080055954740966,0.004057477548428293,0.006470496894989118,0.08122263048953048,0.00503004606617913,0.07446581777033649,0.0028802298713012397,0.06674617990493326,0.0021503658113413357,3.0697433756019965,1.0074299677896688,4.785750997604596,1.5823965977823897,8.81514682880418,2.084734875948168,0.967965168296847,0.010512275956988188,0.9500825906985434,0.01650958074432011,0.9081423494332256,0.021774040356980714,0.807849756977571,0.14587496208310746,1.0247746770608193,0.15176267043008687,1.413398965543706,0.1704063119655892,0.28485999557741243,0.008798489027500099,0.2728328347121877,0.005297364745658215,0.2583192467079658,0.004164935193056327,0.7346839787861159,0.029971522441627145,0.6943248670455062,0.020360110985633197,0.6433057798695709,0.018040978530183195,0.0041558656074555875,190.58400535776457,0.9688924139865001,4.051363833636181,0.0004768199713569773,10.712499664839001,-0.33640205905392184,0.9927754411017795,0.35307309342787785,115.13352153760269,7.396534477174366,12062.237466080156,3063.2053678594802
029_Eurytides_columbus.png,Dataset_papilionidae,56294,0.014979020784612437,0.016698160170569052,0.009523897092386697,0.010810855428888435,0.009109524050461988,0.010191357008091288,0.008253484810405274,0.009243030075774742,0.010118732890102658,0.012869066924724813,0.007410649710383129,0.009245978178499929,0.007850183408455128,0.009883107130527825,0.007513985338540691,0.01042426872853162,0.007890759776853615,0.010595267039051654,0.006396414718310458,0.008487851496189075,0.006675875253827836,0.009053231711474817,0.006391449091336418,0.009309204753926093,0.006730938157123612,0.009880411518907678,0.005394002613490777,0.007517951657490977,0.005537591395373048,0.007994171941488916,0.005492643269503091,0.008528678501625827,0.026703907066371903,0.002405400971008708,0.023272311294801798,0.0013634448201731988,0.019438691924126922,0.0008185128794769156,7.738110154325394,1.935257289796545,11.333683961837833,2.4806693567174896,18.60705908043842,3.127286826425789,0.9647182762967463,0.008821231435139278,0.9483222370358808,0.011355666585922256,0.9151672115986574,0.014424760790376329,1.416797538718156,0.20909760052882403,1.74248015879006,0.19193661401629128,2.27249326956893,0.19985895356206929,0.16324863838690135,0.007334107389084957,0.15248553773414011,0.004524607909192759,0.13939171337229578,0.0029397563270891947,0.6177117918222471,0.03357170939673429,0.5727240526970818,0.020395961143831465,0.5175690930090254,0.015235272427750829,0.000732263719400929,486.20628461100955,0.9653113151851919,4.7917548494637,0.00025130243686415744,12.433139027912949,-0.30687785476368484,0.9940507083960806,0.22877462737028292,211.8435129403753,8.30511521386832,27545.946049483347,7008.038083523588
030_Eurytides_columbus.png,Dataset_papilionidae,62869,0.008510895014206484,0.008303994864664706,0.007404105345125327,0.007852962116265646,0.006791913827929014,0.0075887399554132,0.006575803741281754,0.007385399944404593,0.005189935930055137,0.005190653543359557,0.004441674848229312,0.004616223191199079,0.004129975633313807,0.004159932508594847,0.004533958484809966,0.005318662155532035,0.0036458526653167706,0.003544257634602157,0.0030538384944089683,0.0028761687873022673,0.0028975009632991964,0.002623556721787008,0.003516454404502586,0.0038510116615063025,0.0027059485711946707,0.002665907212696927,0.002142792189098844,0.001893748925245698,0.002084807524786429,0.0018371620136507795,0.00265890063581688,0.00284187336703905,0.027277327666177503,0.0028483890776527764,0.022857103180712747,0.0016864042659103992,0.018064953556136416,0.0005467949665128338,1.9317164091842696,0.5518518226881479,3.2436047947314774,0.9557979833489637,6.925157493949307,1.167573562398946,0.9877756608594247,0.0034771155655732846,0.979518228225927,0.006008933246182724,0.9564747657201804,0.007298858961259039,0.799043662406667,0.13304984613432194,1.047827517169921,0.14479011702231903,1.5350197015058327,0.12426977355086928,0.1649328359825961,0.008630601422586906,0.15108188146940543,0.005600738556411901,0.13439050805486638,0.0020359029670679106,0.693889574364364,0.036049010685102835,0.6369937539983245,0.02543582604150016,0.5561654773966525,0.01370010624862732,0.000629286032836313,113.68908211868607,0.9887487524461295,4.149076267990802,0.00035337885010155784,11.789857644975887,-0.3554277596443492,0.9966368175942685,0.2481036676729639,183.33721888249175,8.149098942542459,20086.71899012328,5050.102018060491
031_Eurytides_columbus.png,Dataset_papilionidae,66048,0.006378477683914733,0.007171610200235457,0.007031121305614805,0.007142220191640152,0.008862195673743413,0.01007692181125033,0.01091964025075538,0.011032700508452897,0.0051922137505830525,0.0067436403957609045,0.005851049042303719,0.006517620943083931,0.006041983809727933,0.007321103892085244,0.007967381402281022,0.009150216394516448,0.004613741104542861,0.006288060454903193,0.005203922475118483,0.00629756117725082,0.0051544906036531096,0.006622309026376434,0.006657740838786101,0.0078258978082907,0.0040347233129904275,0.005816591600576875,0.0043127447199646654,0.005699488810752731,0.004215556092246965,0.005525483568255299,0.005680324508061945,0.00748203423661764,0.02232694876675982,0.0027640281358372134,0.01887116938420505,0.0012899486639854623,0.015146961809684526,0.0007718111601532745,4.55970332102704,1.1841006226078172,6.695487937237246,1.5153956951943768,11.040443580490304,1.7891030609124892,0.9572065195249516,0.011082657586825457,0.9372570742022488,0.01411664654174728,0.8969022384194535,0.01656857537063492,1.1806104248075053,0.18286237184184123,1.463664636659455,0.16862873095469472,1.9289390626980958,0.1526179976164915,0.14914211673015212,0.009142088602146667,0.13728940605000547,0.004773716648668135,0.12303329493170556,0.003125723585424772,0.6274394518597706,0.038222028582967735,0.576564782656393,0.02414471464552908,0.5094696327532005,0.015966020789219916,0.0005840567973133283,282.38682180421824,0.9584940959549705,4.6360347057732305,0.00025313461868151587,12.378592796722938,-0.29821129923157924,0.9928052529859376,0.22068557877370476,140.47577230569067,8.253755020669416,13321.619498180542,3401.0015799961884
032_Eurytides_columbus.png,Dataset_papilionidae,117961,0.00562971464969272,0.006432822389313341,0.006425598406042815,0.007267508256206261,0.00738907793410286,0.008058850821675666,0.009398129413302382,0.01130372778445616,0.005010547013404371,0.006237769364377296,0.005355456445486035,0.006475978216290807,0.0054194571129682675,0.006608308405576379,0.006845715430040438,0.009100321994114174,0.004372378800768732,0.005942295565072301,0.0045427058393795955,0.005817788646878225,0.004700707133722116,0.0061902765012773345,0.00559775914949398,0.007821530900267151,0.003617646939256079,0.005461203192026627,0.0036313486974754883,0.005063785786519998,0.003768823669539536,0.005395245902540375,0.004609581935253315,0.006995308885006844,0.03195038965495062,0.0033675352042053567,0.027260868967561767,0.001881530862126335,0.022051812234953835,0.0010625325010173458,3.7886106282761984,0.96515362193524,5.556027082059701,1.2714237589899147,9.086273893471034,1.41026188153982,0.9606162441351926,0.010018118215206366,0.9422908163808011,0.013186441352611834,0.9058355695289826,0.014596515938948753,1.0144407545549838,0.15552184579728,1.2655848657941093,0.14822869158746363,1.6740996382616329,0.13160070361948573,0.17850219130557485,0.009346515610567346,0.16500785830036363,0.005768506452183422,0.14845542599229467,0.0035775310481045257,0.6707709745867283,0.033479359566536436,0.6208540288162235,0.023372041346346885,0.5547956006177741,0.014739472897386193,0.0008164355744919532,233.20705030838863,0.9620348786101478,4.387087234792718,0.0003116808898850043,12.02189721332221,-0.3049800785163652,0.9927374989230734,0.2542271066511719,141.18140881689686,8.06223708748802,12050.74947577064,3070.989131519756
033_Eurytides_dolicaon_deileon.png,Dataset_papilionidae,62416,0.012673800649845862,0.013107541856894844,0.016624924143637154,0.015800220310595102,0.009806939590752585,0.012539768265356277,0.014208196505086408,0.01668484524646632,0.00907354513526103,0.011295931956586886,0.010916209645494812,0.012704856391680442,0.007011771918412096,0.008265659156005824,0.010413801579242868,0.014700025687465645,0.007580945717333932,0.008951915031174859,0.008237461779525737,0.009619265785402915,0.006206438019827239,0.006650370380473153,0.008521063819359579,0.012080249448686884,0.00615729273686488,0.0074912011094659635,0.0062081631829082,0.007201771158795051,0.005239294048542775,0.00561179938722358,0.006959177541010186,0.009956693428169043,0.013491205433443905,0.0014214091070482828,0.011596793078989712,0.0005488316940278915,0.009510217703980995,0.0003007114015631374,8.544463092702024,2.596267199661183,13.31632543601604,2.9832879702370247,23.840646993321734,2.577802717706848,0.9420034669006229,0.017635808819596185,0.9095925989943776,0.020265961811623392,0.8380209147818422,0.01753688882254798,1.6103069633574556,0.2591253231627672,2.03288465256679,0.2228235365887849,2.78592907349394,0.17948796729000158,0.11598917476777934,0.006141398060168953,0.10765858560769323,0.002534171253230442,0.0975081354847087,0.0015431196572809323,0.5662548466326124,0.034576831504653134,0.516992071814562,0.019872465900767824,0.45625809689775687,0.012907603852504713,0.0003658030256996477,537.5926631483487,0.9430120868520767,5.0521322408786595,0.0001925200933528585,12.980172377564978,-0.27512508269343816,0.991433460628558,0.19115902679107133,205.54829681722427,8.478759017835682,18330.81828603834,4717.102737296674
034_Eurytides_dolicaon_deileon.png,Dataset_papilionidae,106655,0.007377561594782543,0.009043250702770973,0.009408577277823106,0.010059081246206173,0.007923386497597532,0.009047314576438557,0.012591643185747993,0.012310952029434039,0.005281386145089203,0.008628040676730423,0.006409824462778341,0.00880628588038481,0.005006473811272879,0.0067239162199510885,0.007548665534929262,0.00909096225067327,0.003945524740955489,0.006180281332441993,0.004565925166799636,0.006306988715139051,0.0037758734962130315,0.005063724261205262,0.005140189695826237,0.006381639811440421,0.0030578943851320667,0.004776951982459348,0.003204243496059203,0.0045088934313090665,0.0028177056069693136,0.003726205618778703,0.0037160565013333023,0.004699615970214827,0.023702102414361444,0.002718116154503718,0.02002073446872918,0.0013486728151795237,0.015956518497190264,0.0005786043971703552,3.8275529310114687,1.075996787334977,6.243206095364296,1.586503129621953,11.947351466365964,1.4010864547935562,0.9601536952916976,0.011178098881376218,0.9350458639424427,0.016528204653418435,0.8759044732277423,0.014664504174408588,1.0716091230296525,0.1837429059446381,1.3948022882216171,0.19830777365632513,2.0013207184417556,0.16944591376160278,0.153705880953392,0.008752403938526639,0.14141237489103664,0.004824385598819429,0.12629846374632991,0.002283977343855514,0.6422561245024554,0.04329626264052901,0.5832837209756998,0.03126352514773873,0.501720032548035,0.022367997244317615,0.0005934881099905324,235.62158948781098,0.9616467996761515,4.521385002509593,0.0002650506398288778,12.390386597675093,-0.29968475816600504,0.9929204915162051,0.22125976210168907,130.10081208332232,8.263600665864647,12049.457996048004,3071.269896383952
035_Eurytides_orabilis_orabilis.png,Dataset_papilionidae,112784,0.006532912383028598,0.008618953773578533,0.005619763547728922,0.007318752214582024,0.005383158660433772,0.007234815651238011,0.00477008601231849,0.005863175484438817,0.003984838492942162,0.006064676118742114,0.003828292920074901,0.0055938876766238954,0.003794486289040861,0.005486802661898155,0.003669470241632937,0.004527461404480767,0.0032537631352081322,0.004860774016394202,0.0031996905650667658,0.004828881191656356,0.003260651243023054,0.005119727013744625,0.0031788957097751533,0.003975532736795275,0.002774874003743314,0.004211826508696024,0.0026182254136789596,0.004135508449569948,0.002654699857325871,0.004281438194126946,0.0027147178211320844,0.003661185435539737,0.05831757027678217,0.0040747869916433746,0.05261186601022884,0.0018854667366589152,0.045760925691735024,0.0005541980425634381,2.070097305742105,0.4507348641407005,3.1129800635020706,0.7045810621839879,5.328144075382124,0.6435370309158471,0.9834016013872887,0.00361192704100228,0.9750547759830479,0.005632265172142313,0.9573040345727315,0.005150559868855654,0.6634877894011435,0.08845587811510759,0.8327202451391584,0.08879466941691536,1.1177661015242317,0.056864981629604475,0.24134334823498468,0.008423689186401411,0.22933562091723905,0.00412783099621012,0.21391413426534783,0.001291841028052353,0.7648147204258637,0.02397176837113691,0.7265308141536723,0.014381426498425455,0.6750292926154385,0.003153061872962259,0.003247024028311964,125.0478282384585,0.9843592472197954,3.7648534751392893,0.0007097653503193182,10.63949937042727,-0.3844545177701391,0.9965708995821496,0.40095960726592145,174.50175155741786,7.514521743320772,15864.29218522069,3997.335003364789
036_Eurytides_orabilis_orabilis.png,Dataset_papilionidae,133854,0.0072627113843040415,0.011898259253855856,0.0072952919147539,0.010369223706318261,0.006662777983096474,0.009981340919295143,0.008917394223699712,0.01194896367718554,0.005303127413245179,0.00961398364153254,0.00537013082131133,0.008417584914326405,0.004382950753504733,0.006910241343578947,0.005932614600293573,0.008569099835281077,0.004198516694118645,0.007418062732875599,0.004265320695378643,0.006838550697642718,0.0037006963923684713,0.005540406181929057,0.004674390325598482,0.006695267124225377,0.003522876726442329,0.00591843681195545,0.0034310932008437493,0.005548128214946416,0.003143006630536655,0.00467811575380543,0.003860408246541049,0.005700830773545149,0.020878511832891515,0.0012049606284949726,0.0192699092800383,0.0004758109448503648,0.016918460764119916,0.00035931762862269985,3.734604590312904,0.9247751631124459,5.801888056086911,1.1566135474357118,10.395036512464875,0.30921120954746073,0.9674511598264395,0.00806385793904636,0.9493983696580455,0.010110980793294828,0.9091505882464026,0.0027387360281560208,0.8959595417184166,0.13640156855246888,1.141102278843661,0.11845004173889391,1.5827036628938886,0.041183707741019135,0.14443368374475868,0.004174066699341235,0.13880557525930287,0.0017092562629132336,0.1300635574588378,0.0013898867837046822,0.7236877348935935,0.028086800880819975,0.6835439830158798,0.015704307210840346,0.6267221986278348,0.008006897724383132,0.0013515135134488986,231.46105874801952,0.9684101063312841,4.035321792057922,0.0005060166447465678,11.943186696131928,-0.4486683847123275,0.9994487147861196,0.4032196087818757,243.13177811959696,8.636545669194955,14423.12420228533,3663.646315258334
037_Eurytides_serville_serville.png,Dataset_papilionidae,103042,0.008114744982096363,0.011120946491211068,0.006326641283799745,0.007294979178799307,0.006505569422965539,0.007600427472069232,0.006527200356683265,0.008384123127842515,0.005495631295760427,0.0082142135251085,0.00506951673336426,0.006756281599469433,0.005040828507025035,0.006481183633870711,0.005350730362901291,0.007586675329033033,0.005492329553802777,0.008776540352358022,0.005012430948925826,0.007499063934682539,0.004941085938275917,0.0069178548599080495,0.005578455272336161,0.008003951861904527,0.005591434644252516,0.010097492025785623,0.004712728351888128,0.00809217110256749,0.004669229423731881,0.007657458735725779,0.005429423196613185,0.009112065483473502,0.02956040035359557,0.0021931097990460792,0.026236139867780228,0.001136280782479663,0.022406008559786916,0.0001432470755094886,5.850171342132582,0.9217409178825526,7.312581112753164,0.6418619133610441,10.111077304542768,0.6509797647574125,0.9605572822115199,0.006206624234135927,0.9507231837156033,0.0043166187298191595,0.9319434512549658,0.004413883535192331,1.1317904317035303,0.12629110948327513,1.3300574751260994,0.08137280124637271,1.6532416692351029,0.06995375582701363,0.17181292480244167,0.0063811616831175675,0.1619377389995878,0.0035083550962812992,0.14968560281130205,0.00047840443564171626,0.6667718125433393,0.028122810948132893,0.6230425918241688,0.016100913988721634,0.5657814605678383,0.0070109046437170424,0.0016662793855959737,366.525559140864,0.9614764191237462,4.488027894558765,0.0002978903132921705,12.183643627468525,-0.3350378726631064,0.9960501125941992,0.2692969684132596,161.69460145649143,8.263656562462808,18661.500661477003,4757.0065551544685
038_Eurytides_serville_serville.png,Dataset_papilionidae,79461,0.006279721171666782,0.006942158085985521,0.007282206898305065,0.007419746508357558,0.005530746053727636,0.006111715282321999,0.00784739432008287,0.008325906019686758,0.0045530306825501,0.0067412367698384415,0.004588228391626362,0.005398073911949587,0.0034535907555167753,0.003988601713561246,0.004307904319786981,0.00511444290701424,0.0034982409138975042,0.005887387326554338,0.00305028168265016,0.003752438079402948,0.0025671760367006863,0.0029858788899395725,0.0030476386046849003,0.003848098592552776,0.002705441535442853,0.004674183827363786,0.0021063156854932985,0.0026541625429793193,0.0019270419961168797,0.002337037677809179,0.0023264907200089254,0.0030758534924936933,0.039662502106690756,0.0037640920662475744,0.034219021953095466,0.0020505015532027923,0.027325360541198017,0.001240977296035621,1.825264847498783,0.4917547450237852,2.8997490221763282,0.5940608481321422,5.600285783161406,0.4236054256232383,0.9766614076600855,0.006265031353886392,0.9629901348558316,0.007550529173931577,0.9288311833653073,0.005358631875558076,0.7359981970853353,0.121582066916448,0.9581579775144373,0.1106385444681585,1.3844460880968597,0.07317305798637032,0.19893117587602835,0.009428115997983445,0.18489905087948577,0.005600262222503896,0.1652614215968995,0.0037447393727539535,0.7165948040642257,0.03479250472627197,0.6612084279667577,0.024872943303483254,0.5797896282092139,0.013125079007827911,0.0011249791480036771,107.59251074245928,0.9784731440969444,4.030669934491298,0.0004393058621853338,11.590918710539036,-0.34940947637992786,0.995896612295303,0.2833292038970826,124.99849686819928,8.001427670856424,9885.47987526463,2498.268096501772
039_Eurytides_serville_serville.png,Dataset_papilionidae,81681,0.006513840343315245,0.007477276710645489,0.006867817983098366,0.00702863595400047,0.0057033503048752555,0.006638138196718726,0.0071058851080755235,0.007341062216240178,0.004793566094963954,0.006629094708491673,0.004479607514292302,0.005534879435051866,0.0040769281954150605,0.005436978147293385,0.004548756811436621,0.00538454463448499,0.0036017539047514756,0.004983304106244389,0.0032829465318757432,0.004264917018976732,0.0031399753420598966,0.003976026070108349,0.003431213118960797,0.004243469269959522,0.0027790378154387055,0.004060859533251498,0.002395526660448411,0.00318665251361259,0.0023393183549448512,0.0029817385960262685,0.0026911821429661414,0.0035903169795520364,0.040805509463031193,0.0039525658265598795,0.035007091053105815,0.0024684278503004395,0.028135605752195973,0.0014092442912120012,1.9773116000005913,0.5040556629515215,3.109630707644791,0.6322352197141917,5.6898855687973695,0.3229380579094758,0.9751358339744147,0.0063124533132416895,0.9609742191112922,0.007896330192738265,0.9289073345651471,0.003987159744514829,0.7532071373227454,0.11679697639963162,0.9695266341020039,0.10218524617855944,1.3578135173216461,0.048604765648291734,0.20176933867593289,0.009728485663652463,0.18698210493378495,0.0066920465955379056,0.1676838516565995,0.004210896080825374,0.7152515639541931,0.0329747504448246,0.661686108711759,0.022099054905704223,0.5847524164901309,0.01006721821061962,0.001107262839968378,117.55146810587604,0.9768833563343069,4.050956565486077,0.00039540921371358827,11.554886432684901,-0.3302354875064867,0.9943125314451794,0.2801537404492579,112.88829322936003,7.889319620855657,10049.65921476357,2541.8026707173617
040_Heraclides_anchisiades_anchisiades.png,Dataset_papilionidae,89823,0.009414130604610306,0.013579025699745614,0.007451958351208959,0.009057141276718346,0.006798007929726372,0.008200720852519395,0.006215623353593582,0.008199823782472186,0.007002328353366284,0.011961722856564263,0.006179530797070861,0.008646767427646139,0.005708847975702409,0.006862106745894951,0.005864563475735205,0.008816608615854689,0.005631304413845327,0.009424448607770376,0.005415805961390639,0.007409316933529829,0.005376071781693641,0.0068956392806378474,0.005823268607144072,0.00895817994450173,0.004657310244097626,0.007967154524643158,0.0043686890728480915,0.006080987776849431,0.004444648827508869,0.006166578031120037,0.005050382253396533,0.008232663429741577,0.04388751255984688,0.004049336665580137,0.0377400203617445,0.002300866736696294,0.031165257040950647,0.0011782210126798612,5.200846427420971,1.2557924111000727,7.545807146343407,1.2583822971555587,11.910036837451429,1.1769309198388251,0.9308529684589422,0.016677734797580567,0.8997756071098693,0.016659534460224543,0.8422326950571597,0.015692266216819076,1.1229993573099104,0.15054935186995563,1.380751006683852,0.122323178507529,1.757821760905209,0.09618113203993427,0.20927033463721023,0.009666416123720257,0.19417636930182264,0.00596305010097017,0.1765050627647376,0.0033496058524376308,0.6539676973510185,0.02910026098164467,0.6071943960999844,0.019931720465391708,0.5509031342401692,0.013502925451198305,0.0011174224882079288,323.7559193223205,0.9326158109529791,4.513347399158256,0.000284478477940086,11.628138989295318,-0.2629600766373475,0.9840931968230545,0.2464741685914333,107.71293941795585,7.649607283857651,9284.783791464211,2402.134927696632
041_Heraclides_anchisiades_anchisiades.png,Dataset_papilionidae,89603,0.005751602962252538,0.010066585649084052,0.00447565293853286,0.005689236215969367,0.004264034750686976,0.005380911873343894,0.004071177024922895,0.005509907508870948,0.004083317558125523,0.007015789874427071,0.0036630563151568763,0.004832550598623109,0.003562726161766412,0.004595622730534351,0.0031993451030620677,0.004195620477342869,0.0030849679707324355,0.005085893083825272,0.003006368840535753,0.004084694514157888,0.0029617551063710053,0.00401874766531116,0.002880264127917529,0.004021828965373822,0.0025360800129207712,0.004835594487797821,0.0023303076973100775,0.003669897133188563,0.0022892431128919664,0.0035169641252540272,0.0024416777343880948,0.004067807317041688,0.0766569229201636,0.005082723378648058,0.0689239238402399,0.0028454949005488435,0.0599928119957411,0.001008378118365161,1.9013132600693958,0.4581401927021153,2.8032971628636276,0.5662671860821712,4.828852177480053,0.5162785300672581,0.9585332923966086,0.009961453204389906,0.9389684312887935,0.012334609240658219,0.8953295549616815,0.011388140532180142,0.6356676250170685,0.08933827370050211,0.7986383966284902,0.08543226204230168,1.0640945212274682,0.05496153618122953,0.27671762767542674,0.009180275259898544,0.2624773209770438,0.0054387326606316335,0.24492563576533158,0.0020603253843100226,0.7619869099934841,0.025351686898252873,0.7183343720972789,0.02119564916286939,0.6605095925196729,0.011930642090981694,0.0034451958512831337,113.36897335343491,0.9612596526468422,3.786447232523287,0.0004563190268624606,10.399566202865136,-0.3317622355768558,0.9913141968543634,0.34545132645974314,88.52566088787866,7.182202932661662,5738.366218631183,1462.9337979961554
042_Heraclides_anchisiades_anchisiades.png,Dataset_papilionidae,91951,0.004581014794788293,0.00647332809713748,0.0036403623666996384,0.003983492269091329,0.0034183799048145918,0.003763278264828387,0.003737751389740451,0.0039814830806389695,0.004367422373089023,0.004265169808336402,0.004303135951999304,0.0037401893132607863,0.004093245630919457,0.0036440926325839243,0.004413532576385141,0.004137919923537299,0.004231922049219758,0.0036940299266780786,0.00448707015856077,0.0037114192284486277,0.004452389203648112,0.003624691690558034,0.004909677021640179,0.004082107568512704,0.0032665623470261094,0.00329085664376736,0.003508684149559871,0.003151675061763785,0.0035169571428657286,0.0030868066055889376,0.003987883496886388,0.0037895796065954964,0.061652686143361016,0.005791724984497843,0.054018807577179445,0.0020416822491908133,0.05034446325154169,0.0004514279441945934,1.7052601778517493,0.3685050152627992,2.427782769829715,0.3571061740146035,3.5197865064815352,0.14511774367395183,0.9125306675439329,0.01889266736467515,0.8754370926313595,0.01836280119046575,0.8196654425388928,0.0076386909796178504,0.8269891619135442,0.1100087964745751,1.0055072059689412,0.06955455946982177,1.1815469645666041,0.024063585722548117,0.24802705967834787,0.011630297101719202,0.2323778981253624,0.004395456747386369,0.2243734621978431,0.0010063363725732926,0.6593273706583491,0.03535450155585842,0.6077050447980308,0.016762384450881934,0.572756365338198,0.004999402518562307,0.0011808586061284947,98.94675820593483,0.9200565128845146,4.214749913279132,0.00028138401473319516,10.824202455810884,-0.18007644495901262,0.9361325891822134,0.17885662129204355,87.44004088412294,6.8646593062718235,2376.4006568998093,618.8368537764359
043_Heraclides_anchisiades_anchisiades.png,Dataset_papilionidae,57438,0.008801596814843025,0.010681964303246059,0.007089425666707376,0.006678261860578048,0.007072377275769255,0.006591469648305786,0.006474299850926913,0.005714807144169573,0.007865655727339205,0.007387481763218035,0.006920934404043675,0.005283607143123186,0.007402205101185646,0.006372486244695836,0.007281760533899628,0.0061884073679558125,0.00888397898837944,0.007646836259826393,0.008102261744209983,0.006467294521311401,0.00829440149291128,0.00698285377997015,0.0088907163173394,0.007529623317812228,0.009711043810311648,0.009616722048580785,0.008503513738239559,0.007973294679077429,0.008483648358646541,0.0082051878078383,0.009585416633822043,0.009620032449272306,0.013413838807691088,0.0013898854110122546,0.011883040767979136,0.0002421312577700466,0.01081571732564464,0.0002618073917216629,8.764974866771983,1.0948505023647404,10.300045406118329,0.5334428881491777,12.699970284816558,0.6786229710077162,0.7654737298253571,0.02915753391766589,0.7246748629024499,0.014323622303438857,0.6614984252044056,0.018678050146019826,1.9328411623501998,0.16802216294928862,2.1462903966796127,0.05295772921483646,2.3912093144695428,0.05975003931708219,0.1156626901255893,0.005998409839532034,0.10900365144260131,0.001115679236616086,0.10399110862739383,0.001251659734200835,0.4594631245099806,0.03134736341983507,0.42300642362902513,0.0071993868328784835,0.3909711717483856,0.007749707789776791,0.0002341693534702359,550.858459102952,0.7688684674292394,5.408368355828002,0.0001202458076628511,12.870129583884395,-0.13755379518716385,0.920057103464171,0.10239441052093173,128.22641263084978,7.809442138876662,4215.412961481979,1191.5678551462324
044_Heraclides_anchisiades_anchisiades.png,Dataset_papilionidae,86912,0.007072477531443984,0.012002795820455917,0.005993697107578154,0.009665249490271418,0.004594583479674768,0.005529380344655574,0.004804468919677545,0.006221017007230267,0.004846167438833734,0.00965235795228884,0.004107164372325237,0.007946764627239599,0.003365877442222458,0.004914850788813794,0.0036895429662564374,0.006088946328196627,0.0035420771943762337,0.007657694189486848,0.0029598128734386743,0.005887824090737189,0.002654728830743946,0.0043918088680128965,0.003007955797746569,0.005347897584945308,0.0029092034179733824,0.006467388357047784,0.002259701636682501,0.004494662167944177,0.0021608423219341925,0.004053986221152272,0.0024223519295108343,0.004420672565093587,0.10009929596901436,0.008040237408520173,0.08848411631961053,0.004478062286817789,0.07406618769834704,0.002632937447075131,2.548889351221547,0.7402560365243429,3.8498873989755023,0.9339345287339043,6.638351854999018,1.0736124887545393,0.9225192209124676,0.022458147464080827,0.8830138394738632,0.028386961031525756,0.7986414260184578,0.03245822602207551,0.6607017676992999,0.10396055097943173,0.8321271092167022,0.08405508785974039,1.1279777533116389,0.06634402301675947,0.3161303329523191,0.012684973648779336,0.29736588766470223,0.007592441833444647,0.2721084201396953,0.004816158990950625,0.7758829326599179,0.02615162412523188,0.7358211705088553,0.015104659012999833,0.6772290849514201,0.007909381209552887,0.0033501753060627424,155.2820170437386,0.9259143323811794,3.68476018737144,0.0005229083768838782,10.14988390215864,-0.3187086380738355,0.9881566296534483,0.37272611649476856,61.03187185248298,7.005593046002774,4036.076925866467,1047.8397357275514
045_Heraclides_anchisiades_anchisiades.png,Dataset_papilionidae,63294,0.0074309139871204435,0.010988644374487265,0.009335223290587039,0.009183779921315728,0.006894704597976482,0.010702398097817848,0.009179194671724386,0.013113472047818141,0.005866971871581971,0.009809526283305515,0.007243232795727399,0.009345543112810478,0.005136439593657099,0.007942870930837967,0.006430455649341242,0.008814636695362917,0.005393826030654142,0.00941511247865627,0.006046816175592926,0.008541571439548562,0.004482879575748187,0.006195197072238302,0.005637816114151147,0.007867453529953165,0.004789739307910283,0.00873307655437306,0.004742108855266844,0.0069408977806889585,0.004021327550116698,0.005658134959646145,0.0049258712270323374,0.007498835883395514,0.03151950603741899,0.0035872699932348565,0.02706956862924842,0.002123307095602614,0.022180083309782522,0.0017394866480759923,5.726377133791615,1.445713192863769,8.314589651013653,1.4112788038323272,13.367851363597985,0.3668972544151201,0.8724378063458308,0.032166663265735806,0.8149109288233297,0.03140665306203156,0.7031292203954844,0.008383498326371605,1.1887973991639902,0.17073961351719705,1.4661285033230314,0.13958901627647405,1.9131286433739425,0.08677992135061849,0.17724564324609787,0.010172904585023472,0.16440371817487462,0.006402037138662696,0.14881577915718183,0.005826421167699267,0.6509596697324361,0.0332608376548666,0.6054373121772266,0.023727603668689104,0.5451674162904248,0.020764320401397415,0.0007975313313665587,357.16569399143054,0.8754242800172624,4.555096000508212,0.0002897307312563123,11.910546895133686,-0.2672328273867936,0.9860556259636104,0.2457600562616041,152.5932630919975,7.829683302663305,5376.52102997906,1433.4216809926227
046_Heraclides_anchisiades_anchisiades.png,Dataset_papilionidae,49307,0.009833615690100925,0.012671266541901144,0.010997275059887068,0.009837841787122957,0.008602433240295639,0.011656680132886075,0.012377887764921543,0.013119647604987666,0.00869156490677682,0.012867595206945423,0.009082202009135435,0.009201956728145597,0.007145081065465904,0.008098209347281197,0.009707887893622274,0.010340358822916892,0.00826006964389582,0.012436431208727932,0.008392093793145235,0.009417997858462047,0.006961584090434813,0.007361393687670292,0.009214723170539365,0.01036468127398024,0.007755500365152091,0.01301929012377428,0.007128243448500405,0.00861628206608693,0.006237358742187917,0.006891063450272896,0.008503847961232228,0.011021600220651573,0.014648172444070937,0.002118705481412368,0.012206135505615619,0.0010765148495017038,0.010066176395610024,0.0007638955004453709,9.909995003283175,2.3602730738125683,13.418859287341615,1.413764908275776,19.508396128435137,0.5279140656591588,0.8358132698971474,0.03912722017586946,0.7775666282432884,0.023629367258967915,0.6758265867121536,0.007858089977844221,1.7771485558072193,0.2436956206418239,2.125328304444765,0.1465680307836901,2.618549163311234,0.10383738815629,0.12071659016740885,0.008699270223690526,0.11037393548780802,0.004871331496502054,0.10025794919815686,0.0038105141634457496,0.5273318331148081,0.03926885520055431,0.4777825902678179,0.024229011166295108,0.4237069807092262,0.020444905743823613,0.0002834675686414464,624.9662835144054,0.8384016971231144,5.207924623790709,0.00016049088294116173,12.848659513886009,-0.21454612818551594,0.9753097672955947,0.1425806917378179,164.8415682513936,8.149968384240854,7110.037630429177,1933.750978485894
047_Heraclides_anchisiades_anchisiades.png,Dataset_papilionidae,84532,0.004812877525522869,0.0071079802724833005,0.005860641125212638,0.008943033013151717,0.004033418993973519,0.0063123569549759905,0.0052918238370595816,0.010019081186639793,0.003457098277492616,0.006520057408052913,0.003675277918788661,0.007053008622471601,0.002615129146688954,0.004050238798738496,0.0029423745506498337,0.00502359340118301,0.002729281337696668,0.00548253259247046,0.002640320977872579,0.005432041122316203,0.002001180446453214,0.0031687753102827405,0.0020570591510238193,0.0033656178340731417,0.0021888776244484397,0.004497449932407848,0.0018749468002239177,0.003895407670510566,0.0015381990066858065,0.002645436650822558,0.001591008579232692,0.0025974357739005144,0.13230875884225576,0.0072521256720957245,0.1214732684398116,0.004208096947793952,0.10670425308100964,0.002487036930493941,1.7726909243599684,0.5817850005476589,2.8727247380236243,0.7522494163622466,5.425620619998134,0.5914598834504853,0.9416722919794464,0.01912974656845465,0.9055419374894136,0.024713763094504945,0.8220471675969382,0.019332382087712614,0.53804032789904,0.08934387914207,0.6971303541144677,0.08419036960339299,0.984670957809872,0.04837750005845108,0.3636053444775488,0.009995614519320472,0.34847817935431125,0.0060188830953997385,0.32663393336881524,0.0038113846599327345,0.8084023570374994,0.022407252577713366,0.7716782874514851,0.016726932891708512,0.7171574530242334,0.011496587921630665,0.0077725353721777935,106.05859156098347,0.9450572492346728,3.408381344369153,0.0006872752275379917,9.474236596742973,-0.3716849863231487,0.9926677650947003,0.4546620070392996,56.54241407748331,6.751964303943994,3754.3823075446785,965.1102247764154
048_Heraclides_anchisiades_idaeus.png,Dataset_papilionidae,50026,0.005969300329747581,0.008423807203888885,0.00556627077628864,0.006568780775490827,0.005416355833353671,0.006960874898002569,0.0055381701669561766,0.006048837901878921,0.004822720860510894,0.007088316979138032,0.005050229732312843,0.005898902884600735,0.004562212506235465,0.005276226440555702,0.004702709540475478,0.005400453774583014,0.003865076974871506,0.005661881374467676,0.00423259085881616,0.005052635215370027,0.0038679759525949943,0.004443658404772118,0.004259690740022561,0.005227467112757898,0.00320442683665064,0.005094250512881605,0.003306460861083391,0.004353690343145401,0.003114173095047609,0.0038948056339544886,0.003751740632320935,0.00538044642665652,0.04707351010264944,0.005024867709008068,0.03976448617895399,0.0023276716754875282,0.03268894902122618,0.00040471716981045934,2.6863368335703646,0.6215907524390724,3.9315534592370565,0.6528911682317163,6.404006806707635,0.3277142339426916,0.9152436244181893,0.019519533596122064,0.8762152064301123,0.02044792530266093,0.7993875454976904,0.0103184849174327,0.8711247001884037,0.12048746029634112,1.0831614903364484,0.09299886617622972,1.4026360707917838,0.02196037756879903,0.21665414749863524,0.011597002814911076,0.1993248959173588,0.005837126560909495,0.1807973684051619,0.0011227639976222983,0.6880025421848386,0.03143514536051153,0.6372227436379421,0.01976302807018161,0.5733933529308219,0.004419223526055681,0.0010426364422191207,162.34731633476636,0.9195302329538277,4.229003196614828,0.00037878511938810885,11.221142661352642,-0.2591210007377844,0.9807781999732292,0.24237629779780745,98.27088683775193,7.409729158309103,3871.5151324550475,1008.4656121974544
049_Heraclides_anchisiades_idaeus.png,Dataset_papilionidae,66012,0.004238952617124813,0.006752239830697752,0.004179062986831059,0.006526222890455439,0.004106222160943558,0.005070472087166746,0.004672404132153605,0.005681020291648454,0.0031694147675216193,0.004476812763029991,0.003427122922625413,0.004578647192085997,0.003475756871301744,0.004314584749378266,0.003625499165960687,0.004127134179488934,0.002580283195414868,0.0037403341216098495,0.0027389849314648153,0.0036302465037535217,0.002778793764187886,0.003600527060330224,0.003150352779284895,0.00380264666378541,0.002160610503996365,0.0034773327080419424,0.00207978617238698,0.0030368127254139137,0.0021213196963786062,0.0029468261058491893,0.0025718258036954962,0.003457158210977693,0.05381261285894399,0.005067433107132473,0.04667857609506096,0.0021025217531579253,0.0390987333121781,0.0004894498843196655,1.2285090181183949,0.2838542363300358,1.823476330033652,0.3140232626589936,3.0625229393340203,0.11331067292806542,0.9549820195663996,0.010429707926782847,0.9329369289696693,0.01169951753387156,0.8864905168481062,0.0043427215415241015,0.579251948063468,0.08640325847530446,0.7288716193680314,0.06475920485887704,0.9653663026876537,0.010933882227417308,0.23171799470359827,0.010926288916516634,0.21599740911030785,0.004867787248356076,0.1977301345311151,0.0012358035787356002,0.7619968468342233,0.02906904209950094,0.7166585359236282,0.017106471029751952,0.6568046416313131,0.0023212463794291516,0.0014784495239306779,69.69811749315713,0.9598613138935774,3.716486658398895,0.00045668908186270637,10.784662196994464,-0.3315266115100437,0.9924018553454304,0.3225118870457254,92.44190257881709,7.4291457160469925,3403.8146925153305,868.3782025021212
050_Heraclides_anchisiades_idaeus.png,Dataset_papilionidae,33660,0.006179975166843844,0.006932391266268115,0.008279657302451433,0.009195700302025451,0.0059089450989798205,0.00906517640663946,0.008388713116405636,0.011964108597437705,0.0041999816118735555,0.00564508647809167,0.005849324585081349,0.006793860090513655,0.0038812094077580544,0.006102558895419429,0.005563020749863093,0.0084884128235909,0.0032565323363702926,0.004706517453058561,0.003889478744851809,0.004629248040197448,0.0030813242753019313,0.00452158825752347,0.004141276892176769,0.006255868322846097,0.002682987914241892,0.004357149448869706,0.0026308635542125263,0.003355928423706785,0.0023519995363515205,0.003483931815548855,0.0031322944904909316,0.0049781279438364905,0.04706888460612019,0.00520282582543111,0.040342484923305,0.0026305696648559413,0.03254562622528963,0.0015681876419584738,2.5738880585081545,0.715677854032682,4.088052904723932,0.9777088223871442,7.698712786244713,0.8221115536058552,0.9376077739199433,0.017272426583984177,0.9010846464799647,0.023620100048101764,0.8146466598514542,0.019912084108100612,0.8293222529644924,0.1426310495968864,1.0684375742476313,0.13530066592612452,1.4949912959461003,0.10946402092386091,0.21662008266993515,0.012025988117017706,0.20074823763916033,0.006529165955634189,0.180351546321442,0.004352696262592321,0.7018460036281288,0.03799214654074765,0.6477555588497644,0.030250290673197483,0.5730412735644591,0.024073275321960973,0.001469437470893814,154.99279850595906,0.9407910164366323,4.141405561777228,0.0003573997110587644,11.239368247059769,-0.3122348433162197,0.9913117857369016,0.26766989868025076,97.55598074696034,7.621910981175973,5078.473638996164,1308.36660937553
051_Heraclides_anchisiades_idaeus.png,Dataset_papilionidae,66021,0.007568359913131042,0.009839919115784534,0.009254863114773117,0.011357100633694078,0.007024079723043185,0.009540084649581315,0.008794597994720762,0.010282192285581951,0.008131370062100537,0.011975069337086475,0.008323453160733903,0.008869207115257915,0.00688710468989735,0.008242787584866703,0.008115918263690479,0.009103845934921374,0.009378579199866472,0.013399358800608809,0.008937928953347175,0.00929453611446843,0.007632042455350904,0.00812532793244959,0.00870786076696206,0.009622541155416595,0.009267427826789378,0.013306884448010564,0.008120008044258838,0.008871508770381316,0.00735751837107664,0.008051288438619743,0.008753978410763833,0.011162758855009423,0.01678891933458435,0.0018098868470661233,0.014562511010747133,0.000662277034930639,0.01314408067085754,0.0004712904322786377,10.13837227732256,2.0692051192363516,12.912969180480903,0.881447410175007,16.813367134901316,0.4892388576531977,0.7789600127203193,0.04506595564331815,0.7184886389559927,0.019248233947535963,0.6336923603592576,0.010143559957209763,1.8269434643832287,0.21314036565258623,2.105622572755476,0.08928303303200556,2.4046105589462625,0.0629393756403066,0.12938147546955023,0.0070251789946249935,0.12064448724423206,0.00272373058936801,0.11462914231645624,0.002059223798221184,0.5100450012577296,0.032800929868677664,0.4675967889801644,0.014949721795233514,0.4331804668732585,0.011587520278243916,0.00030410553366413517,638.2872769104167,0.7817478362307743,5.267648062237427,0.00014902197193704015,12.730591780065984,-0.1653582248534291,0.9459996391395786,0.1297166916155691,146.73515536646136,7.834870724898348,5210.572444907878,1462.2149304545712
052_Heraclides_anchisiades_lamasi.png,Dataset_papilionidae,71913,0.006025437825250975,0.007243602134893646,0.0074896014842165005,0.008202264323531803,0.0069446936282755905,0.009682443716388683,0.009059765469397392,0.010337641422141537,0.005715563766958506,0.007795557719474964,0.0069497044798487355,0.008725227756869132,0.005890498811708242,0.007841351919053417,0.007674558309164317,0.00862547326701703,0.005564068950548504,0.00827883569970907,0.006527204461214503,0.008718063749526748,0.005623563532958188,0.007266673001381892,0.007106402646161007,0.008128921829286278,0.00498667644885821,0.008343682244284242,0.005416121827539012,0.007403174773645669,0.004961153357964838,0.006681529117994807,0.006539179698601474,0.008896109358315087,0.03298295500716294,0.0037921044633635144,0.028777223628181053,0.0015564402354320344,0.024861729445162652,0.0009548915912344862,5.898085715649129,1.259661827212882,8.077101583609899,1.0859421069275808,11.630347637854094,0.890742354175617,0.8847736892544993,0.024563401689017945,0.8424137057257166,0.021015792606405473,0.7737380518630912,0.01704653106056382,1.2742175295231801,0.16991941146538805,1.525213947099262,0.12961020812249083,1.8637794572897306,0.10575456277535503,0.18132211059742956,0.010259006562843793,0.1695745322199289,0.004658503039963649,0.15764719404658306,0.003015237039047263,0.6200264256614166,0.03535883787902674,0.5763226189842146,0.022348819719240045,0.5263365063258765,0.017181099865095,0.0009864151318184258,367.10001664679316,0.8873074923472571,4.710331796229848,0.0002480078903656021,12.01089968385048,-0.24207331149785286,0.9801496567858023,0.22197780299383255,107.50369847658528,7.768423691861626,6147.327693567273,1628.606927553517
053_Heraclides_anchisiades_lamasi.png,Dataset_papilionidae,63613,0.007627722610511506,0.009545515563081287,0.008174275147380752,0.006904926599434202,0.0066646267242758475,0.009268398038268493,0.007002641085143604,0.006935943949990205,0.007706081860315667,0.008861569235694996,0.007099801819760726,0.005968291772395615,0.0064140850088202726,0.006178565834873234,0.006802267179537612,0.0062063778098096125,0.0072538888547332885,0.008916601819131243,0.006511517873271567,0.005724466094952822,0.0062209921299643065,0.005411568001185939,0.006830516693446447,0.006548725337566726,0.006232851523866626,0.008520511238490661,0.005327704133641069,0.005319834120926459,0.00517590499949832,0.005037268290931868,0.005893551638319746,0.006772953315541775,0.017345204978677052,0.0020566262613807146,0.01455357375118161,0.0007802650230078906,0.012396635370816245,0.0002576230228940192,4.799476646148275,1.0944018016449184,6.65497907199936,0.837697532550295,9.871742979177473,0.4227354835938949,0.8940837694914436,0.02421719600315198,0.8530046346632317,0.01882424530976022,0.781751133006225,0.009959454466009383,1.3431753560831354,0.17957704011868672,1.6218710994514431,0.10577249247035725,1.983025214499712,0.036692428241616164,0.13146892078783656,0.007818429865299409,0.12059493645347452,0.0032303332589772834,0.11133414997728867,0.0011586283488838104,0.555483665166131,0.03816555020052363,0.4998506421651363,0.018864028685848033,0.44559917345224237,0.009750042332713022,0.00030742043782171197,296.2951720869339,0.8973953323382317,4.86912862901265,0.00018094845435327034,12.564772856311635,-0.2118286120013829,0.972661578931964,0.13193541184940616,171.95421347135763,7.9749951769221905,5480.148764373475,1444.1109841151035
054_Heraclides_androgeus_androgeus.png,Dataset_papilionidae,88389,0.0082363247079257,0.009646173216908657,0.011589341664624454,0.017514635470272336,0.011943312808638806,0.018432540737307584,0.012791469974649501,0.014061505696798905,0.006333742549997928,0.008452245124417775,0.008676893445971293,0.014994745639784262,0.008983767515914402,0.016129734149283988,0.008955533387791249,0.012990781655333575,0.005502141788830684,0.007414971238673696,0.007138359357822865,0.011244680844608826,0.0073793771014117335,0.012216741525633575,0.0074316243366246235,0.011023589814079348,0.004658209233231487,0.0064947596507112385,0.005572552557402477,0.007695788006372062,0.005750090251425706,0.00854519615654921,0.006244696982591498,0.009237625861963117,0.056245800220757494,0.0043973301862885025,0.05063918473546629,0.0016786440878322263,0.044101405412369364,0.0007649289802318671,8.23108902503422,2.1234511273829617,13.121350589416725,3.2314787586825586,22.550086181417623,2.7802017367642873,0.957622366322604,0.010902642092700116,0.9325372807848925,0.016528865023064915,0.8844320708404279,0.014054943714218988,1.3772857392458828,0.18392688558728348,1.7310405855012987,0.20641779328366164,2.2829584460962087,0.1510797450273772,0.23698264569298122,0.009220946866370068,0.225000284253071,0.0037492427906902965,0.20999550905441067,0.0018142737798611088,0.6429338229348279,0.027395960107733288,0.6043599578606155,0.013840564045059633,0.560476209689938,0.004994924112986339,0.003616670259403781,518.9232098787497,0.9581883605335575,4.66151050484976,0.0003158969433223665,11.299248917220869,-0.26937089925160757,0.9842121036138014,0.2985535952408748,157.4884828269637,7.418577863692731,24297.497971116696,6204.105295248863
055_Heraclides_androgeus_androgeus.png,Dataset_papilionidae,60348,0.0084309999637555,0.008098506130407619,0.011251028987418695,0.011587628760851638,0.0053903181102220345,0.006016471679566731,0.007611103048159717,0.0069258032128882915,0.005398710547826312,0.006543395034581759,0.007355524765059677,0.008949016410649968,0.0036487470908172126,0.004417481083307135,0.005198754583422308,0.005618706271779755,0.003911871323080301,0.0049080589457667825,0.004533439468747987,0.005849440747927089,0.002791386436252584,0.003010029676432093,0.003466380507735054,0.0036747942623748977,0.0029366345657009284,0.0035944167709364805,0.0029231154187959046,0.003565996367587691,0.0021856498920333617,0.002266334891429891,0.0025517232282424524,0.0026489182095947345,0.023369710009906612,0.0028323371630027423,0.01953014868610979,0.0016900925377777857,0.01527930078030858,0.0011242756763783915,2.4043966259390124,0.9333636929368588,4.006121065261136,1.191445343825295,7.789747273215749,1.6335442344314297,0.9544480010746849,0.01766885456262315,0.9241197555328293,0.022574754504554314,0.8524752013706072,0.030990893084363362,0.8849516194071416,0.17299129181137526,1.1625407669050725,0.1817171535861536,1.6679693336931014,0.18515062645237224,0.1525815436428914,0.009411830292724289,0.1396244961483271,0.005928639087985367,0.12352547560984412,0.004556057031072584,0.6770306951209766,0.03802415071468956,0.6203300303045778,0.029914443862403346,0.5427684414259396,0.021784664950974718,0.0006306536651402136,144.5436618941793,0.9569907626905503,4.285116469405573,0.0004449342496293063,11.852178417142593,-0.29987093779788127,0.9913363430309141,0.25713335677437144,162.14286461292002,7.930770663905528,6576.217782658787,1680.190361138241
056_Heraclides_androgeus_epidaurus.png,Dataset_papilionidae,107138,0.00901238398203395,0.012778918769145088,0.010488761687172464,0.01733323479778219,0.011008018231764217,0.01828316927697311,0.010824906634380665,0.014161751169295057,0.006027889775284106,0.008440804996405493,0.007172389170128946,0.012891698037241018,0.007003848460432609,0.012376816154217173,0.0068275777696556374,0.0110122839651651,0.004864472501102446,0.006523987487843999,0.005651514090050432,0.009051614768303828,0.005375478671229778,0.008504798403870405,0.005656349134590953,0.008672580232767256,0.004172005712754568,0.005992226395860809,0.004489840186743363,0.0067203434538694404,0.004307672660365911,0.006321092757401298,0.004871331634003767,0.007683722275260758,0.07533108352116316,0.004742742787119986,0.06936983362042223,0.0013153354622734384,0.06263422902053246,0.0006845239662795936,6.154158823910626,1.5715787426917407,9.883674661991678,2.3536673371436145,18.392504190326903,1.895888012178865,0.9724520999280366,0.007013539813446816,0.9558287052945977,0.010469970865353012,0.9181092957391135,0.008347133190238705,1.149688908566298,0.155495082431132,1.4555488085882298,0.16248394818974682,1.989350521757114,0.0959470006066753,0.27432924486636756,0.008634172352442423,0.26336969174472563,0.0024978171891497734,0.2502645871602183,0.0013658089390326679,0.6839652536948125,0.02597436833895624,0.6459834500536712,0.012605985783659214,0.600529278841989,0.002485771083589439,0.004406266316469161,386.2891634377989,0.9729726317246283,4.402223827553541,0.0003759110648606609,11.082046093467744,-0.3045786086005142,0.9899612853553792,0.3322404066410157,154.3145230407838,7.448446461446846,28192.232254751616,7144.630354547355
057_Heraclides_androgeus_epidaurus.png,Dataset_papilionidae,80567,0.00962871223241588,0.01253967954138668,0.013471995602480297,0.020123018974166056,0.014668450653557652,0.020841895072430606,0.01460309142982812,0.01649333999403711,0.006770036165977812,0.008167618926339257,0.009184534209470954,0.015053618914686439,0.009757060248919078,0.01544516399422609,0.009277930388805294,0.012929314568087356,0.005864166291544932,0.00692088948851968,0.00713710905022465,0.010757003879967992,0.00744448440836166,0.010724200678008281,0.007231185739930367,0.010017216225448721,0.00505814081326188,0.0062550763900657315,0.0057185230235482125,0.008011724967630942,0.005804973165722508,0.00768978936372337,0.006118998810745329,0.008558657812269325,0.03220388854551174,0.002803711333035727,0.02815689370397355,0.0013102436062598162,0.024070778827958675,0.00038910420614044725,8.471722029208637,2.2448871571931446,13.797672577504565,3.8517379349928422,25.648029612116723,3.9501478225677107,0.9717279450480858,0.007481578560661027,0.9539962003009554,0.012812100315688848,0.9146310455764213,0.01310622543032707,1.444651571589063,0.19250598272411173,1.8378078503234285,0.24521639984426546,2.523158022206105,0.1951258162617182,0.17928452317012333,0.007806939039934229,0.16775468923670267,0.0039061417115694073,0.15514252770384324,0.0012549604061089363,0.6197563682962757,0.027485982914353686,0.5753766659716617,0.01877184705177098,0.5218535134934947,0.008058047228590059,0.0012174353235473528,533.0105544811547,0.9721613590296431,4.785943422163176,0.00025471215250245856,11.867430012997934,-0.28081405327735365,0.9890582936712073,0.24029971359781926,212.53796834090844,7.86934953178111,37755.25470778096,9572.066315565527
058_Heraclides_androgeus_epidaurus.png,Dataset_papilionidae,38627,0.010254411830475454,0.01009661807869709,0.013704179299980303,0.014920949615275864,0.009193990643640734,0.008810149824497415,0.010168086749983474,0.008709677044072354,0.006126341798164025,0.00727042048330479,0.008150381180832788,0.010233415335533565,0.005597830643539909,0.00664377151770821,0.006866202469603849,0.007389708374469622,0.003971161157900007,0.004581235398107107,0.004919620726058119,0.006308656222853222,0.0037894137680529044,0.004269978312529592,0.004523570653511688,0.004903698548428741,0.0029373328861652245,0.0033639404236524926,0.0030980252996177394,0.003742317242520719,0.0026604498930852963,0.0028681667495790036,0.003157553273053031,0.003364827176116786,0.018950973922261465,0.002106301501241006,0.015733346381852996,0.0011812832882770877,0.012138384753179382,0.00031353861485763554,3.4032165373002488,1.0207812964070406,5.820408655284131,1.5446261126819394,11.860035430275861,1.1566266357862465,0.962863127798376,0.011108032354139966,0.9365810114897765,0.01678939532167218,0.8711359783277193,0.012535525487846052,1.0705496939848356,0.16573484118929901,1.4165903674025848,0.1949306885499465,2.0625933268247456,0.0922143186435709,0.13745000377805905,0.007646592945424628,0.125343382720693,0.004731045337647774,0.11016510006126021,0.0014267030776967744,0.6328752650979846,0.034572328835184414,0.5715602339092073,0.02800424428581749,0.4877653186480933,0.006958202605463515,0.00046273457659195286,207.4743669632829,0.9645020171173627,4.537329410547019,0.0002778275250464699,12.35823673698572,-0.3108650121012496,0.9943146187878954,0.210790469024513,140.91352906708858,8.288473543103148,11478.92115971956,2921.598881670709
059_Heraclides_androgeus_epidaurus.png,Dataset_papilionidae,45038,0.013119964323461464,0.013090578651701061,0.01448342541560681,0.013064448651013813,0.010239326075501123,0.011282584044296492,0.011033695510447906,0.01152904233271992,0.011122034094536826,0.014049324240923063,0.00981371316336644,0.010965355792548962,0.0065819090788729676,0.007357665114295391,0.007021856938827153,0.007956777061167668,0.008231366048755852,0.009673797077244433,0.0072032724734870995,0.008194327650214986,0.005503666591848454,0.005776547655497382,0.0055936917650570624,0.005969226672837784,0.0066703475012600925,0.008331446426326893,0.005296514952830489,0.005854120829147336,0.004556262810824837,0.004752247223524975,0.004457303976107834,0.004978185175112766,0.012905684114165988,0.0015370892280561817,0.010814647726576684,0.0010184162015490412,0.008596444201994596,0.0008497589052857836,6.070817569965689,1.8019902410847803,9.483599005836885,2.3602190316867193,17.24192245719237,1.8773709986992022,0.9485780568401012,0.01530536384323577,0.9194210622470852,0.020303046490202235,0.8525385879674983,0.01647631419345392,1.5257927681407886,0.25930810929453624,1.9406226279956071,0.23884295941948758,2.697457868378413,0.1808288147657824,0.11339478367894801,0.006878019233077019,0.10388246594496994,0.0048042684946663595,0.09260634746995604,0.004528643314323177,0.542361961935457,0.043845315436595596,0.48409362533869005,0.024651684065062962,0.40993591324382006,0.019276155703422133,0.00031412465674299293,377.3173896879622,0.9500024730672559,5.041159752820226,0.00017266437494713367,13.077389962328436,-0.2736950730590641,0.9913825978983528,0.15647765778212608,230.48003703052774,8.542918148013936,14721.249182107164,3774.64164294878
060_Heraclides_androgeus_epidaurus.png,Dataset_papilionidae,30307,0.011266705784181048,0.010463047933472358,0.010626165340681,0.011950144315478804,0.011083511532378356,0.0119497151047804,0.013692500618789025,0.015438377712061545,0.005651792574318521,0.006858438381874967,0.0066458427152939386,0.008555955583197317,0.006531710987547381,0.008565346778641283,0.008786956592074409,0.011756237540006816,0.003882991212212166,0.004678474276921125,0.004862620220588787,0.0064533699252140924,0.0043263592923137,0.005406112082634986,0.005470672504684745,0.007414278784468913,0.0030494895451749307,0.0035610808293535055,0.003439270580090159,0.004529723353169314,0.003091709309638478,0.0035857431079072306,0.0037001436737682733,0.004797221871885219,0.04096946693092038,0.00339381438560622,0.03581924204286039,0.0019015879719446488,0.029553833219875307,0.0010765827945789107,4.504067097580187,1.2790213241732458,7.67442190228048,2.019246698006736,15.799803453779006,1.2573466769355641,0.9725948881583513,0.007768995303344519,0.9534203187145157,0.012211514386657617,0.9044524659128357,0.0077093164574749806,1.1353425193085502,0.1772094217770044,1.4928546519185577,0.19142887920074303,2.184988388991193,0.0647095763375198,0.20223463260383032,0.008403588906779644,0.1891933865884036,0.005010440506707242,0.17188380201750236,0.0031291890136842344,0.6533982192603296,0.03235933143775806,0.6012472081092023,0.02276228669254396,0.5280138901814584,0.008545640726705524,0.001285839050815674,278.89786788387363,0.9734180433526406,4.518722030910107,0.00030485926550317304,11.74506051858031,-0.3306420055182384,0.9948809462460357,0.25515276781911994,165.25936023817658,7.998891686811547,20702.225979519182,5245.280961850764
061_Heraclides_androgeus_epidaurus.png,Dataset_papilionidae,150567,0.004164293311496726,0.00561515931385316,0.005052954956401206,0.007464536634317617,0.0045859497753892985,0.006634776963977626,0.005303634057199224,0.006556675460092442,0.0031518369188116304,0.004223284171998261,0.003653079855717176,0.005234849169361112,0.0034696638181921356,0.004704644085436558,0.003770672653431023,0.004417261874190038,0.0025926821940982117,0.003582183964313751,0.0028852029554973955,0.003945313745420154,0.0028797756181688666,0.003959931486448721,0.0031217647918668355,0.0037782096326548337,0.002103053790663244,0.003247122307265881,0.002187241783161656,0.003160264712070078,0.0022232306495333495,0.003380028948799153,0.0025040411006038116,0.003371677599653454,0.10687859821027615,0.008479251700946102,0.0950614865062931,0.0043102695375311665,0.08181857565829388,0.0019173368533233202,1.4573361032274144,0.34168830397518624,2.2548383522447,0.4747700925539267,3.9928962976896636,0.22806892789640798,0.9320380696862143,0.015909770366594276,0.8949226823714036,0.02207406375944017,0.8144082792622368,0.010577547858658195,0.5979185634306947,0.08522577184775544,0.7607026134010183,0.08277378889775017,1.0256481124428003,0.029971931747644415,0.3266678823745044,0.012910957951798707,0.30824000572107374,0.007041688672862072,0.28601996079038805,0.0033403125241168847,0.7687501460914659,0.025378387782649378,0.7274290371102781,0.018295409462631834,0.6729817268906684,0.007336784762848822,0.003592915304473668,85.05650472730123,0.9375620951704129,3.7084668316648757,0.0005139632374191077,10.12192548835448,-0.28580333303690825,0.9809705300414724,0.36466537157907863,99.32821226337413,6.858646919545989,2639.154972707924,681.0528693588062
062_Heraclides_androgeus_epidaurus.png,Dataset_papilionidae,77236,0.010691991826022634,0.010261663356685784,0.013948367791883106,0.013715331838356739,0.011812442182521546,0.011792178646918236,0.012454207134581605,0.011905424623372888,0.009750579824144819,0.008892510516142716,0.0114179599676388,0.011114199525305063,0.010453064133887118,0.009942964606039795,0.011495282165252595,0.01047721677044679,0.0106684600438536,0.009489501988799762,0.011768288400588904,0.010467057228879655,0.011255592222385848,0.010005571241032069,0.012601555704087414,0.01122416842895202,0.011942652003784308,0.012134186522165625,0.01218277730346312,0.011627162891891585,0.011907293884312912,0.011564237507216465,0.01355382190253034,0.013289252090770688,0.008326864330429519,0.0007666383664684781,0.007353387990481858,0.0003253386211701709,0.006471151587378418,0.00012934377589179718,17.363530417684288,2.036248047523873,20.976233580656285,1.909643552735613,27.535115421067143,1.1077759302300467,0.7383695645159927,0.03055132260110936,0.6841794093661562,0.028477035592699554,0.5865846370174072,0.01609254759921293,2.669997103886926,0.1928282712768129,2.9784371883171605,0.14704703737853284,3.4422558493775437,0.07571793218507465,0.09115667141374528,0.0041624016139716015,0.08573060412606401,0.0019108915882262124,0.08043941375641848,0.0008076520922586404,0.3963345502270266,0.024081529198297393,0.3630865003032019,0.012871841645113142,0.3282038029241531,0.005212386366327659,0.00014376513878750486,1099.4904086751412,0.7405453877890277,5.851008360235319,8.829849650854186e-05,13.632578003171972,-0.13352731872244478,0.9247728153358308,0.08322911394751673,158.22027113738605,8.221082750425683,7375.363307513629,2118.713429047195
063_Heraclides_androgeus_epidaurus.png,Dataset_papilionidae,84771,0.0079979503208076,0.01084121622582797,0.009484989630942402,0.009863768467234172,0.005835415408246494,0.006861751295474752,0.007528240457516195,0.008072794343795141,0.004949059910821905,0.00643994993914871,0.005828874116031424,0.0069914682011200675,0.0040819518646610445,0.0043732483046783665,0.005057293607792725,0.0056642405895871075,0.0036050879273797605,0.004337169802052171,0.003917596172566792,0.004938058738945783,0.003157733516131703,0.003201667502568792,0.0037428759929323614,0.0042414820610140605,0.002829043866435076,0.0032808521268893748,0.002705513423133063,0.0032087468122717127,0.0024015292883845414,0.0024356669324693153,0.002935273836203679,0.003441782795501395,0.014838009415164064,0.001736719282017775,0.012178614670037231,0.0012781222746546515,0.009194228530381064,0.0006555544797614062,2.171567161995473,0.6670150572021211,3.5599915816256242,0.9337785339143878,6.932371023824925,1.0478412190817046,0.9774055410145263,0.006932058631769601,0.9630112115411726,0.009668893975380387,0.9281385452320589,0.010845217803209406,0.8366520180635653,0.13945640856674882,1.096170294919428,0.14819977837180556,1.5724737234291948,0.11571363394271922,0.1215982604690119,0.007202254235612582,0.11020737560460289,0.0057401247707006935,0.09582634899543177,0.003396964613707265,0.6830116527630563,0.03585551418854888,0.6215649095074014,0.03187509616876937,0.5344625054873774,0.01946539236607011,0.0003219940070536535,129.31662690420495,0.978943303083543,4.2080493743421545,0.0003213235602377419,12.466743933652559,-0.35529092517832916,0.9974657545645027,0.22951242297246252,253.4879805722523,8.566998258477751,12151.617615958086,3070.2335607155746
064_Heraclides_androgeus_epidaurus.png,Dataset_papilionidae,71706,0.008541775062101475,0.010095839918463773,0.008971328472270976,0.008545849555394185,0.00770977521522198,0.011181164822759852,0.006999048705036271,0.008891729788389306,0.005251701682033487,0.005951453283204153,0.005835255511960974,0.006510149606800763,0.004604233786959572,0.006139986346817903,0.004764516930000424,0.006406632286934279,0.003803239545478125,0.00450731760995276,0.0038651891882931053,0.0042692851521926424,0.0032370436183698,0.003916157479997887,0.003374537038662669,0.004081298330929417,0.0028052616224140095,0.003512972485878844,0.002559551757107045,0.0030128333302356374,0.0023012403860612454,0.0028257501671903732,0.002498937068782355,0.0028336590052609367,0.021093794382160594,0.0023334875813955567,0.017391886362400123,0.0016026731974683784,0.013457820521223938,0.0006621138893633991,2.239405085642673,0.5999163925055907,3.7404999626762603,0.931738774548951,7.442034104199783,0.4893660095868882,0.9613305632104043,0.010338577630159876,0.9354765471861245,0.016030217820920012,0.8719395993291125,0.008242560622179027,0.8476952565928635,0.13065406345532074,1.1146076355901517,0.14759394902798753,1.600103559622299,0.0705190940246653,0.14501090134568664,0.008101411794998107,0.13174071335095017,0.00602252506702153,0.11597321878068444,0.0028342630208646373,0.6802879163971775,0.03570498315248541,0.6188933015501045,0.031347562589021834,0.5352476883283359,0.019948032073240217,0.00043889840547549813,133.3029630216956,0.963947965764363,4.2176362446175055,0.00034128776299803597,12.086114808310665,-0.3213489105677522,0.994669696177872,0.2189111180108682,153.97292020664702,8.182315110991771,7260.500328810356,1848.4508229580138
065_Heraclides_androgeus_epidaurus.png,Dataset_papilionidae,98870,0.010939696918177338,0.014554416571742385,0.011211804792414421,0.014807816208987449,0.010890478544636024,0.018599180250794906,0.008183609689424061,0.011614909396333951,0.007340923811549152,0.011978625951027189,0.0068928788595883726,0.00991146719923106,0.005944848827861769,0.010386288371284233,0.005345411069195933,0.00795250256244376,0.005212978430396774,0.00891409850300863,0.004677831342205545,0.006668012250934262,0.004209332057482015,0.006581518457674327,0.003942217500516397,0.00574074813559195,0.004017855415197199,0.0065914954712291765,0.003319784881428693,0.004480725969433967,0.0031480755683981005,0.004442288836936904,0.003090142765797743,0.004393285216468381,0.03499768126306061,0.001918284968813569,0.03250505211669882,0.0011096681832207323,0.029334034868112074,0.0008672336970039443,4.593760145027661,1.326411087647484,7.649573760121225,1.9870588989534474,14.974955950088038,1.327042459899975,0.9428522426965098,0.016524313385192706,0.9047309373016177,0.024906423451450357,0.813230412410334,0.016894663612422676,1.0233026029351526,0.159901437112587,1.3358843088625605,0.17505635522193,1.9077773850711968,0.09304159738163759,0.18700644624275406,0.005125458683527994,0.18026525526719683,0.003080561661643071,0.17125311393552264,0.002530975207103876,0.7011827888608446,0.026876810498443985,0.6592792942808512,0.021069591944565074,0.6039000986481873,0.013954193902714112,0.005042818073773419,286.7913447794224,0.9443520672527513,4.187115740322188,0.0004958050013619986,11.360774703756995,-0.4037361583112986,0.9982699142673399,0.39970833232244835,185.72744248605616,7.980778374364888,10022.320688167447,2577.2780082367176
066_Heraclides_astyalus_phanias.png,Dataset_papilionidae,72925,0.007071019717454772,0.010368583784171105,0.0088396571100338,0.011278223316935789,0.008733918955075446,0.011703862731607744,0.011666458362323438,0.013800092992783147,0.005271854300572994,0.007759025335775581,0.006296641995541754,0.009408116989886499,0.006661894366772557,0.009830662484309381,0.00831898563935575,0.013062593482962558,0.004968655879858536,0.007400550773816496,0.005643917276499133,0.008020290973096998,0.0059918602091462644,0.008725084400492768,0.007005415079821603,0.011106120974938977,0.004631560744436987,0.007296745800484299,0.004883734842973559,0.006700612554682107,0.005172017987911737,0.007424485173752688,0.006150939034297868,0.009599621631170145,0.055986449305748545,0.0043975176341038685,0.050304648256487366,0.0013930068547138438,0.04453176244844672,0.00033623830251733805,6.72720086310793,1.8047434092612493,9.952166400947384,2.503372746641405,16.498492492824667,2.4015294300695267,0.9621640923698325,0.010152314024995543,0.9440202334234356,0.014088794214566833,0.9072125247428401,0.013510892124594618,1.174829586033896,0.17051604438736606,1.4376103608096367,0.1507520579122679,1.8658501519764374,0.12908768346831992,0.23643239490258172,0.009282884593605717,0.2242654485854757,0.003107543602704885,0.2110240040947577,0.0007950750042614529,0.6796216310125442,0.02723187179196894,0.6430964506764273,0.010171740164563533,0.6019739047894096,0.0019088145652662663,0.002961476381821316,421.92071208370345,0.962848105847066,4.418097669596053,0.0003596264873812727,10.998924378256348,-0.28622090737371003,0.9864107732754329,0.31570305272744537,191.36252674850357,7.306487305816889,22291.501528191333,5678.35556006876
067_Heraclides_astyalus_phanias.png,Dataset_papilionidae,83561,0.014332181541047356,0.015795134905922194,0.01109383179383575,0.013381701173211623,0.011895172877652056,0.013628585962924362,0.00825335556586904,0.009556862666692997,0.008645202495863565,0.012041367391022356,0.006275624857563851,0.008746452342054255,0.00722744711953712,0.010399902528550223,0.004993487076474639,0.006221040768765382,0.006362855078410473,0.00883681209752433,0.004733291397741414,0.006432750026534531,0.005531341122126913,0.00862018583235207,0.0040747482456191635,0.005055214554777321,0.00502527934477465,0.007104144688594527,0.0037492780605251266,0.004999894786082407,0.004224985657764502,0.006858421451313812,0.0033730281920786105,0.0044550109858421975,0.02898550413378829,0.0024798995110903513,0.025679051026103718,0.0011412497749718551,0.021737078231776688,0.00066736806715099,5.6086484123447775,1.67051862103494,9.053052894487944,2.959848648895144,17.202272341127454,3.105805763755746,0.959135151872228,0.012166002490741108,0.9340654596010309,0.02154456747606743,0.8748295315732986,0.022610539778301568,1.214331924485425,0.20518174153530655,1.5633723222296632,0.23860309119560041,2.2177758772921905,0.20130529502338934,0.17009675999011623,0.00725233580669636,0.16020657225477397,0.003592385346758542,0.14741762086989807,0.002263468320007245,0.6461391878712072,0.03285477676513379,0.599227264301053,0.01956547633592203,0.5374833923827056,0.009484743735102255,0.001412075474144975,350.61572457499506,0.9600645129549619,4.594440714988459,0.0002980146960125051,12.187335580348284,-0.3193205364021086,0.9947175218912566,0.2803840050821304,157.98169079834835,8.20755970400847,17207.28398549921,4389.474927518551
068_Heraclides_astyalus_phanias.png,Dataset_papilionidae,72106,0.017360304305575183,0.020471191449965797,0.019263606424456747,0.018728203216533894,0.01227553287573811,0.014318540224950176,0.013369344638687008,0.014434524852552361,0.011046604117985939,0.015322460754574293,0.011242691326547944,0.012417582514859903,0.007541487410146789,0.009473836045507233,0.008367813329733902,0.009524537043811947,0.007529331434608765,0.009896621319082694,0.007205856461466641,0.007964850208292127,0.005839814371624927,0.007186921408358227,0.006030367974030168,0.006811647887761261,0.005623713974911701,0.007313963354172293,0.004987126222940156,0.005295782396304433,0.004527651888568894,0.005328983168764374,0.0047222085190011176,0.005423663482659798,0.011267179360154676,0.0015784856704487886,0.009113100335079727,0.001259652025236444,0.0067399978156220215,0.0009150970609718709,7.056474125456969,2.079668197018752,11.771327113114125,3.0329583678541128,23.275679635585355,2.3539386505375486,0.9531146980252667,0.013861350134834331,0.9215571205654185,0.020423613856538778,0.8438628566399369,0.016103203202093738,1.5896929387482448,0.26977562142833517,2.0805976946917464,0.2834912740720532,3.0164368225154723,0.2268968779148396,0.10586925674558725,0.007673319769930393,0.0952475470482672,0.006403523746176962,0.08191392385649213,0.005486974945708465,0.544419752984594,0.04385153786501014,0.48262415774163925,0.03488787385237984,0.4004662787179256,0.03106954494078882,0.0002337932029869713,441.33750002928775,0.9541428976763637,5.074346591069485,0.0001796373511593694,13.254513134130775,-0.2748098985966818,0.9918927559517879,0.1574841941892062,266.2956128236702,8.67781083401941,18813.88278309571,4813.805070781243
069_Heraclides_chiansiades_chiansiades.png,Dataset_papilionidae,144156,0.004186272956918477,0.005281661089301901,0.0045919946738296556,0.005551856489163917,0.004746717624370845,0.005943548311536043,0.00609398025416702,0.008200595819346597,0.00402949234935613,0.004881702042920138,0.004353652340434021,0.005182846036737544,0.004520382277237287,0.006082074659607108,0.004917295111585134,0.0065988450459065606,0.0036816032994289203,0.00498328893588862,0.004023447558082089,0.00538186637268941,0.0040881425296584945,0.005925229813585893,0.004457598786834034,0.006010795879276099,0.0032166315208447915,0.005083996262087528,0.0033837281892180908,0.005139245150625856,0.0034366724910475208,0.005533463736297763,0.003868564688088592,0.006046439889541208,0.0512545705024495,0.004609770073600597,0.044688955127585576,0.0023030127854218032,0.0380556257743743,0.0006794434678758503,2.7109249705775325,0.5438896530558214,3.7844595822918103,0.5847138664821984,5.653454041186682,0.308862275599509,0.9563534997122342,0.008749545973875478,0.9391018784488144,0.009421517383852954,0.9091453314313498,0.005132809360925006,0.8203065593326755,0.10700767432086188,0.9994385766361888,0.08272301840871554,1.2527198290736214,0.03474508047277144,0.2261669640946674,0.01015257871926783,0.2113265240837941,0.005482275644946041,0.19507075433617407,0.0017397060356067623,0.7131508564815833,0.02955724773833207,0.6697286832026069,0.018130352611218807,0.6171997442278869,0.008231003678402637,0.001533930618099024,164.56444195313992,0.9585281356480112,4.111289860934634,0.0003721354668740506,11.317297497764256,-0.298134855298966,0.9897168814155464,0.2948633415988521,116.57137611886739,7.609037590841579,7771.435812250205,1984.0000635508368
070_Heraclides_chiansiades_chiansiades.png,Dataset_papilionidae,135824,0.004487003380478245,0.0066467578155747185,0.0044420091748964075,0.0057085417596921826,0.004738236908020634,0.006450021834867572,0.005145968384501754,0.005241761593268048,0.003629187142997663,0.005112443915397114,0.0037519895036349452,0.004975271202770154,0.0038589571546182974,0.005198805095646019,0.004046712507630803,0.004089606837634982,0.003107359904072918,0.004754739240965577,0.003328843795937543,0.005027465253694824,0.003389929255459906,0.005197254771207531,0.0034784841014858423,0.003956821015657172,0.0027042053453916358,0.004741697472183593,0.0027042063415921797,0.004383101001393011,0.002710554326866282,0.0045448552235792744,0.0028389687504704357,0.003869335629626506,0.043105628580403274,0.004345056134439116,0.03707939078366829,0.002306029843104575,0.030438830692715833,0.001056479367625716,1.886095594502434,0.3891117874535327,2.7484789635822136,0.4810561708569811,4.286055430070842,0.18317166193380408,0.9191370909309888,0.01670228548457027,0.8822655167063054,0.020508700649657964,0.8168453256568425,0.007743690986901412,0.7001168714602329,0.094687836184853,0.8729283788144016,0.08117737095775986,1.134539890648853,0.02516920739264396,0.20735806829774134,0.010404811013781944,0.19246463335141673,0.0060626473238189595,0.17444108360476066,0.0030230850984926485,0.7378151257437617,0.029506769397524786,0.693295369587972,0.020200444565411868,0.6325973492946274,0.012453899612345401,0.0011815382509073199,111.79099996997846,0.9245105698761349,3.91037466462337,0.0004426565829535917,11.129421573195744,-0.30635236340993577,0.9901214240402962,0.3150313237369894,107.36642068700345,7.536514252459409,2850.153136425622,740.4860340989
071_Heraclides_garleppi_interruptus.png,Dataset_papilionidae,155826,0.004125459405959317,0.0051840832037834865,0.005391492224803294,0.006960883478412668,0.00521989679765025,0.006801570444958409,0.005040521146103216,0.0060985292089725356,0.003529677998269818,0.004108837625799582,0.004121403334997787,0.005044535552908784,0.004076173060238283,0.0048936866962217725,0.004271845465172089,0.004701314697112538,0.003287647355421779,0.003904599956202421,0.0038172093740318318,0.004422130189621549,0.0037621377405004093,0.004360811719044836,0.004897997034151102,0.005061361628267975,0.0028528616383602535,0.003807834564219925,0.0033266638077839175,0.004245519690710782,0.0032411931486142033,0.003952011837683748,0.005108540642266165,0.006226997800268599,0.039742077671071546,0.003934131539923197,0.03483487772137202,0.0015898382432897767,0.030340824140089775,0.0005867201512995229,2.330984558433712,0.5082498648209544,3.2064483368205225,0.44275748817049126,4.9110121422344735,0.23039461309399198,0.9675383172525286,0.0070646349406135464,0.9554014651629369,0.006125609066293038,0.9318746593198182,0.0031752334766591912,0.8267151731558248,0.12330203824642492,0.981877164277774,0.06148358166614384,1.1928737799030937,0.03311028710070724,0.19911409765357937,0.009780275388372419,0.186591477637407,0.004300952738761323,0.17417805266156272,0.0016822934095054223,0.6976820900593655,0.03670612299674159,0.6597316778351036,0.013148268923845003,0.6221144061617107,0.007151054312904585,0.0010683549982258504,139.9550179385115,0.969465641751875,4.174570917448815,0.00041971357688750196,11.466849953734043,-0.2961112339464126,0.9898038519874099,0.2756443454488666,134.46409546593884,7.67928844168117,9026.156871890415,2291.527972457232
072_Heraclides_garleppi_interruptus.png,Dataset_papilionidae,139059,0.005756487733241028,0.006585762769899227,0.00768201859404275,0.008584700611910905,0.007627734005811749,0.009199443366290076,0.007061915581147723,0.006949384548372227,0.0041292854928677136,0.0045857027095719,0.005592587121663089,0.007126168543273304,0.00543304270672214,0.007051426553253824,0.005326001546271016,0.005158709692863063,0.003473353309207002,0.004000038185411101,0.004557691322837913,0.005168266579399225,0.004486366302221256,0.005237764402925248,0.004896646099113383,0.004716265415276407,0.0028553565591080726,0.0035563786878778886,0.003557025705183402,0.004051739530129502,0.00346998951074527,0.0038985964732572457,0.004100914146171595,0.004452091073275979,0.029228490019863967,0.0030822263406784464,0.024986461136319943,0.0017149541296551413,0.020734447926895133,0.0007218861701568986,2.5408231690605443,0.608517599035742,3.9563178041517317,0.859306377604335,6.911920525941885,0.46343465901400926,0.9621156319169292,0.009067903917574246,0.9410537110029951,0.012773249676115934,0.897156716494842,0.006869466275610083,0.9160780216627878,0.12594415071520004,1.1597552559499955,0.13499286107145844,1.5381981977582901,0.06580399374773804,0.17073065642852225,0.008918126224149425,0.15797551615654037,0.0054952189578391895,0.14397258422015102,0.0025185154092551704,0.6700430865105761,0.03127512985996237,0.6207175399982231,0.024245433907458,0.5631169910076497,0.010864185348675085,0.0007128791770834905,153.3486491918283,0.9641438288298542,4.3351703991167945,0.0004043592751186365,11.815613398646109,-0.28074062350212203,0.9884953672557593,0.25030153948372874,163.9937552275074,7.841774976085519,8399.869263713004,2138.3044782262104
073_Heraclides_isidorus_flavencens.png,Dataset_papilionidae,103559,0.006250031687781005,0.006203489356914712,0.006149288552276788,0.007743796960556079,0.004430075620435407,0.004299352202238464,0.0045696895104722565,0.00449294833372936,0.004804453360417902,0.00459446939967578,0.004786794338856495,0.005406197543975458,0.0038296691127695705,0.00350224605689688,0.003806502301259006,0.0035197251573217854,0.0035258842032519716,0.003761563870474089,0.003488291168320008,0.0041275710865573524,0.003008956456699824,0.002989944389056314,0.0031698352246549086,0.0031547605776804837,0.0026615167147043843,0.0035300736065521595,0.0024523771615156324,0.0033754698173316324,0.002218222857181024,0.002665700247508502,0.0024051742596831833,0.002821018925842343,0.04549778514919861,0.004906891036445253,0.03816765932860504,0.002814379480637416,0.03108484352559024,0.0012553369881940896,1.3390617528197923,0.35360641225000566,2.102100395561405,0.5017118199103273,3.81756764847921,0.4969945346479526,0.9479910572106061,0.01379599684585947,0.9181951438498785,0.019639820634889813,0.8511986638007387,0.01943925564848309,0.6793291503563915,0.10406018050862297,0.8731607784962233,0.10847722337298267,1.1913453189101721,0.0774742362418814,0.21299223218611502,0.011493223115152785,0.1952306299019582,0.0072567538672377325,0.17627302780440213,0.003558538219368953,0.7144365139896804,0.034339454016857215,0.6566861484182296,0.02800187994691348,0.5811415539615273,0.015898965671674745,0.0009216838469191023,75.58639117410544,0.953806497552254,3.940052401256486,0.0004076096647944651,11.07890651956074,-0.285728078616312,0.9863698011253931,0.23058679421892136,97.82626739099373,7.43719612055974,3198.1372131094727,818.4309010708948
074_Heraclides_isidorus_flavencens.png,Dataset_papilionidae,88469,0.007346435856496118,0.010477234884475904,0.008042629678539687,0.0069198226238449505,0.005863122698269395,0.007930331150326894,0.008121932298968002,0.009058950633488144,0.006079742878584472,0.00800337212746268,0.005920809478888274,0.00540645446976553,0.005136578194018152,0.005810781110277878,0.0062048970037746325,0.00717785643416752,0.00507713917637126,0.00687074765324418,0.004641319509260841,0.0044779770963514305,0.004437902707607253,0.004777730730706287,0.005324005702070333,0.006179091566025432,0.004025223717353637,0.0057365205350719435,0.0034799119961440397,0.003588447839172705,0.0034031727551408534,0.0038146200519718534,0.004375980965110014,0.0054546085072213904,0.018293189046489376,0.0022971997719355773,0.01505794921513927,0.0014175969858197458,0.012001422697732186,0.0008740017272894366,3.17484004554654,0.8132654040247969,4.7785564837233565,0.8148104049771265,8.182683957405626,0.3153421954276772,0.930520933267825,0.017803511399396725,0.8953915766790603,0.017846785823324787,0.8207594507823675,0.00678241445221148,1.026364902736926,0.1576361859125405,1.2906450172790913,0.12538691227772236,1.7187318613118432,0.0873203163484015,0.1349797438912518,0.008582411405977215,0.12257846564122155,0.005698155507104033,0.10947901774330043,0.003970814991194456,0.6344845333412436,0.03950858452486376,0.5751455373811227,0.0283498441352154,0.5013914027172153,0.023153816193182977,0.0003504180366140448,193.1882429750719,0.9336846671023779,4.478896993897033,0.00025455848961791695,12.347682837181484,-0.2716371363009788,0.9886838959996931,0.18449451111392812,213.86092050170004,8.111842169996825,5633.317667498364,1456.6264776183566
075_Heraclides_isidorus_flavencens.png,Dataset_papilionidae,65880,0.007681993495276548,0.01032625129296671,0.0089347802072819,0.00903978483108334,0.006148674442383405,0.009372279670362506,0.006700813563417681,0.008372226096780042,0.00632927735054253,0.011205649555199827,0.007004784045362829,0.009326431174785703,0.004670659623106417,0.006304437438935879,0.005303346138593135,0.006435659728702299,0.005695237405475677,0.01089007891817761,0.006102973077796713,0.00899213463007284,0.00437735855575899,0.005388469323094679,0.005059671158398116,0.006224002048476099,0.00495339942441065,0.010007363613637918,0.005028573703158245,0.008316216670700753,0.003968018201857972,0.005335013426917505,0.004685967015353508,0.006894930629247513,0.035745170174773855,0.003701970192636995,0.030845248100936452,0.0017615506018589858,0.02591913913395361,0.0008723387671565896,5.49541535691652,1.4734882173551196,7.681155548761078,1.564599289847213,11.619886322392869,0.998116239884073,0.8545027170894873,0.03950549827711485,0.7961023409304215,0.04247240057525466,0.6905169958594757,0.027730798271418087,1.131403331128229,0.15415424510084524,1.374868046714551,0.1264476626256178,1.7357489461078375,0.07823037894134502,0.1888119634343609,0.009757696389794871,0.1755559517245971,0.0050354657190169625,0.16097144021520365,0.0027082409414108475,0.6516058930297641,0.031596641531386825,0.6042056129043278,0.02247427355486629,0.5477967021161096,0.015246886779198698,0.0009023667404896619,341.8745201687959,0.8578689365933222,4.509897512287818,0.00028148750904713704,11.71796771796586,-0.25619713863490434,0.9826856284801649,0.23465326831489935,119.49698586260583,7.668582983156135,4474.670714219234,1204.1363085970079
076_Heraclides_paeon_thrason.png,Dataset_papilionidae,56033,0.013518495071944739,0.01784673215527526,0.01455130485708831,0.01725220388698618,0.014152356516884571,0.016719827734068163,0.02045609690563555,0.019374899470732135,0.008273584941270442,0.01439843132530493,0.008396221448498204,0.012736112788196665,0.008145964458621367,0.012426377585518565,0.00978664607599696,0.012220840084190221,0.005914925287690084,0.010472783769045048,0.005934677668263787,0.008942691961287842,0.005868876768256259,0.009141567050404429,0.006829291483024964,0.008894817648457396,0.004655057156224543,0.008138828292057046,0.004502655256263575,0.006530924568895475,0.004490347306694778,0.0065959272556405085,0.005240342453134239,0.0068074557566376506,0.050299268002071726,0.005700133692636168,0.04395360397297529,0.0018388728049461849,0.037657493089213616,0.0014624762576422605,8.498708866022929,2.376050842425749,14.272626733829961,3.721865160101769,28.92927465067386,3.3587171792132087,0.9494491413488119,0.014113130171967655,0.9151741656600199,0.022017192071529478,0.8284855237629529,0.019538374882381453,1.3567937815131992,0.21395094355397754,1.7527163909773833,0.22348814031000647,2.529262603526395,0.18753577765048154,0.22392204446494346,0.01257720178384739,0.2096041184021346,0.004440441626598436,0.19401957848201834,0.0037277680820492465,0.6573957511499263,0.03259807115916358,0.616481871369728,0.015742650207669594,0.5667914494822275,0.012231010433126303,0.0016072817338374963,534.5612366689038,0.9500865174783505,4.584652839445073,0.00031055612126338494,11.21912609689085,-0.27326694013014724,0.9843690285112459,0.2711813367764805,148.66304505279385,7.455163813327788,20881.88028333243,5354.110380000331
077_Heraclides_paeon_thrason.png,Dataset_papilionidae,43663,0.014709077949534195,0.013022165706896684,0.01664803435182689,0.014864809833310327,0.013532313948038195,0.012299552686819495,0.015217350568423715,0.014984825970219658,0.009337592536430421,0.00964244094508925,0.0101875951745418,0.011182166206007755,0.00751014738376523,0.00810796592139279,0.009341216720834858,0.010212070062426857,0.006583942110096718,0.006925864423063102,0.006960839472044336,0.007731280867839143,0.00550016311064492,0.005596689080125294,0.006670347216435935,0.0076017116754537655,0.005144374049470608,0.005844835374451834,0.0048686142557874765,0.00520512108182507,0.004198305071109234,0.004098938318730783,0.005046772964786102,0.005862284768253595,0.01193544345587966,0.0015411497500267188,0.009765467081595758,0.0007027147675130845,0.0074316867394939885,0.0002050530909799165,6.2361488355267625,1.783350775777296,10.359219401318027,2.459356042643065,20.66585770145562,1.1188827423406127,0.9415527042188123,0.0167394679468684,0.9027798413759562,0.0231951316737467,0.80541171987155,0.011030861026999019,1.5225836358411424,0.24220291423282475,1.9790109125213116,0.23048701114447198,2.841923507377987,0.0874717671845049,0.10902081372600234,0.007064391721865789,0.09875641542943563,0.0035549251925305367,0.08619904436180677,0.0011880617009473497,0.5506142771744988,0.04006864685713268,0.4917202651809263,0.02195286810697434,0.4161267266377258,0.009212809869158666,0.00026286613428142067,389.2592226422279,0.9428504966713112,5.03188722322955,0.0001836619270125507,13.045666769876718,-0.2767589666255199,0.991828783704743,0.16524386512169825,232.76185230218306,8.553192131949299,13234.628224556667,3405.971861799723
078_Heraclides_paeon_thrason.png,Dataset_papilionidae,39897,0.015184425100964754,0.012931885089469825,0.015237342471030068,0.015050008912893978,0.016069024972676108,0.01597578453397768,0.016539381113779363,0.017214696826629215,0.010357574077918616,0.011963270817119561,0.010288656458280716,0.011821174745924945,0.008790966551142847,0.010206698115199784,0.010981789028693427,0.01376567854999432,0.007365414573473463,0.008659567575286478,0.007449905272292165,0.00841886409105468,0.006366186044666971,0.00673355875122922,0.007881355843104497,0.00961024666265621,0.005875233360507481,0.0070992113052695,0.005455027260294855,0.005786925711209904,0.004959307982603339,0.004909375154712982,0.005965962275081323,0.0070743675696924085,0.013433494048657834,0.0014733669891444652,0.01132488586898215,0.0006428213702601714,0.009057404002402748,8.861058230445566e-05,7.91525505111094,2.193546097421496,12.944761189587325,2.9002836362897444,25.202277796036892,0.6552441410013564,0.9384503014598082,0.017054060025833342,0.8992387038515965,0.022672621139391023,0.8034653127212743,0.005372503588785365,1.6629858984962127,0.25543063526448134,2.1338477716787967,0.21672786147395132,3.0147425074408276,0.013157601856356112,0.1157282660121367,0.006361013636360012,0.10637553993650636,0.0030216505752467234,0.09516925971831006,0.000464765609306483,0.5445511936554909,0.036908532749243404,0.4920579656889946,0.016062232452927382,0.4268360233925894,0.0025262303089813054,0.0003126731787658322,495.9905058496105,0.9396864725112966,5.128455827972488,0.0001843278580932252,12.971672033929257,-0.2692657871448848,0.9905637168983841,0.1663312396487801,215.23273581159313,8.466212606942419,15950.907461372157,4111.724491805441
079_Heraclides_thoas_cinyras.png,Dataset_papilionidae,98332,0.012128670447510682,0.01664772603190187,0.012155115057300304,0.01596954026639037,0.0126456602942537,0.01617626115383445,0.01393978920575086,0.015190446871090665,0.0071321841811469895,0.010752454982777222,0.006850942566770745,0.010176961738671926,0.006921399627093884,0.010077852555871849,0.00789882866946182,0.010677153952293026,0.00530574396188097,0.007619872924259613,0.005121615620562364,0.006901796323025412,0.005113263593823039,0.006972953376728068,0.005920750911762321,0.008126147118810111,0.004124323753576514,0.00608296116782416,0.003824270189985574,0.004819715090484473,0.003838499852791313,0.00496545761587968,0.004559152966109541,0.00629291148998496,0.05818476644335195,0.005585536240250386,0.050826509742970136,0.0018353232158110602,0.043402083295201524,0.0004951022608251305,6.047615087294822,1.685381688589389,10.086940778370677,2.4089162900509797,20.409004194527864,1.080359404361656,0.9580198286072097,0.011670034254816341,0.9300839077904455,0.016629036437203076,0.8590282603206342,0.007255152760361852,1.1756076671282765,0.18017377344738847,1.51160136383885,0.16434207028665498,2.1526266174544646,0.06556434190411382,0.24093723176482668,0.011576562220890547,0.22541057569653217,0.004072113349121437,0.20832828499750417,0.001186998399410855,0.6707345391986935,0.030262380764245055,0.6278813926106346,0.013348452847001068,0.5750630108917605,0.003727574109876052,0.0016216393396943471,378.565156190299,0.9588282646257925,4.471256282066264,0.0003168026973137273,11.172642640531766,-0.25479575468305293,0.979170687396709,0.27315803591042953,119.76141910020726,7.35441466101165,18006.895371576637,4596.365131941733
080_Heraclides_thoas_cinyras.png,Dataset_papilionidae,86826,0.014590837215921807,0.01923547010581385,0.013028049278667119,0.01679387091060284,0.01712565841077901,0.02146264811579267,0.018474064878275718,0.01838215821468316,0.007622988016531477,0.012042036934322936,0.007225522597217282,0.010963231674989842,0.008876809790184351,0.013087527493356862,0.010212179112268934,0.01373250175990253,0.005462894824586384,0.008508002579924148,0.005343543704438694,0.00758485712076073,0.006282014998347564,0.008986249338974543,0.007218111823628434,0.01071519111723558,0.004275700527695912,0.006661312475340754,0.004077847961019434,0.005423608420161452,0.0045435047004822055,0.006193133056429124,0.0055254854714454635,0.008303741459404372,0.05955092775066078,0.004765448732455464,0.05334618441582469,0.0018812829837801612,0.04596332818483501,0.0009248067678897181,8.751759348473346,2.6249921814034693,14.78722968526421,3.823909215698556,30.531766792807094,2.894899884000904,0.9591449372754612,0.012229956354240595,0.9310459266343925,0.017760898216820246,0.858017606814142,0.013237875051770496,1.3631833656812142,0.22697624306945036,1.769109178564169,0.22986341924514853,2.5829600746378905,0.1725123753947131,0.243836585686808,0.009728680859228813,0.2309317079582001,0.004090314820803441,0.21437981174885407,0.0021504649173861396,0.6683787139462157,0.030343526155846144,0.6295069181019997,0.016431699190775122,0.5794242547796916,0.012302649373653572,0.0027447753826291433,551.8025628908499,0.9597627757057968,4.549148183987365,0.00034896592347121347,11.211688472648916,-0.2961400802319403,0.9889459518305999,0.31520666256655383,147.30721782564888,7.54346514208604,26869.925664374605,6855.432056816363
081_Heraclides_thoas_cinyras.png,Dataset_papilionidae,93836,0.01020279846102013,0.014068647883277096,0.009832764856473471,0.01351173740940363,0.010250366144087761,0.014136790446755046,0.013331980033376297,0.01534949177781493,0.0066147234710866925,0.009754538684159573,0.00636395386269626,0.00951878509710112,0.006658566118359592,0.010064606539242625,0.008473318876009736,0.012541893872962112,0.005409195873750119,0.008000397421975471,0.005135042231685576,0.007439307232360107,0.005425858326522938,0.00794294527862024,0.006590017453271597,0.0102526716023557,0.0044589610584530376,0.006988158364029061,0.004152064085218869,0.005734501226589275,0.004296730193410512,0.005971074309329251,0.005471947309323476,0.008830140279700895,0.07275180878949895,0.005681227750317079,0.06535834019260695,0.0017804887393184485,0.05710677229825001,0.0007698631899228537,6.548142207800936,1.8068971407164345,10.28949751598449,2.385635985315249,19.124811868556648,2.160690150664989,0.9632134459951754,0.010110360998598144,0.9423098931303937,0.013297807309757152,0.8933113059907193,0.011924604690814545,1.204715887179181,0.18763896503805372,1.508540580177523,0.14955235835605793,2.0553587197480194,0.11473968735469427,0.2695194156749376,0.01054008366850909,0.25562899752001667,0.0034865196856254115,0.23896480642433404,0.0016104623033651488,0.6703081248775596,0.03035523316640177,0.6305420999238734,0.00983168891925635,0.5820035641027248,0.004006059043108667,0.004628254341684693,410.06554767139244,0.9638358223973512,4.476526190425007,0.0003440727739036048,10.891569580523331,-0.26391522965585396,0.9802724399525217,0.3040791814778175,151.63153565160263,7.177635687527779,22259.882988972215,5667.487134160902
082_Heraclides_thoas_cinyras.png,Dataset_papilionidae,59663,0.016793625495565893,0.019874733025393825,0.016865776277034422,0.019052822953957407,0.016437474323766264,0.019125744768943628,0.017519756554506695,0.018110754554625512,0.009140945675794536,0.015144583656893976,0.009362946791152606,0.014813746741419605,0.008779454726057978,0.01357866889706219,0.009331020829176586,0.012921330580760374,0.006501231241309983,0.010428716387540877,0.006771362172373172,0.011019308461488103,0.006362861668088321,0.009650584358519287,0.006605092079180975,0.009482820943385036,0.005324382334933483,0.008497023494942692,0.005214321939556381,0.008027781783889045,0.004938547334341139,0.006897343193271878,0.005230216529254815,0.007474776094275,0.09590888807646403,0.006313486484041535,0.0881782170295725,0.0017424487013322956,0.0799024736839406,0.0011092676693731402,10.116696257799234,2.7470877439701726,16.826355744418024,4.000990305390038,33.264395537769005,1.587293517188489,0.9387712367935752,0.01657821648080295,0.8983203473359312,0.024086840473806895,0.7997509895692096,0.009268084471150384,1.4238745613520076,0.20523807486560575,1.828197477958805,0.2011996942216301,2.622818383896183,0.06612292213194114,0.3095240250332093,0.010186559954431856,0.2969335874888086,0.00294306822866168,0.2826634902905218,0.0019557455664541827,0.6632797111505969,0.026569513837411306,0.6283912289010403,0.008578023532260554,0.5872084322772627,0.002272757128155412,0.0034893385836334188,639.2344151024251,0.9396547701319757,4.610878171003111,0.0003226588023435387,10.833856631557778,-0.2538624695508168,0.976883551643188,0.2930573273289775,111.52433820356173,7.127396244701927,20541.808708584747,5295.260780921793
083_Heraclides_thoas_cinyras.png,Dataset_papilionidae,53615,0.01849595253500033,0.02083422720224371,0.018108308144966143,0.02023603256846704,0.017618810623824907,0.020052921062203133,0.021140863033087025,0.019164845538594093,0.010258016942130641,0.016015167665872916,0.01009779264269293,0.01463114955982588,0.009771686275176824,0.014167906236563586,0.011784959519683625,0.014675374236043906,0.007036082234587032,0.010966393074407926,0.0070333087138819955,0.010094702280846576,0.006926160803843008,0.009947304057585746,0.008501800224428667,0.01169993705242876,0.005520133458465733,0.008516891663251506,0.0053937014951250155,0.007101603070628982,0.005355603801142352,0.007151594787908602,0.00690960342765816,0.009838711577932655,0.04526318471687768,0.0041819946274778445,0.039956956249361325,0.0013173908582730853,0.03397230823784485,0.0003979446960651616,11.774823912570984,3.2888212011812117,19.49903507420573,4.499147672927986,38.90501752878849,1.8854303225176614,0.9436777372860772,0.015680283099611232,0.9068583837037394,0.021411136102401536,0.8149633157790799,0.00853761311758886,1.6437694111092727,0.25550019769862753,2.116509794981874,0.2368038855033649,3.0570295874050655,0.10896284526615976,0.21252592241465146,0.009793723432854074,0.19986513753600568,0.0032989463582898523,0.1843126242887862,0.001079243079938204,0.6248746472339821,0.03130430993039516,0.5848682756634273,0.01188465770029553,0.5348192874551665,0.004920283004562593,0.0013065420241156244,743.7689009119841,0.9442537003823459,4.831853733710448,0.0002762907722426602,11.584307908425203,-0.2691826208693691,0.9853309954343992,0.25754862123461686,190.75075646740683,7.6682971407206475,25932.61739813103,6669.096574760756
084_Heraclides_thoas_cinyras.png,Dataset_papilionidae,79056,0.01504434188432347,0.01633471926345796,0.01420458251138704,0.014268868539680886,0.01127409807965063,0.011658746808240403,0.01179782313856232,0.013114312318713834,0.009417581286415103,0.011752414878086528,0.008099600043678136,0.009001197248533052,0.007255404718717313,0.008362367151761328,0.007098598073665277,0.008027805744513117,0.006938365136508691,0.008990213874476419,0.005613746585618987,0.005718667911037461,0.005633766834030149,0.006617995292496124,0.005387150129684626,0.005619970420908362,0.005466712932189169,0.007202129317442482,0.004073042896415854,0.0039547615763578445,0.0042959063379062815,0.0051617013792687435,0.004254469378296438,0.004540779337104007,0.010583446865934737,0.0013652122641624838,0.00856361841110738,0.0008186250363300168,0.006360116476019066,0.000362632235851701,5.725078245156279,1.626953360137201,9.271023083644167,2.296293779170875,17.931902173816603,1.456626779612165,0.949380639484268,0.014389302995818856,0.9179567113831916,0.020419674648105294,0.8409028068548675,0.012966110246708617,1.4602089003782013,0.23806604993833613,1.8906570463798968,0.22846441071496465,2.7019141874116728,0.13406863411084122,0.10265963646015656,0.006666776417672214,0.09243478088938409,0.0044079125489209095,0.07971811409338923,0.0022668836345173613,0.5600317376791824,0.04083829436935752,0.49946740522958116,0.02520839633091805,0.42024185717516854,0.01512339808641412,0.00021693377072188596,356.1622798588423,0.9507168188876487,4.968688881227755,0.0001875027940253327,13.177259358245239,-0.2782972115664254,0.9922876790811883,0.16691873704841118,232.47656791674953,8.648013608060758,14098.577378904743,3613.6849146908967
085_Heraclides_thoas_cinyras.png,Dataset_papilionidae,62520,0.011509264197769365,0.012705879706643566,0.010803140941410267,0.011823131029555844,0.011417143631926125,0.012705477532292076,0.012844343696092561,0.014607374024474092,0.008227866871075658,0.012141792151587179,0.006387076258808296,0.0077171176239587596,0.0066775479709256826,0.008561689846114056,0.008458550278675266,0.011623286830021241,0.006817121999890644,0.011123685292020805,0.004968563307702313,0.005927067808371645,0.005276313055037958,0.006655426506361524,0.006466445027276771,0.009474875542280617,0.005892558372674185,0.010601424447712449,0.004055358196767088,0.004817891607201332,0.004265272408698726,0.00542711011599247,0.005408784924619722,0.008754496252567138,0.03753632642741719,0.0031414558991583277,0.03339351254720764,0.0011282201644223552,0.02848106810870005,0.0003890252913811131,6.82081381164924,1.8131553040961597,10.07219692263072,1.4619365515875589,17.807347657170055,0.5638159683178068,0.9416471990525299,0.015498046049411521,0.9138492840631387,0.0125055176559602,0.8476901456378196,0.00496107018890785,1.3527864233325744,0.21490355502415795,1.6899973485564352,0.12260799325785049,2.3211898888331532,0.03161496908740334,0.19357365026252057,0.008097428694379483,0.18271272458794582,0.00309399755285952,0.1687594385730992,0.0011489130482341874,0.630083208611451,0.03363397480119147,0.5853656867075664,0.012498573516279938,0.527279026299794,0.007177033224481516,0.001639255674544139,427.17336672013886,0.9428782138544309,4.7118040188375305,0.00028230051251058386,11.946364097881077,-0.29410841207227245,0.9911366199843119,0.2661695003790783,164.45525554028922,7.9578568880063925,14528.293069900976,3738.8666091552777
086_Heraclides_thoas_nealces.png,Dataset_papilionidae,128370,0.01559290858438552,0.01969981297232457,0.014801174159689408,0.016877016177330402,0.015260644374193897,0.01782381835415365,0.01603212465163935,0.016321672447209803,0.00861057676585711,0.011677114982141192,0.008720432785012184,0.011616787065519978,0.008736652101464229,0.011967504899899848,0.009459468959225018,0.01200806234095582,0.006495888622786063,0.009044305553482611,0.006760978051165083,0.00883712275415827,0.006808105271771951,0.009082523821697618,0.007296194734960681,0.009534519532168996,0.005212377067042779,0.007527922158210856,0.00528532791033697,0.0065892476813114,0.005320103372010818,0.006716290457547449,0.0059239331734845056,0.007940595771001143,0.03569762157722171,0.003541043346141051,0.030921728871369944,0.0012497185308447288,0.02597637631337788,0.0004051575061038714,8.980409301967796,2.390532933081992,14.634688265527934,3.290881191623507,28.336791077881788,1.0442128597205624,0.9482606291609406,0.013733817117316967,0.9158286638667982,0.018838137873870325,0.8376314275013297,0.005806396662865033,1.4836150927263425,0.21166125139453004,1.8943005499305716,0.20224492443410227,2.6631749767128676,0.04301316854079073,0.1887051867490598,0.009379449409436157,0.17580981030100876,0.00355520369223219,0.16116700524282176,0.0012540870935268587,0.6168887497843408,0.030766422161617468,0.571812947596347,0.014759653730138827,0.5175881024929782,0.0019757697917179573,0.001026975060993983,565.5652354000584,0.9490656195630611,4.821937469636316,0.00024669195676288534,12.018302131778835,-0.2531112359881657,0.9834289471172932,0.2324901278352446,159.73541975842775,7.847192269888017,21637.021257013083,5550.646623103286
087_Heraclides_thoas_nealces.png,Dataset_papilionidae,78392,0.015490589134127125,0.016039789025331503,0.013730473491129826,0.01477848959564436,0.01684954564401271,0.01786288259071176,0.016225990660784218,0.015985859810386253,0.00946406780691597,0.011522938074229525,0.007997342284691802,0.009693672789344649,0.010130730209561654,0.011756057282175327,0.009629269866971856,0.011773725453673549,0.007008446121627656,0.008608196365899875,0.006226568127356474,0.007031533152564093,0.00745300272785642,0.008395144343088171,0.007299023404026778,0.009057092860389382,0.005462392131868366,0.007121412078941205,0.004853332468028775,0.0052361781274593575,0.00545489181964909,0.006135777370195264,0.005955732109549266,0.008446613192085915,0.014695318606732708,0.0018358321853561466,0.01212825784570424,0.0009152882797672419,0.009457545006012338,0.00040614266992709136,8.217687028463597,2.320470093403819,13.363626888549843,3.002429971834719,26.19890065360628,1.6789613106324541,0.9490680614907566,0.01434720731435039,0.917283254287036,0.018528294339980544,0.8383763109606782,0.010293653136042398,1.6046254480634405,0.2522940945018434,2.0653315514344235,0.2275791975875681,2.946313858453488,0.10529986852981271,0.12098386479972764,0.007630403977112526,0.11005138461746006,0.004117109360232543,0.09722744486732554,0.0020902082631900753,0.5579703608578327,0.03866305064553467,0.5001443635928088,0.02352140888469018,0.42458420670011315,0.012919529401402995,0.0002970275763795484,515.7675251159842,0.9500609517375668,5.047972296963066,0.00018364626574953987,12.882530993865755,-0.25600484961974246,0.987663765045063,0.15697920325325815,183.10316782191097,8.379252152919436,20135.74470701559,5162.878058032893
088_Heraclides_thoas_nealces.png,Dataset_papilionidae,109234,0.01387114986694246,0.018916535047417714,0.013266648321622065,0.01732320124102565,0.013694577945143203,0.01731956780237531,0.01369998093069314,0.01594701212178865,0.007951726917504698,0.013446194977246606,0.007286820594749783,0.011574403111068792,0.007599640382419718,0.011880137913119936,0.0072577800544523265,0.010573865228361262,0.005535632947067359,0.009053778244891012,0.005194041999483806,0.0077708678084339984,0.005408685028555218,0.007944287221226635,0.005238017883573856,0.007392158187580843,0.0042650293280619275,0.006786211288736099,0.003911929012055502,0.005426739873719175,0.003979364868175636,0.005457364742591733,0.004135087684059707,0.005758959965987303,0.04712993933527638,0.004304613471355145,0.0412880984270375,0.0018808360300371263,0.03465731344434437,0.0006636259296937348,6.907286081245653,1.9316371076366639,11.645839391096258,2.8580714075374933,23.70089250739607,0.9311897744720344,0.9564643265618161,0.012165410994465392,0.9266147583745331,0.018013998741959834,0.8506637985278164,0.005890590168485915,1.223748835470775,0.18404208843093792,1.596065998969393,0.18979679050190348,2.32862255792067,0.04338326597792174,0.21686895241397589,0.009889227176126846,0.2031416524215082,0.004644079940812216,0.1861562334575017,0.0017805025303242945,0.6752810722122056,0.0280835431488632,0.6310210099999551,0.016872337608683483,0.5709856348367977,0.004650569855118753,0.0015732582250078367,433.1746780998394,0.9572731341052967,4.467719760403846,0.0003360677230310761,11.585008799096496,-0.30026543502917064,0.9909655336870383,0.2898557291170256,174.55448684563396,7.771514065526092,19842.036635601762,5068.802828425401
089_Heraclides_thoas_nealces.png,Dataset_papilionidae,88940,0.00842001170113032,0.009104168525534802,0.016514252521031565,0.02023061375840882,0.011925338905129864,0.014184924310777844,0.01966662271471911,0.01784288481595249,0.007199560374626261,0.0077673371865833165,0.01214863687425118,0.01436801947092317,0.008894398016790858,0.009783461411075722,0.013477338437507641,0.013339659008611875,0.00626525424228107,0.006526257623550712,0.010028331160487331,0.011736315570883839,0.007621019784155271,0.007261923624266654,0.010536923722208278,0.009662452553406196,0.004867440555926214,0.005354160099840923,0.007234025220319904,0.008395557398926628,0.005852712449626067,0.005367089860203717,0.007896815236225686,0.00731273767889791,0.0119652752125936,0.001731304804151094,0.010079754833806187,0.000896680980121095,0.008195006170556234,0.0006492124271215431,8.741792437820564,2.5486593292456776,14.089867527014114,4.111589185308563,24.87522516494746,3.988840476830623,0.9208115682223366,0.0230858161072897,0.8723050759442001,0.037334988103658616,0.7741297660661564,0.03637457939820436,1.833820679566358,0.30374173235238183,2.3366364412290546,0.35896502151884646,3.1369584184528083,0.3205250086136808,0.1091148941268658,0.007695134324783999,0.1002933279456365,0.004582925200698415,0.09045499325580834,0.0035917079012498976,0.4971294401957664,0.046538157704097256,0.442389789753136,0.032346253921921815,0.3833052198846511,0.02565755495227027,0.0002234920633705246,549.0291369428179,0.922160279700726,5.294174048371155,0.00014237189881511047,13.269385960024572,-0.2117261888204815,0.9762621892084967,0.12388100514022969,192.7181434345975,8.368385516660823,13557.542579820429,3526.6429291908153
090_Heraclides_thoas_nealces.png,Dataset_papilionidae,66680,0.014517020440447316,0.015625252472898893,0.013734503162816733,0.014862707135182137,0.01287168256880038,0.0140373086820131,0.011837310209330983,0.013735946405124658,0.010102882709692266,0.012481899138068376,0.009217047724789693,0.011502682486559572,0.008692356679800395,0.01145763898485382,0.007407472799433844,0.00884422118114401,0.00801309760994633,0.00979521774143135,0.007202215120218909,0.00821728958598104,0.0073184672507380375,0.010018804092837855,0.005972884744084224,0.006679386233550545,0.0066736765158845685,0.008152569833298606,0.005570525035154761,0.005971455624002564,0.005950034507423017,0.008268764899252018,0.004854799123469507,0.0053739196951927,0.018314393545176007,0.0019345853020834533,0.015538526809111657,0.0008790705244633759,0.01256301571062328,0.00017411793705550453,8.265845990786184,2.1809672898357158,13.147554181521409,3.186523299825896,23.735467202532814,1.7683802518880107,0.9266669971902792,0.019299435771102835,0.8835697480764642,0.028111441693177867,0.7906688715453526,0.01555637360152422,1.6370026146716468,0.2330819084151217,2.088913086355217,0.2501258961310605,2.877399770593369,0.10762461403426417,0.13514189067255766,0.007145833095061683,0.12460360830615586,0.0035309497585981112,0.11208215688823879,0.0007783430500141232,0.567863190462389,0.0305951391713721,0.5194372844045483,0.01851820135674425,0.45897483460774946,0.0032212794477539646,0.000570590793454788,519.3434433847085,0.9278836120839349,5.054198998165724,0.00020926780927420447,12.733561521838606,-0.26401019925159236,0.9888506728900857,0.21106159139045036,280.8214493288883,8.319877935874535,13880.702590442634,3600.0115084568324
091_Heraclides_thoas_nealces.png,Dataset_papilionidae,95632,0.008922490442935447,0.010397600140876807,0.011655109010310425,0.012775358717548391,0.017533033346770324,0.01847599882114055,0.016823653907760684,0.015750957122048676,0.007478294767251827,0.008292402846025428,0.009108821633440239,0.010809710639405347,0.012079195952899933,0.012690349603233562,0.012467283498844227,0.012339303181698005,0.006587935022028909,0.006807163851075829,0.008068864190465532,0.0093927297969308,0.00925587497768556,0.008760320359463647,0.010258921818255391,0.009847034636089047,0.005172363016598533,0.005606671886529435,0.006243155870032678,0.007046996034167013,0.006643640673665115,0.006139037684159598,0.007773345420932655,0.007352738457960814,0.011698588899681629,0.0015510540373332527,0.009831807545313312,0.000887047731074874,0.008059035737955479,0.0005952868676791207,8.56004191542145,2.4263084907231383,13.724624331884677,3.898331331701391,24.279853216305696,3.619082124651109,0.9226812157780827,0.021929805250192936,0.8759724004686148,0.03532763300158152,0.7801282540229425,0.032983332449547466,1.8253173350588505,0.29073787172277454,2.3234568352090523,0.3405931121357849,3.112942631003812,0.2843296428095008,0.10792987181982072,0.007052068394357667,0.09905199827953677,0.004528706453719225,0.08971044433181838,0.0033274488340462845,0.49434177213068686,0.04228377303603709,0.438883332020908,0.030747227399676166,0.38085254124524137,0.02236257493962647,0.00021960826589429466,537.819925315071,0.9239985210597431,5.29432532389235,0.0001399422652300612,13.283038112409171,-0.20989383614027812,0.9758027338870296,0.12050850424561835,191.5869648047274,8.368775601142485,13616.061769752603,3538.4704237669175
092_Heraclides_torquatus_torquatus.png,Dataset_papilionidae,242010,0.008083755569254013,0.010174450200332018,0.008685701659133276,0.010623255892367003,0.009375298618028462,0.01115062759371989,0.008275269327343317,0.011198384591048693,0.007096150806850565,0.009090881476025407,0.007698448503311692,0.00915651450876263,0.008334415525967935,0.010488313491132486,0.007315851495500408,0.00926589386868055,0.00671212019999189,0.007848561484791728,0.00805064866888608,0.00852314103690223,0.008635236004380167,0.009533286095083852,0.007122238261743409,0.007690487902311899,0.005733057824333561,0.006703699881754132,0.0071540062615507586,0.0075240017786166215,0.0075404784048253405,0.008270249886080074,0.006274996634653761,0.006940921570717094,0.006781768177423212,0.0007025199737507461,0.005687542420641126,0.0003999376979599233,0.004899336905249573,9.174587609379657e-05,6.439542011066588,1.3181549444659018,9.51246869009069,1.787084417369817,14.105700773361203,0.7334680397616432,0.941500458207412,0.011994699630130648,0.9134829475642814,0.0163067114059942,0.8713886456490217,0.006634483128720389,1.5297557851037886,0.1680898863257743,1.8644710784197733,0.16943068850267085,2.243920073049253,0.05965040497285727,0.08224072205673923,0.004269872715828756,0.07536917161651838,0.0026514883520254136,0.06999220255743312,0.000654588732584624,0.5323412686248115,0.030656264052031274,0.48188157160710055,0.0201009573082166,0.43959234888238785,0.0046806482597582695,0.00011942812212805692,402.11724113794014,0.9428370742435475,5.056225992370218,0.00016264355638772107,13.66234758470154,-0.24768605017784556,0.9889472196096077,0.13366125187738864,255.1236166841325,8.765403004295855,13668.178367688517,3517.573902206621
093_Heraclides_torquatus_torquatus.png,Dataset_papilionidae,197765,0.006757368021367427,0.00886846140493569,0.008880834516804253,0.010558978247855233,0.006180753789982702,0.00774668410054992,0.008142958562897859,0.009704600014317676,0.00598872372324506,0.007280217489934717,0.007096954691405025,0.008282210916488978,0.0058681867484996165,0.006646559037122828,0.00679924940068414,0.008148495978270567,0.005688016604104858,0.006521562388993521,0.006919287696127878,0.008088032056548422,0.006193767871282992,0.006805118576803525,0.00614665459957285,0.006853431011888056,0.004795911265174669,0.00605290713590339,0.005939236158845934,0.007473883769362729,0.005536459197928216,0.006594043847596862,0.005132374151368067,0.00599340907085703,0.014999920655650971,0.0014997438088389132,0.012701431573830513,0.0008249399351453286,0.010653480290636117,0.00020059871978390318,4.885553868921366,1.0532633635717517,7.152183973545517,1.4008653599336938,10.752615711339772,0.9455416767415504,0.9454150073501322,0.01176318395920361,0.920133843424327,0.015621579523695606,0.8800701611192013,0.010580718298401943,1.2804656877788771,0.15356718383838525,1.5683608264563869,0.15017710751845373,1.9491950274286594,0.07944761087886748,0.12232072563596272,0.006128681386929936,0.11264117173914794,0.003660328272476947,0.10321115843499123,0.0009680212514469681,0.592731642476388,0.030719931506364616,0.5433466363889031,0.019456111206128057,0.491426960022623,0.0052425487925507825,0.00030657869464273987,302.96246347039903,0.9470081213036647,4.7926136178513055,0.0002109907316732341,12.932424964865033,-0.26368583192071426,0.98954332442236,0.18278254340760197,167.36454039987052,8.420645139966435,11131.02320056386,2858.496416008566
094_Mimoides_ariarathes_gayi.png,Dataset_papilionidae,111747,0.0054847487328381385,0.008988697045972268,0.003435605439174356,0.005034795913002751,0.0042410333256972235,0.006154799932479562,0.0036816176962362226,0.005009527221091242,0.004503877878627177,0.007560550389554726,0.003272177888925414,0.004724295038795736,0.0037747344794418153,0.0057543211017464565,0.003882629303266202,0.0058175963662607175,0.004056745833105623,0.007494931708707202,0.00319820269504824,0.005521067599032057,0.003453799204646229,0.006011315728216772,0.0038626407185308365,0.0064090508635920385,0.0036838982960071772,0.008066161808388884,0.0029286717171442943,0.0061770281152217004,0.0030649907710892025,0.006406213730527593,0.0035314853939330125,0.006865766035909685,0.08821774604612637,0.006744490849529399,0.07880235848635925,0.0027955306829413203,0.0683614101432984,0.001150455471006732,3.746900139019242,0.7077814071406296,4.872916860968994,0.6857138762723839,7.0447957181518905,0.7748273886191095,0.9431250435908494,0.010708207465456735,0.9261421885619601,0.010402683723633666,0.893629493347891,0.011816072904564028,0.7532688012003838,0.09726140914500501,0.8983608698467077,0.06231327429534333,1.125307477021566,0.0624898095491678,0.29679727462380145,0.011363266344240038,0.2806735005916848,0.004974389607659301,0.26145086580050664,0.0022033872705161123,0.7648977503874709,0.024996116287211517,0.7299634792178,0.011721595405875663,0.6842238128555207,0.009667481415835306,0.0035453601784619627,232.67125988597115,0.9446009836234155,3.806755601182216,0.000513260936901307,10.24449722243672,-0.32065077786751633,0.9890345511149229,0.3924258220255128,86.61264330096162,7.032822591313831,8166.2111339652,2099.7205984627935
095_Mimoides_ariarathes_gayi.png,Dataset_papilionidae,59204,0.00776045387985488,0.007805145147695636,0.009864896153390366,0.007848600558450464,0.005695717259415239,0.005618147605074752,0.00964827499052999,0.01010007154647576,0.007026082556623231,0.006845567819783256,0.007492992546146423,0.006624590305314789,0.005747905711745774,0.005152948232927571,0.007610758026057728,0.007135028339167263,0.006708640447952157,0.006870110401141761,0.006745537190419093,0.006401419577937799,0.006079610161344158,0.005837573684682541,0.007527353502570037,0.007342790605059118,0.0058761823579300855,0.0071026370033439815,0.0055813159485516815,0.006149903685130082,0.005364771942918651,0.00591367067488436,0.006885365902662653,0.00804588801385752,0.024289767438092212,0.0028460934982520655,0.02044134797525233,0.001370186962970214,0.016825498389386573,0.0009204967488906977,5.273872995328782,1.2209853018303527,7.277758385930159,1.0739003857313618,10.825196838907164,1.1964082363528452,0.8651109448503399,0.03122274674849506,0.813882207809344,0.027453058204781704,0.723376480810789,0.030568541799597695,1.393906889092733,0.1929652704805439,1.6818925857325926,0.12966606076410545,2.1009576409915374,0.12755940965158882,0.15558072570850362,0.00918723168901175,0.14289461610064344,0.004740956095774565,0.12966454655942866,0.0035501767455050127,0.5567073699657088,0.03842782763590506,0.5044778506749678,0.019447914067395333,0.44593618573431537,0.016335692996848696,0.00048072032603466527,327.2153581908492,0.8687975731618307,4.930088708549871,0.00018090444901402655,12.2648791901411,-0.19498965368136112,0.9616102425967543,0.15459778081264838,101.75444897162771,7.741827580266482,4660.703588632929,1246.9797367059446
096_Mimoides_euryleon_clusoculis.png,Dataset_papilionidae,101377,0.005250673687276226,0.008058396825430192,0.007345745873276023,0.008099640124528922,0.004507200959352858,0.005898645201640674,0.007837678317275274,0.010732456847356735,0.004267754140321075,0.00638842939259617,0.006056439456074781,0.008606814739126238,0.003521269700010346,0.0037899888122467714,0.005133015690519787,0.006143512079640969,0.0034106086978700264,0.004693937898977944,0.005648142752831487,0.009944185570117505,0.003209073616829653,0.003237259281579349,0.004296902089171586,0.004926663040501861,0.002703622631595943,0.003845302062331402,0.0044777971127144545,0.008940809342587425,0.002837130118341249,0.003443397463855017,0.003418291972888104,0.004253494503090395,0.030267033958958918,0.003552091700404329,0.025283090440839998,0.002149402897860136,0.02013167592994753,0.0009986951738811581,3.073674791103144,0.9562007321710755,4.650595921822157,1.2848694109001058,7.156098567135773,0.8484044218154118,0.912571806940516,0.027191646546819874,0.8677252568808166,0.03650950950665422,0.7962615896012697,0.024093515995037656,0.8981792117623807,0.13817818358380915,1.1297701703810596,0.1534356224557709,1.4630046877870706,0.09373788675533838,0.17367794851500146,0.010149096441527505,0.15886110894344857,0.006799890153360286,0.1418423534955056,0.0035245829261850853,0.6847056564083992,0.03447596150682287,0.6316242388659095,0.02718974489857925,0.5627878575780542,0.016024019660611094,0.0006480273548887369,186.92478157413495,0.916543600579468,4.246896575106003,0.00031602660513256495,11.593783547241271,-0.27504652988348854,0.9864880980478499,0.238406438034605,137.57493655856038,7.6760580459219385,4292.5396386339335,1119.8661050520177
097_Mimoides_euryleon_euryleon.png,Dataset_papilionidae,104545,0.005049579783606603,0.009083081983305773,0.00279576876242018,0.004151598793150781,0.004380679718471519,0.00851613128343431,0.003136340970990321,0.004553304827141092,0.003480194675130124,0.006480115627361443,0.002560237740556349,0.004422065565412657,0.0030899643743421876,0.005964459239401153,0.002902685279834732,0.004937635886428001,0.0029139237198257044,0.005684487942660572,0.0024401171630288746,0.004689305826986904,0.0025450972265873423,0.004974580941017852,0.00269342287227422,0.0049409712896460135,0.002657767265491424,0.005871409158074579,0.0020869847077180817,0.0044682317633558104,0.002132455485629973,0.004601005745535582,0.002457171167551718,0.005030169919403392,0.14208202174948448,0.008055981695906485,0.13139654625567967,0.003963090943689092,0.11683290548592311,0.0036282727700997454,2.182655809247125,0.5084528037277911,3.07558406196449,0.601359246057047,4.961683436133872,0.7573247857886666,0.9612389114162465,0.008996517071607799,0.9454669121523124,0.010628930299938059,0.9124187961867773,0.013369772973010677,0.5612846227114384,0.08219110770757149,0.6872153115036008,0.0628356483233151,0.8973964874559197,0.06230697051661324,0.37678644163140285,0.010677038551486377,0.3624447150362147,0.005511333595126136,0.3417676928606116,0.005267789162235948,0.8178593191200151,0.020333416178176165,0.7892244242566923,0.010762479103076946,0.7479193969320717,0.008674617979254394,0.00967149083227399,132.95617665511452,0.9630915164133869,3.3323849066379454,0.0007647761590860138,9.310949593389047,-0.3981328210522604,0.9945678234133202,0.49366168305826663,88.1019187026824,6.7305025576228985,7070.218269665544,1800.7936115801645
098_Mimoides_euryleon_euryleon.png,Dataset_papilionidae,87506,0.004136192905329553,0.005820236242619959,0.004726158383087766,0.008320680454122438,0.004408036961355638,0.007648379255545841,0.0039050058069271124,0.007086421551766271,0.003400765626585505,0.005292566465761635,0.003617363798570494,0.006789436845850881,0.0035865244885095603,0.0067819857207827025,0.0032803328865390153,0.006077482805792399,0.003087794286202681,0.005465388559590682,0.0030129260922528954,0.005864542730698842,0.0030608232976539846,0.005919871284327638,0.00284458815470914,0.005006034708270329,0.0027564924597768404,0.005631400720140188,0.0023701452856897676,0.004858471609709179,0.0024048680446808685,0.004889933353252058,0.002372582894965021,0.004363046784499335,0.12215340761651,0.007847989209172328,0.11069364421240645,0.0036132371991870207,0.09658725625733713,0.00039798804970859894,2.2521617011866613,0.4879075069287397,3.24253005742899,0.5261479648581474,4.981818937219957,0.2351404446075658,0.9328038167396586,0.014623324970058728,0.9028702466408571,0.0159452371098744,0.8495034276497141,0.006894955189706029,0.6160875509706565,0.0825030525862249,0.7593720170015701,0.06438437905126554,0.9684993442939689,0.022334980056223048,0.34932395483284956,0.011233084903414176,0.33266221710897914,0.005430793730653194,0.3107842437952682,0.000640363912494587,0.7944935164698098,0.021287236549288907,0.761187949711586,0.012526622696079213,0.716419320553743,0.003182118747531536,0.017602402184490263,136.54842603228036,0.9349175706089972,3.500591268015512,0.0007897913166913438,9.152687242224232,-0.35483638748612933,0.9895937616258537,0.4630410946414557,50.53815292323016,6.44197320446433,4060.555000870594,1049.2758567257188
099_Mimoides_euryleon_euryleon.png,Dataset_papilionidae,132940,0.006250574614917315,0.009627518860387367,0.0031336568542257915,0.0044063968662633336,0.0037918194400555806,0.00558409758904097,0.0031203426534308657,0.004294863960255716,0.0048405007450554,0.008190179029471292,0.0032813872876886834,0.005145830135550189,0.003458949007799207,0.005753219306250208,0.0033731621607992657,0.0053407096589361035,0.004061432388632164,0.0076418129037355625,0.003029350104539555,0.005655754265124834,0.003168523180228057,0.006240390009064398,0.0030241374495769565,0.005497340778958788,0.0035231283144879066,0.007639784434563169,0.00255727552434513,0.005573726528214264,0.002641859645247813,0.00592165511181461,0.002536101597232523,0.005314748289025736,0.1265050298781731,0.007764746257962479,0.11609195893176671,0.0040580221381588235,0.10279530182675654,0.0033890641175162747,2.8146424936255734,0.6930021344146107,3.8309474157068992,0.7395793832435127,5.448024214990858,0.8877735958975805,0.9013573110146303,0.02422471152995848,0.8656137756489791,0.02585734025094981,0.8087946428206831,0.030798700794713085,0.6643034941605495,0.10423549928948063,0.8089668555453158,0.08517634899743724,1.0249444689173919,0.08740577335270401,0.3555090792377411,0.010877704615711173,0.34066975412149225,0.0060064597367145995,0.3205741528868019,0.005245410152303371,0.7834081009949534,0.02535972133771945,0.7491318319120215,0.01538533172167545,0.7027318956458458,0.013047434925949215,0.01232526165035901,172.90360176036515,0.9046145962698073,3.627167975172929,0.0006185440527921921,9.48381605626621,-0.3464536123267437,0.9896139855128275,0.44708630249742676,61.24769297762009,6.630617940340077,3451.830769047748,906.1835927020285
100_Mimoides_euryleon_euryleon.png,Dataset_papilionidae,64432,0.00812209441827809,0.008860311506779834,0.008218870116495044,0.007161610108822316,0.007589149396138055,0.008924936959819812,0.010549508019715784,0.01636385982780383,0.005591063094258943,0.007493524370181809,0.004892708701393057,0.00527662328520322,0.00529238167788697,0.0075650344630904375,0.0059208942657311345,0.009232812495190678,0.0039941330541471455,0.005709284492800767,0.0032001907244344255,0.003880115550791361,0.0035627075565605286,0.005351959462428644,0.003880470060476825,0.005619287323214283,0.003006405971032435,0.004521804810339297,0.0022573925300120312,0.0030136900292906423,0.0024253801399457295,0.0036495802932077696,0.002870239890427047,0.004311755137564408,0.051221792180043385,0.005830963618511018,0.04229050032093897,0.0036337485584758186,0.032685762536759894,0.001505451919273244,2.9314230094459157,0.8192655398517478,4.7792458708094,1.1378152795393244,9.348892640376018,0.8758413753779934,0.9260964814384154,0.02061926877102972,0.8795642496115122,0.02871510100455847,0.7648908465379329,0.022370071961697772,0.8658503112019225,0.14043430313939204,1.125453665960217,0.12130872490651257,1.6097171313051235,0.04455523135956645,0.22594965031480294,0.012982592293593082,0.20545997073997016,0.008757896121191816,0.18074471231086073,0.004136605906306575,0.6941298784462617,0.03584254921712665,0.6350771479384487,0.025304205692542988,0.5500389550295693,0.012794362341462718,0.0010717535522853016,177.70726096628727,0.9296757215087853,4.1771845663113485,0.0003339386006451005,11.158247956007843,-0.26110637451542557,0.9806666919511825,0.23294396265748485,108.61055570122747,7.376909371969549,4875.476335251788,1263.295899054518
101_Mimoides_euryleon_euryleon.png,Dataset_papilionidae,69291,0.005769956749461403,0.007339119196699889,0.007896524302019876,0.006850932376974594,0.004350061356664,0.00488809628003995,0.00837514456024627,0.011180507228970429,0.005778383524442608,0.0061929713594031455,0.006305625470027227,0.005721483806511479,0.004852524724425251,0.004707752658934581,0.0064425433975398615,0.007231059991333049,0.006166777439441073,0.006248695576111563,0.006429589522965435,0.0066881044525464095,0.005370683452667168,0.004828410095120997,0.006247957531585767,0.005977312994757999,0.006023588533144682,0.007338539918394849,0.005944488093794953,0.007576317272775607,0.005070668775282187,0.00526612137360729,0.005694776020410794,0.006417534565577043,0.020131393995771633,0.002253972578048141,0.01714646707982383,0.0009794889811892275,0.014580995382434642,0.0006228235990862569,4.715314864300961,0.7983348973473148,6.040478130776401,0.8679128358439434,8.397589613129057,0.8530097817884164,0.8778659376416353,0.020775737623263235,0.8434406306117872,0.022393066828933737,0.78198030978718,0.021703919889311633,1.3062409889381235,0.14562058723129423,1.5236827617823336,0.10931410726062636,1.817295377107796,0.09890686737727311,0.1416598245526524,0.00799300340819246,0.13089182788864262,0.0037143602132515417,0.12072414342951385,0.002583907050342667,0.5682498400296836,0.03475625314014092,0.5206099760377709,0.017597038207216475,0.4710631249954129,0.01348675734343802,0.00037244371840358757,291.71982299512507,0.8815505456206942,4.840491013311471,0.00019242832968786064,12.28899334415025,-0.20151755270214913,0.9660130960086567,0.15077241965346358,126.99441905668769,7.768625374457907,4634.5524999302925,1231.5680807313536
102_Mimoides_euryleon_euryleon.png,Dataset_papilionidae,96431,0.004285298177325778,0.004125284340762148,0.005541833334566893,0.0044290582055264965,0.004293396535583176,0.004487961473543491,0.007049948718876178,0.007453864326573699,0.004694557426279887,0.004027617617538591,0.004900200654780458,0.0040347964686361475,0.00467342695488738,0.0037556193742253915,0.005366720116437989,0.004732388170906753,0.005200971119531572,0.004699931179552685,0.005116382708293429,0.004710399718721356,0.004730622538895002,0.003847006683624448,0.005277989024146771,0.004693740232271871,0.005839207808660846,0.006623056993246271,0.004738841799124286,0.004936126407931364,0.00431200278498221,0.004021941606138612,0.00462322555082613,0.00515712727409579,0.02052523336061021,0.0022444724479425988,0.017654845922383703,0.0009252557979421368,0.01494007166563592,0.00043386390499896665,3.272039635884557,0.5640317784927588,4.0761717525627015,0.4570341229666121,5.627422949529926,0.36876748470056386,0.8820123268803162,0.020310001279513948,0.853137222541669,0.016385250104436706,0.7975952676858034,0.013209824237311056,1.1764669268357932,0.1300526890457667,1.3497702267219185,0.08232197571580706,1.6143567475075793,0.05480427525264093,0.14305107561904007,0.007850039799000225,0.1328252271391913,0.00350784232911673,0.12221664962044827,0.0017782635317922441,0.5769170751062324,0.0340948928342975,0.5323088995391922,0.016451165604057873,0.4785783675473657,0.009104889204944063,0.0003680065790567401,199.22920421496514,0.8871072137205931,4.717442757794333,0.00020513345186712236,12.171602175606356,-0.1970885610040618,0.9626563349184835,0.15018805944685684,127.16467572077748,7.702070605338212,3330.154860848362,882.3460162658306
103_Mimoides_euryleon_pithonius.png,Dataset_papilionidae,104443,0.008526063394965136,0.011588716936307713,0.005531984683880306,0.006151003045157467,0.005370239303608653,0.005878172137475617,0.005202269990340455,0.006423415329698259,0.006614413710270274,0.008947899807627287,0.00493702956735878,0.005227588923984786,0.004809100907376717,0.004939006848310798,0.005774380891551851,0.008098941278976361,0.0055447813221216925,0.007342945179553639,0.0044809332376794025,0.005420266020000427,0.004457663294214337,0.005197113064056073,0.005370486225731106,0.0071021473578221535,0.004674180588703613,0.007079113211668144,0.0036981971557412535,0.005161327373259827,0.0036705956436856252,0.004969139875087644,0.004545910989981329,0.006502295470338259,0.06299680097108591,0.006439749787471568,0.05422627117045366,0.0025798327622894067,0.0468038249002129,0.0014488292347993438,3.799450980197438,0.8994359918121387,5.336629955084796,0.8618838929510177,8.331376935502716,1.0428163779235478,0.9350924278955729,0.015320633571124901,0.9089710878574572,0.014692637595420163,0.8584501393910422,0.017873627824940414,1.0080166512736715,0.1430802959709275,1.2239677562364375,0.08665968492895094,1.5418390470744678,0.0814985182975713,0.2506630357565236,0.012839138460569728,0.23279868220987812,0.00557177994879905,0.21631641229050258,0.003321847976382044,0.664163794327381,0.034055471085838215,0.6157395919216195,0.016066653782914227,0.5594323380330073,0.011698658434717533,0.0012884264412078611,233.18933705954467,0.9376067395566648,4.385856847359175,0.00029120478617412546,11.16635256354398,-0.21999165644191673,0.9655385859330656,0.21191426599410074,128.73912938166833,7.21327576488077,7240.342676629808,1868.3830034223379
104_Mimoides_euryleon_pithonius.png,Dataset_papilionidae,89869,0.005876799445808513,0.005917437377745603,0.008618370426943682,0.00810073312058184,0.0054198928521555015,0.005852206877641468,0.009597533509874462,0.010973738087189197,0.0060267850286595285,0.00515110502502011,0.006728036924540335,0.005644946485716304,0.0055265509601180535,0.004306307744660147,0.006951479360025466,0.006224951691184022,0.005826761394289255,0.005027259216027257,0.0061531024843232245,0.0051105611405302485,0.005490971641999729,0.004409515496770016,0.006605964558634714,0.005757518566896596,0.0050316855034248835,0.005478396553642703,0.00486222276250752,0.004480918111810589,0.004508173098612272,0.004030119504106789,0.0054936262573263405,0.005644502999491702,0.02035846273027076,0.0024635290051280186,0.017010763754865033,0.0011992880437841343,0.0142389898726737,0.0007035146174666666,3.560860095094981,0.8740796913332867,5.090184747899281,0.9377343410824738,7.95973695400584,0.9226229543314315,0.8934689676012196,0.026127970240630384,0.8476831741187262,0.02813864511184895,0.7617194308159307,0.027778442910911184,1.2194397997158615,0.16979680317574075,1.4856741995954932,0.1314717917952144,1.8585088908085998,0.10976426522291492,0.14241837531708515,0.008687295454433724,0.13034523591669506,0.004569817139245548,0.11929078427835085,0.0029493488992755725,0.5635947950792891,0.03965486146808338,0.5067659240724834,0.022503348317321575,0.44706662313302775,0.01544903772312805,0.00036149028721059055,218.00650886237904,0.8977408425531322,4.757168586865486,0.00018625120195153887,12.215691053281832,-0.19747076584023793,0.9626249047337508,0.13460156961389894,112.82385655742405,7.7358510368539655,4045.6450054600377,1065.9128785806024
105_Mimoides_euryleon_pithonius.png,Dataset_papilionidae,97217,0.006961832895217728,0.0075810232634006235,0.005716162269713904,0.0068224308135011145,0.005409266776579168,0.006596079845500623,0.005617326779151922,0.00619458942641717,0.006289966126659897,0.006675133774064849,0.005700480350934821,0.0060886039609926905,0.005594533471879926,0.00594022359319257,0.006127716007382997,0.006156710990703995,0.006191459153380857,0.006931789532012965,0.005853062571204697,0.0065945017918572395,0.005769111950514713,0.0064765384338924935,0.006669510012608299,0.007044922918626986,0.005906274582361238,0.008003022872680664,0.005306580408289182,0.0070815749767296115,0.005292600287887884,0.007157855182874207,0.006316374893811161,0.008277355334332033,0.03208980212285002,0.0036591270965516225,0.027582640372897527,0.0009103522938223427,0.024172782365611746,0.00038211831095004173,5.4045447671716556,0.8405987526218621,6.833571176379342,0.6660614792418253,9.201423189318602,0.5519593858049722,0.9190478949227328,0.012538713223150188,0.8977620586251842,0.009969872542711295,0.8627731697436033,0.008449075483853836,1.269932923306364,0.1395118669694021,1.4748784887824502,0.06765238786284743,1.7331374873387189,0.03845878660927752,0.1788454292453266,0.010203654291718918,0.16605760046248874,0.0027411131932095043,0.1554711479573997,0.0012265881216116656,0.6007254505348629,0.033950874991638756,0.5556328699772183,0.011303890767633799,0.5110996963026369,0.005786815132444004,0.0006174418376403467,336.1544411153742,0.9211592331412614,4.746713265187734,0.00022004969645033045,12.051882820296635,-0.21809938586763067,0.9719244570421935,0.17274672649608921,110.38414671738644,7.716520910230531,8190.397515362168,2131.637989119385
106_Mimoides_euryleon_pithonius.png,Dataset_papilionidae,81850,0.006908775499966248,0.00759817386171095,0.00756871982412007,0.005971745349562684,0.005834068658368307,0.005861551164656689,0.008989847137831408,0.010169908752594948,0.007080467644222049,0.007492683725433949,0.006615912428960897,0.005534169342784244,0.006169336129384946,0.005555727788016762,0.007044727643206379,0.006275347562130921,0.006624109576345847,0.0069435354725099615,0.006122468978220623,0.005303914494766682,0.006278503341526971,0.00598759651736828,0.0066823798558468496,0.006319776592952153,0.005627215391704183,0.006725111004425531,0.005087842860357463,0.004956371178752773,0.005206407036138818,0.005463953808205261,0.005954324182572026,0.006749733340310224,0.020700511927723108,0.002471000306768829,0.017315215588248316,0.0010620098892241694,0.014219286526864135,0.00045017276657026705,4.3181501051863,0.9530158583308728,6.040198832608721,0.8129109300162624,9.021224172578565,0.5755599318860991,0.8971694157284351,0.022646050339229028,0.8563354754234229,0.0192231715945566,0.7860733870453096,0.013689509795431105,1.3083190179372814,0.17194051986752978,1.5800152766545947,0.10716979856248107,1.9482921073530524,0.06773297778916784,0.1436188301844211,0.008610664560968982,0.13152578189289899,0.004022969762486635,0.11922966438874688,0.0018904117569766522,0.5644541235901519,0.036421955041423586,0.5122599974665758,0.018009324192684823,0.45671964171214086,0.010233931481086192,0.0004626894532442997,266.6342546737196,0.9004211284165073,4.8640082801117925,0.00018816717224503593,12.31238052894558,-0.22269930887256412,0.9753229898025834,0.16322389903186713,102.22766513248985,7.894281083604248,5087.976103870995,1338.6525896361795
107_Mimoides_ilus_ilus.png,Dataset_papilionidae,74037,0.005878555705303514,0.007605333488520596,0.007625820567141084,0.006314458854419218,0.006040534688651248,0.007770077587410321,0.010536325703749613,0.015032036601391647,0.005354076097862515,0.006058869746533213,0.0057436431416441535,0.00515601555035895,0.0052620857811643456,0.005885492152780976,0.006870779651924888,0.009228709309181333,0.004844681853746092,0.005664295864853297,0.00484892338911227,0.0048249739037099105,0.004723861486144034,0.005315757543887591,0.005434670605076428,0.006282810509843925,0.004013544532708806,0.005475152864166873,0.003829075453485679,0.00435437505516371,0.003738399469565318,0.004567314064489692,0.00444967676276803,0.005947152828371677,0.04555098175558244,0.004913370273792414,0.038522615103858696,0.003395592568974675,0.031000282802846207,0.0023144580478471817,3.5032406552766444,0.868678380555906,5.206036092583451,1.127761735967512,8.906103656911618,1.2698408437588753,0.921229072174084,0.019483754522571114,0.88311487848759,0.025284387208432773,0.800826008771328,0.028559284649603587,1.039606555358033,0.15204362864209806,1.2977889488914058,0.1343526762744955,1.7128428031242398,0.11287365685939298,0.2131121746895091,0.011583728013493562,0.1960825769778627,0.008616153989992003,0.17594649785364797,0.006566025881951542,0.6383016927744015,0.03709114743592317,0.5816328048018706,0.026950231546175867,0.5132526617879604,0.021165067013706174,0.0014050613035274907,215.98473416730792,0.9241570560995424,4.526313031618937,0.00024260706950082365,11.280485415303245,-0.21341196000510615,0.963072665967349,0.19965614919231067,63.860704033849814,7.2948928078203386,5478.674173526401,1423.6647269234272
108_Mimoides_pausanias_cleombrotus.png,Dataset_papilionidae,63093,0.00878463902272803,0.009396117047198482,0.004393108259297823,0.006111615559699055,0.005468198311674619,0.006882831106086225,0.004666510886343056,0.006274828437226823,0.0052575683045342405,0.006862015069760121,0.0030225714379569684,0.004744430930042722,0.003360028842619028,0.005073236257633783,0.0030159457517711075,0.004406621092279929,0.003539059918947098,0.004917959736724167,0.002209748530555745,0.003320664120714224,0.002329299632037183,0.0035579114226120135,0.0022462722492238812,0.00352067713859786,0.0025558694558360804,0.0036002172917476843,0.0016008032465909547,0.0024703773145489916,0.0016688121126197158,0.0026412792359021718,0.001741812379439724,0.0029824945362306354,0.09967249545488188,0.007647112942230254,0.0916145310011624,0.005631454619868238,0.08004639444383606,0.005924126437375194,1.6488942766842047,0.5122791981178173,2.7258747831778702,0.9140174793840716,5.567569453764394,1.2194325940070503,0.9798288634917397,0.006254538400923414,0.9667138737943601,0.011144303184077286,0.9323208843369706,0.014865584269482264,0.6265075454163829,0.1319917826734366,0.8190603461811803,0.15439427498779063,1.2059268552547795,0.18230135828247113,0.31548341424225607,0.011946162267898403,0.30253185703134533,0.009434324688500329,0.2827342219970319,0.010380469910804952,0.7654708153328988,0.03966178250428545,0.7220086916638051,0.033595447003113205,0.6552354969349454,0.03542089975885526,0.0071011798274924695,98.31203200418983,0.9812218352620551,3.7266175363114744,0.0006292332040428832,10.15376073329978,-0.3873422992543567,0.9955366110823247,0.4105797444711484,73.2536477775632,7.234254325575405,10370.055928845853,2617.0919902125115
109_Mimoides_pausanias_cleombrotus.png,Dataset_papilionidae,94610,0.00865583348230794,0.010609550992618165,0.007339788766737319,0.009895302933636406,0.0071764014009825525,0.00939298098919566,0.008651547039257846,0.015093481856212553,0.006223550485134908,0.008498924499782175,0.005795392041402365,0.00913539801662743,0.005674288603753969,0.008825300445242353,0.006443861849871701,0.011615458368508021,0.005067470608835844,0.007309788971060597,0.004824675368702194,0.007464323583948389,0.004841658531169531,0.007586454930042086,0.005413144803601957,0.008655244289590507,0.004363560689986955,0.007041882437237983,0.0038816094401426353,0.005913450098387799,0.003945901652688235,0.006302178648479618,0.004407950354378562,0.006870490537176828,0.05585091265538479,0.004837177417606852,0.04930569980158279,0.0021900032203578924,0.041789681973495106,0.0014206626715844103,5.311537966267988,1.2718873738318903,8.044706788729348,1.4789713234620676,13.731128349986957,0.30702114471000824,0.9585452992976687,0.009893527165549764,0.9373055486116888,0.011469737344120438,0.8934040100896874,0.002235694768895191,1.0646060356307139,0.14617652135311032,1.3231830889129317,0.11326818567485829,1.7500180423359066,0.028761531108025092,0.2361066393094335,0.010225826587120084,0.22199304935537365,0.004978537886309464,0.20439617675082325,0.003447448787340752,0.6844524415938507,0.029015309380218332,0.6414580886064354,0.015545288927968743,0.5866794555552778,0.009563828809861665,0.001784217483988981,331.1180846369275,0.9594565010968479,4.372707297096211,0.00033872474926302325,11.260334833275538,-0.29367036887641695,0.9887011274058558,0.29325153687616756,116.46070954124609,7.5592743938696945,15999.442284095938,4082.640092183215
110_Mimoides_pausanias_cleombrotus.png,Dataset_papilionidae,45417,0.009926783493944848,0.010841056000718748,0.012527019035922928,0.010421545094166085,0.009600855526215745,0.011339786319237214,0.014773525853847244,0.013607742779717255,0.0097301881024491,0.009163129112895884,0.01113948414525539,0.009239596071357326,0.008927675082748311,0.008159847076125316,0.011956086169828694,0.01008717732504432,0.009801465759244486,0.008550843148487383,0.011249456138999447,0.00991892414211971,0.008968896585346671,0.007097550176006304,0.01168746216950775,0.009648955900567763,0.009083554317613513,0.008625693114890743,0.009818358389211206,0.009183275119546128,0.007942719746769435,0.006150049426112769,0.010409076788717853,0.009573794245116942,0.00891719549004472,0.0009591555323651543,0.007729630856129785,0.0004648350881424461,0.00682679023672625,0.0002980772690036229,10.547718670016556,2.4343021658399637,14.648550909029831,2.383510871383639,21.4837612012242,1.4026552058634665,0.8466649470499623,0.03534713381326747,0.7870811651618275,0.034696573673936464,0.6879620654265635,0.020775170496119932,2.1764335497971854,0.27649725966781985,2.592445157200136,0.21498316128699363,3.1365013884477264,0.1334990429921861,0.09429465455052588,0.00507085922124728,0.08787834371653457,0.0026509548786044375,0.08260468983827787,0.001804287518153028,0.41721058120177906,0.03546529355729427,0.37080621193127977,0.0190721911597556,0.32784750194445805,0.012847808928487137,0.00026493855902280086,665.6237499783684,0.8499551269377992,5.58656388742961,9.760527268393972e-05,13.295138264647068,-0.17381110642699615,0.957719069301241,0.08893421052658132,231.98229527805427,8.20186910952209,8206.31317592863,2217.9842314767484
111_Mimoides_pausanias_cleombrotus.png,Dataset_papilionidae,152192,0.0054903841540567275,0.008104713520266735,0.004914046039758658,0.008681644408515566,0.004436640271170743,0.008566157988768924,0.004769562148926336,0.009831500254972347,0.00406364765251606,0.0068543632208537255,0.0038992351421539896,0.007592577995939381,0.00362771619191691,0.007334841911149852,0.0038086275260308822,0.0077400821986098964,0.0038824065952962764,0.0074089412378146625,0.0036267882381656015,0.007583978504825359,0.0035149657480079265,0.007310519845516618,0.0035603013264633877,0.007157940504190458,0.0037321079828561924,0.008084512669326348,0.0032523789617927867,0.0073651931491172,0.0031548380140653362,0.0070009292516883025,0.003286674163706479,0.0070369420193797695,0.14366184156815376,0.006251744247085835,0.13498381145959873,0.0038103962412256026,0.12295036008162993,0.0035097404836253476,4.0185013744439635,0.8010929757857451,5.522908635031585,0.7537241825303076,8.162640562709463,0.39499237091888617,0.9612038311953774,0.007738912568949458,0.946663694989776,0.0073014444208961,0.9211628372231452,0.003906622311957364,0.7229445210740167,0.08865785941768296,0.8685141191746694,0.06921952204181071,1.0918129848033407,0.04983324078459117,0.3789380689112083,0.008232951961363155,0.36736425482020685,0.005226446210656278,0.3506074478138117,0.004977712237085998,0.7996050212009632,0.018156768615149345,0.7733712089155423,0.011788449029638886,0.7369515765871788,0.010458821484088547,0.011118133031717771,250.85788711315666,0.9622144287610741,3.4801738159806734,0.0007714709124636652,9.536776710806516,-0.41744608704426556,0.9964373114608015,0.5065062671540157,102.31439813223042,6.923392830111899,13027.518033169606,3319.593980070691
112_Mimoides_pausanias_cleombrotus.png,Dataset_papilionidae,63782,0.005905540100743819,0.00821743321945976,0.007291980672896589,0.009124523170746517,0.005708665250492338,0.008512347436081974,0.008201167574966431,0.010354109615360969,0.005384296798075132,0.007928785203786832,0.005532965068688232,0.0074228579780490096,0.005069425203426394,0.006832734597205941,0.00553301591072039,0.0069639307438013835,0.0049253786135751085,0.007449382140649135,0.004973428985301934,0.007426977745358009,0.0046668426954058154,0.006631258029930529,0.005142507765592313,0.007617378268757556,0.004576214009118157,0.008124976313598826,0.004383911507219317,0.0075516052532607365,0.004120966581161014,0.006674937059753464,0.0050383195727159,0.009361254848646762,0.07401676674855417,0.007213615532077232,0.0639206160305019,0.004455338416455566,0.053035070139022894,0.003374989261012291,5.3242077535489996,1.0505573398230212,6.953415383265969,0.6942464620242155,10.055713963419329,0.6277945003800023,0.8674992906354686,0.026338627248683757,0.8261450874621704,0.017780074224885842,0.7460474302779757,0.015950538422224523,1.0690141375101365,0.13286274421895225,1.2761030420166828,0.08824951255929481,1.6076421326903383,0.07699982913146365,0.27173468696982045,0.0133051360747598,0.2526717161570458,0.008810214796200515,0.2301767177026155,0.007331355036645973,0.6786587907011965,0.030232970931662786,0.63342113232955,0.019583167621645536,0.5729239662207266,0.017861351794151603,0.001938077215365845,330.57364885784256,0.8708671933239618,4.37734111958112,0.0003258844053311218,10.92509096805592,-0.24179787008718495,0.9729650449917616,0.26397620608940553,102.79613002168885,7.163691218877487,4791.057249801986,1280.407724664958
113_Mimoides_pausanias_cleombrotus.png,Dataset_papilionidae,53110,0.00916546896309779,0.010853467071458872,0.011388253272993473,0.010974473747777791,0.00916197925127328,0.011591527389886577,0.013705718984277575,0.013242288459645177,0.007542846990846876,0.008585846335029197,0.008880898627137299,0.008567988217201786,0.0071793841192646715,0.007482041368727919,0.009912659544677902,0.010053311195063622,0.0071158110654087675,0.007555946324773956,0.007729472251862355,0.007300669795467101,0.006751227198396158,0.006131490699094027,0.008553049222136126,0.008540295139042331,0.0063586208012502265,0.007342187127492252,0.006412603012674134,0.006692198295663337,0.005890966133685341,0.0059100714415134216,0.007560815368443245,0.00861824007065739,0.015063954200664057,0.0017963018122400798,0.012678581122485011,0.0010089995708669295,0.010593524184301943,0.0006944142902456139,7.017034153192487,1.5902777382538245,10.036161187702652,1.6589780006188553,16.16190832965696,1.1392594297184242,0.8642956993983991,0.030747331359645705,0.8059259672793592,0.032074590382142505,0.6875301958504427,0.022159056714993058,1.6159270146890004,0.2129106322364611,1.9562523446999587,0.16919330698889068,2.484623997243247,0.13124318346136382,0.12251639879187129,0.0073270886261338495,0.11250969278004433,0.0044888921823818964,0.1028695515375735,0.003373358972960351,0.51540581837822,0.03821851561103421,0.4628403974449951,0.022759144047101873,0.40602566998562906,0.018666075976780494,0.0002874716621430381,438.1913025549708,0.8672586071408956,5.133208510843973,0.00015119797945818464,12.75350580492914,-0.20334718207045482,0.9701670105257478,0.12486472486042262,142.44274278329027,8.049713328229268,6163.922347774782,1650.5284125824378
114_Mimoides_pausanias_hermolaus.png,Dataset_papilionidae,86929,0.0036030407317957655,0.006223237662260454,0.004680304355980286,0.006428107800517698,0.0032433444549876452,0.005593513758491427,0.004168382548239901,0.005797564980925301,0.002552377287520042,0.005774142201101778,0.0024818110720457322,0.0039199233994898965,0.0020492370361697093,0.0037706511249192697,0.002108976231930089,0.0029874589511123847,0.001994910868324416,0.004707140712477126,0.0017207300035103092,0.0030301090312631752,0.0015384245195169525,0.0029110797282550995,0.0015207320878830976,0.002303797129966733,0.0016169896383802643,0.00373410049535789,0.001282187116718555,0.0025930604291037446,0.001168637730339151,0.0022892635786441826,0.0012298121310355917,0.00204759468445649,0.18431444284124976,0.010091730664067353,0.1698286903880559,0.006666977481768464,0.14824488805441927,0.0062778795368220565,0.9918141374331234,0.2691288772047039,1.5724882322216327,0.3373693950422155,3.0120665154984176,0.1606370209439158,0.9419000094572345,0.015767000366604576,0.9078947742953337,0.019740220687150933,0.823860628305978,0.009341587726970753,0.3892044776997779,0.06449884292525557,0.5063439372414028,0.0598353308436598,0.7266533097042781,0.0478193380974943,0.4291572378381644,0.011768944403256449,0.41202251975539994,0.008132256911029274,0.3849398598147679,0.00813586997229272,0.8485718018551253,0.02012372596717287,0.8167880035981657,0.016784825685802415,0.7659017200370052,0.01592350490568783,0.0114937523095928,56.96799134892272,0.9472347656965774,3.016168876575545,0.0009331783482031055,8.652445419420783,-0.3893842630011763,0.991383720588829,0.5230503358571029,44.2559839670574,6.297783521300605,2102.2903066202844,539.8145744923015
115_Mimoides_pausanias_hermolaus.png,Dataset_papilionidae,90310,0.007633383043091862,0.011739975535918618,0.009815768370669374,0.011791490828860614,0.006866298111283392,0.01119772919109986,0.010261383585171023,0.013237726213553173,0.0057193030347308165,0.009376979600223071,0.0061246118881835695,0.008926352684787794,0.0048911122310354325,0.007788542231643218,0.006626394149910451,0.009065647642396589,0.004599008739706396,0.007463610215176274,0.004710648243754563,0.007346747569001302,0.004055265472660326,0.006036668310455152,0.004972323925720505,0.00716064179137067,0.004031287376732701,0.007138530209288704,0.0037042583078316297,0.006242415293940496,0.003373893763276243,0.005343497040819857,0.004114072302759247,0.006846884805367091,0.04729261255896248,0.005094486144716792,0.04027955498773481,0.003543245792188364,0.03221040162148868,0.002725025750226317,4.842892240116467,1.209785789661627,7.329881957703028,1.48266082327229,13.071889573385779,1.360103439542095,0.931548608632417,0.017064027783195865,0.8964333398543505,0.02091586076445572,0.8155438190047295,0.019076201509302497,1.0305944502688207,0.1548930414594715,1.2976257479755984,0.14968568606472393,1.7811924870564213,0.1412855560934471,0.21714547214347957,0.01185143394479436,0.20050714576820372,0.008742967666823486,0.17931210811614162,0.007587457046587589,0.6838165564946979,0.03417172906152927,0.6347270260904931,0.02694999577790962,0.5662918774200931,0.02562048087989559,0.0012139147953496832,300.53023777833727,0.9334896246174113,4.334534974128911,0.00033594755136459473,11.358665897904913,-0.2785265840523359,0.9859707488056981,0.27033378167031097,101.09498105670924,7.571107671221417,8735.483979454026,2259.0035543080908
116_Mimoides_pausanias_pausanias.png,Dataset_papilionidae,83618,0.006092598576770353,0.007463253022409731,0.007330094098345841,0.010118552332615887,0.0064444895613019115,0.00912598770196518,0.0074377957502601184,0.009702997119720027,0.005346159813886915,0.006606122170669127,0.006105319794808995,0.009294027654558761,0.005987707553223876,0.008672899423429265,0.0066019488811463085,0.009959776832059487,0.005185549296279718,0.007058571511970519,0.005526666907133325,0.008165118590630616,0.0056332469805641825,0.008065051959765758,0.006443229447329092,0.009960337463500663,0.004586427960788207,0.00703342206917293,0.00457558132610006,0.006828848350832572,0.004617052559925975,0.006849170550062137,0.005591986701639652,0.009153417331437558,0.08408758090940835,0.005753634795870284,0.07606090670701011,0.0026800290563822665,0.06760092014734312,0.0019020430850636438,5.3331966915400395,1.2251082263760515,7.65049957168081,1.1643583516577414,11.644980258222077,0.4457947246262859,0.9576836462687927,0.009693824499734383,0.9393686732255592,0.009170381625639545,0.9080539584049506,0.003360155996252565,1.1115036188956318,0.14203134352421037,1.3464652271342006,0.09651975503193255,1.6645636293816863,0.02025040474999273,0.28980880766886896,0.009921487134340493,0.2757481082252236,0.004887485777010751,0.2599763145238534,0.003638136052644538,0.6704480784770466,0.026815656759638373,0.6310401007160384,0.012770544076091715,0.5875353648092719,0.004054395990111013,0.003168259490257246,332.919131464633,0.9586227408510548,4.462549142135517,0.0003146172114566398,11.072786612614196,-0.2718837728842197,0.9835413261299498,0.28549784078300094,97.56191663061202,7.3324964008025955,15756.279635660581,4022.2996917813034
117_Mimoides_pausanias_pausanias.png,Dataset_papilionidae,69827,0.007221918626565372,0.009694316418399195,0.007863716793258414,0.00877698705350966,0.006627491605191231,0.009331989266191078,0.012205491195060798,0.013556395687331406,0.005345519079037366,0.007411127459277227,0.005664062858314238,0.006750109648436575,0.005023133226178628,0.006917884415756666,0.007858418849472923,0.009637885746757285,0.004677453616632044,0.007057393679990441,0.004955408103037701,0.006667589893328992,0.004444863002090834,0.00602764017092304,0.006394989017447455,0.009184170892369285,0.0043523774037450705,0.007726838754140381,0.004263148105931743,0.006504280934472723,0.003899698518000126,0.0057629928248792575,0.005779949294027207,0.009874111402535506,0.03371274506909083,0.003979995796483097,0.028725908382758396,0.0021256046995073653,0.023316396439500692,0.0015519388867981832,5.346436688203232,1.2644957665237342,7.376677527398005,1.2409142643457136,11.754394126264023,1.3791042468175916,0.9277113892523424,0.017052595114987096,0.9004150586355916,0.016715254167061582,0.8419210786262594,0.018640842248283097,1.1524328117362888,0.17908853835964317,1.404766674942632,0.1490676705624908,1.8488761429266236,0.1558245902959981,0.1832883930008892,0.01086784524376484,0.16937167913332496,0.006256411936278099,0.1526123723994421,0.005085295479586546,0.6485567074719644,0.04026021215590196,0.5988754924586894,0.026622302306761582,0.529905134363702,0.02541927298921318,0.0008715807309866091,332.39307893952724,0.9295389746273075,4.542010723429327,0.00028091460631961035,11.8364556436001,-0.26835783865156754,0.9858267185058812,0.23759572191980466,121.88296139530375,7.79076245187915,9101.03033538696,2358.355853581624
118_Mimoides_pausanias_pausanias.png,Dataset_papilionidae,49172,0.007691287121374956,0.010749013238389213,0.009913372495341943,0.010582791715751395,0.005914922342032198,0.009297693434375726,0.01036405349638947,0.013479931302000626,0.006527908239930524,0.009997991711505713,0.0075123778470945505,0.00891670000821316,0.005198108080688006,0.007186599884634397,0.007575404853877997,0.009652363171680728,0.00591992895833729,0.009069155965395797,0.006601872211779887,0.00837518817969181,0.005121453218008996,0.006550876524251754,0.006681801802410675,0.008584256517449058,0.005315233695589031,0.008653900331679436,0.005491242314423456,0.0074428005446382116,0.004530267166300415,0.0058082364423129645,0.00589176644846023,0.008237106439774737,0.04137685709945923,0.003893260089985623,0.03618349512268915,0.0022692234554415685,0.030657644052784518,0.001701583787366055,6.340536921991026,1.6463121715947262,9.081371558685222,1.6296940782345346,14.412758275706027,1.3799923717683682,0.9419269298583894,0.015066345613962286,0.9168947355432759,0.01488764160332964,0.8685168331785036,0.012616779884065569,1.2745525054289104,0.18836648312254803,1.548283733724016,0.15223392798258784,1.9725894232898709,0.13200657770145066,0.20318506349116267,0.0096274126093895,0.19012765231334666,0.005913623973868906,0.17502585272772903,0.004857461241825048,0.6321376906051107,0.03342643554897618,0.5883667499189252,0.02125561390395425,0.5368737947846444,0.018017864459924433,0.0015127319271657186,397.4568538104396,0.9429849584436829,4.6813911551658,0.0002609184930363732,11.605160755315183,-0.26657108957780945,0.9847962147517647,0.24648428616043522,109.1015789491672,7.631149833860445,13543.912934579057,3485.342447097375
119_Mimoides_phaon_therodamas.png,Dataset_papilionidae,109995,0.01685578218378114,0.02154657434320937,0.010248910063754862,0.013359821955022715,0.010426383643456551,0.013192326204832728,0.008542278883462828,0.012566305395971526,0.011846785165251115,0.01499350209750472,0.008349777514743743,0.010116375764273808,0.008761877989539311,0.010723241005988933,0.007824955389023875,0.01063518261428128,0.009913823013183415,0.012816113928913481,0.0080586620699637,0.010005383805327095,0.008491555140757574,0.010805565558563705,0.007756588931357252,0.010380134443011975,0.008027340069995429,0.01087659524524762,0.006796743995432569,0.008768408298744713,0.007020023193816667,0.009190408787364044,0.006558736614213817,0.008825302619410088,0.028222348002947904,0.00286716881764405,0.024373470416352114,0.0012185411334185471,0.020786334288481464,0.0006865769122840238,10.391259629925369,2.6696516854617496,15.60712521956468,3.6880897018797723,25.552416991376788,3.9177794153597936,0.9318643925010505,0.017482492988576924,0.8977403675339072,0.02411448213150585,0.8329928907410776,0.02562189291199296,1.6666873348959066,0.23993235584594713,2.0486493335751046,0.2223904557248055,2.616960315989985,0.21212518530892843,0.1677787535309131,0.008522785141080406,0.15607033340513665,0.003939726787684518,0.1441551978876895,0.0023692214844866118,0.5895571137901072,0.031343595943383415,0.5468516136293456,0.01649620607960708,0.5002438909790711,0.012319358061891402,0.0007580640520419681,656.5576435564221,0.9329305992466959,5.003309045848463,0.00021847764620827256,12.28617668598966,-0.24308197349207458,0.9820670602525511,0.21392565576733125,135.24860969793593,7.975306649519972,18920.068024271164,4894.156416956898
120_Mimoides_phaon_therodamas.png,Dataset_papilionidae,99635,0.0039175424622110025,0.007180866107037374,0.0043696438320672305,0.006040703839956821,0.004029588166515925,0.005892086533729146,0.005915754565091401,0.006792294189953209,0.003872671095135489,0.005579543664191963,0.0034845313023053517,0.004237800824885451,0.00355040050548924,0.004342339089942122,0.004436380595123085,0.005154903350752379,0.003700427248739066,0.005259643906186807,0.0032120182388691207,0.0040964381309863,0.0033372530272699394,0.0043884326638069905,0.004099633076919193,0.005325637508990172,0.0032985411933474716,0.005461921044347716,0.0027281075955321774,0.003948314554720957,0.00280102266452137,0.004149677831569233,0.0036908080500165676,0.006040954409742793,0.09225138641451554,0.008258162852436276,0.0819489312262946,0.004215401987598659,0.07021551022352022,0.003183689866749828,2.2273630265836637,0.4769928837820379,2.993681167019011,0.2996029474847523,4.447086997741202,0.10014297584355215,0.8388015743180584,0.034620066748828386,0.7832415972766349,0.021679100092865004,0.6779108379700614,0.0073251233246537486,0.7423443951400606,0.10490292328255744,0.8913997646709703,0.0574491231676178,1.1070039510118481,0.05355087476816155,0.3034297983239065,0.013481242658930713,0.28616979166026,0.007468705873039834,0.2649148813484191,0.005967902786846139,0.7285252144815473,0.03017877071497839,0.6873219398300252,0.016664049337547556,0.6364235453558383,0.015382368491707824,0.004598623821249005,133.70541465991897,0.8459985415089273,3.9907099748499055,0.00040549438662513014,10.158633736105747,-0.2531031535040324,0.9707047705760086,0.33239595125291566,53.9251667352989,6.755322272012619,1602.9555984433832,434.16525327582565
121_Mimoides_xeniades_halex.png,Dataset_papilionidae,104443,0.006536499208896036,0.008740971895073666,0.005459003410539018,0.007332433675025754,0.005884548669253479,0.008417523157508577,0.0055271153443708304,0.005957113202992351,0.004385800251931222,0.005805504098756598,0.004008486797474909,0.0051216191294473565,0.004112755276409997,0.005849335910272494,0.004549194285526974,0.005484188421072964,0.0034900376420962877,0.0047546081308652,0.0032186530231974307,0.004133551471100898,0.003218141891056684,0.004334625147294008,0.003956622062007191,0.0054210556645100764,0.002946265666560776,0.004559067789980533,0.0025357734093905313,0.0036828736041888913,0.0025267719688185997,0.003709077767850067,0.003260610511146826,0.005290133996410898,0.052268207172260946,0.005045522435692699,0.04549163005552301,0.0020241132746159638,0.037373630842510525,0.0008416298560404239,2.340756147106513,0.5712075986957555,3.554391068048309,0.7196557930603639,6.442990221419547,0.597614795267342,0.9657508391300826,0.008341644062160775,0.9480738990358668,0.010462133004290365,0.9062302840688164,0.0087144436412222,0.7428432338028212,0.11043755445109145,0.9357220929183929,0.08296182715073905,1.275074387422447,0.021409295650928264,0.22835694641116674,0.011014181677658516,0.21323432255762204,0.004770087935772787,0.19331049901103745,0.002163750127489813,0.7304118708895976,0.031150698784570278,0.6835921527804912,0.016195196323813044,0.6188554798410135,0.004029905690064397,0.002118753290838442,140.98188683536483,0.9676310066703777,3.9865641771577853,0.0003960138894533185,10.962494150671903,-0.3261309072921055,0.9923021376331532,0.31730152029476466,113.82592456655895,7.513266931383548,8568.756395011374,2177.4345704616853
122_Mimoides_xeniades_halex.png,Dataset_papilionidae,107011,0.005437504187204039,0.006679077115297384,0.007832423703772927,0.007860853101806897,0.004564542290382045,0.005775958114848105,0.007542541053945579,0.006787337127094899,0.0044165618727384824,0.004960666061027994,0.005179949051091192,0.005663924576964552,0.0038960800567372817,0.004652233871502751,0.004906262500536111,0.00496278389507874,0.0036420147566369105,0.00442696558561217,0.0037897706988326454,0.004637884910006568,0.0031628952680441027,0.0037223449316953028,0.003755975521922041,0.00415645964744801,0.0030395544139346646,0.004203386313767964,0.002830943104467216,0.0038833711570465074,0.002506216468805972,0.003098700660514021,0.002992082901214132,0.003590705597384223,0.021401504189193996,0.0028281192847629455,0.017463286583703344,0.0019398247685930357,0.013377724890335448,0.001186615806296195,1.7404485365607427,0.43758508533583335,2.6537806642352546,0.5280464253848395,4.633711740743631,0.3898598769125062,0.9815266467847413,0.004656870955600402,0.971798751138303,0.005639547306828928,0.9506166435286798,0.004281525351718245,0.7622664885020636,0.12399402901944412,0.9752963106270027,0.11950197365417879,1.338179927612117,0.10583500816429994,0.1459641049217581,0.009797155892604019,0.13194924930373103,0.007258249918898099,0.11554844901705619,0.005126482233287835,0.6942840106205853,0.03923510767649364,0.6346539255384845,0.03230202077708385,0.5525683359592858,0.026548240316654606,0.00042136407599300375,101.62082348450285,0.9831186060549929,4.098411302010671,0.00031940622649293405,11.950402588471402,-0.32653249132468287,0.9947556107182622,0.2263628856102106,224.63833472029887,8.12058648473036,11939.546449643694,3010.2918182820495
123_Mimoides_xynias_trapeza.png,Dataset_papilionidae,116169,0.004048265208574932,0.006982871957144537,0.004170521144950068,0.007478796749443357,0.00403371083524414,0.0069513158916205,0.004178502544120522,0.009426530759361744,0.003147782111460287,0.0061816216584958915,0.0027375714656513576,0.005442361734876013,0.002821872804951023,0.005640392568413677,0.0028141891113084433,0.005677872964973908,0.0028649588610845044,0.006108936094437066,0.002272234545304419,0.004721766835932672,0.0024429570457706645,0.0050427551322121695,0.002416961669851975,0.004680411717959855,0.002605268251643838,0.006150033301754685,0.0019016810405029182,0.004171477933332789,0.002014463920180186,0.004388749812058672,0.0021257234816151626,0.0044590028564258696,0.16668255948309096,0.006600732629768666,0.15707290996902334,0.003189770546372215,0.14233594361766308,0.001587584960974646,2.0150293084766373,0.49338416272523244,2.950058689898605,0.4621422608400945,5.049229653358733,0.07736287905336385,0.96169006889677,0.009362212936893436,0.9439153873216728,0.008795824673645453,0.9041439401193201,0.001493804021781765,0.5174487837399039,0.07397052517588328,0.6434900670828032,0.05581705131702084,0.8658223539150768,0.01560321156333096,0.4081877212905706,0.008083543202237014,0.39630375866820416,0.004029991870609204,0.37726852834908553,0.0020978882187481585,0.8317013459806731,0.016277002072353445,0.805333564544747,0.010193139676052405,0.7657343385614795,0.0007156124379653514,0.015087132651578593,123.42279048997513,0.9632857415951676,3.152576892382453,0.0009035278894073439,8.92828782680867,-0.44282548428812313,0.9965908083798113,0.5504662083235499,70.29319565140435,6.612965057829802,6599.180877307979,1680.6509169494886
124_Mimoides_xynias_trapeza.png,Dataset_papilionidae,95353,0.0039010735764425353,0.006877619052495669,0.004766964783963301,0.009813886415422407,0.004277447775492786,0.007549094884299972,0.004141678247024569,0.007516334474446145,0.0025830462842767123,0.0055452224885152125,0.002555765759662047,0.004955612980790297,0.0026349326285031614,0.0051898612078180055,0.0024911118065002544,0.004585687509463813,0.001899884365579074,0.003935677397632669,0.0017168087971671814,0.003361758002149689,0.0018415564430338178,0.003781638780299796,0.0017809185161625084,0.003286674270356485,0.0015777894323122626,0.0032511827014040594,0.001296757110756312,0.002744897855690459,0.0013553005304523858,0.0030061995498547704,0.0014656001267756844,0.0028244324186885057,0.13703652806437577,0.007606148173309418,0.1253310744369927,0.004217856021580565,0.1082817195219471,0.001194410605365308,1.2403251027820554,0.32439113960715055,2.0377292323808187,0.47767749924572767,4.042831768884592,0.2560724260988838,0.9390088226549904,0.015954562643670258,0.8997248163800181,0.023585017900062934,0.801196194692547,0.012922129456184359,0.4111367706080731,0.06416132543464827,0.53647926570575,0.06138998254729962,0.7710053094238118,0.016147486919626163,0.37004185807755696,0.01027381793127342,0.35397106228736314,0.005963346388427117,0.3290568867312358,0.0018124063268940684,0.8466843492070546,0.0191757211666333,0.8134202305001071,0.01415780778240556,0.7598923588318148,0.004293255128347322,0.007430160909199068,72.46358964186132,0.944047191402398,3.0715451997560446,0.0007746285900435433,9.14362989045288,-0.40648453644268556,0.9947677026689614,0.48968706061980527,55.003882755371514,6.6860743545537265,2517.765912784121,647.5573756064961
125_Mimoides_xynias_trapeza.png,Dataset_papilionidae,94751,0.0045120857773983105,0.006721575586103282,0.00470592070739096,0.004996790598121803,0.0037489662041767786,0.005900406896294505,0.00501984569464068,0.006465492902943177,0.003548783596479145,0.0056844792090828215,0.0032022171220595854,0.0037833139886563447,0.0030582807237038417,0.004273592829845663,0.0032003296124942025,0.0038490527698508623,0.002715148538492344,0.004426048719757804,0.0024152428051013326,0.003256395439597362,0.002345622421871756,0.0033974869518125176,0.0024392946075280464,0.003211878305348204,0.002146061929307837,0.0038687544797056366,0.001785190985083503,0.0027941425751876504,0.0017131315158246158,0.00271365004990816,0.0019097635570987054,0.0028197009337039666,0.09392407274761717,0.00871638692876569,0.08122405444385544,0.00496469400377869,0.06622206894093821,0.0028570528464411838,1.2787082809358252,0.31354077745660164,1.9607667456457345,0.3738154109574244,3.508619058951531,0.04983114565834477,0.9114418955989507,0.021732369685732066,0.8642316294222732,0.02584655811223672,0.7574912949406027,0.003618640440112744,0.5435855091093673,0.08625926582135107,0.6956673084456181,0.07054352219967666,0.9590070257866568,0.03936977959256646,0.3061361025305734,0.014309419100978204,0.2848669965344355,0.0086515160119699,0.25727630715521566,0.005565134096618899,0.780296279819234,0.02973868672542774,0.7335416990387523,0.020944674558384335,0.6648555392069279,0.016185187093622645,0.0026468966958233895,72.94583170400117,0.9201168227489289,3.593742896729774,0.0004870222989038192,9.943822145593138,-0.28208709751745337,0.9786462439663772,0.3346982834695049,51.887608079579884,6.746017063543885,1753.473510192926,456.60483547423166
126_Mimoides_xynias_trapeza.png,Dataset_papilionidae,74212,0.005890299309647793,0.009557152464460983,0.007807594359454216,0.008732292778791225,0.005477213266328494,0.008867971075127953,0.008199991483552625,0.010559643204066155,0.004846835286509046,0.006470679790080282,0.005994501138335194,0.006822715385292618,0.004665035407419053,0.005682052590052877,0.006185185268108841,0.007103414896152194,0.004526361320957581,0.006017468184889478,0.00558676039164674,0.00659815453332332,0.004601089831395137,0.005238591050183547,0.0059473033187855745,0.006730027126127439,0.003875254945258997,0.005965001932316869,0.0047862672069095375,0.006262853471321841,0.004217153952838479,0.005310317761428292,0.005375194749850204,0.007074079071440496,0.029882543749315007,0.0037347978002545677,0.025213141893047235,0.0019247078252771824,0.02090626862843626,0.0013199609085132057,4.125834672099773,0.9201349503473636,5.743148023312622,0.8901714400235358,8.76639589388645,0.3517395519341573,0.838628011649827,0.03595147231120884,0.7753769320460945,0.034917774054155436,0.6574432443075666,0.014027929008538222,1.1014839179409477,0.15671150983229035,1.3283553877083554,0.11725589747805046,1.6530537081794705,0.08440727027580719,0.1725228348945133,0.010881874345695501,0.15867391235281864,0.005977577410395103,0.14451786521666413,0.004566756141328794,0.6326823727340823,0.03949038233982613,0.5820000694723727,0.02447197930782194,0.5212743680092636,0.021819511631185475,0.0005924232543562743,253.61045653104935,0.8440116688249321,4.548403384472424,0.0002557781939526295,11.721765368324501,-0.2108486447380843,0.9652186997221027,0.1935860586371577,105.09279882228194,7.478800619976947,2997.9347525214143,812.8863022631153
127_Neographium_agesilaus_autosilaus.png,Dataset_papilionidae,60131,0.02281218291106175,0.023544216291379868,0.018437341752586656,0.020438385780224506,0.016696572864894357,0.0186328856546788,0.013642870530415399,0.016830432088215153,0.013603114490785908,0.017807020238535486,0.011123786875723725,0.013762098209847548,0.010312246587697945,0.01281305999143146,0.009256012458610335,0.011963234045988001,0.01026932333928921,0.013824205225688843,0.009101445702009818,0.01096088114801556,0.008432014904783219,0.010228649243443393,0.008181991683825697,0.010338824664739364,0.009455893527250977,0.012910172294291969,0.007925190756438882,0.009622362088552558,0.007509999898853441,0.0090458472610909,0.007515399347507337,0.01014283913898691,0.026033629605227135,0.0026830252173573876,0.022780485334983135,0.0014161918373388693,0.019010449310663122,0.0011531390289484394,14.51330559365418,3.9381731718176414,22.261850181774626,5.657397680656871,41.117835613620905,6.474143353949846,0.9404736182082108,0.016152388408551672,0.9086385706728858,0.023179666605757678,0.8309948959222166,0.02640939357724494,1.952193678648376,0.2878384870757663,2.446321126568531,0.3103965439496372,3.4102925250936136,0.31838559579380676,0.16113910633347908,0.00823516941385281,0.1508563175564057,0.004780877357140033,0.13781550663665468,0.004163585131268335,0.5663566673115351,0.029257261541777674,0.5237621472319702,0.01701286009215757,0.4693080128431678,0.012659026776624022,0.0010852047137866014,923.4633184111516,0.9408222557186403,5.185091983951484,0.00020417366501176656,12.604007297761104,-0.28590928162267737,0.9920083718405028,0.2188632359909221,331.8668085415841,8.349039595775777,30285.963756281562,7802.356768673177
128_Neographium_agesilaus_autosilaus.png,Dataset_papilionidae,65756,0.011069541091348327,0.014012589441736093,0.011262244800532221,0.013739044838824828,0.01569042669281516,0.01762601346901898,0.02360549263723756,0.02945149589595921,0.006620065040433419,0.00845813543342374,0.007680742255101313,0.010052901810278368,0.008474518066867706,0.010766268118309308,0.013865928444102393,0.0192567331079927,0.005203516190870163,0.0065127791781431025,0.006228208280548424,0.00802623256487364,0.006196908740524755,0.007557167530980014,0.009918916241552875,0.013652920191037888,0.0045017249900615374,0.005791402696412943,0.0051608952847086555,0.006556142436708495,0.005023778687950678,0.005907965126983552,0.00821622551493949,0.011728248884594977,0.025301160250638367,0.0034648423153455627,0.021978378207802865,0.002136967566055618,0.01788921014510355,0.0019833630239832842,9.702174661785023,3.371164211073352,15.537955133658121,5.566820696343993,30.66868737250323,7.112045958905095,0.9438736774635391,0.019518011728108034,0.909927209152165,0.03229046923507471,0.8212365580431708,0.04138083825800407,1.5727450347506458,0.3132141074080473,2.0204559122147288,0.3376258287449285,2.9357828781005977,0.3842534205395746,0.15871149617957594,0.01057455583364247,0.1480669214994891,0.007386810236292406,0.13354834581419675,0.0073518348318815695,0.6068326443961107,0.039312661675134954,0.5592694386837465,0.023646485143996383,0.4930635931434011,0.02225859157991147,0.0008521312964130578,612.6409061332681,0.9446089629744775,4.888332732824745,0.00024530667088279093,12.560657443858023,-0.31084913717379214,0.9943999814599044,0.238201120440807,325.1156032434013,8.417159237919005,21510.2284024689,5530.717327150543
129_Neographium_agesilaus_eimeri.png,Dataset_papilionidae,37775,0.006678066435929177,0.009140058534951303,0.008210769225518633,0.008103597650591838,0.0062114613456831225,0.008360977553483364,0.012202709121703539,0.013618011391272425,0.005099196005679646,0.0066479987137193376,0.005292633532128577,0.0062491517462913765,0.004916544553453214,0.007566731347655282,0.005958262197780333,0.007528260095616897,0.004533728214314518,0.00603274686726602,0.004477093599492379,0.005399615255998524,0.004361876369426101,0.005998985123247527,0.004631401092441855,0.005368093797399969,0.003804164347955671,0.005113706279242551,0.0036702740140500626,0.004388462665390664,0.0035792620485096726,0.004696956476211774,0.004032363690063009,0.0044099845125081145,0.029289302513839235,0.0029038213650612707,0.025079129874120667,0.00183408059033796,0.02003364948649218,0.0012205890340206596,3.4333928399076297,0.9646378443623034,5.553406389764284,1.8226276684888356,10.95531259340544,2.920406852694088,0.9740985000576139,0.007269137545081132,0.9580976537447979,0.013636559240368861,0.9173029940111247,0.02171681738217647,0.964451726882287,0.15730731774891485,1.2342512694979852,0.18504879296498392,1.7558078555685666,0.23958890076307987,0.170926132029461,0.008576707018809845,0.15826082866825927,0.00571314128624088,0.14147519861204655,0.00429158061489637,0.683193288541778,0.03296563573674279,0.6350729189544716,0.02193426604120868,0.5665314819445408,0.02042639840748221,0.0008060675311078664,210.98955612712493,0.9750999360131858,4.307363230510392,0.0003590792643226183,11.813159136693862,-0.35903662399331654,0.9969101374723233,0.27487256346254846,283.98040428559864,8.168712136438138,16733.351371535282,4236.0852319156
130_Neographium_dioxippus_dioxippus.png,Dataset_papilionidae,67757,0.008534623822501052,0.011142079513714159,0.00901841716659584,0.00880371329689021,0.010877334401372802,0.013339461839201924,0.009959978841881812,0.012694733668293242,0.0069286862720448926,0.008568097269256537,0.007786683681082802,0.007338214395925911,0.00711156294157325,0.00776073442377194,0.007735115787502215,0.009089654127078952,0.007006382742342818,0.008809993240793491,0.00760178249310698,0.007910487936961403,0.0070516895277935344,0.007350363010937618,0.008029588844810894,0.00889485215655886,0.00693902158570632,0.009942792061925169,0.007108658578012968,0.008605837934338268,0.0069446261100506645,0.008545511535385639,0.008418811452965577,0.01127436920687214,0.017550449546007842,0.0016114139392353006,0.015154532453494365,0.0008137238406605614,0.012677484399161951,0.00016073050500808574,8.793295942446667,1.384775439130132,11.20629750322671,1.1335024421680417,16.743382135437518,1.0123459696386539,0.9512635798287431,0.007675794657362178,0.9379033410315687,0.006273575618298936,0.9072721560939743,0.00564231471696338,1.6146553456465207,0.16238391268960525,1.883948729283037,0.11448725900134339,2.3396770181270603,0.053886115338921174,0.13233870447505636,0.006075923293750393,0.12305931934909606,0.003307019024977648,0.11259207546571445,0.0007134013490384442,0.5567311098382478,0.028926605938711478,0.5120353494078781,0.0174635365935003,0.4610210974411603,0.005122067982681321,0.0004433636047768593,554.3193358323069,0.9520262156602778,5.0815121520549,0.0001764848982149644,12.812477159185555,-0.25542700550683606,0.9877681711406001,0.15885639331700419,161.396771222221,8.321940238787661,22555.050916388835,5777.342563055287
131_Neographium_leucaspis_lamidis.png,Dataset_papilionidae,81683,0.00696794176021101,0.008227269430500254,0.007448016525055751,0.008086011252536435,0.007112174825711998,0.007826205008175595,0.007787110946565564,0.009261707602223944,0.004823615853656308,0.005952880954014168,0.004728468005685457,0.0055628743688107465,0.004539766552823991,0.005288683635731923,0.005193516437656622,0.00732391274923133,0.00391550573161023,0.0048475189475716595,0.0036563447981645784,0.004455286956343971,0.0035147301618425066,0.004249242455127835,0.004129680857003524,0.005585879845249487,0.00332053353440254,0.004547135130080108,0.0028429964332825613,0.003785800201028071,0.0027578838947057063,0.0035297799768034374,0.0034482426025429507,0.005029877350892197,0.02172986489500559,0.002434021089602296,0.01807349791682609,0.0012625947635870615,0.014161423778135816,0.00019500823282697869,2.4330138262479166,0.6160310409025028,3.7822307025169417,0.7383382709200774,7.171072137184026,0.17523626555220015,0.986885095470794,0.0033139217301944514,0.9796414406523003,0.003955203036127691,0.9615237377299101,0.0008997066121479113,0.8272558310491761,0.12563979284497775,1.0567131982412423,0.10420220386114053,1.4777433610715627,0.01238141136457682,0.14717864092170221,0.008265140739650796,0.13435545262676324,0.004702155493353551,0.11899895190617525,0.0008205018998178747,0.6979725224473041,0.03329563101580463,0.6439647322067756,0.020873633122376133,0.5680024132855097,0.0018018840037160582,0.0005055383082388544,146.19163356545388,0.9876784842127045,4.15996132970984,0.0003363385766313465,12.051968753986984,-0.36256220741959055,0.9973854125485695,0.25306306231389897,188.71894828021397,8.342094635503386,23579.844036235936,5931.508917450349
132_Neographium_leucaspis_lamidis.png,Dataset_papilionidae,70930,0.007740770516117133,0.008615168005445397,0.008907297199291099,0.00809597019774082,0.009524949008952528,0.009697200385768753,0.00783747029632514,0.008359639507716272,0.0052811426795681005,0.006111697184617211,0.006531252411097991,0.007048165734209543,0.0055399399588331845,0.006306436089325131,0.005557327200274635,0.006363995055243399,0.004133641133129711,0.0049363220734841545,0.004823288165307577,0.0055051645387523464,0.0044454368128370335,0.0052252036113744245,0.004464745658782903,0.0054055202837352025,0.003370912554085787,0.004517728736933138,0.0035208246826619713,0.0042456442752962795,0.0034604403022609888,0.004479447948289565,0.003604207761981216,0.004811757535786586,0.026695394750244496,0.0024694598107018457,0.02262803960616493,0.0018600109703709419,0.017868498295794077,0.000892921446106579,3.2376058754747703,0.7886855025847653,5.137872549054513,1.1321414351986314,9.594472667393322,0.6084500082954613,0.9819330110118396,0.004385186209601672,0.9713963802514824,0.006264008245968904,0.9468498524247897,0.0033084480446995998,1.0162668982929965,0.14118253484999285,1.311913183282702,0.15535581162832066,1.8315009909371578,0.05462098340025629,0.163212350226942,0.007558007914955068,0.1502985859400753,0.006194729257903999,0.13363173128776304,0.0033254606942753535,0.6493410889356572,0.03185085095317866,0.5899842062707554,0.027742246643781474,0.5113315682674449,0.008373482547642247,0.0008071379099128134,198.42343489093884,0.9827189981105389,4.480194199513395,0.0002644197859538547,12.287018679544714,-0.3276759317596195,0.9956811257190318,0.21832989787276313,157.82745545884222,8.335603922690796,22760.692346590815,5739.778945370437
133_Neographium_leucaspis_leucaspis.png,Dataset_papilionidae,77697,0.008091215771728891,0.010382557169503056,0.008167305147338055,0.008358340035302869,0.00802372373945498,0.008127676233770401,0.009550504343931987,0.010823397972735536,0.006047703545529229,0.007795185769790656,0.005453334086183342,0.00591470359486449,0.005470263180554216,0.005736727785051678,0.007133690062830291,0.009729289332241283,0.005450953682887986,0.006702785278465847,0.00476354320993155,0.005277821328944765,0.004759695978235904,0.005198700475038561,0.005966978949020022,0.007674819022830281,0.00513265814537114,0.0070568002819918025,0.004039832365362533,0.004834701660654658,0.004033011617413922,0.00482888369856075,0.005095828962983592,0.0071262860547370585,0.015122025747805608,0.0015979777305752808,0.012849477418623412,0.0006908873074627945,0.010319406965261528,8.199988914889169e-05,4.241105947513599,1.003431997361155,6.127381153330565,0.9206099909604479,10.509906774294231,0.40024393187382407,0.9741038068175094,0.006108998689714437,0.962651631043925,0.005559948727348644,0.936201850514436,0.002306534985465391,1.1299308732887616,0.16386984535624285,1.3974005600663264,0.10762452253344441,1.8755513501591499,0.03949430141771067,0.12279951650069276,0.006504190572369229,0.11331444419047848,0.0030519102913334996,0.10158367996722238,0.0004036453622530303,0.6328481260557725,0.03470475832102005,0.581176976876792,0.017257051009896145,0.5128615237441141,0.004019860045865856,0.00045256942393493587,261.52729934539286,0.9750229810955758,4.5913711951230285,0.0002555651334971687,12.52261282648861,-0.3370112919855325,0.996612561337771,0.23143599982405644,240.4019247994749,8.506604013102221,20676.170492945843,5234.424448072805
134_Neographium_leucaspis_leucaspis.png,Dataset_papilionidae,89081,0.00746062208916946,0.006147965966302667,0.007619779071093484,0.007145730773684247,0.01094331068584196,0.009368782769421194,0.00908222042191981,0.00802892468796683,0.006105173632695879,0.00608052390125769,0.0059179277284597724,0.006190270170146092,0.007159268701073127,0.007399785329597588,0.00616262269818393,0.00591647386407336,0.005527596238616818,0.005984482864208718,0.005230471593016666,0.005441196625597788,0.005916228910273662,0.006407178097450022,0.005518000333050807,0.005548654384960569,0.004951775900854067,0.006171438087254721,0.0044464778640696655,0.005045784893699748,0.004859354932827609,0.005871453756809328,0.004909812791412399,0.00595500001656939,0.01091147897561136,0.0012326136356945981,0.008994517306826726,0.0007469885486166792,0.0070455568921980434,0.00025633520984205444,4.306624698458009,0.9071886423944194,6.182132106124585,1.0873406832419708,10.188659772289109,1.0199980507206476,0.9587828467282387,0.00864765045605036,0.9409227511259681,0.010325953811015556,0.9029959242281141,0.009544942809156258,1.255860600491093,0.15832411625246337,1.5516649162360605,0.15348067249676925,2.0512361904067817,0.11253012440032464,0.10429024963071491,0.005918007061040457,0.09475785866735664,0.003932623501428938,0.08392397020004337,0.001524505841338235,0.5794444325365529,0.034784072047603365,0.52101284495021,0.026170208118174165,0.4467005263590068,0.01228764451997789,0.00022632530555900208,265.88795851355275,0.9601798381497471,4.794985106947051,0.00019877514588080073,12.928591134971052,-0.27684994626157156,0.9916533318050728,0.1652589594518899,167.54025253882526,8.472340386723923,13086.317353691426,3338.051328051246
135_Neographium_philolaus_xanticles.png,Dataset_papilionidae,77961,0.009562518454726016,0.010212769072738909,0.009655354583187664,0.009116416806728493,0.010593451155833983,0.010762919537376257,0.014054227286719083,0.016185112853237277,0.006550767391813148,0.007494567165697129,0.007098102900186669,0.007130526768678565,0.0061314232832355145,0.006800981710050732,0.008664684413450674,0.011634835496082782,0.006010184259306994,0.007272867164782905,0.006066770126730853,0.00624815148541371,0.005264440673087242,0.005761893634089271,0.006841832859642614,0.00903609316573524,0.0052375039604118595,0.0070121431894813804,0.0047178040828523594,0.005213782107687458,0.004316169922612894,0.004980717774854285,0.005412739657549525,0.007196479525071799,0.01787219308234536,0.0020995580158252904,0.015091901881763976,0.0009231550022176123,0.012110855970659123,0.0004165380304349448,5.466240286893459,1.4458612169614045,8.369789109577665,1.8572442364172608,15.085455825462535,2.05493085035865,0.9414787884541882,0.01544959278841273,0.9104401903637714,0.01989921929479413,0.8388143559182827,0.022122117301654597,1.3647722105331694,0.20757288717739691,1.7170468326765884,0.1817250368844393,2.3581194807684516,0.16229751762203581,0.13345818285374889,0.007817065416170154,0.12279047333536453,0.003794936078659763,0.11003308337896593,0.0018911723286505742,0.5805734185301784,0.03738039194065734,0.5268575443920298,0.021554359642110013,0.4575439749534505,0.012083415229761566,0.00048372846009954044,340.1511521590044,0.9429808146519366,4.877178661897032,0.0002054198040185684,12.674416095282263,-0.25791077688891006,0.9872614387036964,0.19094846758045697,161.2748008615119,8.23047058129363,11589.212492981369,2982.340911285092
136_Neographium_philolaus_xanticles.png,Dataset_papilionidae,68864,0.016240792976005336,0.016592558297703234,0.014406514571221845,0.014330122231220184,0.014848325553357506,0.015486815887755766,0.016472193609726335,0.01814715763649451,0.010797688940413509,0.012434428401668461,0.012408405669220822,0.014134949856012267,0.008369578890379687,0.00981724800580115,0.009744692239502134,0.011452816451335657,0.009266499786595318,0.010731533429520577,0.010479913783767189,0.01217703210159848,0.006907715050913334,0.0069428138497280275,0.007970061751416358,0.008983925148887593,0.008070675267113437,0.009785898500897793,0.008104524283850228,0.00957811312195615,0.006027022210496022,0.005871881952038711,0.006531566632051091,0.007411795830503366,0.017088770925775494,0.001696147035256358,0.014760477484921635,0.0007445006203681854,0.012558012066552396,0.00025203278706633806,10.965713506854414,2.888908463636256,17.223287743713524,3.674621815157572,30.991859520684923,1.1260707518471258,0.9325344954163167,0.017730445644068588,0.8941813189319269,0.022492879377337082,0.8102185833819943,0.006824246309603073,1.8527874188993736,0.25184107358783214,2.3250155892133617,0.2393150367389402,3.1420586368500762,0.053211386306101296,0.1305621461617075,0.00650360787751087,0.12145447069704872,0.0030477914333774743,0.11205692202753999,0.0011217362730252922,0.5361387733546528,0.03050070253002369,0.490469846167679,0.018085915577172568,0.4420388890921919,0.006949628449808049,0.00043443149098489005,693.2016041581352,0.9333446502958471,5.247557053944304,0.00016752217722828806,12.956226308471868,-0.23851811757468258,0.9841609730107994,0.16899950132464564,158.85318488969503,8.310953829417421,20102.522846271007,5198.931112607285
137_Neographium_thyastes_panamensis.png,Dataset_papilionidae,132510,0.010566762858130449,0.012553420811669554,0.010066230959350836,0.013158385315579783,0.009620575625716738,0.012731458760552147,0.008260668237539988,0.010533538384404118,0.005925989066275684,0.007985245805339294,0.006110450189571755,0.009648573512730437,0.0058085903966700715,0.009038459955397166,0.005573848568481272,0.007709872080821031,0.004723550294202634,0.006253790649336897,0.005074330404165222,0.008401166018025003,0.004914972353421376,0.007878532346794778,0.004588055408286902,0.006336273628974799,0.004021487863152761,0.005358899008156153,0.004126499599638024,0.006472919856954971,0.0040173072054155235,0.006062720540641983,0.003893555428822148,0.00543098215350934,0.05318501651097289,0.0017657325361606054,0.050671000660665,0.0009072883265411749,0.046942479512077355,0.0006805202839193004,4.533203113352772,1.116328481398069,7.293742214703813,1.8564318121439842,13.361658358503764,1.4076120647302002,0.9785456322126068,0.00528245589654526,0.9654800822238867,0.008786666689238712,0.9367189184809791,0.006677641262251768,0.977704451347995,0.1290646331650135,1.255880233119844,0.16389084012608135,1.7468223059793682,0.09635011743529852,0.2305870052493163,0.0038274692846145823,0.22509312141524662,0.002021720110710106,0.21665647796410892,0.001565269390534725,0.7213882585213545,0.020521985654369846,0.6860367598468926,0.01531052935713447,0.6394807046891552,0.0036255583474263573,0.011978783939200731,282.8493124623692,0.9790201990580168,4.023470298911799,0.0006003470843939552,10.712173598413624,-0.4340649314161799,0.9986104591112073,0.4411365901616163,269.3742339598721,7.658270786885758,26680.546647251336,6740.848989928424
138_Neographium_thyastes_panamensis.png,Dataset_papilionidae,70920,0.010202381351005334,0.012366124738606488,0.008438561032139892,0.009064300522647603,0.0138751149677503,0.015746690787240537,0.012611323030865625,0.013890852059877687,0.006062267427708693,0.008198607209681361,0.005340662143461895,0.006250456735130926,0.006584719874414081,0.008417939015247759,0.0070170057735107075,0.00813498885260722,0.004203210845941913,0.00579732240634436,0.003812650241768419,0.0045286431529502486,0.00437531232601683,0.005688773656433265,0.004938884552235832,0.00616578158844113,0.003222290121920801,0.004370558272668512,0.0028052386422948096,0.0034044043525042838,0.003062023226292658,0.003952822434656041,0.003573895331497865,0.0045091961089381615,0.014387595665992505,0.001787790957842653,0.011821811417012596,0.0010853072999494288,0.008843375126909707,0.0005297757272326435,3.8195657091350323,1.2197903164209323,6.473171023137812,1.7266818174767657,13.578141860654362,2.1057996874462894,0.9694735976387974,0.009751784045624018,0.9482137063324908,0.013859697331109078,0.8910906859464058,0.01699716565484961,1.0896933335096046,0.1945786026895904,1.4407350559058518,0.20918216095879036,2.14817401459755,0.205414148011712,0.1197147486406243,0.007481619069736558,0.10861444368622941,0.004971321730032846,0.0939971318115638,0.002813243343404305,0.6335668242542811,0.04149291978537665,0.5708995745867211,0.03242924950909551,0.4796400657769768,0.021666941622688278,0.0003101715553851796,234.59095595208055,0.9706831835065979,4.5471208603734965,0.00025678651281759287,12.720758765361605,-0.3211970242752644,0.9957173150741172,0.2052631054156145,183.2337246078331,8.554359821261837,15769.807801533667,4001.0996893714396
139_Neographium_thyastes_thyastinus.png,Dataset_papilionidae,77258,0.012837184303430726,0.014076841675388174,0.01118832609314174,0.01217768613453332,0.011278828098849177,0.012070916155029027,0.014763781831447654,0.01636751959153633,0.008785641187109818,0.011672058117732993,0.007197757956572669,0.008976382725909086,0.0077278275127754675,0.009446346374527547,0.009032403129345135,0.01226283565901913,0.006892629383913174,0.009228182168355846,0.0059281008527328665,0.006984042109140258,0.006368653312551818,0.007841818959352698,0.007467311998270454,0.009944832928222916,0.006024149375280028,0.008580049315887444,0.0049238414810781755,0.005789801460814428,0.00520533252154073,0.006414530110006586,0.006104860628558656,0.008064842858687886,0.022036321738138485,0.0020069032876998422,0.019234540900597435,0.0008177003664706674,0.016419521389758298,0.00016424123817252337,7.452202493827108,1.9280041018725869,11.479886847394216,2.1700426787644167,20.88667277515107,0.8902791472074736,0.9643289227500265,0.009205702104824133,0.9451030707522867,0.010348878753575666,0.9003612255262313,0.004178312378750501,1.4056689087678658,0.20576428443987974,1.757105079187649,0.14778910443669643,2.39182492578982,0.04026043587374705,0.14829231392580988,0.006761018315870941,0.13865725627260644,0.0029506242644868033,0.12813708052640985,0.000640299872449301,0.6193468700922,0.031002716102881193,0.5756334628369781,0.01278415636038469,0.5230931929497721,0.0030149057655799397,0.000684185829849046,467.85288231411994,0.9649679534997836,4.783845182173097,0.0002616645500971257,12.417372391017896,-0.30540456669277205,0.9938841181053736,0.24125843050041357,222.2784634995073,8.304466993048736,26237.260584651813,6676.278366741482
140_Neographium_thyastes_thyastinus.png,Dataset_papilionidae,60618,0.007205674165260208,0.008128150032991008,0.008509495832084046,0.009050397705878956,0.010804294888646725,0.012539521297801805,0.009710050351568827,0.010668994616525292,0.006061741551581982,0.007125811909848236,0.006556892400222483,0.007200090975076815,0.0077723529141512536,0.010110304935013987,0.006970332211289456,0.009094729401357261,0.005542977547546931,0.006558898929911937,0.0055755772409296,0.006034417650124112,0.006256777961126186,0.007873543222310441,0.006167361536048467,0.008023238115806346,0.004799937807587587,0.006079762102738771,0.004575088841179139,0.005099898835763732,0.004942822556248194,0.006144443519464495,0.005406956314909808,0.007715709922260031,0.017149515076145667,0.0017329460539236617,0.01451817578934501,0.0009802855693611145,0.011924326679206593,0.0003435636180097639,5.170252759981174,1.2964929363812274,7.780027469524557,1.5062597048927178,13.209927945563201,1.2318648223672817,0.9470262851070405,0.013292361410592146,0.9202499174870371,0.015491998258172632,0.8645675915932447,0.012793911216874803,1.2609248990279993,0.17339004960333013,1.5841199040351355,0.16267517705982953,2.113905882079089,0.10213613701224825,0.13078756509938155,0.006642882771861791,0.1204232697692795,0.004051158775010384,0.10918739991849451,0.0015615307378776344,0.6092979509174612,0.03090644856300139,0.5561289113775543,0.022565482469266367,0.4908633362467168,0.007181450549394062,0.0004050444306736749,320.4454393577096,0.9485951543515916,4.73456912467759,0.0002327791884107029,12.735864952499663,-0.2906979975768698,0.9929966353536953,0.19589304177184383,261.92931909102816,8.408927271369139,12147.499894995166,3116.986333588213
141_Papilio_polyxenes_americus.png,Dataset_papilionidae,103773,0.012784814620228145,0.015611519889598443,0.013376481631670855,0.016639354602729424,0.013362340628134108,0.016274237868470758,0.01309424009201295,0.01593798015951443,0.0077053715983058735,0.011415631795928508,0.007200910255084529,0.010481974774940873,0.0073891791280813485,0.010965098805901023,0.007156952035278923,0.010536964691846755,0.006217605279208778,0.009710130354206217,0.005631125516656326,0.008341770042315884,0.005540673922870732,0.008367117049751453,0.005363325206743939,0.008123754840435022,0.00549210831841163,0.009356415992194325,0.0045707303493428665,0.007403413273761893,0.004476555971916621,0.00719167663562889,0.004383473948295778,0.007050230600296206,0.10395183617036324,0.007660964681882512,0.09374958773544786,0.0025649162378959204,0.0818700581491223,0.0008374796280391259,7.794237275313666,1.8547618402494923,12.018983114117852,2.3891544754011913,22.201534026219594,0.6743288753683986,0.8869330476231534,0.026828551632738482,0.8259333768870005,0.03446191382664913,0.679750734726849,0.009390073405465486,1.2196257434516988,0.16011700160150516,1.518583240376909,0.13996216191891925,2.0753003982731206,0.0258777221568794,0.32219638191922867,0.011888130573045275,0.3061568709011587,0.004190242887843251,0.28612569615471617,0.0014642913307660037,0.6955695264668068,0.024135325919656028,0.6612824174169227,0.010277275078952512,0.6180644726701823,0.0017676805315437064,0.007570618430524377,490.8045575547244,0.8884691399573249,4.330680649922665,0.0004224311343883399,10.326609645199033,-0.260843361668633,0.9755059131796483,0.3603568351405253,77.27191210702557,6.850119017939357,8308.989681364315,2199.9485597297603
142_Papilio_polyxenes_americus.png,Dataset_papilionidae,94829,0.01649286274352333,0.01720304501800566,0.01126999301216786,0.012859157217604764,0.019651891480999873,0.02111151812916546,0.012453558748788365,0.013535551299926805,0.009069120161482905,0.011833453268834091,0.006355602246647519,0.008117487337782942,0.010495583277694108,0.013477807183688583,0.007234375180308073,0.00969924520910333,0.006773061008055697,0.009132994118528037,0.005285155431030709,0.0063747922748463295,0.007527408782439479,0.009873700102676066,0.005732369573308361,0.007053980189734968,0.005829338129576722,0.008363329800034413,0.0045454152825048335,0.00581359861643424,0.0057823735394159645,0.007996924337221316,0.0048129891160033945,0.006313133573377599,0.05710550162188859,0.003557224017347219,0.05165227479048505,0.002050145885774669,0.04484987616337262,0.0007766056292796596,8.210801004539528,2.49760731399638,13.08539870990078,3.391832224035462,25.174423220524446,3.4804076589090247,0.9441962691865126,0.017005248616307662,0.9110082810474326,0.023120094700756193,0.8285389434161774,0.023922040247101005,1.4516221781762384,0.2281148243877372,1.8454120114250199,0.2516156289216617,2.592869022432434,0.21821739370755747,0.23885136158158912,0.007451757679203331,0.22722672720792372,0.004504357097395913,0.21176999042745287,0.001829567634479608,0.6319751658897641,0.02645896919820053,0.5907339345011406,0.019569013074151997,0.536370608037369,0.011390518187197681,0.004274143079568542,518.9051347684966,0.945079954709684,4.794371153619775,0.000268402231785899,11.672981820287971,-0.2728838886557757,0.9866078513262001,0.2674281730260018,115.6766924651012,7.760911795728823,18380.652401897583,4724.88938416652
143_Papilio_polyxenes_americus.png,Dataset_papilionidae,115178,0.015104507136314371,0.01699191805176489,0.011997975971329261,0.014431864861277547,0.012475118942345615,0.015029744045350154,0.010814104734155124,0.01207407452085914,0.008181738238669398,0.01141570732585623,0.006734470511935705,0.009839556038890473,0.0067037473272101265,0.009707528931723521,0.006024720013401552,0.00824891259556068,0.005901342539515155,0.00830925543956608,0.004943250973155459,0.007041972518470526,0.004923184485612971,0.006820413489908621,0.004540478537758498,0.005860747752223859,0.004587861479444106,0.006444520871257264,0.0037086267536610355,0.005019016090264242,0.0037263896938298942,0.004943267133713284,0.0036140431188283187,0.004782989674159781,0.0596080215012838,0.005309091008107066,0.05253354488369777,0.0020264401758306057,0.044622260616235844,0.000981213905352733,5.758700234372035,1.640024033436194,9.646751211004663,2.566555718530433,19.565148548009777,1.6912921087642996,0.9594047942946097,0.011541487211144043,0.9320674053349292,0.01808266263326103,0.8626016413260984,0.01206362076179432,1.14113404452421,0.1778984779550828,1.472450072708651,0.1814947916907888,2.1136131346989715,0.1084511952581589,0.2439052483586388,0.010874342481020064,0.2291590891022286,0.004433595102691608,0.21122704006142284,0.0023233947417301477,0.68407592552037,0.028598337129745018,0.6440210289136106,0.013341966376231864,0.5917258339959688,0.00832964537356066,0.002274785220171204,359.43576789059773,0.960461778846063,4.378473702840119,0.00039353992072042946,11.223179622614513,-0.3014753770138574,0.9898288035407569,0.31336796417337986,134.8517761590305,7.589193270731588,17819.856739934075,4544.8231269561675
144_Papilio_polyxenes_stabilis.png,Dataset_papilionidae,92233,0.010068832707034367,0.01287703974185575,0.010995297994212437,0.014111636215458374,0.010966692853621023,0.013205703682508157,0.012571705546554563,0.01291470333340889,0.006197110806796651,0.008389617283993806,0.007005152366523401,0.008712280533537335,0.006550384970795513,0.008819901672304153,0.008339922341488618,0.010621806680142554,0.005223210228250664,0.007694436122931809,0.005823323990332912,0.007695989381244114,0.005566268131573878,0.007674243750707598,0.007017412559747787,0.01025011379565362,0.004691782318124069,0.007977332693214493,0.004912502375482148,0.0075467501873582345,0.004800752719076126,0.007518045851060072,0.006221334544184913,0.010602809293035509,0.024421746894492734,0.0034630856193222084,0.020499008829077795,0.0018418016728209878,0.01640071336632033,0.0012321974713877285,7.260399863633643,1.6287803821697335,10.462454205841162,1.6921951342357675,17.78384506407206,0.4828178343008542,0.9084041126985011,0.020515797438379692,0.8680691958947054,0.021261597389242146,0.775992884906506,0.005777541251827058,1.3185628319692089,0.18316605426905633,1.6281310568599416,0.15776016554670425,2.1900760180902243,0.07998096976663856,0.15590005030366463,0.010813011135089695,0.14302238508649648,0.006603498561194856,0.12797557691088923,0.004792189546063698,0.6315219272541375,0.035853222032578305,0.5824534527055297,0.026107251519395233,0.5158683510296526,0.01961790419251133,0.0005164671262285606,454.212494376431,0.9102041427954353,4.673916087530887,0.00026427460283339903,12.332395791124606,-0.26323280144066397,0.986990819039677,0.2129288030762471,146.37466226095938,8.063092706389114,9661.295949393045,2528.8771109423697
145_Papilio_sp.png,Dataset_papilionidae,37196,0.01488792466468949,0.013009191280781948,0.012790705066256819,0.01141114302719621,0.011422717487017377,0.010225758806657546,0.00950877610899794,0.008140700857530854,0.012630334001255773,0.01126204609477638,0.011563484645391975,0.011026893838648745,0.01023190641998984,0.008874121959392446,0.008920147505657222,0.007834280721688392,0.0115975455787606,0.010257126797482832,0.010533244075071961,0.00993799320603605,0.009713524504210716,0.008027239089605615,0.009188905707569764,0.007636477213792134,0.010902632584919775,0.01035990488554203,0.00921167523845429,0.0086204107668607,0.008692444812948336,0.007519696529701375,0.008718548303443591,0.008188459776663631,0.006763661892853614,0.0007851548297852218,0.005780328845650491,0.00036123207638210037,0.0049469654441731585,0.0002208792814486527,10.234933262074302,2.3202507395184866,14.219552122192761,2.5690834438010834,20.802504030081685,2.395899768254974,0.9227602592609652,0.01750465865578746,0.8926455799138284,0.019360092449427237,0.8427093303314077,0.01801260354302396,2.115771082089754,0.2722118133992366,2.5146141471494214,0.22257105152959833,3.0546770288515956,0.18993936951966509,0.08210590008252218,0.0047204940941067385,0.07599028053380377,0.0024095871107502774,0.07031696656085297,0.0015778649666696907,0.42908182069544276,0.0366208417918592,0.38336628203991163,0.018667243934843012,0.3376426290914046,0.013383761333743862,0.00014254172358251068,647.0983666253519,0.9237860369542771,5.543022554726308,0.00010308035953721017,13.608465376161366,-0.22672210484112593,0.9838432104301913,0.08706695580825147,291.7574326436426,8.630198570847213,16333.334235390746,4245.108150504024
146_Parides_aeneas_bolivar.png,Dataset_papilionidae,151431,0.004788781385351758,0.006767950341172104,0.005136831878091402,0.007656000187389592,0.005142338188129893,0.007684937709784085,0.006368968972156514,0.009770274846937514,0.003660100338154981,0.005403720488419876,0.00386291680003839,0.005332990514892522,0.003843827510443693,0.00563200636243299,0.00473079497401876,0.008295756592035656,0.0031882071776907425,0.005231514428167283,0.0033963088860694433,0.005094317824673297,0.0033360236821466205,0.0050467427806779016,0.004229882357577192,0.007666616452459938,0.002838010297308251,0.005411301667496535,0.002961355248185265,0.005167058461754545,0.00287910964008517,0.0049347694673775285,0.003830983377766293,0.007422498111415004,0.06087732548953688,0.004569086150682902,0.05416163356173674,0.0023826729221205927,0.04632499353813214,0.0007242450644554594,2.823110609748723,0.646276054605226,3.938141196749693,0.6318308499381149,6.333957802741039,0.3971107157190418,0.9529658229389819,0.01079097342880882,0.9342938560667704,0.01062535482713234,0.8940519321324967,0.006841805734130989,0.7397339565109629,0.10182380085189364,0.9035796801466771,0.07143579041562208,1.1659512302741164,0.023961634470870772,0.24655995465219205,0.0092473916022784,0.23266984565901816,0.005135804001848859,0.21522584076484536,0.0016825591215643742,0.7436621192105617,0.027568316574411732,0.7025132640793474,0.016085769924699726,0.6493639685831082,0.006227840896339878,0.00205854162751292,172.16452160288463,0.9550597141229299,3.917858220620314,0.00043302922330369593,11.020459046930512,-0.33266224547448586,0.9932798653274787,0.32807031163363737,105.20238646057194,7.5713190360526355,7490.755974836917,1915.7301241099508
147_Parides_aeneas_bolivar.png,Dataset_papilionidae,94767,0.0073533607044934685,0.009571571031744846,0.009448945914772404,0.010407726160437936,0.008003168304274642,0.009806322877319508,0.013338489674012306,0.013138048365019472,0.007665586972497548,0.008705869411276523,0.009055441204648115,0.010017084206319745,0.007990854869811142,0.008176508638473664,0.011191568248775433,0.012096546034380973,0.00812335636975988,0.008310551192119195,0.009267757805684396,0.009936387280941955,0.00864134338830157,0.008256055549861757,0.010795206651420412,0.011575545474287036,0.008053242866017636,0.009058146533199892,0.008647676360161416,0.009587312503344115,0.008282303005501987,0.008552780048295065,0.010394679054098343,0.011726887646452905,0.01482648132961361,0.0018882976542549082,0.012706115560668148,0.0008117613357474198,0.010974128469625543,0.0005707246573146565,10.222869338806625,1.9876878705803405,13.37392272284091,1.8997031451990893,18.460484881606078,1.7245186253855478,0.8379890202975401,0.03162551849424404,0.7875824198573584,0.03008522561039715,0.7051957180947355,0.026786181969964948,1.9486328200146827,0.2237208582704615,2.2629701818303323,0.17243194991831323,2.678946180707176,0.15724407653249745,0.12152569024363327,0.007614981314626091,0.11266188746469896,0.0036626047506735063,0.10472235751521633,0.0027122511094576913,0.48196650647346395,0.03390016429091992,0.43911720862891734,0.01848694747880121,0.3960542470241063,0.01473566964397366,0.00030889439173751833,645.906313656173,0.8399709313126322,5.400019650690879,0.0001291363035604175,13.058785852606484,-0.18029774820088934,0.9597408932938204,0.11944502886312094,126.47918151191887,8.131392966232776,7427.579182590225,2018.3713740616004
148_Parides_aeneas_bolivar.png,Dataset_papilionidae,98986,0.004407056154614663,0.009082687211333013,0.004751431728123924,0.007083596216992452,0.004795300879917953,0.007205184969224033,0.0052065391160373495,0.006571853510648386,0.003612045676750367,0.006846157132385766,0.003821344229002739,0.0054352923836274835,0.003694626849464006,0.0051688603537541926,0.004317356424809266,0.005126062077653398,0.002967710899005213,0.005608211805302301,0.0031254930883314325,0.004729694513533323,0.003014104356146773,0.004270943686112267,0.0036752449637869073,0.004594743396269693,0.0024728033582638227,0.005132366004989139,0.0024187081003874925,0.004109680836053089,0.0023658256310334406,0.0036502018985157063,0.002997751797497789,0.004432067019107816,0.1273048329352451,0.007304594938387074,0.11732587503725458,0.0039924816568691094,0.10567541551016299,0.0015990924942599766,2.0341820437867755,0.4795014259402783,3.0229272013505843,0.5168152663434106,5.137440230916876,0.10231282409445636,0.9500646466753667,0.011728288089533849,0.9258901651483404,0.01264731052862171,0.874557897688022,0.0026872537773537926,0.6040777522036418,0.08922385279513122,0.7547724351502305,0.072787652820207,0.9933712869999501,0.029939162752975056,0.35665264378560096,0.010184528265282478,0.34247852921468264,0.0058593569785740035,0.325068251675108,0.002459118348446781,0.776884897722927,0.027958661110124634,0.7366439208473313,0.01960913501134149,0.6853521058206243,0.010188722736749048,0.017960573445529093,124.18557030788499,0.9528885858398175,3.7486524060041395,0.0004948316681648062,9.567656125538885,-0.295783419107232,0.9802514314474199,0.36899452581818415,47.74776099338186,6.566260981231091,5146.639031513112,1317.706150455249
149_Parides_aeneas_bolivar.png,Dataset_papilionidae,96585,0.006187314817529783,0.009003581431580471,0.008166752967431924,0.010813461862262218,0.006019625871871376,0.008982715617060558,0.0061495410921489895,0.008602408425856465,0.005797955661943423,0.008855060422465203,0.006285716572832975,0.008647920532191778,0.005022906718331769,0.007269289744918559,0.005372213476360304,0.007429269082017801,0.005796199861897348,0.01004535723030157,0.005604583756922319,0.008042652862038206,0.004923081155574108,0.007275194104644173,0.005206841500337339,0.007268165337910575,0.005453338461532505,0.010035959741515464,0.004751311112132785,0.007163904302162502,0.004446360475295918,0.006789005481997436,0.004754173116058537,0.007334066978865962,0.06660945339014615,0.003987374362383545,0.061129524039261265,0.0018783688011803164,0.053892611969168565,0.0008222389131491951,5.570868541225886,1.2021056764747715,7.696706426247258,0.9386713304461002,11.377560308472788,0.44954123136299834,0.9424560455881599,0.012388291561429123,0.9205862038620005,0.00963895548741326,0.8829347050266498,0.004602606245762205,1.1353780415922434,0.14549963620822745,1.3719266990174086,0.09979048204423106,1.7180264155764167,0.03277259042237635,0.2579727196698888,0.007715523071519154,0.24721458297140952,0.003804471781120158,0.2321410815160996,0.0017692489096106914,0.6755671692915717,0.025514314172933632,0.6356242468510244,0.01584129574536822,0.5834915894688564,0.006116029169956559,0.00327359735154251,348.37831823954,0.9438298746810262,4.426667910714895,0.00035654690374165845,11.414919522467075,-0.31732654489159423,0.9927109906642297,0.322595058608057,114.43491082673297,7.737997199054949,12054.581091968837,3100.7398525520944
150_Parides_aeneas_bolivar.png,Dataset_papilionidae,79097,0.004289003319663619,0.00545000624772461,0.006822636978254854,0.007496882722171921,0.004831381438819152,0.007358981139174794,0.007987125555539517,0.010641453614283217,0.0035766607326139194,0.0040126196178536045,0.0053331042503377704,0.006156218259846159,0.0040825629597992345,0.005574358921758621,0.005890488068657494,0.008371997998159877,0.0030440240030782783,0.0035672023019550332,0.0042122321273101535,0.0051140183219881095,0.0034698727099997384,0.004222812205709014,0.004556915514631917,0.0063079276426864905,0.002437809552289244,0.0033442167515775312,0.0030855237129769745,0.004089037456117207,0.0026833915455771987,0.0033742711691674547,0.0035473220515928783,0.0049608658679196945,0.05004516431263095,0.004061352496078402,0.04435806183698093,0.00241745187340708,0.037721258425590695,0.0014985800296805696,2.3857985970888436,0.6645820961702645,3.7156068446529757,1.0420716427696537,6.575561868897224,0.9956487009759559,0.9544910433183444,0.012649132370380347,0.9292420849717344,0.019805834433323354,0.8752318107669794,0.018923424485474044,0.7996193655905852,0.13219432687401175,1.013638401097374,0.1401825547647144,1.3555589168984674,0.12765174489400194,0.22352430236288326,0.009058176738024674,0.2105348210907025,0.0057576857579083335,0.19418128091214948,0.0038585708374465283,0.7060984317784821,0.034575312896886985,0.6565224304822627,0.028561448350109063,0.5927536723453023,0.023206498305271547,0.001992832935489411,143.91190645660862,0.9569973373427133,4.131064435417395,0.000368105949607197,11.266334506314633,-0.32102791599428937,0.9925585732582772,0.2875889709207771,92.2380244968135,7.675944336752193,6547.92090533872,1672.9582029488315
151_Parides_anchises_drucei.png,Dataset_papilionidae,101096,0.00569141404257864,0.006398391802882935,0.0069763652456914784,0.007916464806406185,0.006417085644746057,0.007016243694713951,0.008161364660375642,0.008454245753581049,0.005553681590749052,0.00603641077499667,0.006251154147969453,0.007656801822073389,0.00592659585584247,0.0072828143080444566,0.006691447893375968,0.007610655260969884,0.005833418193308461,0.006922335958634314,0.006134099512905241,0.007728473721312993,0.005840862285669029,0.007354566596515269,0.006315179911944736,0.007503614376010404,0.006127489051615005,0.00867725786021845,0.0056348072240220625,0.007762893594485447,0.005467142290214509,0.007565816931096306,0.005983102227344782,0.008305280759977404,0.042489079278766634,0.0028071564402255647,0.03845145200495975,0.0013198666198601374,0.0339477586819755,0.000465829659243492,5.968858890361737,0.9569097358574343,7.65006428635297,0.8602052385338389,10.490998652896026,0.6096054194086143,0.9321385076197868,0.010879144598522444,0.9130436236690311,0.009795665942846556,0.8808740557896408,0.007005743110151386,1.2924731550587278,0.13296229249171412,1.508803616265587,0.09578357774261792,1.8240005969404063,0.05403800568887317,0.20601637058140493,0.006806932586111991,0.19606142441931773,0.003371922245235536,0.18424486502624365,0.0012603148165289471,0.6269155945578064,0.026063679688171464,0.5880070158578827,0.014172173057158035,0.539349096875701,0.006040182660082648,0.001495295780102721,372.9900737243165,0.9337749814105412,4.712864347502618,0.00026092044510894096,12.059044505881001,-0.27931678335307303,0.9894225363583199,0.24740404478840516,126.61549311352292,7.970795653825284,10891.336287004651,2816.0815901822425
152_Parides_anchises_drucei.png,Dataset_papilionidae,89100,0.009334003321275772,0.011717748644143851,0.007901427908712146,0.008521628133378934,0.007884403105281441,0.008317623832684506,0.008898082171583508,0.009014321241486335,0.008433112540405486,0.009915886362105716,0.0076729766500476014,0.008993283568243809,0.007593677863263588,0.008989435732649115,0.008618418077057578,0.010377006696282285,0.008130872662020795,0.010147504758650608,0.007648166019121904,0.009286039209128353,0.007497558488784312,0.00869840176087073,0.008351644990940826,0.009248758399099284,0.007971657954537331,0.011244575389898202,0.006845396224991288,0.008971588975973681,0.006732328413169521,0.008288714149473637,0.007956597784988594,0.010246248249955119,0.035397834884400695,0.0029820817931328204,0.03159125462693066,0.0012048858484719923,0.02732528792635546,0.0005223241691097301,8.628700796475597,1.5777417397381164,11.17483778610929,0.9710345827121195,15.374103313857281,0.09120695340802257,0.8776728085980264,0.022311450274685736,0.8416802359259126,0.013721877529430338,0.7826178210038784,0.0012859263035378133,1.6346874846897985,0.18597993340369542,1.9059080436057885,0.08539707286023117,2.278140482470706,0.008639531683476923,0.18797824365436155,0.00787494742980356,0.17770651317858022,0.003413180458423496,0.16529613140373708,0.0015738072670892927,0.5458919835569471,0.03312450268378547,0.5023983813338899,0.011534883854829392,0.45711902196402465,0.002741155122832998,0.0021734035981415076,542.6761040724467,0.8797072345113267,5.114529274772676,0.0001669737622763685,12.189063513471638,-0.1923291055276237,0.9602905433973782,0.16786701825368414,120.74361265726886,7.621938923519107,8479.149527225432,2255.456407824469
153_Parides_anchises_drucei.png,Dataset_papilionidae,117743,0.0033408940248265614,0.004250440627754805,0.0030494111304451813,0.0035903007484698267,0.004247892472953658,0.006053303431133993,0.004823885132562318,0.005100955093374011,0.002772152551388284,0.003786495185076578,0.002732235601087365,0.0033042089325572696,0.0031291743177060127,0.004446746487639414,0.0035198982315485686,0.003906640616441764,0.0022691951904221797,0.0035226939315742144,0.00220377083725426,0.002910113270596801,0.0023714794674118975,0.003437481325219033,0.0027968233628581874,0.0033600498028040437,0.0018981016465478677,0.003245725789823765,0.001702016114808039,0.002378500256561604,0.0017649411732007143,0.0025927551968683653,0.002232391624406205,0.00297901956901196,0.06913615975071624,0.00708551774358962,0.06061405250655269,0.0043455729662561894,0.050440396603647755,0.0032837848563479475,0.9853676270559902,0.247065355750363,1.4708250768919422,0.28585122252177797,2.493690138882875,0.3026447899067061,0.9891418679420939,0.002721770233809519,0.9838054610326954,0.0031378079034444424,0.9725846498384741,0.003331975663138523,0.4861971185677165,0.07940732470569671,0.619751349694942,0.06821153624547233,0.8441108706994013,0.048981452135321076,0.26260230102183,0.013273705163081628,0.24603442741300047,0.009006277483494533,0.22447196778133577,0.007261699802574746,0.7948753175829083,0.02908201310488847,0.7511571844228109,0.020197811545011664,0.6862671878767821,0.013057346094947585,0.002302744190808499,54.551425597315024,0.9906038696286698,3.4850131844438144,0.0005709271548827656,10.582523330734608,-0.38665700272293285,0.9965039570865348,0.3655011464348268,111.51764714606782,7.51363882860632,11556.437262912481,2902.7471721274496
154_Parides_anchises_drucei.png,Dataset_papilionidae,86951,0.003771415200229843,0.004455272431283908,0.005031834231075336,0.004925264794317721,0.003688841933666378,0.004830026758889749,0.005014937356868097,0.0054793065495111395,0.0027872759490440457,0.0032378060319275337,0.0035365762681351573,0.004240839798974307,0.0026618002135639705,0.003144282906020395,0.0031099536331965077,0.00367057068395747,0.001940385416104617,0.0027786899480649867,0.002207128178107126,0.0034135050315685484,0.001791824253134594,0.0022719906906379195,0.0019783134376299863,0.0026073876976000017,0.0015863212103392357,0.0028432472014541695,0.0014902757135037358,0.003102089490128731,0.0012794252560473492,0.0019958655335703445,0.001517045897906174,0.002259992854903514,0.0610916390519189,0.0049761304626252025,0.05331189812778025,0.0035436929112483877,0.04333925574651773,0.0018635794641349063,0.8530722197258798,0.20561522759354614,1.3537416064958612,0.3169687589735863,2.5925875223547523,0.20573238518793063,0.9710154325397402,0.006990916223878369,0.9540034765933281,0.010770321355052109,0.9119887562477278,0.006963382393717689,0.4746577050323104,0.07912955334874093,0.6238347484453577,0.0860946249724174,0.8984521084935948,0.06563528882892447,0.2469591264404569,0.010140459540145506,0.23076795583924728,0.007618968798693804,0.20813285646449864,0.004468758938020449,0.7942330729954548,0.029780165140817223,0.7446144899870781,0.02762071922867303,0.6682947748760868,0.0213697844537477,0.0023280472571687257,45.71455388230534,0.9755238331419296,3.460417983792078,0.0005965349011868037,10.55738765920624,-0.38044714109995326,0.996080065281916,0.34997158403903406,95.40329819660903,7.495056000805464,3689.7928831076197,933.876859247481
155_Parides_anchises_nephalion.png,Dataset_papilionidae,95752,0.009969151529872397,0.012511501730679272,0.009187634492987894,0.01068655028157835,0.011309796981530933,0.015800016236265157,0.009132475826125192,0.012774083253468963,0.009049862244862789,0.01127113894634061,0.008623838425769942,0.010386128334106254,0.009406984927429623,0.013096337133911711,0.009015204289463383,0.014351386791848327,0.008464323538030996,0.010702451060829718,0.007885423420407692,0.009648187814880022,0.008360222893537229,0.010900218394150531,0.008643073305814476,0.01219015576251479,0.0073864770762483165,0.009952104911745478,0.0064259898523572325,0.007860813567891995,0.00669620367545659,0.008485694160239348,0.00729543840701897,0.010098234859172677,0.03864244264819577,0.0034262155321355095,0.03396519304512594,0.001279472847286285,0.029468613843943593,0.0005333029117353081,9.746087469895238,2.3909664552906995,14.340305368167341,2.3164789284646448,22.203061989734987,1.1465119407733937,0.903830709552321,0.023616568279126487,0.8583763305668564,0.022916726607477334,0.7806077093539697,0.011163369027716339,1.6413338937208914,0.21937839843899878,2.0099363095002922,0.15796707405549448,2.501446571644408,0.07377507430549829,0.19638314429194012,0.008723719746002266,0.18426372734646435,0.0034744538439568876,0.1716572896642792,0.0015455578466505515,0.5728501530651591,0.03057928668749258,0.5287519982614509,0.014240701293206995,0.48512255901979284,0.006362895920038413,0.002241080293763448,617.2165184212057,0.9044947850682052,5.044012672702804,0.00020324206222176018,12.015886981019927,-0.22064963335539173,0.9728154159729189,0.21959083954084713,102.5649559675105,7.681521649655861,12308.953865142214,3231.5425958908545
156_Parides_anchises_serapis.png,Dataset_papilionidae,111044,0.0053540714296058745,0.008408785693310663,0.005380064771876549,0.007520067666161576,0.0047998815816865945,0.007712982184569238,0.005359213611042902,0.007910758399607833,0.0029823569444141374,0.005204464953896774,0.002810691637452512,0.004794570213929076,0.0028442072524080264,0.005233947190762771,0.003155179082653143,0.005165294446894021,0.002175573432060116,0.003770843000806756,0.0019112347258027284,0.0034139026229971525,0.0019326746604151385,0.0035187927948366784,0.0022582075318490903,0.003981506317858148,0.0019437916950578102,0.003217676970402458,0.0015813537835780325,0.00285642186712572,0.001536935062143959,0.002519128461654665,0.0019838765296076215,0.003713112420866473,0.052148560377152695,0.0024046044389907117,0.04844167555652449,0.0013110039855897921,0.04308473543031447,0.0002750200032425412,1.0255469733229334,0.30117732441677647,1.736043606656685,0.44921562776991514,3.693594748827212,0.3546550333963378,0.9958190216359059,0.0012260056127030355,0.9929280282187056,0.0018273513520588513,0.9849772737676795,0.0014385992673941468,0.40571732761960366,0.06633353327901644,0.543834544506296,0.0721115135146551,0.8232056253994562,0.01772532851560495,0.22829985033533362,0.005266755549383857,0.22007454769108134,0.0029780891676468354,0.20756757011634447,0.0006627716883612103,0.8413180438690153,0.02010347511579539,0.8044898086582779,0.01738801273853472,0.7451332019487386,0.007628010740025709,0.006419418413873654,59.561167478329736,0.9961921882334637,3.0742950611166373,0.0009424811467891972,9.904603042574774,-0.546431121540635,0.9996848310813792,0.5359537131765357,223.9114605570692,7.642645252812019,31219.812618880736,7819.843446589766
157_Parides_anchises_serapis.png,Dataset_papilionidae,102283,0.007287289126773743,0.008203714622355815,0.008206610161432402,0.008357318857723025,0.007515367246712596,0.007674093202478098,0.009876965539902579,0.009774687750871001,0.00552544983748275,0.006383298516551647,0.0064119796053132335,0.007344916912929832,0.0061408227677781455,0.006706002717678867,0.00767076816224705,0.00794478348978636,0.004069784356167568,0.004907909445214171,0.004799851624406601,0.005776880526703092,0.0046942637902001256,0.0053926306180339225,0.0059582368431073136,0.006554371541146911,0.0030632321429888546,0.004085055780951251,0.0034684658476562364,0.004453124059836591,0.0034106205971488643,0.004141531211057231,0.004419815211976916,0.005340297228953577,0.020659823032519745,0.0026804160194136553,0.017076286347736794,0.0014041269337201157,0.01354301470095692,0.0005995311128565975,3.165332160078096,0.847592814606843,4.981153005487226,1.1837462436148392,8.948072547325316,0.7227536753055018,0.9473456868458277,0.014121623871766232,0.9169959202468393,0.01986188495400094,0.8507407663371597,0.012211676286710028,1.0418872420622203,0.1675242665225505,1.3316401365206096,0.16216171688265552,1.819813051783174,0.09310148694804596,0.14344040129042884,0.009201864493703743,0.13056188679753114,0.00546626596548826,0.11634605954028045,0.0025708229045268995,0.6261283614663044,0.042794428795443706,0.5643847676600625,0.028633344192142203,0.4853257383430543,0.014932724135397516,0.00042748496001274595,192.34490887638609,0.9498418306527064,4.5190935390707985,0.00023949379018589352,12.312831024458673,-0.27884016272165824,0.9897873431276082,0.18375519632484988,123.13893162067032,8.131212327849385,7478.302616443479,1917.6618813299672
158_Parides_chabrias_chabrias.png,Dataset_papilionidae,99104,0.008860307831201545,0.008938692541698547,0.009964547745501519,0.008590652661700435,0.014106399693867937,0.01207689727786753,0.01616972689857262,0.01289393956367817,0.010833838227049617,0.009096671091386434,0.011608783432070986,0.010039213877863929,0.01450022715203888,0.013812558290425016,0.016285773181208826,0.01413598071717184,0.01168512752578558,0.010065745938396863,0.011975584327240494,0.010014802128440995,0.01423522303464705,0.01343065284319058,0.016493642862915565,0.014723271982122997,0.010653126646599521,0.009967961360313596,0.010222981617359343,0.00870575063452496,0.01158623470745705,0.01065283799273446,0.014819846458423443,0.013944603007115908,0.004302579752574382,0.0005925902308713816,0.003627602989210777,0.0002673522290225152,0.003129695870496986,0.00018395550213834796,15.782302438113506,4.1122815913020885,21.98830358637371,4.045539793005634,29.86565841146033,3.2291521045778095,0.8403890678205371,0.041589988533541,0.7776676545261899,0.040968079332643105,0.6981969702563847,0.03280423508408583,2.6326179444196605,0.37507301506964774,3.142606192273908,0.2892844984508908,3.700470070762477,0.22851136967031158,0.06544339705582217,0.004443144648600498,0.060187378967495236,0.0022544183804006942,0.05591956566513888,0.0016425730788024921,0.3798063895802171,0.03680735016909628,0.33508347244307507,0.01977686915785653,0.2962260267685701,0.01417652423834659,8.340436054075649e-05,1000.6342227636328,0.8419128353312735,5.84328228374337,8.256943278618184e-05,14.237866755314888,-0.16467537137492205,0.9579283007299197,0.07612451832429129,232.29596068979984,8.700569170973086,11658.786098995171,3164.855080439697
159_Parides_chabrias_chabrias.png,Dataset_papilionidae,145352,0.0037573768293716323,0.00451265795997025,0.0042556229849803635,0.004752100923477563,0.004394975043595634,0.005238487958278732,0.005273039647654467,0.005867628904920152,0.003156498797126389,0.003401162708062582,0.0034889420531090047,0.0040089908120691095,0.003848725516193619,0.0047246698486605974,0.004352492616991887,0.005086694432579176,0.002625992140990922,0.0031249048296813522,0.0028211538348016704,0.0035384719268965787,0.0030057258882234886,0.0038951450432757814,0.00337424342547349,0.0042431677482629914,0.0021320987792570025,0.002966859869177657,0.002120682833856963,0.0029127317890736268,0.002206099841665585,0.003111620703688971,0.002568184411506816,0.003556979418263241,0.05041347060667617,0.004878704914164865,0.04338138908314905,0.0026927537700864113,0.035511460954066515,0.0012345273042428703,1.2565330838572992,0.3028548881369632,1.8885529507371017,0.4054603827083531,3.1693625891379167,0.28289859994474276,0.9591960960363257,0.009820602846987115,0.9387109117075643,0.013124220619636003,0.8973616233472893,0.009104454503743495,0.5886653702249789,0.0892378750631068,0.7457629914031323,0.08373994661760831,0.9939075770538677,0.04859593675001877,0.2242687136108809,0.010817333405088838,0.20817958453920798,0.006530671039932221,0.1884166153323028,0.0032619044721688786,0.7573225485828365,0.029862625144872944,0.7100140955487001,0.022168985778985732,0.6459791394237202,0.011972365598350064,0.0012905954562795038,71.36130091977054,0.9635708930810397,3.743525353947877,0.00045118069393871213,10.913913190589792,-0.336511930232845,0.9933351877707083,0.309178618152894,125.62010976798396,7.538914060745598,3846.0325021335466,979.3484507633289
160_Parides_chabrias_chabrias.png,Dataset_papilionidae,144815,0.003736113558262899,0.0042700972140837495,0.00482819793580442,0.00535422486052948,0.004805659954168131,0.005658022449080179,0.006297260403422767,0.0066891294218833115,0.003390212882316472,0.003436306564061094,0.004121810067839518,0.004843590007461298,0.004268824378986727,0.005040145807227296,0.004676562836819043,0.005209130867848502,0.002953161305677403,0.003319286838850448,0.00343114334396686,0.0042741417029711634,0.003502828890572302,0.0042867595360561676,0.0038204805790436045,0.004555547804972588,0.0024055532181786374,0.0031333041642517714,0.0025835980142144954,0.0034011287559287317,0.002609208166641319,0.003347040532909578,0.003089777228005886,0.004245585617889467,0.034965853071449414,0.0036743692688163084,0.029859054380624677,0.0019629763183787044,0.024490821286848832,0.0009778160254722036,1.57971909368879,0.37197090022803625,2.3500417639641795,0.4734010974116256,3.801008766075645,0.3604177791901677,0.954814851668054,0.010613101076063669,0.9328902414467622,0.0134845662769582,0.8918962993452816,0.010319847352086263,0.6935054869091829,0.1019713354695393,0.8726624607672921,0.09866978524077158,1.1405446753698991,0.07129096585397897,0.18673675390155264,0.009758986308033245,0.17270192687443062,0.005753158652731257,0.15646431879736877,0.0031206137415874546,0.7235309995181948,0.03195070491198118,0.673618037531909,0.02525153049798436,0.6099753529869041,0.016968065400490062,0.0008876649932267151,91.95577471278374,0.9587272344576929,3.9666051936764424,0.0004409985752208676,11.428589612556685,-0.32481284455671,0.9934712706897472,0.28018437082523806,124.64338432241944,7.800906582594772,4363.363545994827,1113.829830176903
161_Parides_childrenae_childrenae.png,Dataset_papilionidae,107211,0.0058825488165939474,0.00942916402486589,0.005464452682664077,0.00862078244045156,0.004407573615215569,0.006828870762146777,0.005117910123816509,0.007652399928482872,0.004316860178926837,0.008290053977253173,0.004059315162327912,0.00747022368226655,0.003391565065406389,0.005448529024219159,0.0036860707469096626,0.006245874808931645,0.003672766347249928,0.007277339118270091,0.0033621310818230344,0.006048704080805085,0.0029991918259744854,0.004933388637977974,0.0032854616481093027,0.005594340667998557,0.003343995903815664,0.007046124174175282,0.002828594500370745,0.005172327001853803,0.002673080592347531,0.004696612185100796,0.002993177124489326,0.0055503209981385025,0.1343481303630638,0.008627245728729683,0.12340874027474999,0.0024027203876548285,0.1096269753275799,0.0018967428228460815,3.0943500516640565,0.7368215804009131,4.4263506453755985,0.7326396320202151,7.211342545658616,0.5337922810296032,0.956737353375567,0.010274861772095087,0.9382093926931594,0.010221073820111112,0.8997567183531373,0.007538520613363154,0.7256118750356431,0.10309663446002847,0.8860101520916768,0.0686397034672302,1.1575542309860913,0.044249225025629974,0.36634610175450527,0.011775571847748165,0.35127914432592033,0.0034209700962174504,0.33108731790032303,0.002857140729877291,0.7746502572271269,0.022984809703380307,0.7442848332695715,0.008646803357748388,0.7038897276536805,0.006172235071376364,0.02441782643421479,190.8058131823609,0.9578485434378762,3.6323967466648557,0.0006739664209471042,9.202509503336069,-0.33963847491418253,0.9874432234217709,0.471963265377042,70.3023856252899,6.399774956377832,8861.239945735719,2263.01143972952
162_Parides_childrenae_childrenae.png,Dataset_papilionidae,92848,0.005311461817841892,0.009011711168683169,0.007533666059967065,0.011000668227697456,0.005864606104560919,0.010347443991128984,0.006543177564914684,0.007299592727962972,0.004815292331244381,0.008000207859891887,0.006329023177876598,0.009626464827746659,0.004768026451182529,0.007411181987524273,0.005569377844315093,0.006828914844039406,0.004723729731380254,0.007217524580426347,0.006438195807556812,0.009997964233388728,0.005092377611837315,0.007135679280357962,0.005826443198774482,0.007107029204810501,0.0047634675375809125,0.008144820948314691,0.006012860486810601,0.01038756375835486,0.005125004469863668,0.0078098204294133385,0.00583980824373999,0.008500688740640213,0.03045053385879944,0.00378027757484692,0.02636015157655308,0.001744077689338353,0.02292949343378721,0.001186016515011655,6.21370602440462,0.8399704283885211,7.946193697856049,1.1291337189108273,10.941363985320034,0.5534144708864364,0.8778223371566758,0.01684199873461583,0.8430953642693166,0.022615076690616926,0.7819655335290284,0.011249904156368127,1.1722007797896847,0.11347140127792348,1.359213432306654,0.10521234364005735,1.624350204073092,0.05741868908023045,0.17417716423104876,0.010623056021207432,0.1622663774606656,0.005456585227582496,0.1513743625285422,0.003910984897016441,0.6563283513286475,0.03041895967613159,0.617436647638059,0.02019274709345986,0.5723291811418425,0.016285192121391682,0.0006557476599059455,389.2845543419438,0.8801504837446208,4.519537070349356,0.00029479350613688903,11.878034870965012,-0.26464423736564385,0.9856146840608548,0.24548594719507114,117.20872053733412,7.788541042807852,6109.216488382275,1624.6252606810533
163_Parides_childrenae_childrenae.png,Dataset_papilionidae,87242,0.008297274340030105,0.008865931409371142,0.00767038975651067,0.007804230406354827,0.008656563016520534,0.00876242842476058,0.0077187028230229875,0.007457855844905485,0.006275696168519757,0.006552268431785926,0.006224219481676484,0.005999317646625623,0.006639443084902615,0.007105582643628748,0.006413972873286003,0.006074150286252084,0.0049936054771982106,0.005373213859691238,0.005026898879298424,0.005023287245321202,0.005141144526703348,0.005599745265972885,0.005404832685856046,0.005116258330838035,0.0038920716611414727,0.004599073920118889,0.0037037009460702047,0.003838619473295931,0.003779753031075344,0.004186062056176665,0.004210296147702147,0.004462755452658152,0.022407285497874248,0.002662296468190376,0.01846172532550987,0.0013581378780832662,0.0147352553785645,8.542342684753856e-05,3.0930646965189954,0.7762342630356593,4.841698637374677,0.9971776730071983,8.59794449215474,0.46989601265050696,0.9654049853099633,0.00867442925377003,0.945851234329155,0.011168138772481092,0.9038430123393273,0.0053681134869571065,1.048582590860227,0.14904593426472568,1.3296113977318185,0.13292135958910634,1.7804383304494464,0.034325484047007804,0.1494271078342675,0.008878341182925999,0.1357816592960521,0.005006628038979972,0.12138834893397417,0.000352309023772421,0.6252872879433985,0.0362400545663316,0.5665331803702525,0.022628764104709848,0.4942111663470268,0.0009798011924791639,0.00043347611529214597,187.711064205255,0.9670704020364239,4.529473105382124,0.0002414758504964404,12.134804062503186,-0.2670170239959643,0.987182485526617,0.18341831837892894,195.6031190832306,7.973665310341293,11212.386880818996,2850.024486256062
164_Parides_childrenae_childrenae.png,Dataset_papilionidae,102805,0.006699640936786153,0.011013391934080472,0.008375686410002138,0.01297366832590274,0.005412331852871602,0.008618917134406353,0.007785224726906329,0.009248065197206144,0.004086295029972807,0.008524665519020605,0.005072730350038372,0.009544486319059206,0.003360347716465366,0.006013617835763032,0.0043183595890734505,0.006526150359908482,0.003226632080489714,0.006445551163956961,0.003934140563219383,0.007881652508263715,0.0027515897705043054,0.004536607793061689,0.0032941526779110787,0.00494661514529953,0.0027538686606967577,0.005200439111315798,0.0031478555872349475,0.006473645250634912,0.0024413598858689348,0.003909976279158125,0.0027709852358794454,0.00408890368217466,0.03239859624014755,0.003393293996814045,0.028252155049417808,0.0025083177250477405,0.02294441374422533,0.0021227691253812796,3.1890964439613403,0.9631305006794518,5.127856671639581,1.317717330555698,9.545954281109488,1.1421746429496749,0.9825716797612422,0.005255085351130284,0.9720079432329323,0.007187972579585157,0.9480206013412477,0.006229348169637116,0.7635343613235916,0.12507297370344683,0.9908219657291268,0.13816517540772674,1.423751364774564,0.11596407886925808,0.1797537596093362,0.009337138022783856,0.16791218058494478,0.007593066615453167,0.1513121116227426,0.0070041859264314815,0.7469113360061241,0.03501670158705689,0.6990982047916243,0.03408922437082391,0.6210206405849823,0.034583462065668,0.0012515855177114678,195.41757851342342,0.9832746470717251,3.8923640284812002,0.0004605220273916641,11.638955438301497,-0.40670343481421245,0.9984774211040232,0.33892360086221957,204.88144298202545,8.274637071777326,23169.51222882999,5841.232451835849
165_Parides_childrenae_childrenae.png,Dataset_papilionidae,99041,0.008033013862942931,0.012215221772059437,0.005877003841635045,0.007670248835539227,0.005096805727278569,0.007671441139716767,0.005061599827533524,0.007095866945923455,0.005461205963503179,0.007831423600189855,0.0045236795059129436,0.0061056923824640156,0.004086363252397673,0.005689928479934083,0.0040259491535050455,0.005137848337886359,0.004880544680349406,0.0074021465102720434,0.0038189229155417906,0.005406881728677567,0.0036350470646494396,0.004997138047362659,0.0037322113683081757,0.004809089162598053,0.004383893766867949,0.007356894670416742,0.0030808677493648537,0.004527316627144986,0.003008495912082351,0.004395181185480485,0.0031946898174360938,0.004437763281548218,0.022135777015515046,0.001864794557171807,0.01953219116457639,0.0008619904670150675,0.01631400511164052,0.0005314830697086581,2.827744441445339,0.732327129460134,4.065006674877013,0.7787098159077434,6.597860351467864,0.7206989113687128,0.9645236325305468,0.009186921352199564,0.9490179254178827,0.00977746746578896,0.9172916221093101,0.009091751291454045,0.8374055221478421,0.12892521411195848,1.0342390052535775,0.0947390927665408,1.3539055338824892,0.0700146299421197,0.14864826613562585,0.006282514654753853,0.13972390235962548,0.0030695722787116033,0.12770925054301874,0.0020862495970005784,0.7182683460378214,0.028919395604041793,0.6767874022661984,0.014993260805957987,0.6213474965663929,0.008886956078086556,0.0008595307897520583,172.64525231835358,0.9660828038779117,4.081070235324906,0.0004178515104038262,11.871994991730046,-0.39586353304813704,0.9984326630387039,0.34155982937207763,187.96003417341507,8.365681086534106,10007.837184438136,2545.1206091891218
166_Parides_childrenae_latifasciata.png,Dataset_papilionidae,99066,0.005361402891045191,0.007721291711053142,0.005420192322454122,0.009207777243817956,0.006160793167631737,0.009556243552965221,0.005063335081751497,0.00763019781456624,0.004178179928279676,0.0060322985239001994,0.004260302295246822,0.007668599805666633,0.00475428411258198,0.007803480080546635,0.004008398769467452,0.005814444316702162,0.0038295528313052035,0.00595046034284584,0.0041467920009811724,0.007360637024407751,0.004267129689260494,0.007038093084969624,0.004013964684266118,0.006068165879550325,0.003663132198943141,0.006497996346781051,0.0037384987907802206,0.006861924175631196,0.003760827069671244,0.006649266336065714,0.004061383099329178,0.007304878958481933,0.11723351151324252,0.007127174433985574,0.10685808326804741,0.003503747583191262,0.09421182910068455,0.001973673844380625,4.324161326839599,0.7895886184845503,6.004764999741763,0.8967171553261652,9.273576457405536,0.47926416431882823,0.9664538753164604,0.006095386023748029,0.9534989033558363,0.006911824159954082,0.9285007520450757,0.003708786438212429,0.8919917715992688,0.10081897578624974,1.0763900929802446,0.08576656948551964,1.372603384136152,0.0434716885896107,0.34223532529472306,0.010416027729303544,0.3268474518510159,0.005369030317035565,0.3069226466397483,0.003212176884413797,0.7376001099159968,0.02215029246369346,0.7034250577105037,0.012885515315426681,0.6590638964651183,0.006559893283094402,0.007365316992001407,269.2267545143775,0.9673084368145076,4.030290349789793,0.0004865502362704894,10.329721514632228,-0.3143720397663874,0.9886286961012358,0.3689896886797978,106.94865012551932,7.040607328838787,16198.694904399312,4116.980414728421
167_Parides_childrenae_latifasciata.png,Dataset_papilionidae,109586,0.006952112610651413,0.008798481389144063,0.0060039542490599096,0.008205627352452349,0.00616093855174368,0.008292547611412288,0.006259700198601469,0.008716865813669518,0.00489464084710735,0.006123713303660171,0.004574223058574584,0.006137690788370514,0.004856592074323173,0.006366348614226898,0.004643666583756229,0.007111791991694782,0.004114230772894062,0.005326833951497149,0.0038371674936192074,0.005258670670613558,0.004041726814874984,0.005565529029571597,0.00399472430211438,0.005726257569590859,0.0035611754752115764,0.005343228873751325,0.0030753310919305133,0.004499745694033028,0.0032151864225597373,0.004765262741114758,0.0033793997213880725,0.005198706075924735,0.04715747938068209,0.004977163455864084,0.03998047512570007,0.002336645304419054,0.03292278970533878,0.0007184263172343118,3.007246443929085,0.6816428663082812,4.479206766171428,0.7941791866422677,7.678124891755182,0.20751127740053169,0.9555077815869217,0.010055872818872363,0.93382927239901,0.011678040671187965,0.886994476712693,0.0030162617353551827,0.8457075771375344,0.11723592928645588,1.048580836445074,0.08754186604595636,1.3780844305420372,0.022917893153917165,0.21685460727368389,0.01146990343718903,0.19986497385854107,0.005870890070915325,0.1814356125079056,0.0019769216524458105,0.7057958566926119,0.030941844997327324,0.6592129011794999,0.016741694798505874,0.5999326973197224,0.006697725941177004,0.0010546926809624707,182.5511710904142,0.9575939751016093,4.142114714718847,0.0003515913713867775,11.229359418785192,-0.28166024726968897,0.9863268340614136,0.26685442507062224,107.00733846133268,7.496339515641605,8425.746630788932,2152.074450469836
168_Parides_childrenae_unimacula.png,Dataset_papilionidae,104618,0.006473826516931814,0.007908140454963193,0.009191025243296054,0.009592049551589743,0.007544196675647926,0.007718837080068122,0.011841280477951615,0.010646412979218147,0.0068364283918510085,0.007678274160541391,0.008530783277347723,0.00888841549456578,0.007223238374272674,0.006362268046707755,0.009237331222730046,0.009281462231148185,0.0072685944017252795,0.00664373681291695,0.008172464359397707,0.008091046969607713,0.007087571807896728,0.0057100616317746515,0.00831792682150061,0.0073467705149169605,0.0070859033687967,0.007330915888998166,0.006989539390159272,0.007526388828451768,0.0062970436451808545,0.005504239299043132,0.007172172805330767,0.0069094245308044715,0.012253828850073058,0.0013894217714599936,0.010437231488672677,0.0007038144674924743,0.008870759906304253,0.0004364979318058967,6.054918395690781,1.2373398133501952,8.346832801060701,1.3606800507802141,12.151076125687645,1.0424149974873296,0.8388164049927992,0.0332446634486426,0.7770786999607108,0.0365655432269832,0.67313362199736,0.027974543942647107,1.6248092875758353,0.19000589929445433,1.932488515389722,0.16565340140715826,2.3519250020550557,0.1364007910518479,0.11052119410720677,0.006236545773918463,0.10210301193408929,0.003493771981669146,0.09415614106344589,0.0023196996238158338,0.48938472307792713,0.03505988223047718,0.4397706541731142,0.020828152449700103,0.3879536800872653,0.015163642592752635,0.00021861759933456532,376.9969556969293,0.8424936750528749,5.167785510847528,0.0001377194902972384,12.919673200790706,-0.17295462604683107,0.9534750383035979,0.11080343056523893,155.7739821407556,8.005885017360994,4411.811503017985,1197.2021146787308
169_Parides_erithalion_cauca.png,Dataset_papilionidae,83956,0.0035183127049952085,0.005853767197448833,0.0037091989652573076,0.004791848175476317,0.00520378684292094,0.009667386613799539,0.005454727344644993,0.006049038043445701,0.002484694389646085,0.003545702651611987,0.0027457259766403342,0.0031931769504438077,0.0032749900471981696,0.00515136291074501,0.0036861628562126817,0.004036022444449448,0.001904507900201966,0.0028732049037720675,0.002151060161783253,0.0028528936238187033,0.002401845126399248,0.0036660077814639506,0.002776170844718267,0.0032695541894179852,0.0015986618992824564,0.002783492311362398,0.0016475909403640865,0.0027070677583919973,0.0017484297079157604,0.0029696448740760225,0.0021304865220288264,0.0029409822084163237,0.08409287531211294,0.010794012806716047,0.07238003258528856,0.006965260730991489,0.05882084344616583,0.005318330190353975,1.15472347486757,0.3254392308027806,1.837732183340943,0.4499254887463043,3.5290919894491823,0.5104036918138216,0.9482915231010134,0.014639471690860125,0.9176091781392306,0.02025715597242622,0.8414842434317436,0.02328478950480907,0.5175458842242737,0.08889211529210538,0.6675631685788777,0.09162085230993722,0.9316305015867914,0.07158192802431462,0.28941859305191286,0.018159110880332993,0.2687054905393218,0.013318856531662707,0.2422877508290358,0.010839245562901422,0.7870574616786763,0.03250025876284715,0.7416001824810021,0.029382209761395578,0.6746197377549658,0.02495470402955808,0.0023217465522045117,64.78383023596902,0.954217258222945,3.5167321935687754,0.0005462131909497851,10.110486668319771,-0.31794687049950465,0.987402371567252,0.33690908668185504,78.09818233730235,6.986107058086617,2766.2461379619726,707.7574920494859
170_Parides_erithalion_cauca.png,Dataset_papilionidae,50388,0.011763852693010347,0.01580799136654891,0.012813048012540844,0.014857812540904729,0.012399680160380752,0.016023512902258577,0.013273504092276817,0.0158783750150191,0.009036422150554375,0.01261975370198277,0.009938367701353215,0.012575042816318303,0.009909755935392305,0.014408915374483107,0.010858858745189272,0.013057606887273036,0.008368362014589079,0.009547258565080647,0.008400808093861099,0.009461972528009384,0.008510857898405399,0.010063960823509988,0.010130571313974206,0.009829369421804826,0.0070142836252791215,0.00821000679089386,0.006566053468598982,0.007214964049337845,0.006538560123213937,0.007191754735002042,0.008952105001179291,0.008316734869028545,0.02209115733071561,0.002421308711576886,0.01956175624487603,0.0004943737633001237,0.0181233379371333,0.0003319569134424,9.615126362000343,2.4983469543839663,14.966584342799534,3.0291691740590783,25.752912806354487,1.4276952152763258,0.9284571052867872,0.01861088631344312,0.8885632413727543,0.022496067010564832,0.8078248557442611,0.009997293354361388,1.7881524749276259,0.25400584846595553,2.1982704096461543,0.18199902061734471,2.7752996462399073,0.0733320487801659,0.14841220744969044,0.008060645794578885,0.13985208939305982,0.0017746372225416688,0.1346172812025591,0.0012351270236013656,0.5027476507914076,0.040928388706540156,0.45564105285697815,0.012646320472329525,0.4230703942277434,0.008664565706641385,0.0004093647173480333,607.7595335105533,0.9293514474897495,5.249639226275239,0.00014349077375861412,12.51039369409416,-0.20193265852157197,0.9681000482278982,0.1140463391919995,110.29746048817236,7.902911708728154,16598.643928245685,4301.600865439059
171_Parides_erithalion_cauca.png,Dataset_papilionidae,41452,0.00722549148344718,0.008547603010420336,0.008548415177931873,0.008470125465525771,0.009001891091170616,0.009689471797432726,0.012640494605982273,0.011141483119370481,0.005332791569413738,0.005733652678993243,0.006175592564760778,0.006231340447637789,0.006194028091546688,0.006305239028233062,0.009592087245504779,0.009315952556675557,0.004229219665519045,0.004551859263472637,0.004687496123045244,0.0046913356629959746,0.004743797947736019,0.004597749128170107,0.00705053303651078,0.006957644850548468,0.0033203521671996217,0.0038041548137888745,0.0034998725387064907,0.0035490956777935005,0.0035348370571575867,0.003468891400246375,0.00509824203096083,0.005241859701324908,0.016620293204928714,0.0025377825186507674,0.013872565329742422,0.0013875076193739886,0.011128715212198263,0.0009650636251579306,3.7073711615356615,1.1201942811702372,5.99790034857468,1.7674192737468606,11.642912232941244,1.7568123175615369,0.9722427589449656,0.008365841922160597,0.9551912847652353,0.013105027334402742,0.9134289808640084,0.01289271818251556,1.1205635175091035,0.20328385537389645,1.4393490034070504,0.21414054406463573,2.0093194335987077,0.18671801650397357,0.12856528934104952,0.00955298809697431,0.11762508762561104,0.006074873727885132,0.10539453349839585,0.0045505517087248435,0.6165563261310782,0.048869138860599175,0.5569798273768699,0.03634291267965656,0.4816751758129244,0.02983490144156751,0.0004477609565100448,227.85309774285435,0.9733518578718047,4.616632318491717,0.00022966638392923447,12.396936192412001,-0.31975540031454497,0.9950287569555964,0.18977203577768997,200.90862768253314,8.349573311528342,16867.034767655674,4273.7219663496335
172_Parides_erithalion_erithalion.png,Dataset_papilionidae,71222,0.005760684634950758,0.010273025592051536,0.006371200450806713,0.007579164718927215,0.00513458376162112,0.007216984206489418,0.00821502017378367,0.00851998421609498,0.004967728614786463,0.010540039130260713,0.005291062171858021,0.006887297095333339,0.00432036862679812,0.005742261129508581,0.006046945154025634,0.007565798429667281,0.0040096491051328205,0.008153843178811928,0.004451852021255551,0.0062572834726189325,0.0036969271690681406,0.004627245282640622,0.00482501369131488,0.006043240176323603,0.0030082329064418283,0.0059928078362122324,0.003313024748246071,0.005176968066747933,0.0028927946954329336,0.003928815334101267,0.0036659509450777264,0.004857773129246412,0.0484468327575132,0.0060149030553457205,0.040892516606248666,0.003418807449303283,0.03374099012618156,0.0021498326002334285,3.120196533763376,0.7924003929396723,4.710407547097136,0.8687210126418747,7.833613501605158,0.2911718442321411,0.9153670833463583,0.021631233517164828,0.8716877475255875,0.02421718268298959,0.7846672975115162,0.009501458590474394,0.8633862624247608,0.13297881697623734,1.0850980020532806,0.11088451714565792,1.426564066084548,0.06933151310266537,0.21969101814792724,0.013516260675212766,0.20203731294910365,0.00856975977228167,0.18359426681777705,0.005842543780276654,0.6912401500436485,0.038144240845675005,0.6383972281168531,0.027591048269287273,0.573394953759711,0.02218551332118577,0.0010674504428719047,190.05561368973534,0.919137853300175,4.189771808753255,0.0003231088660971096,11.076577861205859,-0.2530117211640056,0.9775654006571781,0.238772789902507,69.21727868713458,7.30528392885452,4512.937305485148,1175.7482297937208
173_Parides_erithalion_erithalion.png,Dataset_papilionidae,51658,0.0041717993824136245,0.006922005162691121,0.006151975226561215,0.007150153550761855,0.005274470674041297,0.009366282001523979,0.008363260532276248,0.00852033487472629,0.0031169824254166766,0.004646647986867779,0.004549023604087358,0.005853971581958531,0.0036384838268129042,0.0056695275451429375,0.005582801747997513,0.006797364896797368,0.0025984885101817067,0.003885263510241327,0.0035543401864405405,0.0049513754119475195,0.0029889880580093713,0.004236994844769744,0.004255307018468607,0.005566324394751098,0.002185491233848832,0.0036909324342644582,0.0027769786261650164,0.00439440259014151,0.002424628914190341,0.0035742391523810725,0.0034121283508514533,0.005203670762377094,0.05484453836389257,0.00749930504559015,0.04691400282781348,0.004898510535920791,0.038091614135130465,0.003923062720382367,2.2775128717783266,0.5596383201363717,3.4482321592344927,0.7835616142870117,6.043585837717494,0.5150217275014962,0.926237500896602,0.018095397727975002,0.8885262087759347,0.025226837571409567,0.8053310405305663,0.01646295125094692,0.7662644717464585,0.13250288278195405,0.9716277523432882,0.14446410295663653,1.3271050818286663,0.13058427834043093,0.23366837210964397,0.015608659119909619,0.21628395537433548,0.011629852769744932,0.1949151873663797,0.009984180940846528,0.7151477640292235,0.042365110461339374,0.6637501702673392,0.038528756502067336,0.5914856664873838,0.03667826623281208,0.001645512388543261,136.76677418723247,0.9303879627098384,4.050916049564167,0.00040122623811955107,10.804206059206479,-0.2791743972342592,0.9827352002036198,0.28863920603409515,69.15362875227291,7.239316213971717,3792.243956814994,982.2526827505565
174_Parides_erithalion_erithalion.png,Dataset_papilionidae,81888,0.006674976642491627,0.00813345368754169,0.007702416021652777,0.007238978167598159,0.006250255203283833,0.008010640203336196,0.007753802368949562,0.009351411745435247,0.005696956001764055,0.008311960380124241,0.0062385849992990725,0.006124707675360984,0.0049273742602067875,0.005822584681342098,0.006031675330043732,0.007579235046414931,0.004638522942501237,0.006525330393943517,0.00490931200035466,0.004871202705042882,0.00413424395237296,0.004224148870823827,0.005017317244037948,0.005740639836658693,0.00368679288506292,0.005340375038120526,0.003546558819692201,0.0037659069911044106,0.0031938436422862676,0.003367732065630671,0.0038429014936145465,0.004532188071432847,0.029389194182492955,0.003502199102229731,0.02449629054712183,0.0018656160615702594,0.02007476766846901,0.0008802771133649919,2.9600649721157613,0.751792876509961,4.5313866285502415,0.8314827478870942,7.883111896435041,0.19069086505781915,0.9196417118743961,0.02037184017349914,0.8770754087488971,0.022522112274404413,0.7866522876297054,0.005181624502005819,0.9816183658185975,0.14581206164428126,1.2356590235855756,0.12034914040021956,1.635547414600018,0.0579378550978862,0.17112477941595972,0.010271516554632154,0.1564011047870815,0.005914809253237931,0.14165152764912703,0.0031003843532076657,0.6393018853719485,0.0380894567989761,0.5809923806521375,0.025276910665632504,0.5122118184604108,0.01461371933456587,0.000555273296019587,179.34820619620334,0.923507250488701,4.424346709397144,0.00026806806942173176,11.785859999299396,-0.237208523163415,0.9771277334670649,0.1823577742374002,107.54423823561206,7.64820763284032,4509.314000840602,1172.1655517592008
175_Parides_eurimedes_antheas.png,Dataset_papilionidae,83787,0.0026322702982218447,0.003379478683288096,0.0027436020847869443,0.003548903915246614,0.003326304782190742,0.004282668791872525,0.0035747295456341867,0.0047106318197717816,0.0015971999928522653,0.0016511470290614112,0.001463975033753191,0.0017498821685819066,0.001513470466217557,0.0016696387254155805,0.0018572523235704283,0.0020002244914983807,0.0013493633209780466,0.001557442678266076,0.001107256468284337,0.001254394940980673,0.0011165959555089094,0.0013251322592533385,0.001520429572265428,0.001561422657127024,0.001235596047009428,0.0015234939053475611,0.0009060493509002267,0.0010587947783880923,0.0009135186292530585,0.0011891304580443466,0.0013311243538348852,0.0014804925241646244,0.050267667662614084,0.0037531726348005424,0.04450224687023653,0.002434206440500925,0.03639337747724886,0.0011626999649188422,0.5795771194436965,0.15628115243804488,0.968951164203214,0.280211721536624,2.2139682919537225,0.3212199996309133,0.9954899525035064,0.0012129113837413559,0.9924754454936471,0.0021717144975636417,0.9828855033317951,0.0024967066681091553,0.3764043487193335,0.06713218359052425,0.5072711322922737,0.07289600161848095,0.7885177559860002,0.04710679394319625,0.22404874572183583,0.008356267293847785,0.21087562698970538,0.005806617942931043,0.19074620346163154,0.003043573922664499,0.8310864569969211,0.025433330254089608,0.787049759330626,0.020862383128626975,0.7129381511726194,0.009025788309834467,0.0021874022493246696,29.285006433923492,0.9964310170043407,3.170307547002924,0.0006919521316605823,10.565680082633666,-0.4928220855705535,0.9994400526196183,0.4252069397527799,133.44144271555663,7.983780036206161,16377.616902689286,4101.725477280802
176_Parides_eurimedes_antheas.png,Dataset_papilionidae,79822,0.005150175366339299,0.008282128344499554,0.0052012678443498555,0.008124478744371201,0.004315844162245739,0.00666961153344051,0.004613637114737568,0.007335121721160213,0.0032195193467196752,0.004976879356701694,0.0030557327836573975,0.005013235969153439,0.0027184000227764575,0.0038282029892897106,0.002915666295430289,0.004648827415079828,0.0024771913082808628,0.004118134540656918,0.002118630872553319,0.0033586577117098158,0.002003815810204231,0.0028521997629346596,0.002253238892225729,0.0034790188685382057,0.0019330030284931809,0.0031546173798432877,0.0015270654346383728,0.002454593546254413,0.0014970157477320002,0.002443039594649532,0.0018103069285797131,0.00289451563563236,0.1297652094973722,0.008989760882537097,0.11626807910290653,0.00483117215145249,0.0995401784893091,0.002053519885370734,1.3262671355788365,0.3677539447868446,2.1873961026996533,0.5130098695070663,4.501916386528895,0.25693487835236944,0.9816598183792824,0.0050713234554023035,0.969795975012599,0.007063327441726328,0.9380864313620603,0.0035356106151332623,0.5190239866292377,0.08618739176706303,0.6759230487464927,0.07424933980297663,0.9711183180514772,0.024485737669609514,0.3600127262046923,0.01249185606855376,0.3409076148041433,0.0070765296195539895,0.31548306113032537,0.0032583169195907554,0.802336763271755,0.02495519580494652,0.7639149159780196,0.014329818183798379,0.7092181906775494,0.005362469933414117,0.00552644157401027,76.56039899458207,0.9833972268422047,3.428613850662423,0.0007619340269503591,9.608968319868394,-0.36946944305939317,0.9928737498580155,0.4203753420011483,68.01617482423235,6.859898570723191,9143.773562543587,2305.0834903845425
177_Parides_eurimedes_arriphus.png,Dataset_papilionidae,82329,0.004777929439466674,0.006711449124354673,0.005595779930392027,0.008161080632770844,0.005418564812405532,0.008274469719413728,0.007003568107038796,0.00977253353607007,0.0039706331436443485,0.006041613657735582,0.004443320734966538,0.0065298600674776495,0.0043508983182561425,0.006613792226015176,0.005244790406161288,0.008001995487485102,0.0035785529187429836,0.006378340392427847,0.003908671058191909,0.006556572492931877,0.0038373401305063968,0.006609975924659599,0.004474077076936351,0.0074971577925935316,0.0033535664203879134,0.0069277751166258285,0.003258624128317055,0.006076507007158083,0.0032092855459671765,0.006160937924703796,0.0038033348792348484,0.007204070777740961,0.08518523551490251,0.008619970985477041,0.07439148367316535,0.005139613151064614,0.06215446095904599,0.0031164798821146605,3.8621817875421627,0.8486579213524228,5.45892465552942,0.9865040637916053,8.517424243158658,0.8501024437950574,0.9389517829640328,0.013364009852083721,0.9138952982973884,0.01540257355498071,0.8663699431985656,0.013173018586796217,0.8304777800755556,0.11168852415319244,1.0188633771901623,0.10002745210412757,1.3223200690509949,0.06668515011456569,0.2915015971653949,0.01456208655812454,0.27257839292315283,0.009617867986027356,0.24923056065202442,0.006211971999580804,0.7381420839049938,0.027779891188510233,0.6967939120078777,0.02039940834070689,0.6399048363677601,0.01239534786145383,0.0022367315988237255,238.30724021937397,0.9409846149756073,3.969335413485329,0.0004352920733388149,10.602352452919739,-0.29938142256652633,0.9868679026737668,0.30796077421416457,87.09321182381447,7.1954088419215125,7836.050059495405,2018.5893249286942
178_Parides_eurimedes_arriphus.png,Dataset_papilionidae,122206,0.00682950526576693,0.010057845285594806,0.00919158186027956,0.008351380874353461,0.00732640187018694,0.009394327128105378,0.01289005716314075,0.011104725690625279,0.006267981831226629,0.006764884217850772,0.008656545200964247,0.007948473695290505,0.006582961206288426,0.007778126504384705,0.009915958897339271,0.009158156257071481,0.006005497545768625,0.00686129410460351,0.007928999569223522,0.008806747438962183,0.006405092124342457,0.007284180922436843,0.008913147185803869,0.008656658498536803,0.0053232582285836815,0.007062322361745791,0.006666488776541565,0.008826983881243623,0.005701564919339513,0.006970016783552646,0.0077461131756489405,0.008881815321910506,0.008599060140633774,0.0013372073857261626,0.007161332253235698,0.000717311738910747,0.005878897758654203,0.0004976627496341329,6.490291123078354,1.391554290425717,9.009217035048517,1.6656266973778802,13.215965425318604,1.3386748644959805,0.9332374779793072,0.014292693314986778,0.9073756758123043,0.017070551159514148,0.8643039318980491,0.013635018646540242,1.5056663549294713,0.22047979978597984,1.8232054392689014,0.20576898423022041,2.279333105690986,0.1763153945664062,0.09246180207588567,0.007062244509610164,0.08451497574715996,0.004307102006298809,0.07660547561461005,0.003240195135109624,0.5346458615259759,0.04730035799058345,0.4790734334861885,0.03320566418503902,0.41716184727068184,0.027425625075647147,0.00015339321533280707,405.0612049424873,0.9347804448854451,5.012792032643982,0.00016771065608524118,13.37573573022561,-0.24714753665312048,0.9874093901691265,0.1271382081123978,244.00619818056805,8.58164815362571,12015.39988767043,3105.115273153226
179_Parides_eurimedes_arriphus.png,Dataset_papilionidae,62256,0.0033999780453364973,0.00439186033816301,0.0036883712399188415,0.004700280817366305,0.004183424530492416,0.005340594440602984,0.005319937184048455,0.00613637214918282,0.002070806392922214,0.0018879901803577866,0.00201875975594448,0.0018298142771222992,0.002200609689471731,0.0023063453104720986,0.0026638602212500826,0.0027465542566194687,0.001573210068268237,0.001482993087445594,0.0014239822026543072,0.0013422841946180578,0.001479608892391614,0.0015227487787015433,0.0019177406331332618,0.0019186405249663268,0.0013804397305509789,0.0014480248502303917,0.001079209315788816,0.0011600986784231113,0.0011007178480952776,0.0012202386347597055,0.0015802275366322421,0.0017531320115490364,0.04462858627705971,0.004272438753964228,0.03818519930269706,0.0025881551833803356,0.030467898290948384,0.0009545448346308309,0.8358213263341634,0.23146875948088932,1.4281419977125251,0.3992589897658011,3.307294955520649,0.3226159058719642,0.9922679507765102,0.0021319459198211495,0.9868282615420778,0.0036509259647038335,0.9696864315902556,0.002878573287894269,0.4744881476014009,0.08341930922874198,0.6377069772888591,0.09023518721679179,0.9790804609957934,0.04831733781300222,0.2110144927499985,0.010073238134807016,0.19529606117859624,0.006681900240428906,0.17452928351233266,0.002725341743745758,0.7952202229179807,0.02958125229217998,0.7454631761331814,0.023323723418506,0.6671664860882472,0.009677439896824873,0.0014035016526371099,44.98808303043779,0.9935026722757813,3.465090385142328,0.000564868733416837,11.008996919736827,-0.4354750120063734,0.9987877370848658,0.3502059779314366,135.96041286800528,8.014094771074712,13796.835660695708,3460.455935931534
180_Parides_eurimedes_arriphus.png,Dataset_papilionidae,69978,0.005026695279703797,0.006938536095971856,0.00647988629916876,0.008124944485976296,0.007521992779109277,0.00887142188516707,0.009174716410285381,0.01163148045798048,0.0038298877477093906,0.004845391707406815,0.004653644035038155,0.005929519341125208,0.005385798185412936,0.006839469096027565,0.0066933871823465965,0.00910715063270086,0.0033055899996956048,0.004235140621666497,0.0039795185787752695,0.0050736315940787015,0.004141629581138492,0.005157528954784372,0.005543646270097303,0.00765988850898943,0.002748168970023387,0.0037803446616698428,0.003219358470126483,0.004301517953115049,0.0031867796417939464,0.003966726323548356,0.004509254427682143,0.006749809797017069,0.028884530370106194,0.003265039022683488,0.024873389699179863,0.0014996013040840248,0.020465028079744346,0.0006553036034497186,3.2502467484910813,0.9104025045531975,4.964935009754242,1.2454134942548074,8.769569831210958,1.0955112858863756,0.9698198514611744,0.008432451741754424,0.9539946202446422,0.011451070943729165,0.9190804609786214,0.009991580089305271,0.9343341300766526,0.15850944559506772,1.1765850312593775,0.146865887818932,1.5879537890499507,0.11241604244249802,0.16969036734963644,0.009471515129673843,0.1576390927061967,0.004827644347607644,0.14303781653458408,0.00228278793649508,0.6829633499823256,0.03752137764288685,0.6347512315414099,0.024707422543418688,0.5713051106575996,0.016468387638016592,0.00127589514825763,199.24372647316025,0.9709996156513856,4.303489723700312,0.00032778712563100713,11.776277634467753,-0.34230204962793037,0.9957374536748245,0.28819380196965816,127.0042869931952,8.063940050654022,13537.743053941342,3434.246695103625
181_Parides_eurimedes_arriphus.png,Dataset_papilionidae,104448,0.005749082013426214,0.008029925367973709,0.006765989959992858,0.010269650489099127,0.006583752321593761,0.006478869424477873,0.00839213968854447,0.00954557365363307,0.004103921899774412,0.007126758523917143,0.004761100119319205,0.008799118892127793,0.004399879298058502,0.0057865213160326785,0.005606070636422655,0.008908604214984078,0.0030867974317168832,0.0055012432361002134,0.0034685579956013875,0.006007941900067909,0.0031997999653832314,0.0045392575236162915,0.0043391918263120865,0.007691873367822125,0.0024623498733532334,0.0040729206686626485,0.0025118843122652825,0.004098537004643234,0.00236152376300858,0.003291702696843353,0.003326280811594392,0.005897159778602777,0.029412429106328117,0.003882839335477243,0.02482384506452514,0.0024912438009782258,0.019549244206628836,0.001673682156535091,2.8321120672914644,0.8348841190224162,4.459832244243266,1.021885016384384,7.927684466973746,0.6586639796222993,0.9474117120486398,0.015494501795907768,0.9172740603012663,0.018893471849311002,0.8533145007000952,0.012227046938003572,0.7710997244719558,0.13015655880634702,0.9925111304377714,0.12814367642759325,1.379477635330963,0.09041690148280437,0.17114055611748927,0.011105816409639813,0.15734814543313363,0.008087409553037793,0.13969012366333294,0.005992792133186896,0.7293899404383232,0.037568428091064525,0.6771928814180553,0.03384798320962576,0.5998550941917338,0.03126243585150399,0.0007413847508418536,171.60149159948452,0.9500648008919874,3.9814984360494,0.00040076178927493726,11.718916377970322,-0.3514174960693186,0.996154584368459,0.28401990670850763,172.53794020262418,8.07972805031456,6700.551340308924,1718.0382079770989
182_Parides_eurimedes_arriphus.png,Dataset_papilionidae,86078,0.007191228859326032,0.00879968442927518,0.009666328583857684,0.010087588721571688,0.008099269034523841,0.008498336185952455,0.014676737492272319,0.01306579288890197,0.006201827050685447,0.006827084276717578,0.008107085476622719,0.008914343962380568,0.006733893945076787,0.006959916976999046,0.010502158334950036,0.011046959779371871,0.005629902354292196,0.006225621788290992,0.007808302760860926,0.01026035398080928,0.006320783331305305,0.006400492013867145,0.008675279700682211,0.00965772066986438,0.004680130640599238,0.0057153404419759924,0.006344780497738869,0.008797320704686274,0.005249810651202856,0.00550940137997897,0.006954276586793355,0.00812348532005417,0.012312528960392722,0.001788005385239028,0.01019492368927781,0.0010241803005310774,0.008092007720071369,0.0007262048338202179,6.257650266982896,1.7658179839640398,9.375172161364953,2.4329182906946514,14.637702027349668,1.8127212283539988,0.9402044125320373,0.01686460739734768,0.910477486106877,0.02317112279183603,0.8602966761817535,0.017180869922692108,1.4501894022342272,0.2313420364983739,1.8090838744653763,0.24354468244438604,2.341480539095581,0.19267921038702346,0.11068207164894595,0.007874514327266114,0.10083571395460401,0.005204083064583752,0.08986516866490389,0.0040322674638155,0.5644354585043934,0.04203219918733445,0.5095361512164519,0.03011952203675437,0.4436778799653304,0.024591442788322048,0.0002548098774723507,390.753057045825,0.9415644364734315,4.9554229108741765,0.00018858257310741584,13.075748164115677,-0.2621948516951306,0.9893638104274325,0.16461114038862268,234.79686584833183,8.492123582335177,12982.42252156624,3343.2938946530207
183_Parides_eurimedes_mycale.png,Dataset_papilionidae,91433,0.005589776852654153,0.011261934012102107,0.0035826798507539435,0.004251272707144217,0.003559142318807847,0.004149857764303209,0.004314440220641451,0.005341384626385309,0.003770433170531623,0.007553654273139233,0.002941660836912892,0.003795488189639774,0.0028915228185680255,0.0037110901621795573,0.00338127156981735,0.004316915623296974,0.0032936096363642446,0.0069083034069629306,0.002653389931512986,0.0038443378351739406,0.002674262558976208,0.0040140130936087304,0.0030714367509962156,0.004385638990595008,0.002959490336615966,0.00666940430207376,0.0022471843212515286,0.0037977863209366354,0.0022618126730506913,0.003931903380281073,0.0026894507749902954,0.004412320941144456,0.12960516075188513,0.008944143715162136,0.11790021379366547,0.003455987075845563,0.10331739803554386,0.0021725153434784465,1.9287557993632505,0.4383806908336685,2.663037994293573,0.40221230790150014,4.247467431212612,0.4573551342313689,0.9285558165594378,0.016271003912064524,0.9014980257417374,0.014943058260221768,0.8435597174948378,0.017189561907808824,0.6093116035865589,0.08834822271481632,0.7445323316419035,0.04825583463158712,0.9706030326765581,0.03001848891669264,0.3597935801704864,0.01239921045828614,0.3433287659283774,0.005056904167854768,0.32141260445861697,0.003366857685211877,0.7803188601113535,0.025091243154356613,0.7449120948125714,0.01065572143279271,0.6966235681966675,0.004357622603812915,0.005245715399979758,115.31046122327191,0.9329141924127713,3.6346931313142563,0.0005471466694336565,9.796232594933052,-0.31986126052295116,0.9866691212013743,0.3972356640071024,72.8354139214257,6.779978713250562,3323.009480979641,859.5799855507287
184_Parides_eurimedes_mycale.png,Dataset_papilionidae,98257,0.005555267586117854,0.007188653371235775,0.0061378784857646,0.007024936562668407,0.007623150995779283,0.008656869063352512,0.008853821704271092,0.008850646950141493,0.004940085969894357,0.0061649418285290815,0.005258828786714278,0.006162298828125154,0.005905738775171408,0.00678798194700109,0.006934924277529937,0.007563764563632045,0.004462121686590098,0.005901568994892919,0.004900070048908568,0.005918149222495878,0.005125189365748596,0.0060005699260488035,0.006208566969898205,0.007133749244024583,0.003986624921115871,0.006314394230040498,0.004103139016566619,0.0053843674082568425,0.004116351337081773,0.005010853920223663,0.005256410733151609,0.006817717644070389,0.02293013999838408,0.0029448986560953955,0.019329781182161762,0.0016354362139536346,0.01553854501005043,0.0010403378718444785,3.8126425572131812,0.8982772336509717,5.409846517412959,0.963228108317184,8.310684491925635,0.7707160741189188,0.9332793353474006,0.015802488919621334,0.9050929871201545,0.01723734237390941,0.8533300361413925,0.01446978587655587,1.0772122344814803,0.16425260135775904,1.329967313698599,0.14279868622036135,1.7141282672860907,0.1067129985469181,0.15112579323059028,0.009546445349393268,0.13890104542918585,0.006023351296496491,0.12458396880987371,0.004168899810602771,0.6394866527522621,0.03908729455224465,0.5876874613353815,0.026792683866122338,0.52200584992609,0.019979795726103113,0.000546264507065292,234.25013339270805,0.935771641960209,4.535546399118785,0.00026054670136119846,12.353016868764822,-0.2856425485994151,0.9909891586702194,0.2248441054980289,242.72045238402717,8.174925167980337,7062.590358163054,1824.2101228889355
185_Parides_eurimedes_mycale.png,Dataset_papilionidae,102486,0.003933621292724104,0.00610400253380773,0.00412929591672252,0.007019499249821021,0.004095683024855821,0.006339861634785084,0.004490800927641642,0.007057632210046754,0.002756799069704363,0.00457137460414553,0.0027758817598375774,0.004717819633009259,0.0027795253972716797,0.0045686004268018655,0.0033473865019449686,0.006127724252418594,0.002296505117517601,0.004155130822702379,0.0021864833606073317,0.003758360838808388,0.0022264616136051943,0.003844254783403763,0.002738709089486179,0.00494842282858289,0.0020305145279185094,0.004239411997257024,0.0017563249437471467,0.003174648790917956,0.001811373084879675,0.0034343735833025314,0.0023662268120403338,0.004516953582502355,0.16871500382862065,0.009387072942563876,0.15622476436019928,0.003182462090083757,0.13886118904940706,0.0018813691099965877,1.5235968035481338,0.37283822218054324,2.263995591101132,0.38109780216933475,3.9866174459925903,0.1150773851483714,0.9661505426395649,0.008264511239255283,0.9497274667173783,0.008446083285744279,0.9116914962241022,0.002428127943245757,0.5113109767633286,0.07767564472863622,0.6387688855397005,0.050969674350645894,0.8620928291123146,0.008417787021546488,0.41059034552404716,0.011426810187631357,0.39523228680665357,0.004025397593080664,0.37263227790008213,0.0025247804663009244,0.8141022794447661,0.021883504061273495,0.7830363968637901,0.009467705379075445,0.7392685883754007,0.003059254846428397,0.03039854432190169,90.69294321735481,0.968040481965976,3.3071157595341134,0.0008368664177650176,8.727014124194358,-0.37468485508999977,0.9902757620409515,0.49992133280315537,56.40560939488702,6.211344984029962,5583.945410983812,1418.6595885502916
186_Parides_eurimedes_mycale.png,Dataset_papilionidae,92789,0.006792503227828412,0.00914675229199477,0.007518352056705784,0.009398294632115342,0.008877672821488984,0.010913235957036171,0.010521750777821432,0.013526119983685874,0.0069493677392491425,0.007733227809235062,0.007470943077555631,0.009429860280494766,0.007749905255871011,0.009327951656259997,0.009633834148619326,0.013089693145256558,0.006854871405851614,0.007810297209170233,0.007012293936075988,0.009017007596568295,0.006811518992947366,0.007670273243764438,0.008978705839345522,0.011606661483711212,0.005654583009927833,0.007046683894144616,0.005568845174162776,0.007139057630111739,0.005290466748273031,0.0059098008145255935,0.007402107054232716,0.009743968654140461,0.028748998714865182,0.003128906362943645,0.024763209380376953,0.0013657731449885557,0.021030230596166544,0.0007368229865825142,6.956509572256848,1.892290962734238,10.222924578569625,2.1961779689272216,15.862258099355556,1.5231002667736193,0.9423733062704008,0.015674144725243734,0.9153657216554264,0.018171341305435726,0.8689342609720955,0.012531940264942044,1.4326312575147206,0.20959779449029403,1.7557531891215197,0.16208215570208218,2.1957914731673505,0.09867886828248139,0.16930832605461738,0.009148193452728916,0.15730215627690097,0.004386457684097003,0.1449959409188573,0.002531346128404135,0.5841622733719541,0.034846162780902405,0.5365995774230476,0.01803859553147411,0.487188893845372,0.010602556709922314,0.0007121315748109171,436.0807862576553,0.9436152338370642,4.907398620312892,0.00020363865151262463,12.335661595727293,-0.2410957237732272,0.981677729992486,0.19186800418637426,140.15073969699515,7.954267844227592,15031.770980209803,3866.962941616864
187_Parides_eurimedes_timias.png,Dataset_papilionidae,103774,0.004584184326282542,0.0054181241525252865,0.004714278645004213,0.006795198811535912,0.0050948698929968485,0.007570506717969387,0.00455523240007938,0.005627274946935313,0.0034883388095539283,0.004177578412557096,0.00340263909286846,0.005068816092486214,0.003499187946468118,0.005223843528243116,0.0032062443739758434,0.003821592412586316,0.0027555219254000876,0.0035881138398884565,0.002590027107564134,0.0039342670349222855,0.0025816808120894693,0.003844261742470804,0.0024656450822020323,0.003205117695132609,0.0022126296753533373,0.003361038900567323,0.001903588661573021,0.0029605705632002183,0.0018891152009404908,0.003000530872546879,0.0019337834785279485,0.0028061830554475036,0.08523798531910007,0.006400831395434448,0.07595787068105546,0.002886840793923266,0.064375283578004,0.0007496946879399622,1.3055151276395653,0.3179799932845651,2.0499933361823337,0.43494786347350367,3.762219263520049,0.18541628044632358,0.9635907382656175,0.008848521618670103,0.9428703623332745,0.01211332728081237,0.8954340574270017,0.0052288249156343366,0.5627963628866933,0.085008040434125,0.7237271942687932,0.07758821689790069,1.0056941104795702,0.01819787715766322,0.2917493055494116,0.010969413408936703,0.2755547591430136,0.005238835241849102,0.2537185665559536,0.0014739615992741834,0.7750290282640308,0.027461328228568175,0.7299226061482001,0.017944276802597553,0.6648387397089742,0.0003896296842220523,0.003873206173510148,74.93698865953132,0.967165574095592,3.657789390138217,0.0005861933774350874,10.366572499693653,-0.3371893871624604,0.9917578269520032,0.3568963045089163,75.18359748393131,7.1846532702360575,4488.911838002627,1140.962206665539
188_Parides_eurimedes_timias.png,Dataset_papilionidae,96754,0.009464153147748603,0.012629133116185553,0.00869852696013126,0.010114673986236016,0.014893405232391665,0.014710792852917263,0.014387644908105833,0.013045441501538373,0.00822900358503773,0.009728713859878417,0.008229913632749808,0.009246502693601081,0.012650298972729722,0.014255597278613847,0.011618539124433927,0.011886947559268675,0.00890556682706458,0.010123814557189774,0.00878492328284313,0.008893959716616186,0.011911758884377927,0.013775446862828167,0.011088205500712394,0.011348695748699308,0.009546571690910412,0.011596811395353691,0.009152257554685855,0.009727872454362397,0.01122451465964208,0.01367842535685381,0.0112764766135963,0.01246497587925396,0.007227708196400358,0.001008965222096829,0.006033861292012795,0.0006269254745844379,0.004795057008095179,0.0004190708632745701,14.746616877447487,2.6020266578374476,18.886182931659874,2.8676608688261864,26.047969822785184,2.6096195561268214,0.8837029458538735,0.02068062135889264,0.850815932931331,0.022927432681768972,0.7935359854180835,0.02116915839393153,2.3509935465072065,0.2551923311259948,2.7236462496738767,0.25309853244105274,3.293368639139258,0.2314889586349827,0.08481501585474811,0.005841342479189715,0.07756921422341224,0.00410832043238763,0.06918010548928918,0.0030282028640763554,0.44991386908785247,0.034803870286381634,0.40647273472995515,0.027271317705264964,0.3533906597594031,0.02332253832165007,0.00014634091840861133,933.2282245367162,0.8849719958733052,5.6478062330806535,0.00011195305139490318,13.887319915089423,-0.20757352744827579,0.9786997294459363,0.11529196611071207,230.4958877607863,8.728481436170828,15296.622165740147,4057.4625975692134
189_Parides_eurimedes_timias.png,Dataset_papilionidae,110795,0.005436799928016856,0.007546358906743195,0.005810905403136713,0.008571232712877817,0.005695676268719887,0.008688950325753843,0.006005624479344369,0.007484418347987687,0.004128340012249973,0.00545434482178663,0.004365702036682434,0.006124245534870277,0.004321965027119031,0.005583415120744064,0.0046290620379969664,0.005497794368538802,0.0034182088021436946,0.004779185511066682,0.003560959245051463,0.0048083471894867025,0.0035203285745415056,0.004451936912210111,0.004098233997342208,0.005111335836441167,0.0027737259201875398,0.004341434966142307,0.00275229838649989,0.00398841829991809,0.002737447672589364,0.003846546060399705,0.0035018584756104656,0.005165986984856836,0.07604238962380573,0.007583622732545837,0.06633528268795617,0.0033660077469361642,0.05585291389668959,0.0015003241063923606,2.279344107627195,0.5501228021989215,3.431282129791252,0.6221187865968973,6.012520778877381,0.20945893590554143,0.9582254849108608,0.01005861210140675,0.9371618895432153,0.011365340156686048,0.890117727144011,0.0037846541727682243,0.7568524103370852,0.11139907530727064,0.9461967947788538,0.085940629762274,1.2563501437570441,0.03136587470074372,0.2754209755411951,0.013626292809937286,0.2574716363806289,0.006605993296801154,0.23631109532430028,0.0031591333177086746,0.7228849126700496,0.0311762908568903,0.6771875852265421,0.018026490062095175,0.618118879686791,0.007792391456383076,0.0021128055071478907,136.81221712584997,0.9606979770264688,4.033960891498546,0.00039979634191701337,10.705508207459353,-0.27284820774447177,0.9812967059574771,0.2952903398305297,84.51083872126215,7.141322101701415,6824.176540447393,1740.2471893933105
190_Parides_eurimedes_timias.png,Dataset_papilionidae,72155,0.004780705294011132,0.00583970338015698,0.008002392727374517,0.00969265224858532,0.0039054657409730393,0.00617397281585128,0.006142803275356603,0.00853902972516375,0.0037335505570554,0.004545720071652405,0.005204574696332962,0.006006630055115978,0.003239323233031418,0.0044474142103402515,0.004398064417046151,0.006299699423917962,0.0031198025792870693,0.00425883980190293,0.0037452517860426513,0.004411793641972842,0.0028465280250013205,0.0036654018033748076,0.0035805459045166656,0.005099052601508922,0.0025374534204722207,0.003957749900423527,0.0026299976461966767,0.0034010366744421146,0.0022728406598495543,0.003222825853858934,0.0029064824704739347,0.004572781034762196,0.07649846614561742,0.006090087422283572,0.06827335984901763,0.0032950088595949853,0.0588758113880971,0.002414975718431866,2.030825781865433,0.5943339908715334,3.10213875042921,0.7139895375975803,5.547320858391531,0.8406326115264364,0.9487840122153471,0.014930056960115885,0.9218180161524092,0.01798182458505519,0.8605632435304821,0.02104491956115194,0.7181605681033814,0.1243034565403359,0.912100048651227,0.11701527281555901,1.2342526183930569,0.12308000020212742,0.27636083158976116,0.011097608239305943,0.2612172731698089,0.0062366695236366135,0.24259186651094666,0.004999769077881551,0.7314468618379524,0.03281654472547833,0.6836092573020748,0.026998958600833494,0.6221264020756068,0.022147212378039387,0.005559517877332989,121.44255199836259,0.9521714416292959,3.98197567687445,0.0004356009798016136,10.576585116314012,-0.3009047495809145,0.9869309605201899,0.318801459841698,70.05188677964449,7.147646996013693,4955.328446958884,1269.1927497393115
191_Parides_iphidamas.png,Dataset_papilionidae,58829,0.009018956490581941,0.008524973780659584,0.007605252850213137,0.00783814111124517,0.008269504973334002,0.008130396833059063,0.008340822035116024,0.00948266126822591,0.007804464675523437,0.008503522636394648,0.006596422698311148,0.007806510311043664,0.00694870488068357,0.007270327338501833,0.007090535918983664,0.009770941348800346,0.0070090041133775835,0.008191449122923735,0.005794723916600273,0.006828436443168877,0.005971207491708171,0.0069545699769870215,0.006026906654672151,0.007965367277443727,0.00601124027349225,0.008051878426527952,0.004743820951438768,0.0059104894855528094,0.004919458559663818,0.006347751237116266,0.0048938937789269246,0.006608667633501385,0.044189651590194626,0.004116832881998715,0.03840025563690657,0.0017862661376958004,0.03248790264176593,0.0005267275555595973,5.441177573441693,1.2677691403020817,7.861464537371187,1.1795649664710466,12.273185359812867,0.32967088345223905,0.9230589179048136,0.01787157058864371,0.8890227653138246,0.016552412127591166,0.8275273559692979,0.004444936313969486,1.2733569413467967,0.17375739445819852,1.55891190808227,0.12001734134848974,1.9813482043655284,0.015920904904999127,0.2099843144510361,0.00981016180921719,0.19590694317044088,0.004552499810018809,0.1802380725538524,0.001462820507844418,0.6144002272546664,0.0321280436274424,0.5673550141809691,0.01644097872890437,0.5122208534397641,0.005893247746993589,0.0013295891804903375,340.1679401709147,0.9247189795313242,4.751270501784458,0.00023329520489000222,11.679498591685892,-0.24333699185269492,0.9788956537584809,0.2205263922708119,81.12456410860626,7.6263895951135,8695.54533839147,2258.928319640597
192_Parides_iphidamas_phalias.png,Dataset_papilionidae,134104,0.0031912836500665293,0.005465453529095634,0.004020388680429175,0.005279238209284023,0.0030064492335261372,0.005847729246950009,0.003631086039597452,0.006594755596047782,0.002843408533863996,0.004383323563064402,0.0034888718472307107,0.005076152561519164,0.002655761131244111,0.00456709676711302,0.0032117271045505645,0.005100420258175162,0.002649633581544271,0.004137581719491795,0.0030635769708679144,0.004886205438165277,0.002535413008478345,0.003891411206903656,0.003078773353469613,0.004417104662018232,0.00227801704599013,0.0038945564069770566,0.002418039384518239,0.004169920107388642,0.0021350998972272644,0.003323490760976098,0.002568653753859241,0.003836406405740934,0.061848432950251137,0.0035003249054667285,0.056611610717598126,0.002009973583575863,0.04981709601131441,0.0012446689697767333,1.50910813263076,0.3252216708056042,2.192762913362208,0.3719722786192396,3.4268927879786553,0.10221031945889184,0.9401121256744647,0.01289012627092868,0.9130290967955513,0.014725526286388152,0.8642548308986435,0.004029050279171883,0.5333875269400017,0.07467603051136702,0.6632114595413275,0.06316380781265009,0.8486597739285214,0.03640140352830538,0.24859335755117595,0.007055177650797974,0.23789465028964019,0.004212609781112006,0.2231799723251966,0.0027921253981310823,0.7988762286510757,0.022444441518434433,0.7638136751687761,0.015534437254570146,0.7187244255665518,0.011205646436477281,0.00518750067228299,90.60114960801016,0.9441385042615134,3.508272910942425,0.0006257422228079164,10.039993175086297,-0.40622563653452376,0.9967308363791515,0.4499902422117972,90.3936893036708,7.239757614291095,3152.9790347179787,810.8950460814968
193_Parides_iphidamas_phalias.png,Dataset_papilionidae,140884,0.003196882693911808,0.005513415586890182,0.0040087721093856055,0.005300241423656266,0.003001322489580119,0.005758658135126418,0.003591501732756087,0.006355078067478679,0.002875809471766893,0.004654793980890915,0.0035303354390561047,0.0052498218156491906,0.0026919866484927343,0.00456506836371096,0.0031828490430130755,0.004923703380064655,0.002651673464902453,0.004414278054628404,0.0031389312333693245,0.005157040634899759,0.002540625258613795,0.0038272973440918196,0.0029891635728665927,0.004299192196450646,0.002231171502696654,0.004114930943331533,0.0024479190168159165,0.004404334842010505,0.0020981698033585377,0.0032539495549176725,0.0024499818216930183,0.003726407741512489,0.0629694217424761,0.003546755655148429,0.057673644075630706,0.0021900860416181013,0.05083328283475039,0.001346416722562979,1.4850362323675959,0.33008721587003664,2.1800218152336854,0.3848783706979308,3.400653193774459,0.10764631204448519,0.9417943867228725,0.012953731441498032,0.914578195024443,0.015045821968710812,0.8668392498847641,0.004141324952989944,0.525699954879892,0.07543686068361756,0.6569010527311214,0.06656984309426338,0.8413214316791439,0.038703765895993635,0.25083676334289157,0.007095061531679968,0.24011047486640452,0.00453915576516377,0.22544257766995252,0.0029878099467364585,0.8015165136011645,0.022526201370606437,0.7661496574929909,0.01662040637018747,0.7209296234476333,0.011586806937319912,0.00560616828683225,89.26326017951872,0.9457013001395169,3.4835209755662033,0.00064036271211747,9.986088062468703,-0.41115857044194315,0.9968901982325593,0.4561443597289513,90.12436685574275,7.220897434682395,3198.8183793186763,822.0204098745487
194_Parides_iphidamas_phalias.png,Dataset_papilionidae,78434,0.009977277302662447,0.01041514587602927,0.006425711143639366,0.006494060859611611,0.006999155705262929,0.007133085937015508,0.0073446942746075335,0.009954821683999172,0.007310559723782846,0.0071456153020497525,0.005383401189500466,0.005197495097322564,0.005669606775695941,0.005720431428452925,0.005498388842611626,0.006336584932343884,0.0051292123164113895,0.005201174360444314,0.004118596509966848,0.004201575062621883,0.004242518627422422,0.004553981612252125,0.003979451576443694,0.004283229902041724,0.0035608060271463925,0.003944891696012184,0.0028947668302158358,0.003210857543190317,0.002966554966303254,0.0034489544414046014,0.0029046094790377733,0.0033426975222600906,0.030397171489380675,0.003078663009991058,0.02577733585420064,0.001752893006762761,0.020909246390543486,0.0006330692805671588,2.4180365730347617,0.6572019902503263,3.8922678173100174,0.9560984855060513,7.249215879399395,0.7079719147055455,0.9651836478750937,0.009480384512052874,0.9438534256566251,0.01384927129801953,0.8949387768801024,0.010274285981547063,0.9232223703228768,0.15424940153896588,1.1865016556317596,0.1462392541644019,1.6334805133227386,0.10679499630212423,0.174125447016848,0.008803419254104182,0.16045910193773064,0.005496586171216932,0.14458372697965263,0.002189128414859881,0.6562069313133216,0.041704665294739096,0.5980403001275143,0.026986777898429196,0.5232407190577655,0.019078456766050772,0.0008513078538014739,145.16302970810574,0.9672781085178084,4.370756553770542,0.0003652884433306965,11.790114089287336,-0.2908709049576924,0.9900169520578375,0.21833986352969065,98.92955425559016,7.883477222564944,8728.755334972164,2218.479591170067
195_Parides_iphidamas_teneates.png,Dataset_papilionidae,92238,0.006767690910878585,0.012550110444306737,0.007010094663761512,0.011584385484000159,0.00879429018549565,0.012513547233935367,0.009744827903355298,0.013188226219005481,0.004160077436260021,0.007618387301567813,0.004627087793254268,0.007295494086025883,0.005059842898136585,0.007586579745683299,0.005736741923127008,0.0075437104705769285,0.0028924884707821857,0.0048128473901432,0.003266967965285954,0.004770792645727128,0.003257268754610277,0.004497405403024712,0.0038885677816440332,0.00509236022236802,0.0021683665709794097,0.003345767308822942,0.002270144627869167,0.0033004894776177763,0.0022074158146524873,0.002900579810501683,0.002799062380734277,0.0036274765689787605,0.04354499393922668,0.005371104933285553,0.036661079982179295,0.003348019479474666,0.028782713171602657,0.0020611706659299017,2.899454498236402,0.8284213406089735,4.946407084663954,1.299027444849208,10.317683350464407,0.9043081281355952,0.9738507301076507,0.007463600367433547,0.9553971830260224,0.011689965333769065,0.9069054392696876,0.00789136863653179,0.8099441160366321,0.13889137085715972,1.0670241721242346,0.15286205469058609,1.5623333148943102,0.11875033204120877,0.20829177334905732,0.01263056191670088,0.19126045704223232,0.008973157425103663,0.1695458895621038,0.006074907752184624,0.7199906076022774,0.03679072611627248,0.6662740853691254,0.03127260070476003,0.5879653852188826,0.024951319130032998,0.0010672187350223314,176.55189580311972,0.9750928255230504,4.054422456079653,0.0003797056239491323,11.356325082228473,-0.3348345574829621,0.9941709781007773,0.28025320036569723,103.97437249027338,7.808764599223647,13999.006855481737,3543.889687821214
196_Parides_lysander_brissonius.png,Dataset_papilionidae,95305,0.007725110468586397,0.009302032427114222,0.008288359373290654,0.010256045879189027,0.008634795813172206,0.009149760563180643,0.010074220293966655,0.009947829389675037,0.008052127186367915,0.008721852860985105,0.008349315662764352,0.009488150632047655,0.008317944683747741,0.008546968339278462,0.009224381384034105,0.010405587730310693,0.0093274742554153,0.009353635140583298,0.009338400087192868,0.010058376239851202,0.009440173274050055,0.009589483477327269,0.01048939829620738,0.01137250392242061,0.010237329341216437,0.011169823500063762,0.009374172610038554,0.010340521677745847,0.009422368453347032,0.009936114631987404,0.011252174530518329,0.013304106391547142,0.008814976525575235,0.0009125971508051338,0.007712020819390536,0.00026021732852560416,0.006845116443625678,9.987151976728114e-05,12.16444774882672,2.067639591367095,14.992988683571639,1.1440696280511438,18.848964231688594,0.8627368653954371,0.8521115769731512,0.02506341990621454,0.8179348607782249,0.013720801454041202,0.7718637786983781,0.010226496441438804,2.1426465028919606,0.21691930539826101,2.422867492350767,0.09250000295060531,2.7559572286107192,0.060350874780075656,0.09376218260800315,0.0048610326226744376,0.08780553823381546,0.0014860265342545311,0.08273301870214653,0.0006033738939908741,0.47253528467052086,0.03069700178288936,0.4350509932493375,0.011083760510457948,0.3965387457034668,0.007025148741762172,0.0001653535283792403,768.8697867408708,0.8537104574999294,5.5126778458669055,0.00012594977739366304,13.516188097622184,-0.18842104845480634,0.9682099519156309,0.12919231605931056,183.2689868410173,8.3858594544447,9741.745884417254,2627.653917789529
197_Parides_lysander_brissonius.png,Dataset_papilionidae,85974,0.006024233363525635,0.006783007355520351,0.010785944712310903,0.009875119854424358,0.005461706934846225,0.006400702037786651,0.007213005950167935,0.00775598005529394,0.006976673483683049,0.007604681235165562,0.010524618275814806,0.010727099782801758,0.006196371695872132,0.006661500624435993,0.00747494648272738,0.0071132885594086155,0.008222138245990204,0.0085101280299558,0.010311591923533144,0.010740344934062415,0.007725172841412164,0.007649578140754726,0.008525830194361712,0.008006509234003966,0.008907927718396744,0.009934589916902997,0.009479095151571531,0.01002413988698618,0.008089133807366826,0.008323690498034568,0.00879817459121431,0.009270294172057507,0.006139695191113424,0.000682292163106811,0.005307293317081577,0.0003706470282913209,0.004620071543760767,0.0002703254658681129,9.207913869888078,1.8950237119490871,11.729043112781028,1.6706111487356483,14.700734626061232,1.5759978371919403,0.9205758799629635,0.016337535689133105,0.8987883863303172,0.01439385253449237,0.8730959078768314,0.013517702013709035,1.8873783638148165,0.2075137977453412,2.171993557946396,0.16514069970928613,2.4801426472289547,0.152053906001936,0.07823580991770326,0.004342031510068518,0.07280603532348952,0.002564086105491384,0.06794192903695884,0.0019914372944221203,0.4872996396860305,0.03225771899157176,0.4460728772447137,0.021387244556251846,0.40465376047794277,0.018840376212791672,0.0001246308862256518,580.2055107513899,0.9217374801158907,5.355311284653148,0.00013457561459035377,13.674362804506725,-0.2393855248258808,0.9872197100382998,0.13127740807792893,225.27746401594231,8.722917105498333,14246.766440032756,3706.7429876960323
198_Parides_lysander_brissonius.png,Dataset_papilionidae,146519,0.002335552803926438,0.0033949086064897936,0.0031894295167898,0.004402685191421256,0.00316342283005591,0.004448402225375007,0.003503793945157885,0.0038623487115982905,0.0016986609446330255,0.0027269245882900832,0.0021692624215553943,0.003181189716533869,0.002167539147074398,0.0031081567780694088,0.002367366425464288,0.0027447578496421435,0.0013577639023354504,0.0022318811764655165,0.0015182079281444304,0.002268961834170645,0.0015030596588604568,0.0021618505486470274,0.0016528561397016034,0.0018705783331792894,0.0011985016996968964,0.0021213535874632663,0.001112827869593382,0.0018365467235248608,0.0010985704349893671,0.0017955341871051735,0.0012927351901342997,0.001584957967531198,0.1158643908619289,0.0064124598570095,0.10642664355002934,0.003995457786181881,0.09361909170397847,0.002153145958493968,0.5459124940412589,0.12338419188082328,0.8370969348133441,0.17775945029199527,1.5121242170337696,0.11472125609592797,0.9515370107702977,0.010943174697495187,0.9257213834717594,0.01574735912805586,0.8660551591148142,0.010136542137158026,0.34319447243206813,0.05463310588491617,0.4473879292717632,0.059206836214249665,0.6336820330735778,0.03765243898734635,0.3402590292903399,0.009390625555548648,0.32617261157015975,0.006170171110351399,0.30595224172266205,0.003509628022491099,0.8465028192513854,0.021593455801277864,0.8099243113299808,0.01957098924133383,0.7542808465514752,0.011439370799963832,0.006620895475902851,27.855115914828374,0.961033329436457,3.0562777440790603,0.0008115205591210327,9.32198444721107,-0.40000664302856803,0.9946725489779552,0.4785862774673586,71.95796932417116,6.765635542694065,1401.7406479622566,357.3989409692708
199_Parides_lysander_brissonius.png,Dataset_papilionidae,88685,0.0041058764550342495,0.006402766603322663,0.006058403930419813,0.008094317788947421,0.00512516978005195,0.007293369385367873,0.007715760390311768,0.009274317674311363,0.0028191978809010594,0.004154899331493343,0.0037945187006002477,0.005403788169517238,0.0033604964687674777,0.005011091422973372,0.004309279232934141,0.005828945857212871,0.0022118276597776956,0.003344690775983835,0.0026439881280987975,0.0036452574200924216,0.0024359627340185433,0.0034066805363279352,0.0029644216816442823,0.0039325423029827845,0.0018388035491468805,0.0028337200980125187,0.0018950844730441893,0.002673416171095996,0.001798173912333595,0.0025120008569329442,0.0022623113966133987,0.003005910085375914,0.03382302324455844,0.003300008833475459,0.029015968969901634,0.002210587080323793,0.023130516949963244,0.0012699264614095232,1.440545671735222,0.38831567877331624,2.3564472844139193,0.6595186379576274,4.621124348412817,0.6495023364928869,0.9623388396739707,0.010154794622743076,0.9384091149893883,0.017208719881315435,0.8792310931882632,0.016910341133909063,0.6150412040391053,0.1039790661272405,0.8084165802146439,0.12326944356536693,1.1717471952177745,0.10378614305578684,0.18369575008357358,0.008882265802806795,0.17021299427336903,0.006595873740125646,0.15202931485352641,0.0041957568006949575,0.7569347390161614,0.03194728865068731,0.7056991329290427,0.028749741631242755,0.6279890718388396,0.01962220344439324,0.0012216231455685937,83.5693520752622,0.965603405467099,3.7760796834384243,0.0005485053931753842,11.309967556779124,-0.36415547625273464,0.9963545256625814,0.33072878316708487,124.49174086616651,7.88722284462288,4775.725963311597,1214.8238288467137
200_Parides_lysander_brissonius.png,Dataset_papilionidae,146530,0.003147815296283889,0.004445764880896435,0.004068785888398931,0.005940311148535749,0.00424312194035147,0.0062826987814291815,0.00476136373974412,0.00495739909748184,0.0023434306185353424,0.003831894422888747,0.002916730383065435,0.004103119144291799,0.003075694970954669,0.0045389306044095286,0.0033898186117666887,0.0038609877861321648,0.0018620508741681214,0.003062002432409717,0.002197800806878176,0.0030950400873328596,0.0023217646757189556,0.003552026692250645,0.002413100268572508,0.0027409912327009634,0.0015724151431338166,0.0027185103377927967,0.0016136137602579149,0.0024737511423646758,0.0016852744875293884,0.0027857217658730023,0.0018189444021193505,0.0021834609623259237,0.08363890954843677,0.005640697086472864,0.07604020680264882,0.003171510695416372,0.06645849064066262,0.0022293042615875018,0.9816941293235251,0.23533620801916694,1.5510208106927241,0.3459521240382271,2.8081828521189083,0.1890589636376272,0.9557872563714878,0.010589604505728434,0.9301885816760797,0.01554526971800974,0.8738173216925731,0.008440663709113188,0.4910500289474422,0.0768356085227881,0.6362497359421901,0.08194386019872198,0.8833516242011943,0.05006787141152787,0.2890408385474602,0.009710983483551783,0.27569254359213513,0.0058162023991191174,0.25775958162380547,0.004299851367592999,0.7962091698863214,0.02709437798729022,0.7544139671987161,0.022678266716678726,0.6946505970935818,0.015297484325072337,0.004658442543730972,55.04754534021541,0.9608920148788656,3.4950904657628845,0.0008287373438034757,10.210862554328534,-0.36365492931743715,0.993987564905925,0.4002572435102469,89.38938698978441,7.189499932100587,2759.91099710305,703.7396356108162
201_Parides_lysander_brissonius.png,Dataset_papilionidae,70889,0.0031425868305110407,0.00470220146819767,0.005284214254545468,0.005738680110432261,0.0036250095369698733,0.0065401119377691925,0.006690000155325314,0.009168275151659265,0.002521534593625313,0.0035506140404125883,0.0039127341729799925,0.004897473877248504,0.0027615921701793244,0.00483587498748626,0.004496853230139798,0.0061110599890211595,0.002161323439283285,0.003060638430058133,0.0028702020985561473,0.0037473666173541316,0.00235985413909245,0.003762518741751822,0.0033387495493150143,0.004615461230681778,0.0018565267536756278,0.0029883008723511203,0.0020493340443317925,0.0028508986689151955,0.0018456031248837012,0.0029117309906448834,0.002463215144241574,0.0034553534961294556,0.09348419809460136,0.006457159830282827,0.08427822936629052,0.0045495554569844965,0.0728800975140427,0.0031510505830230516,1.5317281219653696,0.4151513978296568,2.4070269517244927,0.7302416304500507,4.443678315854407,0.8139778709750748,0.9423365542242902,0.015609542207695299,0.9095037083551607,0.02741033123749979,0.8334739939112673,0.030479424743663268,0.6014535533589969,0.10804848732275392,0.768444052638542,0.12069553455454347,1.0600602903844547,0.12362316939027446,0.3055693705085495,0.01056209740582635,0.2902008476716257,0.007854767785263008,0.2699000160153688,0.005837710933781972,0.7658400686511992,0.03336156784363398,0.7217201713003023,0.027973743476760606,0.6602073482100401,0.02592607683080288,0.006809921580361947,89.69151062637687,0.9469212104931143,3.715595352256339,0.0005543516017800144,10.141732222990028,-0.34236754764474314,0.9914786998323574,0.3793198932271618,62.84672911709052,7.0578403493978765,3289.542743734231,844.8085635901516
202_Parides_lysander_orinocoensis.png,Dataset_papilionidae,361883,0.007406272867409047,0.008281400968101855,0.0072929567705577545,0.009271198921216793,0.007595535886624894,0.008666028941084704,0.00672837142885409,0.00727899910738673,0.007242176647535569,0.009152424454051242,0.006902838888405547,0.008989912437063046,0.006914218726202696,0.008528822784266917,0.007213008637166712,0.008617427677713474,0.006225541670293234,0.0084849755691393,0.005557298037052078,0.007377759215455225,0.005881706257941858,0.007980348578169942,0.006278526737882789,0.008025098561409517,0.004711925875668682,0.006533801187278807,0.004082963119404531,0.005600171152870023,0.004315260436608184,0.006071946318532544,0.0046319165937459056,0.00610593188441751,0.01527775632952806,0.0017627098508929562,0.012688631111573104,0.0008746126992801863,0.010092425771179855,0.00023518142221717764,4.418776507362349,1.0974872810128877,6.705236769527366,1.2126237875407193,10.515868652910298,0.14603875749091183,0.9416521031164408,0.014485492751675383,0.9112211655236224,0.01622100628150978,0.8600753986026557,0.002018947485640954,1.1260008962943233,0.1600212962836159,1.4168744355123493,0.1330850867608368,1.8467618829897414,0.023311885323301865,0.12339625001108004,0.007149951939075532,0.1125771822103341,0.003874165349380419,0.10045421643451624,0.0011731034512019133,0.6346877654523123,0.03372599931393051,0.5798842365470489,0.021785164121501614,0.5099638093552651,0.005592153396041511,0.00031909322503361577,273.3491384515122,0.9435208532536403,4.577157165460663,0.00025488268566229035,12.739227998502475,-0.2853925321483688,0.9921506175523345,0.20935253726612008,156.42608428671448,8.409813229053722,9406.617340882607,2419.9916198335313
203_Parides_lysander_orinocoensis.png,Dataset_papilionidae,156681,0.005594541153144006,0.007915809886891332,0.007678065286734708,0.012051863445185895,0.00809785984509735,0.012802042430019622,0.010839710501385661,0.014836573881639942,0.004776135135212198,0.006761081163795695,0.0061844949678718135,0.009660362646933615,0.006414464976194214,0.010827616777365608,0.007360789206914466,0.009960161066433026,0.004127279303439113,0.0062511625446095755,0.0052483697295898765,0.007981700330342609,0.005336916983761592,0.008592758116768023,0.005555171805202007,0.006734127280128372,0.003676056517663833,0.006649102044724331,0.00444466959326122,0.0073192353593485695,0.004439549148693711,0.00739235461283202,0.0043502720249225975,0.005542430306872931,0.06056264050154363,0.004140165664836645,0.05481523617257712,0.002124194055561549,0.048519957177670554,0.0008872833187860401,5.066142971975915,1.0682819262477485,7.784596341309457,2.0612436622913664,13.461323181782324,1.939589083733036,0.9503336792841053,0.010457642133279807,0.9237899715953684,0.02017787717625785,0.8686902691599628,0.01914675192476477,1.1446147406942893,0.15061151295460967,1.4362848691694137,0.20032840628276094,1.9108524541733667,0.1549355119156324,0.245951832951592,0.008386678084664654,0.23408189513625002,0.004571929789353243,0.22026330142074843,0.0020087869232647227,0.6578168514473468,0.0313554458422679,0.6142672549667025,0.022173663594006483,0.5617458323014825,0.013454731269434451,0.002627813179886037,316.62846566485996,0.9514080820664763,4.533588112806167,0.0003023440365464248,11.69574812891827,-0.2928064289976641,0.9902005217829744,0.28409860478562676,98.64947372614193,7.829938564724716,12714.741336743153,3257.8424506020024
204_Parides_lysander_orinocoensis.png,Dataset_papilionidae,269780,0.004500425568941001,0.00683989662124262,0.0054688177716361195,0.006191738868211735,0.005448897119409749,0.006474451114422415,0.007324109681888065,0.009156957932680319,0.003828673065108159,0.004638137029410886,0.004255169429877868,0.0043873639489826095,0.004823614064045595,0.0055031127522162295,0.006463215550053238,0.008092247874967987,0.0029585996091565955,0.003474712026717958,0.003316381555252561,0.003261137335252583,0.00377696538318599,0.004202830848576688,0.005111352334042309,0.006393972908742717,0.0022726563410854672,0.0027427951483692697,0.002408174563593528,0.002426818112358759,0.00261458366989508,0.002899696496403031,0.003623919343493411,0.004594680406013395,0.025063805225332633,0.0034593002739545554,0.02079540974418667,0.0016536986220544387,0.016578759506477955,0.0007957100566153266,1.928346324406352,0.5538184543564514,2.9833741264804665,0.7630998375841158,5.225685133129297,0.5669578930285182,0.9362827265329892,0.018319237429969708,0.9013300384396687,0.025334885541109624,0.8268103474027598,0.018938341451506337,0.7752230037764042,0.13678018112518725,0.9867361405031048,0.12406002032100874,1.3313877282254831,0.08909671910941637,0.15795173134356696,0.010726406243578592,0.14408736200070518,0.005851654113531515,0.12872168782582166,0.003080030803364352,0.6999795775160089,0.03975094920572389,0.645021994653072,0.026153273653611715,0.5745075057170841,0.015292272696796918,0.0005469589705963591,113.6343861318604,0.9409283465932341,4.108358263394429,0.00035994702244145023,11.77283470209542,-0.2943643955694113,0.9902269940800512,0.24467385294967925,128.28006886662192,7.871814696207654,3734.14569977221,961.945021476015
205_Parides_lysander_orinocoensis.png,Dataset_papilionidae,142264,0.0045659867901039625,0.00688832559476452,0.006282639530975178,0.009372399039246932,0.006020394307929248,0.009486622095908073,0.007676366454269133,0.009362155515847835,0.0036981134694817844,0.0058024183028729595,0.005153408698223984,0.00861628268855197,0.004905674904442456,0.00840693803265408,0.005975933095353597,0.007811207203781837,0.0032760588747579853,0.006000995823849367,0.004481182931500401,0.007345316566829044,0.004399262238116966,0.007474842547525959,0.005028307116602652,0.00650001350913145,0.0029270978451367193,0.006406714654388504,0.0038039813481454926,0.0069355405414455625,0.003808706605729733,0.007080119843454181,0.004050882772170731,0.005878179056928653,0.10393435400881183,0.003764130529120103,0.09870866711449898,0.002253765330266258,0.09350343342407749,0.0009964132829879855,3.6982338828272736,0.6655014007001882,5.341130505966976,1.1469174023177446,8.398971875767348,0.724245705443454,0.9125754656335033,0.015715464013753254,0.8735707504260245,0.02723905247567977,0.801150900795025,0.017335680496326007,0.9021576467985066,0.12167553055000088,1.1141780696773491,0.14442136801887842,1.4435644888217822,0.10135793540339759,0.32233598752307113,0.005819377659025689,0.3141586548845622,0.0036064768987964088,0.30577897537439935,0.001628386643265419,0.7119032895164639,0.031388086425925284,0.6736135841546425,0.02202375918169084,0.6282040273745596,0.015544404399238782,0.01214505160826384,230.5907143204708,0.9154386294490962,4.1780684663140795,0.0004141005785796019,10.588362632703792,-0.30273704266036117,0.9875641363005323,0.3589435226418044,67.56891583026824,7.173892712106753,5222.914638389474,1363.3763381774866
206_Parides_neophilus_olivencius.png,Dataset_papilionidae,69185,0.007665716115937553,0.008322457081764312,0.010834643863214755,0.011372792541851863,0.011507990462924078,0.01144350891664904,0.016242082579781266,0.012832728363110866,0.008780110369536007,0.008495257342867766,0.010961713045005508,0.0106332492251134,0.010025555155082959,0.008945029929650971,0.015450679698649092,0.01605720909858796,0.008284112305522926,0.008358744415303028,0.009339681716730575,0.008156349659519698,0.008741708607163792,0.007632449826947317,0.013402825772422343,0.014070202112821013,0.006267408526661265,0.006899775768262084,0.006697067244676199,0.0057838321509157764,0.006493776228944751,0.005569671504246827,0.00962709816755886,0.009733095561034298,0.008924455798028239,0.0014077880598075314,0.007310482820304463,0.0006367207076769451,0.005985536603274632,0.0003897640594423622,9.18878188337559,2.822166085902092,14.028773869030296,4.0283402351359845,22.597452514701835,3.4618350401274154,0.8703417289692843,0.03982689610363928,0.8020521487332164,0.05673420129451245,0.6807973824967494,0.048541339547213146,1.9723088045955115,0.3406676665511421,2.4690312362150992,0.32784777711599805,3.1801716446603128,0.2625224338429401,0.0941893937731915,0.007267317157446246,0.08541602907020099,0.00381900486816192,0.0773257465070762,0.0025031041524524933,0.45459669826592464,0.0448744837358134,0.3969173683729039,0.025606185366710405,0.33942719616220873,0.016562148363725007,0.00015743291165582184,578.0770675836042,0.8722658525177164,5.418613795577911,0.00011904175590544117,13.500017208214434,-0.1897020357060753,0.9672186234817954,0.09674218927274086,186.38608364919963,8.397175858498958,8473.170506595212,2262.811893544708
207_Parides_neophilus_olivencius.png,Dataset_papilionidae,107276,0.007463813290071426,0.009511969692624687,0.01105767666267019,0.015930906542713726,0.007720521260224638,0.008796762722742216,0.009509862455171353,0.011669419876889327,0.006521583662281588,0.008978555848429524,0.00842039569344387,0.012308050652487995,0.006254211903315714,0.006675600402875493,0.007401979486897588,0.009408459763002709,0.0058274016269728645,0.008090767419624076,0.006561623631468365,0.008666442075351466,0.005563127837228678,0.0057912879780094,0.006656672290876713,0.00757754889478911,0.005173243707550682,0.008063626992116879,0.00517725456634665,0.006697572373719547,0.004684719213695758,0.005506511878658701,0.005695605243486892,0.007102292540730925,0.031393168856563444,0.0032390535137400795,0.02709340955536607,0.0014166561255597582,0.02269175679877314,0.0007299824516576154,5.693891534507334,1.4798543298879707,8.33374153710253,1.5858532233629092,13.672108873970004,1.8786247835515733,0.8998775674912549,0.025953816589857664,0.8535434738437577,0.027805463507671983,0.7601912489606546,0.03276699462569805,1.3092206414971013,0.17898268554279306,1.622022054905945,0.16154457837396968,2.1236279770545874,0.12031340094567942,0.17694760132490428,0.009094792022151155,0.16454358971721,0.004337814926957632,0.15061835955403538,0.002422099094682027,0.6002960727559778,0.03209457033247079,0.5488869095077519,0.020993540088925122,0.48839968449767746,0.006973939184201485,0.0013386130000538619,356.8509337129743,0.9020618127252645,4.815966602574859,0.0002129511511583827,12.111911635806745,-0.23406469033552266,0.9782842395076876,0.20811872590943908,89.93151875692934,7.84382507679165,6929.0894365475215,1821.4850925651226
208_Parides_neophilus_olivencius.png,Dataset_papilionidae,66927,0.006844434314497238,0.007036005862811336,0.011293503649571941,0.009528545073988204,0.0077934163423815,0.008159387898922779,0.01538768053087877,0.015307885846588869,0.008666259540080769,0.006931130834998456,0.011867508687882791,0.009340208783994585,0.009480766486368001,0.00769402147330135,0.014151763615391381,0.012985196761189048,0.009920882146924243,0.007587527917318354,0.012718287745463023,0.009774427453706403,0.011039449393842634,0.008428492039618065,0.0140589184068597,0.011609809899197743,0.009594752920041014,0.008427795401811706,0.011124127791413148,0.008862275226616078,0.010186650386539544,0.008114894751134652,0.013083958525796609,0.011132823383882898,0.006626493961176724,0.0008282354718153164,0.005708911761727355,0.00042843475033445223,0.005106578808536271,0.0003437951263426195,11.741261559263958,2.6830357981014052,15.884767505090009,2.9090236590026284,21.117391750108027,2.8689729489085476,0.8025605627325434,0.04517958946437731,0.7327003910528694,0.04901870368099839,0.6444824790811047,0.048330000901887424,2.3973594716097653,0.3099970639551609,2.819884749870749,0.2582666478002863,3.2572024091168554,0.23988970801920448,0.08124875365539276,0.0050133811566670135,0.07550291082731408,0.0028674410769904007,0.071419790304833,0.0024067325048609204,0.3756705798070239,0.03722524664418468,0.33182873646060895,0.021252075710962534,0.29850804323877866,0.017796477629073448,0.0001136140754720568,740.7064152032464,0.8049658940560402,5.710168034343003,8.543185231133414e-05,13.71883182419802,-0.14267837150782225,0.9342619898861118,0.06744034792197916,191.14160950436923,8.2992356841354,6855.543313936358,1899.062432284897
209_Parides_neophilus_olivencius.png,Dataset_papilionidae,75375,0.007346469913913839,0.01109921379850025,0.010992855900036682,0.01091582680386645,0.007823981011640356,0.00880898167827811,0.015998492863500385,0.014379683811257867,0.006381846764298166,0.00787346196595228,0.008857154572970238,0.009393878578490292,0.0061427542508234656,0.005451324760185275,0.010571058820463096,0.010501257982248784,0.005481852887454706,0.005712505459212719,0.0073262341179183964,0.007440054836685339,0.00552596976663917,0.004201536232710358,0.008418322580949726,0.00799076415800442,0.004335588273958877,0.004890041812279486,0.005476314522203072,0.005846651792514794,0.004467376995641582,0.0035789352452095984,0.006424532260223726,0.006126488139898339,0.009473782664796414,0.0017582493519370003,0.007669538449576072,0.0009269606418871858,0.00602509913221626,0.0006452315243815216,4.9967770876432756,1.437123528173562,7.808691610666001,2.170624485598166,13.937694866910526,2.2059297131480293,0.9331362120593151,0.019228961555673323,0.8955151478915823,0.02895822124982795,0.8132622289632541,0.02933541911478066,1.4527385213136685,0.2538782641421281,1.8348066018828793,0.27016105927468426,2.4710680980996296,0.2589693115109111,0.09693788952875579,0.008765171904027508,0.08740780849500757,0.005423418080523755,0.07751072221671396,0.004145729569046431,0.526247340777073,0.051007550020495535,0.4647675472848061,0.03462988570132457,0.3947338531087422,0.02691783169234355,0.00016706061177991478,309.33433223835465,0.9352113666876236,4.990299374778864,0.0001620158048213109,13.29052286084293,-0.24452485905253715,0.9861871805224193,0.12018805676735116,250.05130295660746,8.538489875052722,9239.173074509743,2387.1268516870314
210_Parides_neophilus_olivencius.png,Dataset_papilionidae,105923,0.007551970679959326,0.009575367535529981,0.011194073510835685,0.016026105122026617,0.007618054220268866,0.008661466187410944,0.009446036142765934,0.011362579395667552,0.0066086761322859885,0.009266114230072744,0.008492850338929494,0.01239099451112526,0.006190596655166142,0.006663866948271056,0.007363630850583422,0.009107009330394586,0.005933886304228985,0.008469869358039329,0.0066072017065414755,0.008687492627584175,0.00550586670756694,0.005750094873541567,0.006618246877946401,0.007508873922943101,0.00527472887287459,0.008396399338617666,0.005145507589915458,0.006575947023423058,0.004631919445075303,0.0054100132883524235,0.005700862635531121,0.007208273715832809,0.03154949005852195,0.0033163956419667274,0.02733154299302315,0.0014053184722819137,0.02283357602986895,0.0007879440839631001,5.720502119926369,1.5084807167790095,8.375672338943588,1.5525446640162066,13.721357244987255,1.8769574069416197,0.8992669847912947,0.02650744533619239,0.8526061913343382,0.027276142729367247,0.7589405757475159,0.032853875016374885,1.3145271732797963,0.18303152599972206,1.6271082171545044,0.15821019958907295,2.1296645793727635,0.12147637975039488,0.1773791188783925,0.00928106914353368,0.16526703292251146,0.004283785943843214,0.15108539995320236,0.0026034497978312653,0.5986352131283955,0.03269575609865902,0.5480197464549584,0.020165001610138844,0.4875577722069733,0.006889435113388322,0.0013630647171062583,358.57875492458254,0.9013740956508012,4.822856547840466,0.00021174102658080775,12.113277700949414,-0.23355121903134124,0.9780668096589742,0.20809738525800967,89.80978227320962,7.841857106833977,6911.823004999669,1817.6004399810624
211_Parides_orellana.png,Dataset_papilionidae,82860,0.006039957983195616,0.006937790631673299,0.0076671422478037585,0.00803394908806793,0.007034644606166794,0.007503680739667445,0.009604173453289436,0.009736596338291329,0.005518197266118011,0.005719291082684649,0.006372807824280494,0.006745697557722009,0.006138417491068576,0.006311007984784339,0.007839253981191383,0.008108954714884159,0.005562355794541438,0.005994492877447062,0.006135163597108435,0.006765169850174919,0.005851062029464199,0.006089612430957744,0.007430100004010105,0.007772757388821454,0.005280524983012936,0.006917402427777691,0.0053766747764935376,0.006641129685253467,0.005139474916586284,0.005908066735412173,0.006701015479414273,0.00793756027921275,0.019014421113595758,0.0023727493542560836,0.0160891514735785,0.001074510671093143,0.013277901022910484,0.0005855355206090166,5.049506089166324,1.086257023859098,6.85837756265903,1.1112861014640636,10.03057954284063,0.8553469255313016,0.9048156200402404,0.020487015027753602,0.8707109500811483,0.020914126601682043,0.8112152582505001,0.01594932641359737,1.3405882810050167,0.18272443680389253,1.6080482842076016,0.14024836402060215,2.0039461923863207,0.10767656034234256,0.1376304768499977,0.008501350224405338,0.126769744965672,0.004310827637122444,0.1152019185995559,0.002533569397467051,0.5739051696976749,0.039056603995908844,0.5238156604861359,0.02034588834370919,0.4651308450174437,0.013976213293150847,0.0004247272185082968,313.1267772831172,0.9075341703944916,4.868810330560278,0.00019492501056889044,12.525270575667562,-0.24009889869540127,0.9821923003953966,0.17044653337506446,138.5568711281138,8.08539598937032,6459.807130817889,1693.2334770252521
212_Parides_orellana.png,Dataset_papilionidae,80076,0.006489709287463785,0.006709594417130395,0.009063660850248411,0.009114599763627848,0.010158967103564504,0.014152006046097489,0.011064121557745771,0.009288296798537262,0.006042109288954202,0.006141154377324308,0.008028037733820515,0.008205819032633978,0.00787278551840653,0.00973001798030747,0.008679230334954975,0.00773903974939856,0.005363292995265782,0.005725155818064785,0.00725014475692925,0.008052507404850043,0.006653409881743172,0.007445127057926297,0.007376366026929785,0.006526695293150977,0.00429697701713152,0.005277593663585626,0.0055793872045949424,0.0063118070118153465,0.00512997943281934,0.005436831841199662,0.005894471317830386,0.005689586948955499,0.010261797333193086,0.0015012049277828036,0.00848898895954178,0.0007803327355893058,0.006972436717109946,0.00041639995014854824,4.733184179631135,1.1068976606081264,7.282688901625019,1.5799143438327068,12.012906151327588,1.1806268328570824,0.9493637748219468,0.011841980521556342,0.922119392583516,0.016869296247144863,0.8716274037576831,0.012792329826014892,1.360488827639797,0.18570426719957503,1.707126208508901,0.20694118104942363,2.1995324826255427,0.1290750666400753,0.10104275912685104,0.007222060732661112,0.09203376872036581,0.004332940649027918,0.08346365066595776,0.0025011466612164268,0.5492625395164215,0.04161275840609815,0.4897103283905786,0.03206085691673494,0.42441609573582245,0.01883971144139415,0.00018582078525158842,292.1924793304862,0.9510914996714211,4.895569233906646,0.00017606746535770053,13.140835958477028,-0.26243639730656976,0.9898628798688601,0.13226386306493498,210.10752444121223,8.530448305476053,11656.33247690803,2987.1312390596295
213_Parides_orellana.png,Dataset_papilionidae,104893,0.005132077887064322,0.006789064730729573,0.0064267724965829205,0.007899147513179765,0.005481383476172557,0.0069600901100261015,0.009955379106252733,0.009929059618681605,0.004566675652016217,0.005404213108395875,0.005147694932328258,0.00601958824405131,0.004704329273502197,0.005470574635683046,0.00698418712843462,0.008008701295881668,0.004204509618854865,0.0052148330117195805,0.004440477619381492,0.005109533887150148,0.004181426309600163,0.004717611878863435,0.005664230018334899,0.006564414785755024,0.003726309001201355,0.0052655138996638914,0.0035609597555914113,0.004373152060947358,0.0034209431864899967,0.004128529185783127,0.004608169027488789,0.00574766678236994,0.018905483438311832,0.002308739888695785,0.01601454535033803,0.00122888190513753,0.012810361918398266,0.0007620173456598881,2.9834965973088394,0.7137830056327947,4.356388482902174,0.8338711788383038,7.246952780599274,0.7193814439483617,0.9638978340526883,0.008631951845342259,0.9473376206460746,0.010057994048813301,0.912565713148121,0.008717326951864538,0.9754369049347815,0.14588511980574068,1.2109773119897627,0.13405311151306304,1.5989426835043188,0.11799880819431417,0.13724719561383295,0.008287987358225913,0.12645185627224054,0.0049470592924130575,0.11313323424253849,0.003351600844549555,0.6599194117386068,0.03617883236174686,0.6094222319832757,0.025409658649867557,0.5436017405340081,0.019246912597828368,0.00048586652201849744,181.89018383494363,0.9655238687267408,4.3993435627587045,0.00031307873249089146,12.304054283369576,-0.32859390661355814,0.9956378779384771,0.24551911710773544,164.30524128799308,8.343268142604675,10369.359009149654,2637.812298246149
214_Parides_orellana.png,Dataset_papilionidae,112126,0.00493075564825311,0.006424598447607061,0.006149106706857189,0.007152942758020498,0.004517851040181495,0.0069199657008937356,0.006083426606168854,0.009525521363222982,0.0035955356078993636,0.004948009718032034,0.004397334869395634,0.005681414576747712,0.0033747523153038455,0.0047698159290254245,0.004226148564143261,0.005759233081700851,0.002890095520372316,0.004123531980218918,0.0032023055617236194,0.004076959191494499,0.0027559246771291655,0.003680387240538124,0.003337398178798479,0.004418485227886465,0.002499231779236016,0.0037444364159243885,0.00240616956419116,0.0028276802113208917,0.002246850863402603,0.0028722330920484635,0.0027436985195592265,0.0037041165586369656,0.019863559053025864,0.0018741791026903431,0.01708114520930116,0.00124803190130457,0.013639514265061228,0.0006164703064296885,1.4610925608068743,0.37236499431741227,2.2828770379672134,0.525430269938149,4.151131190778176,0.4148042531866013,0.989980380957759,0.0025515298724907024,0.9843495437717424,0.0036052608308643395,0.9715572328488448,0.002860378586609283,0.6131816479573593,0.09722326229257822,0.7909175339308431,0.09867049174754591,1.1014372340142966,0.0695656716417381,0.1407819766862857,0.006632804333611433,0.13060622222085055,0.0048124761297027715,0.11675842349297727,0.002642878827302608,0.7553730351771589,0.03015781255818621,0.7050842935758607,0.025936551586281744,0.6295244454168941,0.015947232075382425,0.0005744207026564675,84.26816043783266,0.9909618554439106,3.7656540944634775,0.0004411226584858841,12.007452853621855,-0.4296625121895313,0.999226381298385,0.31051937777018923,246.4355801126281,8.631650014089493,18562.022771310207,4661.57273293701
215_Parides_panares_erythrus.png,Dataset_papilionidae,106032,0.004014155668257168,0.006773268520521401,0.004708641180837254,0.007460040662372143,0.004275651918662451,0.007231993146309919,0.004705517152567448,0.006889301567487311,0.0031818471623030445,0.006252130471123386,0.00324981104195503,0.006622254861571124,0.003134438388770891,0.006586391418385882,0.00318595388038296,0.005722626354182256,0.0026980110549211923,0.0055402902314297,0.002718798441314349,0.0060973814874514115,0.0027086677157524878,0.006376441758927137,0.002661212664172555,0.005151692878954555,0.0023466284724051683,0.005154370176793387,0.0022295577895768475,0.005202723935216852,0.0022775729176791053,0.005513558968644548,0.002257627130506536,0.004623747074918363,0.1724510278901773,0.006584980032652554,0.16367175370188397,0.003401434495504493,0.15156859461727284,0.002758069599615797,1.9202427282878793,0.4250215852484579,2.918077977484326,0.5993256425981645,4.841864530752818,0.41467680897662224,0.9840598917926284,0.0035281998160476957,0.9757736020323078,0.004967572147886123,0.9598261324553715,0.003364037051190098,0.5150661891470218,0.07046388552040977,0.6477978351946008,0.06560880321075915,0.8657022948096598,0.03318879352296876,0.4151967937732616,0.00791519618082913,0.40454157386037515,0.004227140931485907,0.38930212962397825,0.0035279579799232684,0.8229473141195025,0.019792300051302586,0.792693147338261,0.011475324412992021,0.7492616824684915,0.005153833509567687,0.017913014494916522,116.5815252597281,0.9848972892963282,3.3038889391050477,0.0007603622019705494,9.29272273351864,-0.4286613166910182,0.9965855538377452,0.49898206677647383,93.20718918395974,6.779587734463496,15321.816523872894,3859.5995122831537
216_Parides_panares_erythrus.png,Dataset_papilionidae,79188,0.006043536022239651,0.008854219290010524,0.006306385564543181,0.007812570067434436,0.006998411343779612,0.009410524060886763,0.008120618426496562,0.00924599848156717,0.005185743937768466,0.0067470300962696435,0.00533986517650485,0.006649023007670007,0.005432266102891263,0.006804235674998849,0.006101552493066294,0.008169308852696297,0.004918655219670097,0.006231129021078285,0.004813199063122982,0.0059417252378237435,0.00479982595952148,0.0058987031613721005,0.005436126401424874,0.007417930562876044,0.004439918723603752,0.006602552380233605,0.0039957719185944275,0.00547594636229708,0.003917978717053356,0.005119599207315378,0.004546131257212886,0.006671727737672549,0.03387888002832524,0.0033487845493037614,0.029533757370668486,0.001659538435483916,0.025245565556340138,0.0010379725892494564,3.8009328413510475,0.875302401438385,5.472073096306383,0.8973568408795346,8.82807499298986,0.5163464769578318,0.9423330054030575,0.013280521428186138,0.916913547023654,0.01361582641860782,0.8658322675014534,0.007616555835892711,1.0183602912864287,0.13618297735640558,1.2474083966391534,0.10602391863638282,1.5967269419289518,0.05450475084678858,0.18384054289053817,0.009029663229458432,0.1717841187417027,0.004896316861178398,0.15885530717688762,0.003249144206835502,0.6608469076952161,0.0312508772215993,0.6141749783061297,0.019162509586030163,0.5590120721322704,0.011429304328119371,0.002153543711688935,234.15995139444672,0.9443163184347063,4.434466669928555,0.00029039137266828185,11.52343187544807,-0.3004967936075819,0.9908703213299677,0.2679075672819569,115.13148853067236,7.718912312156298,8176.181488383401,2102.5853599444617
217_Parides_panares_lycimenes.png,Dataset_papilionidae,86007,0.006636673293899956,0.006578443321539077,0.008129610671269124,0.009153654103589929,0.007465704781309909,0.007736120305109496,0.008688906627937192,0.01187030537465676,0.006246398133818841,0.007300546254039876,0.006901506191783356,0.008868511906304027,0.006122728415512489,0.007538797878702162,0.007343019964656651,0.012179371950918517,0.005722944654293278,0.007330660850622968,0.0059703583175511445,0.007932525131396148,0.0055367573859528025,0.007194508333702739,0.0063112642443405795,0.009452094272908136,0.004956756879707181,0.007369779825012468,0.004803514655458043,0.0068192363995189425,0.004616652196181841,0.006487822718759862,0.005080849618406233,0.007379112493030674,0.04912418434834973,0.00396796615612476,0.04350329665033973,0.0017141179362412243,0.03756524396875546,0.000345178018977941,5.388406612046413,1.2043664397706515,7.78145637762022,1.3429490639094057,12.087287177644733,0.9651734784362656,0.9415047855489969,0.013072495025125556,0.9154205892789046,0.014767015997183318,0.8684093671487699,0.010902279394252848,1.1863122840202638,0.15493438506200632,1.4533803896080186,0.1196280117969741,1.8446086009144946,0.05389102780239852,0.22145902922610453,0.008948895048055901,0.20853391059019818,0.004111542812492787,0.19381551298534647,0.0008893227661837208,0.6397417473862408,0.03106239302129548,0.5932400502957174,0.01617173849226169,0.5386802498907555,0.003331638963884994,0.0016078322095792017,335.35555698567197,0.9430507980583568,4.611787691849207,0.00026208359161009764,11.598201231928392,-0.26429758073307696,0.9842857756955393,0.24049837066142565,128.97136621892605,7.629683605690168,11441.900676990048,2944.3140584939297
218_Parides_panares_lycimenes.png,Dataset_papilionidae,96730,0.006105944409122953,0.007070404928679609,0.007173033863622652,0.006757583668555374,0.006793614275635778,0.007120987476074947,0.009995387996087146,0.00821846082580387,0.0065945201158951056,0.006715616393387131,0.00790160103134164,0.007874171975435771,0.006514344210094887,0.005894161013702949,0.009008743308050316,0.008252631652242721,0.006829872908600054,0.007058390896129825,0.00807439521639388,0.008757281695516426,0.006770222347903706,0.006225194984728809,0.008560153128233154,0.008181239897681268,0.006127682154436337,0.007328816941234794,0.007088340207373051,0.00875443989697864,0.006175668922098058,0.006575962153234131,0.007708252056987766,0.008458910926634007,0.010377331486116293,0.001306786736834421,0.008742351015621872,0.0005997440558191063,0.007452178966083823,0.00034851700940576166,6.194783533766237,1.1435230970369548,8.18707133038399,1.1252428130121335,10.766018524744135,0.6067169969723331,0.8842389646477632,0.021487117859080935,0.8467803062307013,0.021191353576066965,0.7978037237767196,0.011499545919908745,1.5370819481480429,0.18742998166020877,1.820364323552465,0.14091665332335274,2.1503986509220683,0.09171120854571113,0.10167088839059589,0.0063531047514807995,0.093444491135544,0.003236988112600053,0.08630246083685705,0.0020159909688725625,0.518137062867314,0.03904162714531385,0.46728635817880027,0.019878396633170113,0.41945042858567505,0.013681384490317423,0.00018645030972535886,385.36422248648216,0.8870583384416114,5.066288846171164,0.00015628544413722278,13.11697220118449,-0.2130783201582554,0.9765808048052116,0.12116483537778264,216.8630180171974,8.28809522535916,6440.174019276803,1706.384560440822
219_Parides_panares_lycimenes.png,Dataset_papilionidae,167124,0.0069193441432971355,0.008573959178163804,0.007213775180871805,0.009603482440842227,0.0060962826520731305,0.008582612977219014,0.007441105159246212,0.01003435614080338,0.004234166757201859,0.006397207440507026,0.00422250591456568,0.006322362739715714,0.0034447248884182146,0.005623022992445351,0.003978527780138128,0.006054091523637438,0.0029749580402088976,0.004633102046950102,0.0027325828084334906,0.004223772238186162,0.0024255789857066967,0.00377276724014148,0.002765582750808089,0.004089003685039676,0.0023580414142556224,0.003585414323829237,0.0019503473287861284,0.003007323560217564,0.0018497542429011344,0.0027739778749151464,0.0021644301513421434,0.003136389604263363,0.08583516809356624,0.0025427398218847864,0.08152615600170653,0.0018744022277774385,0.07529192583796336,0.0006959349581646284,1.8291834248369323,0.506287493306389,3.094959487452442,0.7658102608584331,6.450030974604185,0.2730777817231765,0.989308929793629,0.0029570130469326167,0.981915802321786,0.004475549057981753,0.9623207718316024,0.001657333630726273,0.6214310327543281,0.09897770893636863,0.8233384796161457,0.10419853347764187,1.2210875411208513,0.021903826039160825,0.2929442504149652,0.004339843589395243,0.2855089737658505,0.0032835804965659944,0.27439081198874227,0.0012681222819681968,0.7716339616955075,0.025930321664188807,0.7260426475484716,0.01998251998553744,0.6572601527670805,0.002777244777560007,0.020074435733926345,110.27900622863427,0.9900594403277971,3.7544157446313635,0.0005024419514644148,10.668833931059647,-0.42389565856325384,0.9982602940938169,0.3909883705510863,175.93336539926693,7.688142030971475,22075.862246884164,5546.5353132781975
220_Parides_panares_lycimenes.png,Dataset_papilionidae,59849,0.006381099425988584,0.008548288985946057,0.010322928708082173,0.01115780565727678,0.006200196107809742,0.008142765477513076,0.01197032263387793,0.01201820058332951,0.004536926490407167,0.006251658414665027,0.007549136761705029,0.00951847439737664,0.004427842439627167,0.005304300551180518,0.008131956253603924,0.00898707753413212,0.0034541461916788563,0.004257044898657851,0.005382087523584454,0.0073554273056917925,0.0036597302964928337,0.003857425480419677,0.005941324738578165,0.006637423937201084,0.002766946442929764,0.0036408698692289116,0.003786158597281895,0.005187994828094563,0.002909607771543719,0.003199125193732965,0.004394763863295056,0.005093479308767137,0.023702719217078234,0.003566380352716053,0.01962369006981656,0.002212824117473791,0.015513175595571221,0.0016157371747942445,3.4910273764561683,1.1474193141816613,5.658763784843824,1.706413236896267,10.601821887854772,1.8116844825694727,0.9611870853172058,0.012742277268116562,0.9371475610159574,0.0189056651983687,0.8824010768552113,0.020007722515487932,1.024155172735473,0.19786589947391878,1.316714790538423,0.21272462813982773,1.8260303449805895,0.20831331085724689,0.15352895393624397,0.011470811667921138,0.13985888814008135,0.00794867775398979,0.12438258471346397,0.006492165707156574,0.6484442026024058,0.04619513236769121,0.5917889802053915,0.03570133782304004,0.5176050246809114,0.03184983654554684,0.0005087116370335587,213.44339601469548,0.9628690902368274,4.457487808959042,0.0002706657307024973,12.085466190934781,-0.29637924590943143,0.9914795853954174,0.21433566713727853,169.80582952063085,8.067114878072786,11281.69010358303,2873.7833748994303
221_Parides_phosphorus_vavi.png,Dataset_papilionidae,154702,0.005264656168021695,0.006229634023572621,0.006278593658445671,0.0073003406213426,0.005805596311884998,0.006785378587933388,0.00742567454127584,0.008764746804914859,0.004421596902264593,0.0053664781069284635,0.004897462997902662,0.005852206221482201,0.004781396866354928,0.00573169197578619,0.005545269905390482,0.007260944419499085,0.003720210631450846,0.004831876211366982,0.003970032776659466,0.004856902058553801,0.003920979667468606,0.004806413197362841,0.004580702465614024,0.0060632190137741935,0.002980149211212723,0.004459627465943733,0.0030342049799122342,0.004128219316643659,0.0029960558854487487,0.003991051338605042,0.0036767511401574883,0.005203382414402009,0.044911242254210726,0.004278768246581331,0.03882540129155852,0.0022591154983633505,0.032554156173212306,0.0008660537305979278,2.5400438246094286,0.6122132040671365,3.8635392093064604,0.7225196153021467,6.672256414704433,0.1802545888531058,0.9641972881166113,0.00861726205251538,0.9455929671380192,0.01014947091569209,0.906214945080436,0.0025551786593387064,0.8571266350359522,0.1247592671225099,1.0826577177545644,0.10957535185222092,1.4525329012566237,0.0456327613137255,0.21168451914822634,0.010045228080781538,0.19695688256620328,0.0057782091828983365,0.1804117598408619,0.0023985588038390785,0.6904717111321355,0.032980199237937415,0.6399294648379232,0.02205620532713555,0.5759390184847729,0.011521907761143065,0.0013682095505507096,153.25781259178453,0.9661339434820808,4.223662236824152,0.00033341060000999126,11.60814037733223,-0.2949507260897809,0.9901643271974502,0.26098089443515615,120.35824653741788,7.773876944314889,8896.76767782932,2262.506372605275
222_Parides_phosphorus_vavi.png,Dataset_papilionidae,154353,0.005022840283902891,0.006759123717299443,0.005745974292767314,0.007863994310190626,0.006497106148327948,0.00843247900756698,0.0074631243536737776,0.010168559657446178,0.003650876834025152,0.00504447724431592,0.0041273747101041895,0.005707076200708411,0.004434648865939784,0.005823182897090653,0.004834521055005747,0.005721527171806479,0.002924359975038395,0.004333660941018203,0.0033007233228389003,0.004505577590141417,0.0034386275948289392,0.004557709847812159,0.0036943376441911173,0.004211624439752774,0.0024228911654829207,0.004023731797027153,0.0025507324375100416,0.003757571097693856,0.0025962206056744956,0.003718447256670538,0.002870482622234651,0.003610947095899376,0.045532451602211504,0.0040796749177786345,0.039785449941714096,0.0022227590474433673,0.033317334745024844,0.0008937498539077427,2.0486098069581367,0.5008651560620211,3.2396542292257724,0.7267907705838129,6.021207620619834,0.42114252202105956,0.9495357241513074,0.012338571941822904,0.9201860726033944,0.017920841498272867,0.8517594698245653,0.010472834783844724,0.7394095336650497,0.11103102580518828,0.9444065951526464,0.11161764036806027,1.2959914837014839,0.06416286214990882,0.21317139235964092,0.009508369032780054,0.19938345931509047,0.005629040172334455,0.18251395807391746,0.0024474176629975747,0.7241937545454735,0.03296239343571364,0.675496980649044,0.025084524293257665,0.6089286921494459,0.016182442661212722,0.0014372952199712143,121.73130390067267,0.9528803404203919,4.003264640914809,0.0004105622800508083,11.333710047423523,-0.3163388993850804,0.9921582314190185,0.29571565131873817,118.1544480202035,7.702619148300641,5045.196773829228,1291.7320194324745
223_Parides_sesostris_sesostris.png,Dataset_papilionidae,97417,0.004735227361420461,0.006396763117898766,0.007838474447708847,0.008274224082230336,0.004736253775481288,0.006638133989171696,0.0072664922264119676,0.006891918275834525,0.003985021971253881,0.006243452691760345,0.005835255507859749,0.008081619393884586,0.003710892335817423,0.005230811670172195,0.0050829043606221876,0.005637936793045682,0.0035154280042534675,0.005676888736368087,0.004601896886504967,0.007069258074011979,0.003410429791843199,0.004638095888275593,0.004311802586166747,0.005196199581252679,0.0029350605894851445,0.0048540481162128194,0.0034556506423396357,0.005682508136800786,0.002822289242428794,0.003888479920976104,0.0034559026666309074,0.004610958758823229,0.02619762751423963,0.0037644984526571538,0.021752995532628282,0.0025130575152481,0.017116228566602557,0.0018501719752095282,2.5519025701039824,0.6917509485752328,3.872767638667989,0.8614590591714066,6.347232150680015,0.7403463766063719,0.9448241669001021,0.014965603590703565,0.9162588737493964,0.01861329455953173,0.8626639998088464,0.015937529012221938,0.8774204664468759,0.14847691213635936,1.1147253789992295,0.15605037944574374,1.493714191932429,0.1515585465069324,0.16144790926538205,0.01149783058131366,0.14723553091768754,0.008642567212058864,0.13063678229920922,0.007089405977342543,0.6767541051549107,0.04154387033350433,0.6204643385781411,0.036337370267437295,0.5442279260461622,0.033361636534314766,0.0005671371225098236,153.9013331028588,0.9477893106772569,4.257012533647757,0.0003088107897259809,11.901627611305011,-0.28692428477003973,0.9895117051049073,0.23300107127554376,123.85522082918482,7.910964788811702,5741.785817218623,1473.9217875803727
224_Parides_sesostris_sesostris.png,Dataset_papilionidae,133470,0.004951575859343405,0.006700936675159573,0.004498071489903377,0.006631017960074151,0.0055649486521608844,0.007662917994410582,0.00500756489906557,0.005243893388392201,0.0031903978717356526,0.004467631107119728,0.003000774277226796,0.005092305693853205,0.0030694040091313515,0.004054109710714345,0.002954325443889422,0.0034079702702572686,0.002153222408675213,0.0031492849274249862,0.001974359882659808,0.003288427880121706,0.0019212428785596784,0.002443114174218173,0.002024040754341398,0.0025040216908018696,0.0016576124972638635,0.0025009972368795355,0.0013480096281505405,0.0021481659096454528,0.0013064508788954896,0.00168249832128073,0.0015813378777025497,0.002141612554176693,0.04881911642826305,0.003302311271165801,0.04359212658315939,0.0024710865390344863,0.03636275026904334,0.001579132830910633,0.9936246025789819,0.26070896969251484,1.6432891612336935,0.3989558592346011,3.3499499902403893,0.2411209327476904,0.9833914164922719,0.004358052825780035,0.9725075432367879,0.006702207561080936,0.943823758414157,0.004048955394696733,0.49203360300867194,0.07865572773557615,0.654570986243554,0.08629644999916757,0.9691017882403232,0.03997399255590957,0.2208246727283915,0.007455222509210781,0.20870164153891915,0.005979247621555693,0.19064528464338704,0.004138322399870246,0.7946848710721431,0.026573614850089345,0.746094790562572,0.024350263914685956,0.6687819828070068,0.01385826887680552,0.0030919940102020855,55.25349149453864,0.9855849296201757,3.5053314578148798,0.0006111279185679734,10.906987569940233,-0.42986891839489944,0.9985934426409407,0.37543442797486815,98.91674495865684,7.900041624415776,7611.037089829726,1916.5726453310663
225_Parides_sesostris_tarquinios.png,Dataset_papilionidae,144021,0.004344675932675353,0.0067343970252594,0.004409077509445443,0.00682223019494369,0.004110231599611948,0.006366716122162915,0.004695482050911487,0.006812225403504476,0.003171904484137513,0.005309025360874135,0.003474541957257284,0.007173410437680071,0.0032331706906573595,0.0063461777124242036,0.0036485666424102433,0.007031192810154669,0.0028686983625061044,0.005180976497633871,0.0030330492317319595,0.006911744605243209,0.0028243239708429673,0.005886565092136761,0.0032011213086082157,0.006492672642494614,0.0026308868530661913,0.005272487453557183,0.0024237370073523115,0.005534868526337653,0.00230236526085252,0.004870713869120844,0.0026842383954847207,0.005602549553780897,0.06770963155734203,0.0050791080699386934,0.06023008129980147,0.002530990861917672,0.050590847559428276,0.0005882460343014821,2.4316071417682887,0.5539499377550939,3.566955547882816,0.623098857563282,5.508891885528711,0.33672024749604396,0.9367227193410661,0.014377535382957315,0.9072839846744638,0.01612083269374147,0.8572907144948181,0.00856185566775592,0.6055135977691644,0.08552725982015602,0.7568704678758837,0.06900878248248835,1.0053095715228897,0.026165346188136412,0.26002768831865625,0.009758732755732122,0.2453638110927111,0.0051654143940115,0.22492030299335591,0.0013057031842026222,0.7930005639954969,0.024032629760738486,0.7546704452646411,0.01511848905669921,0.6943745905916237,0.004644637149034116,0.0030784623669750932,147.7359761806882,0.9396112989134568,3.569436960926862,0.000560402378737728,10.381514848966841,-0.3635941100189378,0.9945173227454559,0.40120337627523006,78.89471375906133,7.29071062209805,4744.369271750705,1223.0263119828483
226_Parides_sesostris_tarquinios.png,Dataset_papilionidae,147432,0.004590340217283241,0.008593051333973083,0.004070236639560969,0.006627246850113363,0.00428232344942356,0.007277927602472703,0.005728642498108069,0.009404941345047437,0.0036471482101047233,0.006939636233156994,0.003285046809343247,0.005673165580611108,0.0032921199011396447,0.005675515918525823,0.004410927817534084,0.007815505475041309,0.003104205788423418,0.005704646573093695,0.0028436064203686204,0.004883052438067922,0.002844741511175435,0.004871966779046197,0.003663395384931124,0.006469930294697688,0.002691908541427766,0.005111141339624423,0.002322761578514421,0.004111894695358123,0.002334829550507576,0.004194957088772429,0.003038704881946868,0.0055561394861319835,0.06983628081068002,0.0052016814613295515,0.06297833193618793,0.0022808262388466054,0.055041994201794876,0.001318897898624699,2.394035215029054,0.5907450566918777,3.5633018238008733,0.6598847752687692,6.225521783818808,0.37966893099861165,0.9842482390597862,0.0038855432396247896,0.9765611668653777,0.004341326885151636,0.9591078590750217,0.0025203338082939427,0.6295610507262499,0.09571344485673945,0.7843763350333424,0.06558204859272211,1.050728956154292,0.026060592639900987,0.2640833644010253,0.00981108848779256,0.25091310549124957,0.004576617629321659,0.23459366321017475,0.002794169541380649,0.7825603158385388,0.025599756760446905,0.7453305582068512,0.012789537693776182,0.695025818535371,0.004580581038404641,0.004237000168504824,145.35587004511214,0.9849927446575094,3.6482696818561466,0.0005372332464948313,10.578550949021526,-0.40024749827881795,0.9972296657331313,0.4001892707314899,116.81171184646712,7.551700451784637,19225.66256899107,4842.754609759044
227_Parides_sesostris_tarquinios.png,Dataset_papilionidae,83484,0.005059809323303427,0.007178057643890378,0.0069778269553983745,0.008969825009422354,0.005738563397450412,0.007049205009664797,0.008595838651361532,0.007248516618473297,0.005289668034618125,0.006223593986425635,0.0064170467992032704,0.00873949682202547,0.005370074060927759,0.005472066764130076,0.007713128578291902,0.006604004169783489,0.0042774101234434436,0.004624089589057711,0.00491480428265528,0.00626911093153495,0.004320701453448706,0.003891118178012001,0.006209662769234241,0.005316842936649353,0.0031728850448532525,0.0039549110859709545,0.0034509032943787015,0.004514240400761277,0.003138582933471604,0.003039247289896722,0.0045434960141958166,0.004415521345071596,0.02774057941288806,0.004177059713680259,0.02292847644141883,0.001967677848803101,0.01881551509698573,0.0012453370543703312,2.8376736054824625,0.7351251434653643,4.330845530915803,0.9456111229235205,7.217770755571133,0.5563359379880739,0.9059122655901007,0.024803574944303658,0.8554682159446746,0.032000165005996686,0.7549180536382287,0.020264820774939598,0.9904598663314594,0.15876848824873707,1.244726949877659,0.14916581952663707,1.6257722613437784,0.10601523707582548,0.16610319264617726,0.012260049169354305,0.15127508029047762,0.006657816798949102,0.1370961082712629,0.0044913465530834916,0.6219288384578012,0.04685297400481642,0.5602785517308887,0.030269272759487334,0.4903764825548578,0.021495543475241744,0.0004928901272943852,171.51643328713897,0.9107197780790678,4.420178316777612,0.00023999897930775067,11.731880166318359,-0.2186615514907733,0.9686137609881693,0.1541519689880954,147.83567008450402,7.545537339495197,3674.934629665605,961.6127657381871
228_Parides_sesostris_tarquinios.png,Dataset_papilionidae,93329,0.004380434850863831,0.006233339903026672,0.0061588295223192705,0.007741042523719817,0.005344475066961257,0.007602852233756046,0.008325223384771752,0.008570075945533256,0.0039933311162550665,0.005174253534452873,0.005324352516742238,0.006844341680124519,0.004517534100080852,0.0062711632499541994,0.006316611380531939,0.007324568847649721,0.003793292848357685,0.004938140413857268,0.004794985905857869,0.007015392123753114,0.004056231753441556,0.005060384077214439,0.005163125689943683,0.006166225926843032,0.0033883298364798015,0.005274363418101355,0.0039715030123646956,0.0065318359287859515,0.0034672652840762267,0.004564685074592595,0.004241861058714531,0.005399033271093745,0.02803746903163667,0.003839544535614598,0.023528414816134564,0.002015005527661255,0.018973285145550755,0.0014535851027080195,3.119119980033775,0.6205701026634376,4.403496037737268,0.879105365924174,6.7689293951006215,0.5540703422113205,0.9076490387079172,0.01837870882981468,0.8696492482243694,0.02590196469407298,0.7997294327605247,0.016202492184591966,0.9495719355158077,0.13226779426868382,1.1644766761069265,0.13368784801957115,1.493261663846689,0.10395276446413784,0.1670648510625175,0.011260753575827398,0.15324250680892396,0.006719294832901784,0.13764327947166288,0.005254784661283376,0.6675876300024822,0.03662249977267171,0.6180520388476508,0.025846159235110428,0.5537973213134464,0.02171576538100453,0.0006170788958637276,190.63982343839243,0.9114144212769809,4.354722489991573,0.0003000808918312073,11.821507492971342,-0.25981358969424,0.983888172002513,0.24019654809751823,121.7111537225154,7.748020252760164,4113.413714033051,1076.0133843678618
229_Parides_sesostris_tarquinios.png,Dataset_papilionidae,81871,0.0075114221861973356,0.008965296487024984,0.012210815471467127,0.010142779888986377,0.007432903699203039,0.00840912225136607,0.011587353432171127,0.010388653344915705,0.006899607340242998,0.008336233539712325,0.008800725046044055,0.008563857392201392,0.00623990895626246,0.0065875967825298545,0.008737729315632967,0.009073799806753909,0.006161810167615445,0.007605172388198054,0.006927952595577607,0.007075873142570369,0.005446762274693238,0.005277438395473844,0.007008377926372079,0.007361081106680064,0.0050507310899663765,0.007080382702203338,0.005258735690462576,0.006030649628418538,0.004413055461762438,0.004398604376478706,0.005543192678031426,0.006210689286439603,0.012516421606528716,0.0017476004412748148,0.010263572530264642,0.0009767324833448966,0.008073765039618203,0.0006012357620606326,4.929969230301962,1.3149451902819358,7.410610460778176,1.5409719049019488,12.422257948789655,1.3639633108861118,0.9307706746417144,0.018524074534034405,0.8957422102178043,0.021642615996862156,0.8245835621886848,0.0189341091026121,1.3818616472963543,0.2135672740728018,1.7306956323196243,0.20353320599677502,2.288463667654691,0.17754535701436022,0.11160821939541793,0.007747707397222469,0.10119166131123769,0.0048805953874916305,0.08979188882120989,0.0033439111139028487,0.5494724834409876,0.04256718007572502,0.488552550476233,0.031104840824699,0.4157400285938152,0.021678479832924685,0.00023422173955160993,305.16108862942156,0.9328650322446289,4.919320867031688,0.00017573198971178536,13.02766432468307,-0.25051771728230265,0.9868604966507373,0.13805096003267833,169.8261679784584,8.421568047025701,8787.79218995485,2273.238319646066
230_Parides_sesostris_tarquinios.png,Dataset_papilionidae,110227,0.00911496670116089,0.012393451578149008,0.006727502331183393,0.009757452990835346,0.006841442788226057,0.009734418682985807,0.004973029072517518,0.006966440682169035,0.006290158055499975,0.009644827673919682,0.004775675726632994,0.006766524294001301,0.00474068617613987,0.006340288825078559,0.0038555784648795703,0.005437365154332565,0.0047495001571199414,0.008006886707197486,0.0036951804593952898,0.00515410258315845,0.0036297098394320725,0.004788445013483828,0.003272371673599178,0.004860535050018216,0.003880714542328005,0.007457143810397591,0.0028325840876496752,0.004175935897137524,0.0027865909474800343,0.0039109246211198444,0.0027164178913140673,0.004553270353716356,0.04090491302995633,0.0047165776145055086,0.034161669737646894,0.0031319607267074304,0.02717927527227498,0.0017470608298935466,3.294093361707258,0.9186227356069233,4.9244471924161495,1.1380819885885787,8.75561035026048,1.083739035192202,0.9580328598506218,0.011689059890091266,0.9373497300776024,0.014457270999423079,0.8889485274476832,0.013812947789350521,0.8404572823567219,0.13557617952774792,1.0611914834169558,0.13729664054283244,1.4427370337748382,0.11564831401948546,0.20192129398481914,0.011519725059764655,0.18462599788043976,0.008655093546504315,0.16477483158946366,0.005341361899260815,0.7079560134956427,0.0342310524740315,0.6544535515800373,0.030368656000221424,0.5819924825375045,0.022447384795502224,0.0009034021051506787,201.19669642516763,0.9597874592516455,4.110562592831641,0.00034766436241875855,11.300866825865992,-0.2896436036998653,0.9880896783219445,0.2538392516841403,113.33936071022478,7.567858726798049,9804.46234856307,2501.4147612470606
231_Parides_sesostris_tarquinios.png,Dataset_papilionidae,106188,0.00815679215544497,0.01185361755127387,0.005709544529706907,0.008925161747645103,0.005651345336671659,0.009026855560636971,0.004330394538331028,0.006630067496817106,0.004811651689770366,0.008161925204179585,0.003271174703809182,0.0052150362518975715,0.003397736961721916,0.0056313494358794305,0.0028737281873188695,0.005099290967032916,0.003192361608378092,0.005719250749377314,0.0022168802523583764,0.0035869772722915624,0.002341689823710713,0.004037090715774014,0.002169901905366874,0.0040746856516658,0.002386615327832557,0.004294715002151903,0.0016055229625833321,0.002588906357273045,0.001668539429341947,0.0028092210164028567,0.0017362921976985417,0.003120754614863595,0.0712508117391952,0.007062361810060608,0.06111113470965686,0.004933779751931093,0.04866123463122291,0.0028857282053767024,2.015683943111708,0.5904668077956289,3.287581128829707,0.9371130330517776,6.57330202421522,0.9211506112466828,0.9749904462566864,0.0073194975719022585,0.9592479280124155,0.01160933666803541,0.9186568337951442,0.011427703349972701,0.5887727068033384,0.10716769527670145,0.7671792877225994,0.11560226190388628,1.1072564163839904,0.10277480630511181,0.26660776678505266,0.0130809185106466,0.2469968499391328,0.010182869428720692,0.2204950259155445,0.00657101040375491,0.7881042314337597,0.03026480799366039,0.7424391628238857,0.026521484508910925,0.6720789661822048,0.020688977579102773,0.0019924752808116006,120.0033728629589,0.9767340954750573,3.5640314387590064,0.0005262689693175921,10.398613668180184,-0.3632849185371607,0.9944492454207536,0.35299558339274606,102.76107712798719,7.331406100784056,10195.070058660358,2578.768357880829
232_Parides_sesostris_tarquinios.png,Dataset_papilionidae,109241,0.007703174215990774,0.01081679797490144,0.006164185567947947,0.007710664226176456,0.010445659895537652,0.010160147931139996,0.00862495078143759,0.009959351911461693,0.006463212410549145,0.009126868662073911,0.005715899328379548,0.008109441525782062,0.007428856426831181,0.008043521073237761,0.00729644976890252,0.009574563565763599,0.005252629037988002,0.007860628879490445,0.0049148333777738785,0.006658418050528722,0.005540993891076174,0.006405249242660773,0.006303232900119252,0.009852298836031694,0.004398651811363982,0.007184448637604367,0.0038780212603395908,0.005156132016196368,0.0040644867280347375,0.0050225238160101745,0.004941711984814126,0.008189808150674034,0.018851449441066523,0.0024095663916747305,0.01564512859320133,0.0016583686131524439,0.012466049423891165,0.0010587602714235407,4.745832120116068,1.205495688204185,6.980096982039422,1.0750576928147546,11.327375917958282,0.6213142929574484,0.947944809597453,0.013228414728282081,0.9234040592497367,0.011836787375625034,0.8755167318708227,0.00685648119170057,1.163223482511372,0.17989936387145108,1.4595989226175268,0.14560685379552996,1.935738409502332,0.11637646761233877,0.13701811247998055,0.008802629918945778,0.12490607030845796,0.00660319568844418,0.11155134686327926,0.004727201802284059,0.6263981862610667,0.0389803353885279,0.5692434969709227,0.030846051816450958,0.49671581599561826,0.024794183709856983,0.0005065150085312366,294.4351835362588,0.9496833882508681,4.630373184978867,0.000240487713413948,12.438942627348114,-0.2817694179770028,0.9906701211136437,0.21122134845112522,178.35823985526383,8.217745031947125,11409.224545215893,2925.914932188035
233_Parides_sesostris_tarquinios.png,Dataset_papilionidae,94833,0.00682971370671419,0.008516236903775483,0.008874802386063084,0.00950317502578289,0.008321453863263436,0.008585526253483107,0.014209218162520153,0.0124321373893295,0.006384508812195933,0.007184365919083856,0.008551852502752257,0.011092881512907087,0.006772753305470336,0.006731142353188999,0.010767071094462486,0.012262517742245698,0.005865818648873389,0.006859930306090638,0.007922613532159955,0.011810425124655953,0.005999434027229329,0.006142772619912931,0.008718706631682008,0.010810566225377188,0.004776592552007551,0.006286846024445236,0.006170336790084551,0.009554089143315018,0.004905113791287691,0.0054454637861591675,0.006793503010289388,0.009133131817671924,0.014062982607742743,0.002325283462215223,0.011546299757717636,0.0012243775568344698,0.009037931546220037,0.0009527977805592751,6.7305693826171,1.9617344688095308,9.965032777528336,2.550983325326201,15.266036306690125,1.872756559204835,0.9235469932853517,0.02237088311153619,0.8866548642852832,0.02917887567116736,0.8259617182325847,0.02161804311652264,1.4978844476511866,0.24669645848782717,1.870835871169927,0.26425087632024385,2.431084897015903,0.22153411295738562,0.11820494124721871,0.009517062177180196,0.10729218759995122,0.005889502333347751,0.09493876198314913,0.004956109293285836,0.5591000359029993,0.045411226720866726,0.5019445316742615,0.0339022801665274,0.43014552625131985,0.029326955058941485,0.0002859425418153318,420.56568297273157,0.9252562571121875,4.990794822647138,0.00018472811028677719,12.973188263795894,-0.2504680011796766,0.9864531863365236,0.15891352344985255,218.42879739366083,8.395059461821635,10836.24815803153,2814.2034602510644
234_Parides_sesostris_tarquinios.png,Dataset_papilionidae,78807,0.008672591702690845,0.00903242194883208,0.011020154453750484,0.010346566272374312,0.010445457880008335,0.011175339263785469,0.013327514063051809,0.010684727985089626,0.010419293064790282,0.008937073786080668,0.012618414954053647,0.011173531432101758,0.011335546232478684,0.010263484916189329,0.015183898832664158,0.012176486011583606,0.008372093806430433,0.007064329122832753,0.009248786662115868,0.0075225606433633315,0.008550339770978195,0.006624298042408152,0.011556848714506155,0.00924427363372724,0.005632038087929193,0.004967001185473789,0.005958447037215582,0.004742863340946321,0.005606163613522008,0.004127355253080185,0.007496584090222603,0.0059094579819798255,0.009053242726404202,0.001380066081218986,0.007318671217523031,0.0006742944550212814,0.005936191822853366,0.000312468815652812,7.0683495556619675,2.0401220483381937,11.344377667430864,2.950055015459557,19.45894682899764,2.041098086554906,0.8880804526806464,0.032347508406508976,0.8201562015631053,0.046732617245791926,0.6907340416754426,0.03204612564039874,1.8305153430130296,0.29192328612851653,2.3346133644803033,0.2968899930456401,3.0656952675118565,0.18293989097894786,0.0948811991526684,0.0071274661525593565,0.08545496748771533,0.0040149407463305024,0.07702029120070641,0.002016572887785637,0.44613000534530545,0.0447693668397475,0.382538194049501,0.028391980352371237,0.31980283372333457,0.014653586535643266,0.00015338804902833772,442.21835928841455,0.8903604603808697,5.321121570243827,0.00011790767294782365,13.332290111809826,-0.17734604114791647,0.9588194750337028,0.08603816869434663,175.5817705247815,8.25526106371593,7625.294772547675,2016.8782829590273
235_Parides_sp.png,Dataset_papilionidae,43526,0.004665621973275802,0.006750899960257263,0.00749338867640692,0.010206074409859614,0.0069035509665888485,0.009581969251316073,0.010709746685372713,0.010864372171883773,0.0029981040898088584,0.004596259712577553,0.004609230730102019,0.007458429586412399,0.004211075411755681,0.007236428136412582,0.006617281493525366,0.008634470800752279,0.002375338008517582,0.003720550591713835,0.0035398301088101795,0.005920211694818265,0.003115951424374166,0.00513224899860476,0.004596677049639366,0.006548796742276264,0.0020376747321185834,0.003468986357140219,0.0026660080014473037,0.00466640660175736,0.002415268405643991,0.004019778672158051,0.003381722348693237,0.00498529095392098,0.08368184427555894,0.010514116563876581,0.072859501683508,0.00719558571697989,0.059865998246286,0.0059511382369046364,2.8064110049441595,0.8249317960534744,4.57541028515926,1.4799366274094972,8.744313856700806,1.486880826466063,0.9547869410947588,0.013269273821021936,0.9264119580304885,0.023718092842326642,0.85992982338698,0.023728163719616963,0.7976752457188309,0.14968683861621646,1.0317498083556815,0.17913102492412256,1.46652779699358,0.16852648665690823,0.2887358978888699,0.01770382856522994,0.2695775459792231,0.013691179179596766,0.24437833500468975,0.012051042553307089,0.7255303569023457,0.04076809761690417,0.6766361361433111,0.03706936153318898,0.6041203791471376,0.03503583172012353,0.0024838747080873154,170.76588671884718,0.9568964701541365,4.016239083227115,0.0004082347082091313,10.643752113984544,-0.3049842411992407,0.9874289712447082,0.30632527524196035,101.81041243967283,7.232635920122115,7751.296790595241,1980.5156693285235
236_Parides_sp.png,Dataset_papilionidae,65351,0.006205157243056397,0.007071369600420628,0.007771582933979995,0.006730193466943559,0.007242173826865065,0.010133210272240947,0.0112067765360547,0.011938796400442478,0.0052277940263763395,0.006098467639652731,0.005899259410123929,0.006166865421899477,0.005641815039023236,0.008718260696363807,0.00741967766562243,0.008173800803167677,0.004335436486598241,0.005280656734601819,0.004736991250375352,0.005145760081804588,0.004703157855445618,0.007196881568835345,0.005892682351367011,0.006689576352130941,0.003428961690343677,0.004762227214594455,0.0036801502317219273,0.004425671355177523,0.0037146944607564457,0.005660689183143183,0.004655120434419999,0.005857329534082136,0.026735915986180876,0.003557830379480062,0.022156075994928658,0.001900416921477339,0.017818585958472178,0.001134367942557472,3.3745613281851043,0.8760082744575391,5.1946859985965474,1.2847619272426554,8.91086448343068,1.2301791650180827,0.9209133215622916,0.020603245591001983,0.8780683819135808,0.030142469519664587,0.7900376801843252,0.028826561119535476,1.054616983021139,0.16760174909467332,1.3292844057358626,0.16845443181619366,1.7791887535077304,0.14477422014879485,0.16315199697686783,0.010832445182920909,0.148711592409825,0.00639830273296954,0.13341856826473608,0.004251070531070745,0.6272519194508528,0.0439106376374264,0.5684760498693143,0.02996054598148884,0.4938312457402893,0.02460982813437021,0.0005134881867054932,205.3665960761937,0.9245236464607003,4.51192563282685,0.00024655214491868283,11.954177658093712,-0.24773120802502818,0.9812438338300817,0.181489719428695,113.39272593111957,7.788400417165897,5237.856678644286,1360.8058186801195
237_Parides_sp.png,Dataset_papilionidae,63667,0.013147613995847853,0.015006741004643666,0.00949244990153278,0.010986239016006078,0.01017312566183711,0.013107048500316057,0.008445595345309382,0.011391951278082402,0.00901306131006929,0.009921070622835104,0.00727812230160712,0.008540030115012427,0.00752448637625121,0.00946317857087835,0.0066375502263726,0.010590976138265911,0.006930856909793223,0.007776002600478349,0.005729397656989301,0.006516114371984301,0.005892656836678496,0.0063891225298336775,0.0054987743704712835,0.008052764746946318,0.005285427449865777,0.006433627891734201,0.00436255296328163,0.004950217150825698,0.004409163158262414,0.004659154111914539,0.0043362082829155645,0.005950095308200741,0.01949941376310266,0.0029690944149106885,0.01600005836267787,0.0016334686654815838,0.01258157184804072,0.001077296952451508,5.375618421603118,1.4552603981907188,8.547704039439749,2.0141209668589415,15.64829772865414,1.7792272044625015,0.9235371521869951,0.02069236624408519,0.8784366675317918,0.02859894489278778,0.7776812585818863,0.02514981850980601,1.3267514801751887,0.20813794827039328,1.690555607480464,0.22100932330217907,2.314870470481558,0.19101849657609063,0.13925223907217477,0.010403253168530574,0.1263172038806181,0.006634935301887422,0.1120647956591489,0.0048013979124751265,0.5783906013994686,0.042984216496244634,0.5183396236775042,0.032979070661331496,0.4427631799376316,0.02550092657154572,0.0003823151133027878,334.061125063624,0.9255433328527516,4.830132913610231,0.00019787910883491976,12.51336913608122,-0.24638927978590303,0.9836887289698968,0.15883695213609372,144.18515552369513,8.10790523670978,8639.046915082181,2243.277010036453
238_Parides_sp.png,Dataset_papilionidae,56209,0.0066225880332459715,0.007883079005905957,0.007378852473576647,0.008121165461081813,0.011353274350253344,0.011734745725350172,0.013005952890576612,0.013184141750598654,0.005441414774729273,0.005697634455150204,0.006250794392406807,0.006964846047210113,0.008124475589550715,0.00883045568177796,0.009272080898131061,0.009461404032228478,0.004639537942447362,0.004670512563609902,0.005428267772093229,0.006080050340659793,0.006072433815731322,0.006109272313546374,0.007336640135484505,0.007176679651237155,0.0036529645981691005,0.004088694640672871,0.004303749420230052,0.005090011585587989,0.00440892118645725,0.004319008064776907,0.005784573776671281,0.006044743987440304,0.01648954628605878,0.0025535813939089208,0.013549745410369185,0.0013022202429172226,0.010945323926863952,0.0008007005182005224,4.250379033461725,1.2028945177343755,6.659016537297696,1.8296504933597755,11.817917447760555,1.9219816247237342,0.9476319433432695,0.014803652144480412,0.918011693535503,0.022447592326257714,0.8546897650607777,0.02344960528589991,1.2637555820724673,0.2133198518640388,1.5999748664690423,0.22461884493571135,2.1396861445963107,0.20234314120492006,0.12804380285693812,0.00971240629258983,0.11626274062553657,0.005720188161974505,0.10455000120000091,0.003823764629754191,0.5736768619950914,0.047311640772989,0.5124238594609312,0.03321309413083792,0.44263314594423964,0.024845100910315488,0.00030288668950139244,261.2870635264146,0.9495859441691276,4.778635330336586,0.00020868368857784926,12.640863620808704,-0.25261247091778893,0.9857722179702715,0.1441277710319945,182.3831850187828,8.199239905669529,10103.181965453332,2591.117257244933
239_Parides_sp.png,Dataset_papilionidae,90001,0.0061033639230011275,0.006817385660127012,0.007361898629295103,0.008264678606890926,0.010541800243833268,0.01057241045352287,0.01314472314123453,0.011963826890972121,0.005717541997621226,0.0062014173276467455,0.006398749261331489,0.006846939300383194,0.00799334011070128,0.008992681717736711,0.009666138285575407,0.009395404002413371,0.0053875311686939235,0.0057978786343829145,0.006209199919833051,0.006791706289702149,0.006834500280520469,0.007454987343017948,0.008162029855007167,0.008202041075873375,0.004811946308656371,0.005877964312838506,0.005320415125862953,0.006088122018390705,0.005529854189841128,0.00608594580140306,0.0069308229902605946,0.00760805659352421,0.012280573692633898,0.0018783822249345925,0.010167771497502621,0.0009491760327910581,0.008184777498283178,0.0006595619052598427,5.442472108363412,1.4207184429383406,7.959718991774391,1.9190550296601543,12.774628612864413,2.089191995388021,0.9259023474319071,0.019343629485036366,0.8916740135142741,0.026081168097750025,0.8265218101038865,0.02822547844595692,1.4301586821437617,0.22364746787027118,1.7608906623295288,0.22204917640694863,2.2702068720512427,0.21772927020453645,0.110508656146227,0.008271070631354974,0.10071992606457446,0.004823690604638371,0.09039666659804796,0.0036359546538066627,0.5513080331394262,0.04450037543120375,0.49594886783755826,0.03071261806995714,0.43144873159644953,0.024875750223572784,0.0003349930936241464,338.40106669832437,0.9278654688703296,4.968542211971709,0.00017612951450756152,12.963091031574493,-0.24235383674748825,0.9845985369285,0.15855021528675123,171.3352846191014,8.333767598649356,9043.84301651444,2345.561020803192
240_Parides_sp.png,Dataset_papilionidae,52837,0.007184317368287112,0.010078522415724656,0.008502365442535235,0.009054466602105024,0.007790553478499028,0.010095782460194765,0.013549166905641709,0.013930760956112594,0.0054719041425987155,0.008209102358859133,0.006500641112367618,0.007984968707264346,0.005814793479297476,0.008008650424684917,0.008673611517827959,0.009505151435230464,0.004266288152022456,0.0059602618337372265,0.005291343612298349,0.006414136943274126,0.0045667746032957215,0.005546527942260298,0.006353969120550938,0.007596587594933376,0.003332820775728484,0.004888462429452389,0.003938588950602524,0.0050900598319049695,0.003481394673610526,0.004147946740799148,0.00478113471091467,0.006268681803367891,0.024049812171111757,0.0037635552489146827,0.01990437430126736,0.0021751291235258137,0.015767211034789338,0.0016136992920616879,4.068867479045575,1.0829733736083773,6.383040260133583,1.4741635905188548,11.359601037369476,1.0419271331440503,0.92864724920786,0.018994980862406075,0.8880274853474651,0.02578723630366032,0.800100588515894,0.017765826794154817,1.1327766502732377,0.1935256547069793,1.4427447953488022,0.19920795492768145,1.968840716720722,0.1765087732042381,0.15462792534655093,0.011832872606989004,0.14085927756467678,0.007939661530865814,0.12540554757319144,0.006376493758904872,0.620773125902979,0.046559963963512085,0.5629062424869631,0.03486171949626327,0.4887780874667021,0.03189956673541665,0.0004953935512880795,250.34030590490056,0.931212602551446,4.600495328148728,0.00024266923037579842,12.24285748786542,-0.2734249887589522,0.9883594917516462,0.1882499105209302,155.77055703708143,8.059690021374182,7028.362628043004,1819.675733486974
241_Parides_sp.png,Dataset_papilionidae,48489,0.00496780896635399,0.008141397044440953,0.004612245181901599,0.0057329060759001,0.00846797109823392,0.01162779123872395,0.008449215034330973,0.00992640323550447,0.003350809469748997,0.0058671673282996014,0.003315657566752213,0.00500877381864113,0.005377292057478322,0.008200012026181213,0.005098529665314757,0.006000443376454538,0.0025554229692447655,0.0042634800740796175,0.002825617393424367,0.0043832589156116465,0.0035743211622863815,0.005354610644324615,0.003756398988587611,0.00428522835804587,0.0020811159731155106,0.003642032916140872,0.002280800319314991,0.0038428868151242786,0.0025104132496377106,0.0037642515712372113,0.002934769313774353,0.00382597228271835,0.07562083968356664,0.009049550461933065,0.0656697649641717,0.005754096948690681,0.053721014628471855,0.004545570304015665,2.229480712737147,0.6735608579723633,3.594849962006478,0.9751069382584926,6.839164710130239,1.29427105267833,0.9445274258465584,0.016709090088291825,0.9106507179198586,0.024079318521239998,0.8305215598368022,0.031707103366614156,0.7547579888077771,0.1390580955592051,0.9736615793819261,0.15480771718493588,1.3748827101726206,0.1688401870763921,0.27451898289149745,0.016129715303883612,0.25600346653957234,0.011488693741839032,0.23157291634929725,0.009746745197922565,0.7236041665038964,0.03987764165778517,0.6735677793472226,0.03502697546427089,0.6007959867544999,0.03341017788922389,0.003094608080627204,133.60728137502701,0.9477859791407219,4.003606810591698,0.00040518453459481525,10.613256750941126,-0.298875328526434,0.986231348024128,0.3149841284326336,77.5764176024831,7.1903523533654905,4982.737573252446,1279.0862136568683
242_Parides_vertumnus_bogotanus.png,Dataset_papilionidae,88425,0.005020794892968847,0.0066555148827604875,0.006219889742338654,0.007060413938173211,0.005841770469473792,0.00683779490143141,0.006629448193195035,0.0068842506818741385,0.003948530614536012,0.005038413120346402,0.004739886114803872,0.006397532442202817,0.004587413784768014,0.006047121772652444,0.0050735528969236155,0.005946609422584014,0.003221491891320648,0.004243862399402144,0.0038702862370429358,0.005685534299231258,0.0037345845128868706,0.005399373226065162,0.004221297851864587,0.005482804370646559,0.002563940793680181,0.0035956244315790186,0.002951701877389177,0.004461700338020909,0.0028698987657817094,0.004245686193525194,0.0034025704094480403,0.004813379658156887,0.04761374516413598,0.003942667832818568,0.04238949548671744,0.0018031315151219723,0.03647873065926026,0.0006589581976532268,2.1379396145954064,0.5273391093719351,3.2945621688613436,0.7266871277251182,5.543435102624161,0.4154917409487918,0.977112756165653,0.005646680660867361,0.9647240234446395,0.007780895847220917,0.9406106263112061,0.004441953627318212,0.7562422729818432,0.11474240706193185,0.9607723407462649,0.11257439693951754,1.287360698316339,0.06209889114603734,0.21802092953240515,0.008978833441044134,0.20583980474272298,0.004412512911609428,0.19098633911364576,0.0017172452439196302,0.7210823174421531,0.03211002433234043,0.6727122475278956,0.022790327038615978,0.6073371581313869,0.011963009271560458,0.002774024695579521,127.99834392137561,0.9784940251639452,4.0427173428831935,0.0004084750494629983,11.328624320834765,-0.3548324048108183,0.9958697494195476,0.3087495727184638,121.6036850648388,7.844771166451119,11775.536512721903,2975.88371416082
243_Parides_vertumnus_bogotanus.png,Dataset_papilionidae,62100,0.009683691189203538,0.008422011089167377,0.006224379010806951,0.006776392056443295,0.011292345565662153,0.009632703139284354,0.0066160201365402455,0.00627235073913413,0.007347592164866125,0.006327680237770719,0.0059727565646964,0.006003030758710169,0.008880188828490305,0.008803935499854813,0.007065084943326484,0.007267422264951188,0.005737329032785302,0.0054602521520245575,0.0051400987241673485,0.005004081872324139,0.006884703735535607,0.006776422709186469,0.006311046718438285,0.006553561312580572,0.004423103420639301,0.005047262417602421,0.0040398772392835096,0.0039588350568385815,0.004860003545450529,0.004877287601346657,0.004947537153968177,0.005803067185865087,0.014689650352847401,0.001747200232695354,0.012215809349216287,0.0011144693933295773,0.0099410848297907,0.0006301471193981139,3.9675865501196084,1.1437427799997157,6.041191795986989,1.2819088466840352,10.002873575267705,1.3551438061043517,0.9477646844477814,0.015025545885396565,0.9205074210870805,0.016857529368246107,0.8685522415417852,0.01783210073600025,1.252573718665867,0.19903466809537015,1.5813539948121917,0.19484629053409389,2.0783187847617834,0.17895085728594354,0.12098194772670681,0.007281392524770358,0.1104119190484518,0.005001747819953909,0.09965492504648418,0.0031592315157837813,0.5686896640256396,0.040628545713684294,0.5068149973570959,0.03259503429483387,0.43489926596024003,0.02266759645686254,0.0002896029344164916,243.6201260097323,0.9497883588731937,4.792497261637566,0.00018906639029624147,12.793030430775772,-0.2666798111174571,0.9893648563425004,0.14836979473209988,188.81458575486243,8.351642378975603,9458.498422620461,2425.5296371575523
244_Parides_vertumnus_bogotanus.png,Dataset_papilionidae,73762,0.004511411716517631,0.004815156683902315,0.008142957187002328,0.006777951975126576,0.0053772897285161055,0.007458386436473381,0.010020723980686286,0.00959762500481953,0.0041646429922082406,0.0044374706856769525,0.006505761154537393,0.006355033328286384,0.0043870903154452304,0.004966505976252524,0.007533837557727132,0.007791456625159893,0.0037689447735731315,0.004553363349537988,0.00509457152123116,0.005397335548414982,0.003983010577392353,0.004281908565189752,0.006053397001275704,0.006606690949420889,0.0031166598368708755,0.004663547912857974,0.003733841543020697,0.004239128849897954,0.0032318467380049714,0.0037264118843895024,0.004739574646647614,0.005573126702788705,0.025040737248246833,0.00408813939107106,0.02055831166525074,0.002238769968883391,0.016237968791246088,0.0015113443058718935,2.9098924141179774,0.8105116606624132,4.339092280894457,1.1797384259960908,7.233752779253115,1.3004342492314045,0.901003013648221,0.027582052168589756,0.852405361797761,0.03990474371323403,0.7539839946393964,0.043871713792061146,1.008094532160354,0.17880203259207875,1.2656662566006749,0.18338567670527534,1.6769270494233524,0.18081116149996676,0.15773610540817617,0.012651414897456066,0.14316139324637053,0.007945259530612822,0.1272899708160384,0.0059356651605506315,0.6311767244839533,0.047082158927328185,0.5713890831622118,0.035535587471061884,0.4964007900678333,0.030333636119172,0.0004972770056064663,176.1801248180139,0.9057279309649195,4.471069593388177,0.00025056388370908804,11.906578313424975,-0.23873905838072773,0.9774955243459361,0.18790932560720314,126.37961261660335,7.7194183108263275,3561.3512956772383,934.3828551238142
245_Parides_vertumnus_bogotanus.png,Dataset_papilionidae,165463,0.005438549023736567,0.006196859215908296,0.007667481314273623,0.010307983313280202,0.0075018390830977775,0.009949663795665161,0.009093549743721242,0.011273646811187173,0.005367631849024222,0.005416880694843481,0.0070042942259588075,0.009262403330949449,0.007061434305419546,0.009005943284769453,0.008047852172076398,0.009816153745303773,0.00571531515554635,0.005995169954630417,0.006875657353634574,0.008399256571418004,0.006910916485356419,0.0085702127389105,0.00792880521385611,0.009430821054601676,0.005511793867196983,0.006846695902490907,0.006176390988961517,0.0079218111561455,0.006194917331459897,0.008172764244084196,0.007352081118814389,0.009527077142674197,0.022120607882272117,0.0018674349302126305,0.01995788146849445,0.0007112139470185564,0.018297916590293832,0.00041120887311938504,6.347197291927035,1.2422204712016964,8.639612259412878,1.4625131912593659,12.197905797691934,1.129232939580938,0.9526582213431938,0.009261425482953986,0.9355671936445565,0.010973017060135763,0.909016932253936,0.008526972364512128,1.3654718779155433,0.16661611650463612,1.6231237423997382,0.14036972057872682,1.9493946184005133,0.0971242776956907,0.14860010795067294,0.0062141611920253316,0.14124949995897107,0.0025416982187268715,0.135261271523686,0.0015182279438630307,0.5951628533819033,0.031583757468830735,0.5527917829760538,0.017434845196930754,0.5124697667323874,0.009538221568971671,0.0042800039128728165,397.7667232701947,0.9543721313114456,4.850927466055578,0.00021589555603441054,12.19658171781703,-0.262418826169033,0.9866908465721241,0.22636092604924224,204.96404803491018,7.917629351549235,17037.568238472606,4358.833740435704
246_Parides_vertumnus_bogotanus.png,Dataset_papilionidae,149186,0.005699963882275005,0.006973820043196661,0.007900055326086447,0.01034360190918364,0.007664949783908292,0.010376736888609328,0.009395835187208771,0.009833449856137533,0.0057237455055871795,0.006187972390014564,0.007531831100483506,0.008917051474737158,0.007425595533120601,0.00888778559580238,0.008299037177499002,0.008503205290978522,0.006194310545389957,0.006607101084397774,0.007551132331073708,0.008611857208576915,0.007632915494100748,0.008806811991552112,0.008343529321968444,0.00819291874060617,0.005958939844647912,0.007607032993726664,0.006743960201182659,0.0077718121723558235,0.006794581358902423,0.008029881004550307,0.0077040358965960965,0.008812272039350874,0.012301602951935416,0.0014949268428633897,0.010555003001254525,0.0006032643957735756,0.00929011931907425,0.00034207668220328575,6.695928232179536,1.2403629453390377,9.12799723832022,1.3368190240891984,12.810347538421656,0.8353476963445166,0.9134585448401633,0.015974763379418642,0.8822172056166793,0.01720047451205997,0.8353866623211891,0.010918561346348185,1.5483036280049218,0.18049327518518202,1.842288360720266,0.15058344263002352,2.195531618207974,0.09692033900076238,0.11071397037907753,0.0066347354759748265,0.1026942662958768,0.002981722858695062,0.09636889750734298,0.0017762072777339226,0.5377981099214171,0.03715915061620437,0.4903375747391012,0.02063200300376577,0.44767905654713835,0.013722640609158376,0.00031060008719823297,418.89255886724055,0.91576777946417,5.072106735880576,0.00016453946146510417,13.090766390087024,-0.2195029592150776,0.9788436563958123,0.14324798746558604,215.0768580018779,8.297494519183982,9526.002413817136,2486.2237431710982
247_Protesilaus_glaucolaus_glaucolaus.png,Dataset_papilionidae,46118,0.00943607073578181,0.009940745244551578,0.008499076682505519,0.00889291755783913,0.014678530160307724,0.014401125914981407,0.011823993265142538,0.01091593034774851,0.006345747561466648,0.0071315188744889395,0.006453648613287699,0.006329391815717093,0.007161712205446044,0.007572237943876874,0.008101024536533965,0.008115037927479932,0.0051441247690451235,0.005685855185021587,0.005601548693945976,0.005644900118167698,0.005335210546220731,0.005559425165927761,0.006812215006268492,0.006615628127593966,0.004286259129611024,0.005335160305335402,0.004429491576945693,0.0047405735889821535,0.004200814190511551,0.004411901616941476,0.005451464197779409,0.00557132983848908,0.009769949152492907,0.0013984665098132592,0.007934099099383918,0.0007555666161021571,0.006075598839463424,0.0003690202265844666,4.699224869833311,1.4550364106066989,7.539144816367066,1.9728202819422096,14.545765658365712,2.994903245176734,0.9546046561213946,0.014090828391314815,0.9270477980100943,0.01917831130347168,0.8585835327743873,0.029328096876805747,1.334918538816812,0.22004871006455898,1.7121579630087362,0.22257278643581785,2.4103292567259844,0.24782864170448934,0.09859794607210132,0.00695659276197098,0.08896907201547578,0.004313157090693828,0.07791005796615211,0.0023710139548814256,0.5649686617689275,0.04091797348898655,0.5035765526382973,0.02914983605278906,0.42652623588198757,0.016852065783336527,0.00018909252314891538,290.56150681741434,0.9560827109722109,4.863482441849955,0.00019385195438238517,13.08952359036394,-0.2900468220295013,0.9935818141719743,0.14997256501518277,218.91363565718274,8.632121134523498,12944.692071378478,3308.8133945489744
248_Protesilaus_glaucolaus_leucas.png,Dataset_papilionidae,60972,0.01052137881046579,0.014902978170189837,0.009591626864650694,0.01090907682571808,0.009131130278922098,0.011146344112627648,0.00847761913243004,0.010565650304053101,0.007824193779675302,0.012305896873187607,0.006677180613924238,0.008251243199586498,0.006293424163075946,0.00798968438357212,0.0068232689169958685,0.00975358293244628,0.006236992692518071,0.009702282818597856,0.005410789186768343,0.006894553165102731,0.005072141157233407,0.006025198487074486,0.005661530119745382,0.0075438888873796545,0.0053560771052694935,0.008689079596521064,0.0043349477590386345,0.005650608003189269,0.0040847533462550515,0.004918448328062122,0.004667801447516559,0.006385451932462729,0.01623077488016237,0.001932925786676191,0.013659277032791146,0.0010305059950913022,0.010998619227164963,0.0005515371330461729,5.151015541148252,1.4139361861440378,7.935369333209202,1.5841144304996988,14.307564830627523,1.0209816148903321,0.9583255099205719,0.011440662172736822,0.9357801671192618,0.012781473630788055,0.8841039850419861,0.008052060463876496,1.2019284156485301,0.18470748836406906,1.5307576309168924,0.15500055223286652,2.1118304469798392,0.06274065468039518,0.1271776239945165,0.0075250804162978815,0.11678697456782271,0.0044810271239837714,0.1048410956880548,0.0026389168408835844,0.629102985979477,0.03378091843373709,0.5730765374904254,0.02341084950513143,0.5001217502603021,0.007568825688791573,0.00038009957561603157,319.64287344698687,0.9595370295068464,4.6331671172001805,0.00025222834090568526,12.740487475397392,-0.31899568771539233,0.995679478380718,0.2071560498147255,287.0567982902544,8.56182627056196,15479.343088432506,3949.7464904698736
249_Protesilaus_glaucolaus_leucas.png,Dataset_papilionidae,98087,0.009706185384579177,0.010504896449151983,0.012772019409334128,0.013937350409403746,0.011966200869464066,0.01385853118115329,0.014374879577233745,0.015544424744125273,0.00681876448256258,0.007979835427662988,0.008076292836178781,0.009736954348651716,0.007576875180105121,0.010365804732709271,0.008598383411829101,0.009653050167009238,0.005403869529605672,0.006113978596017063,0.006304217732519899,0.007315454358499386,0.0060831176951052154,0.007917905022060245,0.00692485084184421,0.007628562567486146,0.004349716352852026,0.005136425273754121,0.004831161185515208,0.005422890914615383,0.004781091150136342,0.00604287232833747,0.0057477370603025045,0.0066423451066420424,0.01032936940058435,0.0012496018613409278,0.008517731258335466,0.000761198842248542,0.0065393677547216904,0.0003727299500906239,5.977148000121398,1.6461126386537661,9.77386774424562,2.6848503559675856,18.82323351482564,2.657206880216366,0.9525152768647136,0.013070063011570647,0.9223803372368129,0.02129128491387602,0.8506055008398228,0.021041296448433704,1.4337328409014056,0.2225856813467242,1.8523835078786384,0.25147269962378666,2.632455372233504,0.19235979774957013,0.10144857646669966,0.006128273285725799,0.09219888557687386,0.004134822453018911,0.08083352056317784,0.0023042803831118666,0.5706214457295693,0.03801543240127955,0.5126873619319172,0.02576086349562692,0.43655581220827844,0.012849010095936296,0.0002526073893717824,372.93792467093135,0.953669776786749,4.942127088909374,0.00019361759510551398,13.228513872994737,-0.2830904926662402,0.993053921141017,0.18204234934265895,258.41473234006685,8.686769136858649,15725.20389898325,4024.5354559135503
250_Protesilaus_macrosilaus_leucones.png,Dataset_papilionidae,38901,0.01139824144717084,0.014184065171946739,0.012167896525484884,0.011843953436067547,0.01830282137059719,0.021296587567091133,0.021966775995714984,0.02413411123986468,0.007961646153521126,0.00974648591576435,0.010100754469664523,0.010146360073038615,0.012211794048711465,0.014828979537463987,0.01591607887205938,0.017183638655542382,0.006565080450198229,0.0071720824356009665,0.008389665193439127,0.007990804521836453,0.009214492230404709,0.009986304569905279,0.01287764667493221,0.013661984304374692,0.005178594076494368,0.005632820923857836,0.0062471953468403495,0.00585798387214304,0.006703456009076901,0.006827913684033491,0.009706629363640872,0.010258171113136537,0.009333787083477079,0.0016277941990457331,0.007712177457833386,0.0008056012582308343,0.00626697103958861,0.000562329168007397,10.833392763283259,3.6956135494239835,17.589021483864588,5.742804518428501,33.32185327734793,7.359078799790987,0.945746779708732,0.01847470686058164,0.9119395316305549,0.02873303390968087,0.8332308790464703,0.03676728516706969,1.9713605173380975,0.38293257066605707,2.518143739753461,0.41975598764633804,3.4851313843361904,0.44789837374872055,0.09626739504152004,0.008147130500795983,0.08769208634161975,0.004719687583653586,0.07908460486485697,0.0035491284786621498,0.49596710074048056,0.052206338652052424,0.44057817256686366,0.03402706032530304,0.3787763439657169,0.027831827535046767,0.0001947752635942248,683.0915594170594,0.946533592028685,5.3622176384466025,0.0001401727968900232,13.313799525416183,-0.2676726901809817,0.9910167541465601,0.12671924051015412,303.2235375473321,8.668459759342834,24863.36698835094,6386.614636942002
251_Protesilaus_molops_hetaerius.png,Dataset_papilionidae,56407,0.0064813044854214715,0.007005242383756736,0.010647915535701475,0.009909755190951537,0.012357585991049282,0.013532200795348634,0.017342127901608374,0.01562851407981265,0.005370280634370345,0.006156657565053389,0.0076504704130759965,0.008474424288272601,0.007520139420714153,0.008563628439980618,0.010780090846316528,0.012648779479451644,0.0042699274151514624,0.0050232481836118715,0.005620647254662039,0.006096187564766945,0.005740917963615495,0.006607913423308352,0.008178689088777287,0.010454432929702802,0.003420834213251449,0.004348685325899975,0.004017858444854755,0.004242738233721824,0.004225144844600707,0.004942378562203712,0.006167692735086279,0.008195454794282535,0.011722792016417299,0.0016866813035363944,0.009698671322899014,0.000982176877181155,0.007507573538240098,0.0007433930456092129,5.610035610207378,1.9053429656226408,9.075740956422258,3.6452667176683486,17.625664343480853,5.1132267651412056,0.965613071076892,0.011682724623335502,0.9443044577587644,0.022501442310843743,0.8915616815401156,0.0317913777017584,1.3354053667896049,0.2642426216368692,1.7297986591775312,0.33176721230636885,2.4868416753395546,0.39128738463591767,0.10800570745189358,0.007586776274101954,0.09834756744479384,0.005140749030126263,0.08653770468473823,0.004335805131360649,0.5946729028136832,0.04613548664829584,0.534670533650323,0.03541404296200231,0.4539831215325112,0.02962312649201097,0.0002595992361330074,349.0300222348067,0.9665586436382867,4.80643519210329,0.00021678232568272544,13.063005543186733,-0.3195242726682836,0.9961188125105563,0.183198381632951,224.17835455759806,8.749588563399108,20528.464538464683,5219.373640174872
252_Protesilaus_protesilaus_archesilaus.png,Dataset_papilionidae,109214,0.011097106304672484,0.015145854071950004,0.006453511774478591,0.009431294370002143,0.013586785114419535,0.01769885152023329,0.007386275775538726,0.010041403528260766,0.006741122842381009,0.010678322670790249,0.0043474596869558044,0.007118889894037687,0.0066040567527362965,0.009910043812307628,0.004112578967881928,0.0061354542066612274,0.004855435505858352,0.008387287512093057,0.0031607373581987487,0.005176211747546807,0.004066150961365853,0.0062013743931458275,0.002944386369034046,0.003969055427506901,0.003791289523927401,0.006427794803326347,0.0024618784548739734,0.0038307444128697723,0.002845717039435127,0.004210683738417605,0.002439641356789268,0.0029507245763017525,0.020543757699635762,0.0016657448042399368,0.017911505770121725,0.001357693378717058,0.014126363370111101,0.0007690056370366396,4.071832994874232,1.5839208842658214,6.945443417780325,2.350796189917474,14.654988044192693,3.561013070588104,0.9606883576573243,0.015290192609733367,0.9328813036208139,0.02278524179066888,0.8580811039486156,0.0345709400396692,0.9577640545878107,0.20169217432957606,1.2768781340417978,0.22683715390286416,1.9264939964506935,0.26521547243923327,0.14321311023153466,0.005810572901708432,0.13373692456691594,0.005093208959463946,0.11881015825901492,0.00324186128310985,0.7156149265109943,0.030192679516463004,0.6695062232115854,0.026049573944472718,0.5987187759880572,0.017976432196842477,0.000715001068930622,252.63270111848087,0.9618688355395242,4.13000767008759,0.0004389094687565491,12.254955460580835,-0.40291952389267444,0.9988444073975844,0.3436972279198209,244.74905752459944,8.655666272464977,12998.6514606249,3312.821040435849
253_Protesilaus_protesilaus_archesilaus.png,Dataset_papilionidae,70671,0.01284905606500419,0.014593859043339387,0.01535102595523343,0.01599283827720265,0.017964123516227413,0.01813837989458183,0.021309568720824994,0.020610698257033194,0.00792865070343142,0.009966228696730521,0.008507427013793574,0.010042375384299324,0.008783605214620984,0.010366690463317826,0.010481634699768143,0.012219676157487208,0.005221830084780337,0.006137456467220945,0.005108931775174218,0.0061304616313835195,0.005103467407019416,0.005851706138720565,0.0060462506218729815,0.006796754751411078,0.003913006039629916,0.004326750763299724,0.00350966049960202,0.004059913586948184,0.003520909433824006,0.003939255719521864,0.004343484128100149,0.004452084176644472,0.015264912247300508,0.0018570570392646465,0.012499936553739852,0.0013128416983293157,0.0091083841281959,0.0008282930435265979,7.052320682891063,2.301725814406953,12.645498544419208,4.605615195547536,28.792570800318135,6.252091662759239,0.9606344547059562,0.01285062085884133,0.9293597626792538,0.02575827049501608,0.8387646902982806,0.035011087998028295,1.4836609022274059,0.27077746120517004,1.998678037083285,0.34660670216466366,3.089594309358576,0.34953517421830466,0.12332449366814602,0.007482079175999259,0.11164427747674528,0.005957504547657366,0.09533810232868128,0.004362381524098362,0.5933935012633155,0.03714098755981232,0.533460613845156,0.028222337354567896,0.4481307889491935,0.015847353557328584,0.00040142196866813025,443.2575297710187,0.9614066066403117,4.911234863999093,0.0002167451848192028,12.980879989265771,-0.29897847242973563,0.9942873943088595,0.19541470899109536,331.77414201133627,8.627599460540326,22528.173270691965,5742.85770011575
254_Protesilaus_protesilaus_dariensis.png,Dataset_papilionidae,71611,0.00961076755879392,0.011521888868948822,0.009064168409842388,0.01008181939006809,0.012844494589472767,0.012435581961145995,0.012375830134886119,0.012577324548252097,0.006466594917451741,0.007954748861957272,0.006696756058324439,0.007661827243808483,0.0072285594024411965,0.008439534864521125,0.00826470814026019,0.009488726606026922,0.005113901940142154,0.00585711585053233,0.0053632057872874065,0.00603942116947047,0.00530552367135597,0.005993234997529992,0.0063960258014369095,0.007172697914898164,0.004147612342000906,0.005084938868987741,0.004086400854950577,0.0046759690528938,0.003977916390807999,0.004345641209997995,0.005036186393237862,0.005764375201371107,0.012795930327465382,0.0016556582331875014,0.010596791458598709,0.0009139617340268244,0.008184387248558021,0.00048760144515924475,5.033688217422467,1.5980911051744835,8.310499928443589,2.322744542634398,16.700206298509336,3.248889498430637,0.9647887871032983,0.011157350348004537,0.9419106291740444,0.01621584885240628,0.8834843327055764,0.022595101293396647,1.2834736091958463,0.21690209273639136,1.666408606201748,0.22599053253054818,2.4010227314177275,0.23320939294698897,0.11288900089485307,0.007211366335670515,0.10284090940758958,0.004531976480373744,0.09042712130032098,0.0027061008656471116,0.6014883185046465,0.03759427877397304,0.5432559287191552,0.025753387524538124,0.46568999942833833,0.013907070501449577,0.0002874988556726618,312.009364227628,0.9658581009373346,4.756991902088407,0.0002270462924269017,12.920363088237695,-0.3109036623992545,0.9953006084835667,0.1899923579840522,253.35845533951394,8.631755525586406,17961.907598335532,4568.479240640792
255_Protesilaus_protesilaus_protesilaus.png,Dataset_papilionidae,53335,0.009590788123233832,0.013655168513756854,0.0118847341825994,0.011479545596302466,0.012680226944961492,0.012759542354776731,0.018235095758975424,0.015607128061001231,0.008039940092662718,0.00949870016334823,0.008869674948731806,0.008543897688617371,0.008156305568222385,0.008839906576061046,0.01127285666416432,0.010843024320394514,0.008207704175846705,0.009973304468610038,0.008425466346067095,0.008001139354903828,0.007625362282977498,0.007250233369122393,0.010484234524033957,0.010162564760930465,0.00796121833614931,0.011195178626252878,0.007655930961813763,0.007954083165975222,0.007266786208350986,0.007453396862627026,0.010426356516773726,0.011350440542575712,0.006948888508095765,0.0009838883805980917,0.005841870383864794,0.00043983773055063187,0.00468765393263591,0.0003638244961168351,10.726504715109733,2.4463207850710194,14.733430740171663,2.5174038602495608,24.11312574734935,3.442524147856044,0.9317565700377353,0.015581290120199869,0.9062729971465142,0.015913555534193102,0.8464815132059563,0.02179643927867409,1.9644595990600582,0.2793579282091546,2.36223620204724,0.23671113065563187,3.0907496693644987,0.26721224281448996,0.08315908628219501,0.005784019087642349,0.07637560339052163,0.002938977815250427,0.06841520363574144,0.002648366310755214,0.4879971243914829,0.03924211127651671,0.43981947749936706,0.02133285977466712,0.3812415028079063,0.01690900447735149,0.00014487190250855696,678.7428223645893,0.932599195910207,5.397178068622297,0.00013204020689102267,13.689342371046452,-0.2567153220791583,0.9904938448538526,0.12527589096558267,277.62591223044467,8.842798122616987,19462.521546659085,5035.316092255919
256_Protesilaus_protesilaus_protesilaus.png,Dataset_papilionidae,49914,0.017534911070677957,0.016823011953655858,0.010682288724753962,0.010857957327383315,0.017262542190330913,0.015438693725983627,0.010698649298427539,0.011004643911677811,0.011179660023950362,0.0129715146856788,0.007094515380847829,0.007935877420052265,0.008707539412351988,0.009353132511603702,0.006984447586050071,0.00848033198707377,0.007473862612224376,0.009551371066302343,0.004932731973613127,0.005266736434261371,0.005586304155519582,0.006051788403162406,0.004956095790649265,0.006169706507132831,0.005374342017930901,0.007003870844777895,0.0035807015338867607,0.003738821707635526,0.003869817449216532,0.00413890017886946,0.0037410297928792734,0.004728007440016664,0.012454921939737951,0.0017020439058310747,0.010131394774784372,0.0009908778990568084,0.007549584749598921,0.000573503756146709,5.801957285106505,1.9369972872671721,9.705110936457231,2.8312185001837356,19.85790908754239,3.5590716582979507,0.9410669320578441,0.01968348769658193,0.9012395873505011,0.028995850418911503,0.7970639045969501,0.03671371534315819,1.4137914725189975,0.26920748562678465,1.8583196187442446,0.2916900440682581,2.741060862270188,0.30377077318934376,0.11134704251161293,0.007533794771229977,0.10052986842259386,0.005014013334678879,0.0868255736392938,0.0033021980265407476,0.5733389124499383,0.04605500065992503,0.5111007890554589,0.03263627063210372,0.42669697824433056,0.023799717320894826,0.0003143764526905045,361.47154754029043,0.9425636129502015,4.916546031267115,0.0001979503673529602,12.97159579764473,-0.2860427229483568,0.9927280069181923,0.17614191020586484,236.14885276090442,8.546765207833465,12226.203648987947,3146.9187991320596
257_Protesilaus_telesilaus_dolius.png,Dataset_papilionidae,70649,0.014018600233276527,0.01535635233447382,0.010404938850019693,0.011479750886996123,0.01873908863125356,0.018496927910130835,0.014543367198214035,0.01651268318272847,0.010508440421741533,0.013733644676383749,0.00773927927125666,0.00921865745325923,0.010010460842406012,0.01158531408353831,0.009366338968094433,0.012136835229731207,0.008772193876362055,0.012224024308700485,0.006349573218607893,0.0071592738219328714,0.0073313067032821375,0.008557431021339691,0.007109854863552284,0.009068356664406618,0.0072805510912206895,0.010917606594931507,0.005115384482152617,0.005964793850193213,0.005564349849598931,0.006545192320913688,0.0056185800386217176,0.007252470671043621,0.010133762498318384,0.001177147532370254,0.008354873704538381,0.0006107491553552067,0.006480511342851893,0.00020058931999055861,9.059112694462938,2.833025191104066,14.290176884418113,3.1552455096352734,26.977669158336163,4.561579671824564,0.9417540997329108,0.01821141895529431,0.9080833069403653,0.020310954145316685,0.8262867514798862,0.029288500341889526,1.7240902637071236,0.2924815157151127,2.2123526912661418,0.2681216337361976,3.1407155869055035,0.30907213458864546,0.10049612035817661,0.005855962027990495,0.09134369339689297,0.003347145224335938,0.08049196860480053,0.001246728910267817,0.5412530852064391,0.036348216737819204,0.4838536714118744,0.023946159828771837,0.4097518840435285,0.012386600334463224,0.00022500226730433592,569.6924496486201,0.942762369117589,5.153220678299201,0.00017393728669906072,13.339816302496617,-0.27058090826199144,0.9917043695435999,0.15616204926776414,280.3653882629912,8.686113746591479,19336.648911108292,4976.58534018923
258_Protesilaus_telesilaus_telesilaus.png,Dataset_papilionidae,61694,0.005149883773256844,0.00542312449110839,0.009107020867493324,0.010490644909757266,0.00683856145109098,0.007037934194877224,0.010986791902592153,0.010235076879245663,0.004707007045441696,0.005294598192777107,0.006648222645335077,0.008140610906978254,0.0048969320732622605,0.0056237539748229684,0.005941434613646702,0.006779792434268752,0.004331508176418439,0.005016475795962303,0.005434294052921333,0.006912699783094135,0.004517331165405908,0.005481241823308084,0.005006689399510497,0.006041673681581562,0.0038023305190193076,0.005081213641908294,0.004368160562169598,0.005943169475148072,0.0039209412264329885,0.00521865190283848,0.00441342848604034,0.005811373285710942,0.017014264106150173,0.00185615376240962,0.014354752081512963,0.0012030655087686955,0.011437792169829685,0.0008756285665720607,3.90736888640909,1.0907259456086538,5.85132101224675,1.8016190733551076,10.387644031200672,2.7339015824259665,0.9669276340260601,0.009263554624458614,0.9503992034511731,0.015353698882530478,0.9116355843111453,0.023475723362271127,1.0824637004896998,0.16241038389253168,1.3570295130395391,0.20523437551526796,1.8564404813346498,0.251286498040726,0.1302451774033198,0.007103370279517021,0.11970405750607198,0.005068599224240954,0.1068686593236118,0.004108749712928591,0.6394269376284958,0.0352182158395543,0.5858025499846871,0.0283957363838259,0.515004306151075,0.023923565787439295,0.00038732729790156423,240.36375469695977,0.9681795431521139,4.525641547823774,0.0002636746582594868,12.602231938057244,-0.33087585924279506,0.9963545218405481,0.21317187294320197,202.17138729230166,8.52189820658192,14870.93070456821,3777.823614816291
259_Pterourus_ascolius_ascolius.png,Dataset_papilionidae,135080,0.008135234953429526,0.009999411340351672,0.01047296275121084,0.012671814213321683,0.010413808113354977,0.012320798515607813,0.014100014110318667,0.015521539442267408,0.00538316803142775,0.006817488678193744,0.006252570682877955,0.008247742684586376,0.006130883474299362,0.007931064943253165,0.007254754404904697,0.009023604048823169,0.004630760931474491,0.005649150947206445,0.005200092524400242,0.0065941625424176115,0.005151865752905517,0.006531274937850596,0.005758545234050986,0.006865272021394709,0.003916095380845215,0.005201319188202134,0.004116309055143712,0.005108150474670894,0.004067594874029951,0.005118559319583424,0.0048652375841495375,0.006182941076251575,0.03571735473236418,0.0034712875557885267,0.031056779335769474,0.0016838359683593897,0.026277600720383584,0.0009777679263615147,5.049530179048158,1.3797071217104786,8.168166194901195,2.2952369518152653,16.029706792072343,2.6263336203012657,0.9602627098916223,0.010835796153420089,0.9358261077216957,0.017978916682141483,0.8744988450770859,0.020532577945751376,1.1549472892128918,0.1722198861607199,1.4667292047715457,0.18479828093822567,2.043222997121593,0.1618408798186161,0.18876941022269966,0.009135890571712841,0.1761630249388953,0.004834043871091691,0.16207590469637226,0.0030003061903812428,0.6544308827647219,0.030753451629920183,0.6093734813758063,0.019138875748091796,0.55314084319334,0.011255841501874496,0.0009406952337555382,313.95743538440104,0.9613439456152814,4.533966394085107,0.00029752076000945165,12.106657556002052,-0.28604679829869073,0.9904465537507676,0.2521434582142133,155.1074197954054,8.031117767365572,15926.842145922,4060.199895326601
260_Pterourus_ascolius_ascolius.png,Dataset_papilionidae,137375,0.007250180636133436,0.00966647346793219,0.0081601158269051,0.00898069388925327,0.00830056352605749,0.00919115452569753,0.01149408102463181,0.010382370513947796,0.004451784881212141,0.005691623874279947,0.00507848912319604,0.0060405764989446145,0.005320886389232637,0.006651158320402276,0.006112541217581728,0.0064480586465534085,0.003493469788822888,0.004433664086178311,0.0038686969394966376,0.00452809693990609,0.0040438257037764555,0.005157774260463511,0.004483064406788913,0.004688584439240438,0.002783425618381088,0.0038014838851673422,0.002886246009746176,0.003421168830226619,0.002971619381739632,0.0038786488181939815,0.0033980371950890066,0.0037473199138011097,0.021925933537040376,0.002787488923478787,0.018337716609267415,0.0016080448306519642,0.014345303225292717,0.0010687883996875207,2.8605496937943022,0.7648303205628403,4.705831343026747,1.279520423398226,9.35717809852816,1.267961329117496,0.9492253116390306,0.013559714670649493,0.9165479841916492,0.02265563175705208,0.8344229888114512,0.022428650961588855,0.9286888994184028,0.15140087026408458,1.207622302203959,0.17532456604707264,1.7406586540617563,0.15550565853537165,0.1477841450829972,0.00926174924773995,0.13527989154847803,0.006088312730095024,0.11968913171608883,0.004451401390736845,0.6757153189350246,0.03740040767277976,0.6219883937337349,0.02866737985804081,0.5473902371237146,0.02155815002412556,0.0004942623348926401,173.61284291651424,0.9516935220168272,4.317964936491636,0.0003798211168983088,12.156601724977019,-0.297031062350458,0.991958619442,0.24721369505400495,137.55647942669393,8.115368522215851,7013.672964969538,1796.821451971516
261_Pterourus_ascolius_ascolius.png,Dataset_papilionidae,50543,0.006899556159625018,0.008944444731052704,0.010694636163202686,0.013724469394551174,0.008632038899881143,0.011485155908563006,0.01166270266785715,0.013145033103494646,0.003943937485503253,0.005511493266335953,0.005694409768001105,0.008958778218567786,0.004620798357405786,0.006494185837999151,0.006413326922471577,0.008342496725269861,0.002916867013266242,0.004137950746565891,0.0038747343884170207,0.006135092228219847,0.003169512890015605,0.004327591939488376,0.004301596819161965,0.0055792856284420985,0.002349741293622872,0.003475204301434038,0.0027386709248484625,0.004380264965546859,0.002328391360234168,0.003200619908500379,0.0031619496690994697,0.004164976345291143,0.03556021570762204,0.003922908244489747,0.030440837619454476,0.002402686857894157,0.024590602966198475,0.0016048834118518498,3.219123946561703,0.9428551658511437,5.47420904839698,1.6350455823633183,11.399551929644169,1.5785328442751108,0.9387339651256437,0.01792190010841859,0.8958967467236776,0.031101528415302317,0.7835969533876352,0.030174592393066052,0.8804968012260914,0.14762484373131154,1.1584572323732398,0.17739860117474357,1.707088707722406,0.1444813541273554,0.18829185150519123,0.01031476438747167,0.1743329572213333,0.006989824455539116,0.1567304154896028,0.005116622582813559,0.7110270292144508,0.03284403897842373,0.6619052413516667,0.026922455764718443,0.5902655554771165,0.02116350714683245,0.001184824160711511,197.09696571781953,0.9409896015882119,4.139904529457482,0.0003781792052764918,11.479728096771167,-0.3320809789195966,0.9942625432513956,0.29996105537935036,95.43007970674083,7.85110990088929,6482.297635116682,1669.848650208624
262_Pterourus_bachus_bachus.png,Dataset_papilionidae,145183,0.006283891023899489,0.008757630807867501,0.008035738986143555,0.012083870383575435,0.007992812194306953,0.012178497112992612,0.011317290235799611,0.013669832058294794,0.004841796242268243,0.006745596437636205,0.005535969720455128,0.008346397865457135,0.00544690694606925,0.008417530915602793,0.007017615327761551,0.010081051570025572,0.0040551405481999755,0.005492119387100405,0.004565967588512913,0.0069586188624044315,0.004495511056919592,0.007032507445297369,0.005558194320058849,0.00782556126403341,0.003256514265879944,0.004638393502330201,0.003518463180628128,0.005123204119464611,0.0034604492858527898,0.00511985612372425,0.004428116499534691,0.006329573768437583,0.041478898350976276,0.003989330451905751,0.03597175688722906,0.0019163823002383512,0.03022646036148209,0.0008417933489270548,4.091595592995664,1.10259981214555,6.5129750484460995,1.7309334117792388,11.899187826448323,1.6998710972922448,0.9590452983373706,0.011016442919792277,0.9349013994021204,0.017255679980434206,0.8813878546636138,0.016933127497451687,0.9906464840069538,0.15408431433230746,1.2560434774335183,0.15304986576107835,1.7160965843585048,0.12399079172568785,0.20343017710560257,0.009749943269550419,0.189593828464005,0.005092847493348864,0.17384081162748283,0.0024150722929391993,0.6889285359913523,0.031537993261789285,0.6438699037820317,0.01868537818262009,0.5859674248439364,0.011063291947928119,0.0010468526201468788,252.41002454434835,0.9604544355398245,4.311211414271487,0.00034268262922594676,11.717629527339058,-0.29989755038198523,0.9912302901405771,0.2704567845106822,146.87815221032753,7.866235174688188,12511.152356791443,3190.8905953339436
263_Pterourus_bachus_bachus.png,Dataset_papilionidae,139332,0.006834057042492518,0.010455717444550065,0.007304334556159358,0.008804456283330434,0.007237463833732474,0.008907306705568222,0.009279347268025031,0.00918493320085784,0.004323777038487323,0.005937442870456894,0.004858258729821491,0.006283876057368417,0.004768418999068832,0.006509454027545827,0.005807044576855822,0.006219639624928973,0.0034604843420714924,0.004691158575312096,0.003743946557413869,0.004723331396261637,0.0037474401805418526,0.005087220676036126,0.004480694802733415,0.00493496044387704,0.0027969463337006472,0.0039978649178957545,0.0027957912191790115,0.003513323967720294,0.002817656492094813,0.0037261035495924403,0.003466366478581891,0.004100767513674124,0.024850538811545607,0.0031133182922487707,0.021068190286076302,0.0017611998387374761,0.01668168909427125,0.0013269369576636213,2.6536101499922053,0.6856196846802007,4.27280702114828,0.994788841957282,8.157079009202246,0.6346827210174721,0.9573441392252946,0.011003505395761327,0.9314098353849832,0.015907556369056858,0.8694422807334136,0.01006493264734559,0.8895701213426954,0.1424703292391812,1.1466025543587894,0.14411471296545347,1.6181769194237543,0.10275008461520456,0.15734121320697206,0.009709862929195508,0.14501528020105472,0.006225656132962304,0.12905684423486216,0.005100985239125536,0.6864728202873724,0.03730932023195963,0.6353718722433386,0.027336231550161065,0.5640635286626765,0.021988508338332362,0.0006740753666280334,160.67694278582098,0.9595456412332937,4.253210541057296,0.00036768689070453616,12.023509253346564,-0.31786763278401736,0.9939889820149469,0.27753715766911163,155.12360677308737,8.124549033092514,7781.963712582986,1985.6601638422019
264_Pterourus_bachus_chrysomelus.png,Dataset_papilionidae,132428,0.007563722694349897,0.010547612084477256,0.006088187450274431,0.00971153311183192,0.006995615702477873,0.010453010363099587,0.006518209575384567,0.012814612974663351,0.0041403973852889115,0.00659241918860813,0.0035107689634770486,0.00623146377750036,0.003665986699536999,0.006338078732495876,0.0034601455945253356,0.006908844170689644,0.002938735071946173,0.004634079780765817,0.002515787769277137,0.0041663827984927725,0.0024648665332115786,0.003936924374033461,0.002502216616798696,0.004700861092998549,0.0023209305390236327,0.0037688276153509882,0.0018133986548834378,0.0028301985274199,0.0017703673821980413,0.002656953622756614,0.0019082231304289494,0.0031392317184070076,0.12020671521352808,0.00817203893260783,0.11003186570012313,0.0053974511114978745,0.09540159090128593,0.00494465317380088,2.262783627331757,0.6396970747244576,3.830691765915953,0.9384468155477952,8.014953786219335,0.3401285827309305,0.966773075111376,0.009370509126463249,0.9438364699141973,0.013724950823882816,0.8828776284319402,0.005070592750828322,0.6330400940644426,0.10612363001261092,0.832549727380808,0.10274136696017638,1.2297237556005132,0.0556336804966605,0.34651106283536337,0.011696091066460234,0.3316077892753788,0.008254683035653389,0.3087696652408495,0.007929989176516224,0.7880851093869137,0.025497387670595444,0.7502048709447688,0.018594205793107367,0.6922031809006822,0.014796405084396365,0.0070524347146539166,136.85421777726347,0.968610752996194,3.5671228782936577,0.0006210763746605648,10.002670235004196,-0.38492905878409134,0.9951955118479414,0.44085428985258035,116.69273978463947,7.1405785453274495,8581.087715561642,2179.485483334727
265_Pterourus_bachus_chrysomelus.png,Dataset_papilionidae,88892,0.0067005976227156455,0.010286587314389464,0.008279421596871414,0.009571071265620993,0.005736653354662693,0.008856445542047755,0.00781441992612332,0.008789088775743543,0.00397010969885335,0.006551362037071836,0.004635224459026624,0.006429475172703559,0.0035122988472870036,0.004572408756809079,0.00446849881816965,0.005323427563759993,0.0028869403181607735,0.004301414146864985,0.0030755244696959376,0.004015483505113961,0.0026225819395472826,0.0031239312600343946,0.003354304262029434,0.0039054968089466103,0.002276466087796233,0.0032912193686804297,0.0021585756474851144,0.0026902049456089395,0.001962348083571309,0.0023124234363414192,0.002587531302657083,0.0030572698829822247,0.046066699093043756,0.004708884836678374,0.03985650091957524,0.002632565414268332,0.032168951893188615,0.0019534784003342335,2.1799008495687167,0.6524924204702321,3.6557203965923444,0.9182981107687838,7.6155041808250274,0.6616067509148831,0.9646610874328119,0.010555003617303303,0.940811830212888,0.01483508205707666,0.8770563497372311,0.010701406228321969,0.7523527176140907,0.1316673895329491,0.9876146407446154,0.1295896030654893,1.4555341818260403,0.10193629281209478,0.21435146637508293,0.01096120230154782,0.19953072057972596,0.006632681547501659,0.17927425006787975,0.005449326177422107,0.7267956142751706,0.03458437716550321,0.6768569128578142,0.02604598160300211,0.6026020963090978,0.021997168041184983,0.0014847351392980395,130.33920837013508,0.9669109147420406,4.002572829376831,0.0003997449603530173,11.349300569719023,-0.34116621204171715,0.9947139917785485,0.31365237501637777,143.14998982172304,7.816383470795861,7746.069017242617,1969.1020564031874
266_Pterourus_birchalli_birchalli.png,Dataset_papilionidae,97919,0.006903217466805368,0.010192539559594545,0.005872048208529956,0.008086593932981405,0.006254944099138631,0.008618976203309361,0.005503549698766167,0.006694478574546439,0.004556624129981447,0.00834269101541447,0.0038613489259213666,0.005751779548960462,0.004064136615752561,0.006282101821414771,0.003875093725764256,0.005639215290464821,0.003712180957847243,0.007035380453920342,0.003298989119396299,0.004885117281965985,0.0033052512000110407,0.004999728308679534,0.0034621273336978525,0.005146813149588946,0.0032609835292646432,0.006725301895974296,0.0026392942175947416,0.00403540778078061,0.002634250669366723,0.00408446197402206,0.002979703634181508,0.00468612279191093,0.12371935614904965,0.006912365066260008,0.11453249768324422,0.0023179231675928345,0.10367159258355996,0.0011249526724261953,2.6044365696814085,0.6603881112824719,3.8776274555626022,0.6662326819039106,6.730276661923384,0.3600480369933715,0.9397236632366771,0.015252114905965465,0.9103978664663461,0.015385434368346163,0.8451448156144887,0.008620932394011632,0.7155266385788024,0.10183077886647149,0.8895059290987815,0.07497737407029555,1.1846859261654474,0.028173847798401354,0.3516002793120369,0.009828516507961512,0.3384091652710047,0.0034255720436227963,0.32197600386937103,0.0017451406449751953,0.7678262682200032,0.02134014050948464,0.7363984201627154,0.010178394385032987,0.6961316953315788,0.002247142073525979,0.008565655791345751,159.5983283824275,0.942147170278993,3.7345607834774954,0.0006532783687980604,9.761179968308209,-0.3514830630153179,0.9914899131652904,0.43959642101143726,99.39689213662862,6.846207858422355,5357.082510642009,1379.1702097561108
267_Pterourus_birchalli_birchalli.png,Dataset_papilionidae,98068,0.0045869163920658025,0.006666041820970678,0.004083120715825542,0.006577333013450366,0.0041938515432863085,0.006482725419417428,0.004480361556728235,0.007183904378618343,0.0029508318199472252,0.004882466327274215,0.00267628700914539,0.004150436005387068,0.0027210545658111185,0.004549326377185898,0.0028652924667183447,0.004270622342337962,0.0022669598942987586,0.0040501131970737325,0.002024526144451786,0.003136507364855229,0.002033802425599623,0.003427636658611014,0.00271552316382528,0.00399242408207586,0.0018878745110684893,0.0035268090182106727,0.0015818720945758387,0.0025555128298830098,0.0015863168308149886,0.0026986341549808677,0.0029586485062097494,0.005335754782080399,0.10834795299532456,0.007345837986766493,0.09822180712278086,0.003208615206146681,0.08529391703264322,0.0020743848657564967,1.3131091596449553,0.3472858447503132,1.9434415813844714,0.2922792473328527,3.4956637191301208,0.13932547939350834,0.9489348516471986,0.013548434825491572,0.9243126410233578,0.011425754202716047,0.8633593192500637,0.005433557278630117,0.5062304713901753,0.09098209078296093,0.6202202509227797,0.031536110188090646,0.8235664112634061,0.0165893531229338,0.3289730789866495,0.011165406278690618,0.31336156550916183,0.005131898715695124,0.2920296781006622,0.0035474132923609637,0.8070135587402634,0.028856958914244717,0.7772717875474418,0.0071936734812929745,0.7360251242275061,0.006035508692345706,0.0057801983238552086,76.86969507319925,0.9530771545546104,3.4078164372038144,0.0007823434857874722,9.6598510101168,-0.37614704106991403,0.993547017730794,0.4487504636957155,99.38961449414681,6.877870754126507,3200.3754059186663,819.3112752479659
268_Pterourus_cacicus_cacicus.png,Dataset_papilionidae,59281,0.014142300818508544,0.012821559029905566,0.011194537077318637,0.0117775379848387,0.014161078283300188,0.014969568188317265,0.010904767190754415,0.012433442185087821,0.007201428231950412,0.008266328551991761,0.005554733701033231,0.006688898281158911,0.007256863699921313,0.008981418375735073,0.006147296739018564,0.008065191999538802,0.005112687010964894,0.006166159352099706,0.0042417147429789715,0.004919423032284397,0.005087211242253069,0.006291251166010473,0.004790515681839441,0.006199444529134782,0.004024943103550833,0.005326440019547966,0.003321202063028986,0.004027920624252978,0.003720057845547866,0.004720101035429886,0.003918222120034221,0.005340642720024789,0.042756847108823215,0.003987740933037112,0.036990247931082215,0.0022430680760555165,0.030360031888355246,0.001280480017676807,4.883008347380443,1.4558553275922759,8.204899243519117,2.130107758489673,17.092974905584136,1.9018587092531418,0.955289137225136,0.013297169203184541,0.9250198645830214,0.019425768051525304,0.844558140732895,0.017446119516862067,1.172906200260513,0.1841117704688742,1.5268905060754154,0.20070599527258629,2.2233296861580465,0.13872952317276582,0.20655292748000453,0.00962991475887472,0.19223815968223165,0.005893886075503439,0.1742028617234893,0.0036598983185477697,0.6462274595557107,0.030712359232307924,0.5970190935527838,0.02318234797742253,0.5303622798042054,0.013341283012173069,0.0011892600083408904,303.02766129060024,0.9565661289571638,4.569763391000135,0.00028721188739165766,11.745548104088543,-0.2982584000472557,0.9911837130908918,0.25545079990129527,125.84993596066938,7.878674107291799,13647.143260522098,3487.5427304531745
269_Pterourus_cacicus_cacicus.png,Dataset_papilionidae,6292,0.00788420956064422,0.007367483612193398,0.013446831868391629,0.01270197555216851,0.008388579581975072,0.008463422880901156,0.004190303977127621,0.003391925040998666,0.007400040480676933,0.008841076124847757,0.009502873747684796,0.01317634885376683,0.006638247257922118,0.009609164774452405,0.004427907206308378,0.004717941748937811,0.006829262834163351,0.009467129972223499,0.007704879098022985,0.012716284727893979,0.005870758658495565,0.009570926775925711,0.004091131095722925,0.0046487622062100975,0.006529277886327969,0.010260295080590091,0.006922409844190213,0.012232737800239618,0.005519057506746536,0.009656184082655925,0.003956288470750467,0.004516786814439044,0.12644151041248192,0.0049164399254334485,0.12224017114959897,0.003954397821337804,0.11820002339589716,0.0073576991063253,4.4030924091756365,1.2912430279012166,7.073833348814724,2.420005662393257,12.0792641619073,2.6979104040543214,0.8777630319955056,0.0370678974119022,0.7927253603165197,0.08024812413891116,0.6323150282915453,0.09090139415581014,1.067818931418297,0.172815772255763,1.3765340844350178,0.26975212294014983,1.8716197069348244,0.26129739583947054,0.3555175548722504,0.006984167104125113,0.3495834491500439,0.005619895902739854,0.34363509881204624,0.010721112830876293,0.6861204734690244,0.028738040390758272,0.6450222411919714,0.03431307287105095,0.591454301401853,0.03038757164153765,0.02476968682597212,275.108773939295,0.8802807771691248,4.322791697630911,0.000396320086073935,9.43780438836773,-0.37976445721214136,0.9936578898891558,0.35210856262093787,452.8879120210902,6.724260792668578,4343.208995619971,1154.5794423898296
270_Pterourus_cacicus_cacicus.png,Dataset_papilionidae,59111,0.0036456653054825297,0.004054216715701754,0.005091308563156977,0.005447927474163206,0.005204285647822912,0.005770821151122375,0.007663286744722028,0.008925483163165611,0.0032580409612308282,0.003939947834578018,0.004147688453772953,0.004630946236252674,0.004239071616828218,0.005224903687063025,0.0060236110529820076,0.007233605366303283,0.002833610873841903,0.003650194153898354,0.003570654461970793,0.004381424223695492,0.0036766948429440252,0.0045997532190536925,0.0052887273405744775,0.006715108032094456,0.002410608857313446,0.003645676571413255,0.0028971375591276697,0.003940716606299178,0.002961852985295051,0.0040743773585983885,0.004337833059552629,0.0059547133636396275,0.046657999984008006,0.005715474353790913,0.0403470843905776,0.002964680133151922,0.03380558978601349,0.0018893379937349078,2.2465838777659117,0.637395680616396,3.250636925577143,0.8771158131065412,5.1788517960505205,0.8605234370348169,0.8851828030695588,0.03250840709109174,0.8340606601904279,0.044449962973009405,0.7367043486093712,0.04320819149088845,0.8120362372225706,0.14609243316018444,1.0031637066023504,0.13418413668041634,1.2974253183916378,0.11654035571219823,0.2156174416030725,0.01292744601820573,0.20072394218108258,0.007548736706430862,0.18379183447575453,0.0051138406359923635,0.7007696913159808,0.040334032650047036,0.6530535730274839,0.02723940092698837,0.5916608805779159,0.020430104479883457,0.0014904638665242495,134.5880635815734,0.8912874407441687,4.149847255882875,0.00035625235141931015,11.02307262389494,-0.2631275541758722,0.9799819279102232,0.2683340478712182,79.51924383670134,7.288146504763567,2340.8048997639225,618.8482408363742
271_Pterourus_cacicus_nesrinae.png,Dataset_papilionidae,61273,0.013581113445393237,0.01321621409979594,0.014194888617924336,0.01407991823764611,0.013685531502097453,0.013749313574870074,0.01271548097901091,0.01295770802507091,0.009020113452888235,0.009258504628345524,0.00815049277030619,0.00880324088558887,0.008200465423219299,0.009010390989426523,0.008031620177308156,0.009138226206199328,0.007515758937463961,0.007568232448019317,0.006375558615446788,0.0064599960585239894,0.006589165101452815,0.006868749742078448,0.006674998908952083,0.00748489086482246,0.006456050943906936,0.007186318878734468,0.00513756512072831,0.005333610841491741,0.005245092586886795,0.005565088962278804,0.005606221244006946,0.006962525599345337,0.036337945517316186,0.003194996266453039,0.03164487855680153,0.0015302436755316507,0.02698269710506356,0.00023662759668412002,7.037285224555125,1.8209724492610286,11.120677472826472,2.3154951809301036,21.258194625636396,0.8900162120294083,0.9464874345902609,0.01379508124559486,0.9155992055557786,0.017515479299708068,0.8394483813894569,0.006880811768862497,1.5117158685093228,0.21003599990247862,1.899663523241247,0.1821512566568783,2.5988773876008517,0.05193531458504904,0.1904406007165118,0.008385887910669177,0.17783795553412074,0.004305824920456991,0.16426252626207505,0.0007208127805915653,0.5669320057904302,0.03269503374696594,0.5176035305454434,0.017915280330960844,0.46183412484100195,0.005232845916229365,0.0008505101688192491,440.497581867077,0.94755740918304,4.998316623615967,0.0001917047554612266,12.121081678343415,-0.22271508492096126,0.9745533705018,0.17229293376570246,116.33384024262719,7.752091064408011,16354.237511192496,4198.683773264894
272_Pterourus_coroebus_syndemis.png,Dataset_papilionidae,39040,0.014936149512052245,0.015962681379783107,0.015711077971704332,0.018362622388993503,0.013025210564962949,0.016221861300941196,0.011263385584879144,0.012192432304079522,0.009565312295942692,0.011845199961150878,0.010136659032220056,0.013468180911169933,0.008191173701231826,0.011149892640774206,0.007937617140303235,0.010308059866462679,0.007459963686959062,0.009511774686053742,0.007947140086472787,0.01048619149630052,0.006525027896824486,0.008660217564110994,0.007034309473239078,0.010002337009835733,0.006272808887201722,0.008579871793609573,0.00622425420298749,0.008222578092529425,0.0053973940893229395,0.006969828924180939,0.00616562087692224,0.009454957531971403,0.04162524539062515,0.0031587683352352954,0.03702226608289959,0.0016630408780753043,0.032329738380173216,0.0007317569099023556,8.895931177109894,2.3074221381469724,13.735087279746923,3.189388164390748,24.612498860552215,3.337574456430761,0.9631213355486288,0.009582655429553577,0.9429339643101715,0.013351501298146376,0.8970592199710148,0.014121853931050102,1.45964849556052,0.19686162048195763,1.8238466159166389,0.20977699716132958,2.4479724099017055,0.1696270372528984,0.2038760926724023,0.007732026077244253,0.19236267893090633,0.004343482177312564,0.17979314306092323,0.0020406098224819715,0.627807556082342,0.027413990267798578,0.5851372279498418,0.0192177928799346,0.5330682879274575,0.010673965328332789,0.0018318494633507991,562.7236024580408,0.9637262746116056,4.806131981217256,0.0002485050635469779,11.532673323739267,-0.2887353522290209,0.9892195459980999,0.23857885971136147,191.97275465328119,7.735934195332483,30468.33747094796,7757.765268351498
273_Pterourus_coroebus_syndemis.png,Dataset_papilionidae,69753,0.014411691272362259,0.015167965079191654,0.01592352238939526,0.018055994456832494,0.015482229540409337,0.0184264304057087,0.014920012708358842,0.015349356703859297,0.009406248541668986,0.010851400807303565,0.009849189696733056,0.012505726520519633,0.009509572430167838,0.012409150738293967,0.00940674259406738,0.0109189615915962,0.00759696221858631,0.008584727644230265,0.007847513711799042,0.009402335576907535,0.007626697898273239,0.009269596575711693,0.007943114306668693,0.00960496982767654,0.006523359455851942,0.007828624571129894,0.006382802606257068,0.0074213899745756385,0.006295882591250628,0.007282428942903132,0.006959493786210872,0.00913514339167833,0.03241030980839201,0.0030858942488585965,0.028279032269514292,0.0012542272544144575,0.024345129317379144,0.0007142660064031371,9.732584338841693,2.424788978336548,15.307665882906466,3.156900782353229,28.192422146449022,1.2067680661098041,0.9397214112839665,0.01497190317811944,0.9053465860826828,0.019450120204433922,0.8263920534972994,0.007635200005033655,1.6477191135070304,0.21032855933704597,2.0521464497261226,0.19507695932701527,2.748854751239852,0.06032519227801489,0.17982465032456912,0.008567668529912848,0.16812176433582954,0.003755612616085489,0.15601253812841592,0.0022841331197453784,0.5639292101694812,0.030769584059717605,0.5181624153264663,0.01614005782398942,0.46807184764290183,0.0077022692802473855,0.0007499112305181369,612.5919564884149,0.9405997217843505,5.06522346648571,0.00018609189220602284,12.219972905768921,-0.22347284390549732,0.975501177857103,0.17891398815146858,135.02657326667605,7.810178864384298,20008.93434236036,5155.381574712194
274_Pterourus_coroebus_syndemis.png,Dataset_papilionidae,53871,0.01079079322775982,0.011522001373500382,0.011408041383551743,0.011918833317534327,0.009640956072680309,0.010041609552611618,0.012436475636836112,0.012094797087201391,0.008788441954006665,0.008906754537825986,0.009497700983724546,0.010129866940279272,0.008395487002184038,0.00781150292845102,0.010039968386037289,0.00940060263172174,0.009084263619378849,0.008967836915385316,0.009122916155960807,0.009369081928967108,0.008285805787491806,0.0073563298913439205,0.010003120804991156,0.008558328624581592,0.008709467734114604,0.009680629087154677,0.008218772658682693,0.008848486247855974,0.007607361867717278,0.007283007764653285,0.009297829005329905,0.008765966481166855,0.014358024405863683,0.0015099923746801657,0.012643143115929253,0.0005542794734626805,0.011254085316243476,0.0003815358194095328,9.569651154370874,1.8609150883841212,13.093976922979088,1.7029262451724017,19.659927473797655,0.43872586471868064,0.916918820856536,0.01613174420237437,0.8863525226006941,0.014772316307566074,0.8296097701500652,0.0038292991521574867,1.9090030924464012,0.21227590694988074,2.2478813641293423,0.1326120891587708,2.7256576908428745,0.022154112553504482,0.11966286616203843,0.00623079992856123,0.11241401407378888,0.00249650871163049,0.10607019087421143,0.001788833181665681,0.4891724207607075,0.032969858485265506,0.44710401411158884,0.013966240600262277,0.40700564200748124,0.008779303810061447,0.000497287812067153,603.9706261689289,0.9186120045608859,5.38058107644245,0.0001298704955362716,12.990141403212744,-0.2132454511413871,0.9763262875779205,0.12903867415111053,213.3997122657202,8.23029590773735,14236.894637042926,3710.216315802962
275_Pterourus_coroebus_syndemis.png,Dataset_papilionidae,102630,0.005754847407593809,0.005476301412720448,0.0057997563779775396,0.005327164095159332,0.007432922574340886,0.007842772281410029,0.008494253006069699,0.007969503803039558,0.006661095668913923,0.006116369639608773,0.006699754574196455,0.006045425243621494,0.006823865283770096,0.006959042145618244,0.007612233563146075,0.00726264567621722,0.008232231566320863,0.009012626331439405,0.007618110926026516,0.0073752828688397765,0.007530167597004705,0.007809437659340252,0.008258099560851906,0.008123569076640158,0.007994345081210165,0.009948533471055327,0.007386273154364265,0.00799249832621815,0.007279321381945774,0.008156695221023386,0.008492294168749992,0.00997031803131679,0.02011194971528702,0.0020594212515861634,0.017516500498196627,0.0006521310786196878,0.01581863556642826,0.00047550221943656347,7.823222586198122,1.2911103010126337,9.602157570385444,0.6137975182158376,11.858360027910361,0.6306014531505647,0.911407240714415,0.014629171063898775,0.8912893749204626,0.006954416165659201,0.8658166105326158,0.007259651036748244,1.648148643370223,0.16662372884527485,1.8768882559756634,0.07050636428417269,2.1148002381487467,0.06202925717525979,0.1416313137835997,0.007247114682309718,0.13232675140523292,0.002476158463085546,0.12575813896345406,0.0018777781756208016,0.5295294533749214,0.03124722423191058,0.4879756684546787,0.012441327075982842,0.45191379079085586,0.010330254372183828,0.00036322657504446286,490.6586827324415,0.9130371467870695,5.142813375781854,0.0001610444323646378,12.607260663988285,-0.18543485225701006,0.9597921681186166,0.14003285483307165,131.39094596347798,7.882859805248973,10793.82968344188,2821.1220915435797
276_Pterourus_coroebus_syndemis.png,Dataset_papilionidae,73198,0.0063765115977575375,0.007021767960450712,0.00836960398613575,0.009211770341774722,0.008083767049719548,0.009093975057884287,0.010830838265291309,0.010624090462252257,0.005543034438070201,0.0057431093306523386,0.006396269992515956,0.00712129050889234,0.006283139071639148,0.006967415264258972,0.008318311847710603,0.008729311290250577,0.005303078181939834,0.005921417190864668,0.0056818893934274415,0.006334938740147252,0.005466137186663169,0.005916252085265322,0.006598736428501471,0.006877664244677676,0.004549196740848108,0.005682887875440276,0.004581636579191759,0.005308077034101495,0.004372427314106861,0.004823790260461874,0.005194272338291563,0.005866088240554157,0.021666991569958147,0.002531996776714233,0.018301704220015147,0.0013643962532733033,0.015214052000957583,0.0007708829508117227,4.2306926540520475,1.0387822380609482,6.410232876092234,1.3952762614754346,10.833957519215177,1.1313403788651828,0.9505175981529357,0.012130846764600202,0.9251121354431252,0.016260048187039036,0.8737627655324378,0.013220480427329418,1.2017047088753485,0.16803467747268908,1.493380023891231,0.16168200110187844,1.9475979374238903,0.11569634183597634,0.14695033499849602,0.008520012546231567,0.13518682974666651,0.005121062688636453,0.12330584487969036,0.003117790798517242,0.6044071438533182,0.036078226310404256,0.5522530424883605,0.02540359466525757,0.49025052122244295,0.017722567762115705,0.00043868632942073037,261.39902072564735,0.9521457690361068,4.706410165009333,0.00023387895355904786,12.381743126268915,-0.2551149089849124,0.9855812155792296,0.18730188888317484,133.8982520242492,8.059956160140056,10662.248992866389,2730.91200339801
277_Pterourus_coroebus_syndemis.png,Dataset_papilionidae,78520,0.008255478006594577,0.009850099535617423,0.011773068268877133,0.013897469472304797,0.007867492310615301,0.009936638825066171,0.012412149748713294,0.014667148770044346,0.006423837638071429,0.009416896383905514,0.008768023391929997,0.011595758536794969,0.00623361506506742,0.008492384430950147,0.009619892372627831,0.012867312482765274,0.005842432288187973,0.00903887715831982,0.007436265376751457,0.010239375530863052,0.005952669888271221,0.008553142018574024,0.00858904233358217,0.012304146065369897,0.005277800485535079,0.008735189673196336,0.006032835250829972,0.008562290539094944,0.005271677744883048,0.007742576462325695,0.008031676818749401,0.01267317393612102,0.023714708058807585,0.002548931737650766,0.020528901992099002,0.001246355733048211,0.01710205904344961,0.0008482716215698993,8.691126586371276,2.38886048044538,12.293201869491785,2.2143480693687154,19.005011096220272,2.0461937091639566,0.9192538394106882,0.0222330351536422,0.8857113580535935,0.02076207686060364,0.8230627246118507,0.01952587967193888,1.4509295170442704,0.22830226670912696,1.7594710249942636,0.17119938048344596,2.2334152976484694,0.14588218200560013,0.15377209981340528,0.008297552517682974,0.1432144085044598,0.004305251307034173,0.13073440166115527,0.0032519633683871,0.6167981917589738,0.036166921594704506,0.5719219755475595,0.02217337201480975,0.5162280245518813,0.01881284031989717,0.0008924475953900455,546.3200787382228,0.9207560653140184,4.807379267860734,0.0002476202796420143,12.425212645615764,-0.2904086735556074,0.9919832383074869,0.23209383020965385,145.74906244366218,8.214625749200405,13244.547430134277,3447.716877218125
278_Pterourus_euterpinus.png,Dataset_papilionidae,126763,0.005016611389836568,0.005868925229854474,0.004719946158305332,0.007115392021463011,0.004785430208777816,0.006500703357729222,0.004488491709667553,0.007138523925572324,0.004033946852072503,0.0045470730775015004,0.003724835241552166,0.005020379280977393,0.003630913820169088,0.00464416182025025,0.0036593252323405294,0.005557463459558566,0.003998607006069458,0.005115264593621353,0.0034202793786247466,0.004548439704994566,0.0034190099667687503,0.004502599489031329,0.003314705614447315,0.0049885595550011015,0.0036382568143468134,0.0054663402557958585,0.0028789770854880936,0.004139041707563986,0.0029258241295702365,0.004332619435470142,0.0028676234406535333,0.004745445914264726,0.03298643207182899,0.0029088287818711182,0.028657844226000616,0.00175749597643602,0.023957298495290026,0.0008630391183433288,1.9257247945470248,0.41886812150561004,2.70316716841842,0.41424074914814607,4.149460840496624,0.2389427098128127,0.9886626951951383,0.0024636560107708853,0.9840963239714118,0.002423981134279745,0.9756170271808808,0.0013722011649306874,0.7069491227912192,0.10237878645743154,0.8757086195824161,0.08374481509362598,1.136812775343892,0.04929497164142846,0.18144579968035107,0.007990860415931599,0.16920580246762934,0.005219256392075477,0.15475629481518938,0.0027906469436689385,0.7366513320627781,0.03046892202859665,0.6904558289196321,0.02163384936723388,0.6263038544888624,0.013646520245584217,0.0009407509504546263,114.17865759841145,0.9894797158322843,3.9250769053250503,0.00045338505231951314,11.659241179909868,-0.3860881288585239,0.99793287813685,0.3070952041172321,163.97361242743983,8.194971113509544,21590.850407764392,5426.2572663407
279_Pterourus_euterpinus.png,Dataset_papilionidae,74763,0.005816047488499213,0.007587347933858169,0.010023612423617356,0.009131148017822945,0.004925048954579312,0.006067226939778023,0.006575460618079871,0.006728956211564096,0.005840792096130003,0.006878610049266967,0.007054726859224126,0.006498109744154086,0.005144124756053625,0.0049514674338657074,0.006121263764270911,0.005995393857026377,0.006377670383363033,0.006768795802534986,0.006738671822217027,0.005925301406742552,0.005845419062355085,0.005367032778199213,0.006505325017428943,0.006469377294298608,0.00616958452747692,0.00743244091478706,0.005912310289675755,0.0059612937947025576,0.0054979008283573,0.005640314728922966,0.006414299676389714,0.007813608211299642,0.014585602774827516,0.001576921538379911,0.012441521579578322,0.000916671445737024,0.01073913335228182,0.0006308871567552391,4.591062555929504,0.9067981643206364,5.981122781328434,0.5537728313261778,8.090449438973396,0.6127350917080872,0.9475522708670513,0.01038283066355208,0.9316558254221816,0.00634303794869571,0.907445307107381,0.007083482982970342,1.343552029310656,0.16738242508504153,1.5833400405991016,0.1004223211725679,1.8700162834373817,0.11206777036275443,0.12059003656779142,0.006606500995704288,0.11146803864357341,0.004049437063734483,0.10358588386446299,0.003016291812773974,0.5642798126978285,0.034697401374213524,0.515801179132237,0.02160412372103021,0.46770199684386565,0.019049962052434408,0.00028770191235813307,284.02421577589917,0.9492310697134554,4.890050365051607,0.00019518061917408932,12.525788380649121,-0.2333868321588795,0.9805097414974697,0.17225648512058167,145.11259297582973,8.016163582617105,10905.85149514493,2797.4689277302095
280_Pterourus_menatius_eurotas.png,Dataset_papilionidae,130470,0.011522888477348935,0.01676047659339921,0.008512860351325747,0.012133443179968667,0.012604219705535564,0.018528594590025625,0.009605893469223121,0.013179422155634793,0.006839254124625151,0.010352831224574732,0.005505340754001984,0.008654919649151412,0.007246245457800868,0.013126127806541158,0.005895803955347799,0.010410179219920051,0.0054162716158278395,0.008457536532087105,0.004690146068914643,0.007663395564946188,0.005457410834926383,0.010081826121546952,0.004870770223802194,0.009015995958753069,0.004946224207401315,0.008746781770496958,0.004206789475246638,0.007566499468096959,0.004614008930749506,0.00894706652482206,0.004439204468104982,0.008717992291665205,0.07262409854972374,0.0060254976439275895,0.06410907966512969,0.00310011135258525,0.0540497757998428,0.0017974982304439229,7.540485419049277,1.6885417132500453,11.156849293754785,2.194353741635636,19.82417050013732,1.9529738934066723,0.9483452146357111,0.011544356719323738,0.9236481317935871,0.014977349647768454,0.8647170800428121,0.013354087566186772,1.1359629303168892,0.14881733459521368,1.4039894847359373,0.1434073651415904,1.9163717139885503,0.11072559492886523,0.26925598074950796,0.011194435240080262,0.25312367237254196,0.006122593385791283,0.23245380989084585,0.0038732501950293364,0.7020260604545475,0.026826690616281623,0.6631122096453218,0.016340358775160796,0.6101407771010355,0.011468444393903371,0.0031585776880452823,476.460116089086,0.9491854473623027,4.3149780010280345,0.0003816334986381395,10.741080117841598,-0.28402637742673154,0.9845660777122189,0.3301874995210886,104.94627686109374,7.209013560042375,18274.60019096355,4687.7650767631585
281_Pterourus_menatius_eurotas.png,Dataset_papilionidae,92399,0.00547671341884957,0.007937315963415674,0.006817801803433769,0.0076806368396739886,0.0053452008647436825,0.008182557736886469,0.009919976072597984,0.011605815515083863,0.004355232694167402,0.006852500949089739,0.004979457292848754,0.0061047364664605095,0.004180410784181656,0.005792655928373365,0.0064857143266038,0.00828631953074407,0.004018102992507757,0.006798344064024815,0.004439003200647299,0.005954870434335417,0.0039422429028474915,0.0055123630891849825,0.005751359490901817,0.008079827929458295,0.0036931143165914253,0.006787037026983054,0.0037882032811952103,0.005614333776309696,0.003541414273824567,0.005395302616699576,0.005273143877404328,0.00861496090716648,0.043938917222129344,0.005822199759255766,0.037442619615833256,0.0028707732984944714,0.030817870269361003,0.0022821161705729952,4.3452504013317865,1.067084537019477,5.975553870994677,0.9340625315818838,9.37394895319613,0.8599797305492016,0.9473893884996174,0.012888080434816773,0.9277432488648611,0.011252718741272092,0.886988330177066,0.010380485706043475,0.9861617723811986,0.15616524996912487,1.1917735030715997,0.11961196400884753,1.5334789756727574,0.11427569751021642,0.20917208326138373,0.01363659804431068,0.1933527160488332,0.007572767814514178,0.17543189942349066,0.006443518761302263,0.687826634412291,0.037161163648817046,0.6427098184047955,0.02572261787609298,0.5813406991204834,0.025388422202099643,0.0009869922681355072,268.28741501249647,0.9491587110431488,4.288363110768065,0.0003371573104772556,11.415403581078056,-0.2721591628117379,0.9846701393240915,0.25366078237555306,141.860559015445,7.564371062611106,10284.183465913884,2638.117720231595
282_Pterourus_xanthopleura.png,Dataset_papilionidae,49819,0.012989504946722946,0.014228647366903524,0.015608223314654918,0.014660047083188165,0.015169817470803773,0.016168445561159248,0.02202101105622583,0.01878153437830148,0.010576489656864547,0.011052579341972152,0.011438242807847736,0.012678364735962653,0.011871223015792857,0.01206280999555758,0.01456058324284376,0.014264475438755643,0.011230420468177465,0.012187986963329255,0.010240924278331192,0.009688557732983815,0.011372649747008613,0.010943831896199244,0.012345416553325363,0.011851028887330108,0.011979505005628489,0.013592665860870714,0.009813384174247307,0.009746606698336975,0.010776389757846892,0.011120400208784563,0.011591451137306443,0.012393158620867813,0.008108040702603233,0.0009457352955079715,0.0068106726839087806,0.0005419498804950509,0.005396361863242098,0.000319073260443936,17.355380423040728,3.264512226078673,23.350440797180397,3.578455290918787,35.84345032318296,3.7039687425705496,0.8378105682825134,0.030623950566491854,0.7816355635449693,0.03389360920687688,0.6644307821818849,0.03570488105284878,2.62716617193001,0.2807569458742988,3.0999884352584246,0.2766715575789294,3.938240436498546,0.2630669660018125,0.08989401919822285,0.005206343725953334,0.08245889286941062,0.0033471884709174765,0.07342794110534182,0.0021677934109484184,0.41404830243100893,0.03126879461959986,0.37005752466793557,0.022710193922198963,0.31278349716254716,0.017791100714298045,0.0001594911699148438,1100.746141417997,0.8391033685663779,5.8165157899411515,9.431120310550156e-05,13.646153227981241,-0.1863814147348476,0.9682508186861444,0.09509058755438372,145.70994996880395,8.496717134061166,12583.818294977995,3421.1411090990014
283_Pterourus_xanthopleura.png,Dataset_papilionidae,68603,0.014056528415781559,0.01596908071880353,0.014975870827017446,0.01562841016368558,0.01528986467602306,0.015081211424735699,0.01880484739749152,0.020911798463208706,0.010407193707104637,0.011626440579344253,0.010832222268020492,0.01286991136736072,0.010952929526523578,0.012185035940936105,0.011865330913063656,0.011661364761858467,0.008470933460821402,0.01030751227705415,0.008297634837766247,0.00980632015948961,0.00852677665050765,0.010047770911535327,0.00857105106192444,0.008371077296476102,0.0072406529507110014,0.009781907494323365,0.006215857650380753,0.007229312924526057,0.006500327507265396,0.007946136839954607,0.006565714721266011,0.007066579947809745,0.008100021457834726,0.0011440407095603764,0.006511447487255836,0.0006767926835127714,0.0048301702673059265,0.0003289491335303723,9.85486277263813,2.4776478538290228,15.38310248063939,3.0781291400895006,27.110085576153253,1.3594281565854718,0.8900258742993693,0.027774820739078332,0.8277958147917316,0.03478274368738243,0.694678042702984,0.015784432891644183,1.8605602317030803,0.25727475192686905,2.3604864065704962,0.2673854407721044,3.2396815442526288,0.15976643557528786,0.08978057574241975,0.006282489728949374,0.08057939980344697,0.004290432911966712,0.06945883829005364,0.002374879092101892,0.5009711820853656,0.03970261736416634,0.44095012580044834,0.031514971622462286,0.36285168833242665,0.02106341440391692,0.00015373115050849415,621.3142365244229,0.891470324676972,5.304214006791424,0.00014242972430859153,13.472103808325594,-0.2273928020222917,0.9830395410472119,0.12213664787825283,163.42354853517725,8.571719029055513,10831.891536592684,2863.3014432792775
284_Pterourus_zagreus.png,Dataset_papilionidae,89388,0.015293246137368769,0.014738925238888412,0.01804367934162125,0.01993870034392465,0.01586550432545084,0.017394943473548342,0.01591359384758411,0.018062555363975885,0.007856492225684233,0.008892936948783311,0.00872742317999308,0.01068085549360197,0.008249535919032961,0.00986170692596743,0.008463089195808777,0.010810371568282092,0.004781230285391093,0.005192104614520838,0.005178569011522389,0.006006462296686934,0.004991785381412114,0.00562166495442837,0.0052126762847249245,0.006371903092890279,0.003399804731276828,0.003717636940346593,0.003265068070374773,0.003519335055854059,0.00318275564643294,0.0033630457987408138,0.0036349641071244856,0.004221421790693574,0.03061263219815641,0.003002593831891263,0.025868134876819028,0.0017936768766730082,0.02038679588400777,0.00026272012630098267,6.750340231282491,2.032273336199897,12.192622821937574,3.4583643826519626,28.005977747179962,1.6054405189979069,0.9572018802511555,0.012846689031602215,0.922822918450754,0.021826392582635516,0.8233865035620246,0.010036147276355298,1.4104274762879982,0.21888722125916915,1.9025035156502037,0.2746315978884792,2.928734355173263,0.08984842653283721,0.17475425750137422,0.008577976643696627,0.16073875621381004,0.005584543639043188,0.1427793569096586,0.0009225640747866053,0.6093444656764744,0.03107425503035907,0.5535395974865395,0.02489836364107535,0.4770169588838531,0.004665806777281972,0.0007153904045173602,422.0413861497258,0.9581481521235184,4.807905774663038,0.00024163333268636413,12.390312950791607,-0.2827710590142126,0.9908796610644807,0.21305729589915884,153.5051637166915,8.206532503654852,19739.95993653268,5040.500330670602
285_Pterourus_zagreus.png,Dataset_papilionidae,77481,0.012040978631753664,0.0162429217066506,0.01600058359015818,0.01643713969479937,0.011080534383829105,0.012808110577897994,0.01822301255645877,0.016869620647651764,0.00736523273436872,0.009218282721776447,0.009567563212227409,0.011002247226151611,0.00706127122892874,0.008212552163025763,0.009788360457871279,0.009920575152884532,0.006362897127860115,0.007614159425533711,0.007310816993449056,0.00816110196938417,0.006156233208208661,0.006411461976910875,0.007976312667424188,0.008138669693392733,0.005687650936482599,0.0072719460706026,0.005889661368228648,0.0066852588205180774,0.005298446868872565,0.005564623319345553,0.006937647753787947,0.0081033543615613,0.00889923872211152,0.0013012389239977502,0.007391548253957073,0.000636516709839948,0.005804821399816919,0.00047336312595319257,7.9864711784817874,2.131220193979892,12.497002810613457,2.8509463610518293,23.82696942983439,2.511420699123263,0.9378201409230529,0.016577608785055698,0.9027639041429348,0.022133413287811553,0.814870081371859,0.019416407828604147,1.6673225629009214,0.2629721360153161,2.1003734807217027,0.26991943377055805,2.9375715264312703,0.24686298332965048,0.09408998019346608,0.006805464664861734,0.08589158370878966,0.003766178693722794,0.07612643029462306,0.003096451261495211,0.53111964749828,0.04493957181170901,0.4775288665137119,0.032133527002576746,0.40858563095397454,0.02792936629830329,0.0001948662332294057,501.2218192641928,0.9389629870775996,5.148266014464843,0.0001641067159395261,13.454143536611891,-0.25978564372976426,0.9901270259001292,0.14916290486665315,188.3066002450591,8.706331554956328,15921.12163873433,4105.585864499628
