filename,dataset,fg_pixels,hist_h_00,hist_h_01,hist_h_02,hist_h_03,hist_h_04,hist_h_05,hist_h_06,hist_h_07,hist_h_08,hist_h_09,hist_h_10,hist_h_11,hist_h_12,hist_h_13,hist_h_14,hist_h_15,hist_s_00,hist_s_01,hist_s_02,hist_s_03,hist_s_04,hist_s_05,hist_s_06,hist_s_07,hist_s_08,hist_s_09,hist_s_10,hist_s_11,hist_s_12,hist_s_13,hist_s_14,hist_s_15,hist_v_00,hist_v_01,hist_v_02,hist_v_03,hist_v_04,hist_v_05,hist_v_06,hist_v_07,hist_v_08,hist_v_09,hist_v_10,hist_v_11,hist_v_12,hist_v_13,hist_v_14,hist_v_15,moment_bgr_b_mean,moment_bgr_b_skew,moment_bgr_b_std,moment_bgr_g_mean,moment_bgr_g_skew,moment_bgr_g_std,moment_bgr_r_mean,moment_bgr_r_skew,moment_bgr_r_std,moment_hsv_h_mean,moment_hsv_h_skew,moment_hsv_h_std,moment_hsv_s_mean,moment_hsv_s_skew,moment_hsv_s_std,moment_hsv_v_mean,moment_hsv_v_skew,moment_hsv_v_std
001_Dismorphia_altis_altis.png,Dataset_pieridae,124110,0.01370468849318257,0.03938871431257218,0.01579888808315204,0.011709325956364874,0.0048344210780759,0.0011072614795119024,0.0002198766327361928,0.00012891789541535735,7.878315830938505e-06,2.077010537247424e-05,5.37157897563989e-05,9.668842156151801e-05,0.00012175579011450415,0.00018191747464167094,0.0002635654750713972,0.001250503585528966,0.0024695834340504393,0.004325799693819999,0.00548807509467408,0.007998448956570784,0.009566110708242688,0.009797760051567158,0.006856316976875353,0.004207457094512932,0.0022011723471114333,0.001872330996696479,0.003294960116026106,0.0023774272822496174,0.00115170010474579,0.0004597735879461768,0.00014201111916847957,0.0002910724357424865,0.001984126984126984,0.016610265087422447,0.006187555394408187,0.0034999194263153656,0.002746555474981871,0.002561236000322295,0.002917270969301426,0.003068346627991298,0.002441886229957296,0.002572818467488518,0.0031786318588349046,0.0048495286439448875,0.006736967206510354,0.002700729191845943,0.0004416445089033921,2.517927644831198e-06,63.7416324228507,0.8445767604092794,53.49027784022956,86.00128917895415,0.3986842769045281,65.19594557133678,95.8616549834824,0.3211189399765516,70.32492945129141,24.888816372572716,4.119104164037865,25.116273125367194,88.6866167109822,0.7317068025232281,48.76043457166613,97.18532753202804,0.32552322030452885,71.4208859935167
002_Dismorphia_altis_altis.png,Dataset_pieridae,82137,0.00555061800541913,0.03722777527518387,0.03880995572437918,0.005209724132986487,0.0005703208595936598,5.302793571174447e-05,6.060335509913654e-05,8.76584243398225e-05,6.384996340801885e-05,5.95211523295091e-05,9.6316046496842e-05,0.00011687789911976331,9.848045203609687e-05,6.493216617764629e-05,9.739824926646944e-05,0.0007218292473415013,0.0010964912280701754,0.0028397677051754996,0.003571776422318809,0.004012351315485104,0.004430859417801965,0.005454301958922289,0.007113115891741846,0.008004157687765563,0.007543037851394621,0.007975242582514579,0.006423718908652617,0.0024075629740555413,0.0009024556533596309,0.0003545905012357403,0.0001810998697298416,0.00018947003177617882,7.609238223942925e-05,0.0012326965922787537,0.0030307595845964668,0.0018460011931285534,0.002558225890889611,0.002273640381314146,0.003878428722743709,0.005324944909115259,0.005703124048845222,0.00537136126228131,0.005133192105871897,0.00451684380973252,0.004287805739191838,0.005889550385331824,0.007494338726761387,0.0038829942656780744,85.84312794477519,0.638412650349519,43.29826734686101,138.81069432776945,-0.21535852050474713,56.44887610700625,156.07670112129733,-0.35035666151385425,62.27063486024257,24.180990296699417,6.526809636282901,17.82093252812194,112.29623677514397,-0.2111171795657325,47.593228043988745,156.4223188088194,-0.3406444984026881,61.87954141674883
003_Dismorphia_altis_sophia.png,Dataset_pieridae,68158,0.0003755978755245166,0.020071011473341355,0.05937706831512401,0.00544616919510549,0.0010302858391123893,0.00031691070747381087,0.00017345318557208578,0.0006481671671377942,0.00042906840641515956,0.00040689769848489295,0.0002634401765831679,0.00013041592900156826,4.303725657051752e-05,2.2170707930266603e-05,6.520796450078413e-05,8.99869910110821e-05,0.0026959417823292937,0.0029206035975234013,0.0032571378268141673,0.0037789034302649726,0.0037422239502332816,0.005066353179377329,0.008597670119428387,0.011776864051175211,0.00998048651662314,0.005918234103113354,0.00275096100237683,0.0011572375949998532,0.0004062252413509786,0.00020815604917984683,0.00012195927110537281,0.00012104228410458053,2.7509610023768303e-06,1.9256727016637813e-05,0.00020632207517826226,0.0004694973444056457,0.0008262052877138414,0.0019357595586724963,0.004627116405997829,0.008994725490771443,0.01113589013762141,0.010249163707855278,0.009735650987411602,0.008923200504709645,0.004540002640922562,0.0006969101206021303,0.00012195927110537281,1.5588779013468706e-05,87.76523665600516,0.478661939886084,33.050719322107746,139.28589453915902,-0.21023302559849902,35.10687991110551,147.1248716218199,-0.31598023137749714,32.86638563662992,28.354499838610288,5.37298823661417,13.974933111244862,104.69975644825259,-0.3675170900742848,44.86101234862942,147.77585903342234,-0.30899963195042246,32.715291650717525
004_Dismorphia_amphione.png,Dataset_pieridae,33542,0.007679923677777116,0.054877798315875956,0.018791697308184103,0.002085610743412902,0.00023850694651481724,7.155208395444517e-05,9.805285578942487e-05,6.0951775220453294e-05,0.00011925347325740862,0.0006254182153055208,0.0008453746215358522,0.0010653310277661838,0.0005697665944520634,0.0003763109600567116,0.0003975115775246954,0.0009858287122612448,0.0029217100948065113,0.007047134935304991,0.007768245781408383,0.006678194502414882,0.006378197483751714,0.0060688837874903106,0.006309254069524775,0.006609251088187943,0.005707396696678791,0.0033353705801681473,0.00195650229562936,0.0008701776876751536,0.0004956472482261046,0.000190060223003995,9.316677598235049e-05,7.080674974658637e-05,3.7266710392940194e-06,1.677001967682309e-05,4.285671695188122e-05,0.00020869357820046508,0.0012242114364080855,0.0032030737582732097,0.005858326873770198,0.006812354659829468,0.005793110130582553,0.004814858982767873,0.004602438733528114,0.004807405640689285,0.005511746467115854,0.005038459245125514,0.004404925168445531,0.01015704191759585,115.49588575517262,0.6865068574371752,50.878458918331106,149.5810029217101,0.30596417887549765,54.555478760677026,170.8190626677002,-0.023132605639972624,54.70971767117755,25.65172023135174,3.7407293404496698,28.94334418088593,83.83334327112277,0.3446168945042886,47.42806232187924,171.43691491264684,-0.01837484590825179,54.536915187047654
005_Dismorphia_amphione.png,Dataset_pieridae,45126,0.019325641290805495,0.04158430468761542,0.014674959496126893,0.002070252675225418,0.0001516740780136605,9.84896610478315e-06,2.363751865147956e-05,2.560731187243619e-05,4.727503730295912e-05,0.00010833862715261466,0.00044320347471524176,0.001177936346132065,0.001213392624109284,0.0013276406309247687,0.002172681922715163,0.004532494201421206,0.0014528763905509018,0.003682743872711962,0.00758570447192306,0.008976255373842132,0.007599554580507911,0.007042780215396889,0.005796270442760271,0.005109305056951646,0.004992964144838895,0.004548375659265169,0.0032298453219873242,0.0014667264991357531,0.0004681336701679741,0.0002312968133670168,0.0001495811727163941,0.00016758631387670079,0.0,1.5235119443336436e-05,0.00024376191109338297,0.0018877698001152328,0.0036245734166555866,0.004373864291096042,0.004553915702699109,0.005035899481451935,0.006159143287683375,0.006861343792935337,0.0069084341621238315,0.005390462261224128,0.003941740903248682,0.0037339892744759117,0.004524830474670921,0.005245036121083189,104.17818995700927,0.7364128044225534,53.082455365640016,130.64011877853122,0.5085227596085193,57.95563623282099,155.9104507379338,-0.0476314065206641,54.54108932171286,34.126246509772635,2.244847773329706,47.73128325975402,90.60641315427912,0.4618940628905817,47.22116494944381,156.56131720072685,-0.00774407002289272,54.3187509002158
006_Dismorphia_amphione.png,Dataset_pieridae,45211,0.00570952496811248,0.03720235242652353,0.014686691291942226,0.013448054676959148,0.013398902430332836,0.0017203286319209434,0.00027918476083745595,0.0001690837283945156,0.00017891417771977812,0.00015925327906925307,0.00021823597502082826,0.0002968795696229285,0.00024772732299661583,0.00015138891960904302,0.00027525258110735096,0.0007471141487199526,0.0006442016323461104,0.0014390856207560107,0.002459301939793413,0.00394400698944947,0.006992214284134392,0.008273705514144788,0.008121640751144634,0.006130974762778969,0.004684977107341134,0.004061511579040499,0.004299285572095287,0.0043656411050408085,0.0032901285085488044,0.001667182765256243,0.0009096237641281989,0.0012165181040012386,0.000660790515582491,0.00799722412687178,0.00927456813607308,0.0067668819535068895,0.004969752936232333,0.004503881798677313,0.004273019840304351,0.0030993563513304285,0.0027537546172391675,0.0038513857247130124,0.008149288889871934,0.004541206785959169,0.0014584393178651213,0.00016588883236380526,3.179535953639601e-05,2.764813872730088e-06,51.769879011744926,0.746737795485553,38.35829076944823,87.2382384817854,0.47553838287190797,60.31854367481603,85.7635752361151,0.24545412145784332,47.001700942882486,30.8459224525005,3.2046821113585553,24.105071941039697,119.2109663577448,0.36886569332015773,53.92186672827051,95.7749220322488,0.2867326414990913,57.095955209382545
007_Dismorphia_arcadia_arcadia.png,Dataset_pieridae,76042,0.0018270604841184258,0.05515314636063696,0.03169827200757476,0.00016949697389454367,9.351557180388617e-06,2.337889295097154e-06,3.5068339426457306e-06,0.0,0.0,0.0,0.0,0.0,0.0,0.0,2.337889295097154e-06,2.337889295097154e-05,1.1506798874306305e-05,0.000525203177191552,0.001636431182767418,0.003235054312090687,0.0056465505904631655,0.009583519633886536,0.00894407038215723,0.007900239341416586,0.009896668946108729,0.008432017832250598,0.004526281528628916,0.0012501315062728492,0.0002901357144735804,0.00015369795639251992,0.00013890350069698326,0.0003295875963283449,0.0,0.0,8.219142053075932e-07,1.3150627284921492e-05,3.698613923884169e-05,0.00017506772573051734,0.000626298624444386,0.004936416717077404,0.00956543752136977,0.007784349438468215,0.007956129507377502,0.008412291891323215,0.009369000026301255,0.00886187896162647,0.0031808079745403854,0.0015813629310118093,97.9201099392441,0.23762436159463005,37.3816007261983,149.7447331737724,-0.18088321092260382,43.45181715633273,174.91214065910944,0.007887796094286121,35.39012809177246,19.81648299623892,5.313900437408233,5.876724285489987,114.84574314194786,0.14994628093114942,37.64873916416614,174.95690539438732,0.00707244845648929,35.418490944543926
008_Dismorphia_arcadia_lucilla.png,Dataset_pieridae,98825,0.0035456615228940044,0.03602687129325126,0.048041824774432924,0.0003804705287123704,4.7671248278382104e-05,3.597830058745819e-06,0.0,8.994575146864547e-07,2.698372544059364e-06,8.994575146864547e-07,4.677179076369564e-05,0.00010703544424768811,8.185063383646737e-05,8.185063383646737e-05,0.0001214267644826714,0.0003993591365207859,0.0005078421452061725,0.0017790285858841387,0.002626486213002783,0.0027947128762964837,0.00305590690614723,0.004205666582342524,0.005898052112319757,0.009726157348848975,0.011383759170250442,0.008940677966101694,0.0055230204907665064,0.002815583101441943,0.0014090564128509992,0.0007867442448773083,0.0004989881102959778,0.000548317733367063,0.0,0.00011067543637743486,0.0013249430812041487,0.001498229193017961,0.001637364027321022,0.002301416645585631,0.004183531495067038,0.006626612699215786,0.008328484695168227,0.010020870225145459,0.010818998229193019,0.008210852517075639,0.005046167467746015,0.0021471034657222364,0.00024222109790032886,2.529724260055654e-06,77.28454338477106,0.1410114455728309,34.816424304719405,130.60824690108777,-0.6243335312777525,40.61797990064828,146.70453832532255,-0.6258881289655401,40.16682311152279,23.37490513534025,8.718579973588763,14.05946309616219,123.3382140146724,-0.21174363269892754,45.62914038375721,146.7451353402479,-0.6269935065006188,40.16891147724862
009_Dismorphia_crisia_foedora.png,Dataset_pieridae,69654,0.00941542800445376,0.03583171421917222,0.0052768764974812,0.003902463924860341,0.00280625185440415,0.00199334488248262,0.0029823604291689394,0.005338131653921128,0.018299977986428156,0.002294516068312261,0.00011612956741736136,4.0836770959951255e-05,4.0836770959951255e-05,4.721751642244363e-05,0.00013910025108233393,0.0003637024913620658,0.003922962069658598,0.017141872684985786,0.00688133488385448,0.005206987394837339,0.005381959399316622,0.004859735262870761,0.0046506661498262845,0.00392655123898125,0.0032571711603066587,0.002260279380940075,0.0014921971458925546,0.0011153343670140983,0.0006693800786745916,0.0004782568122433744,0.000313155023401384,0.000942156947196141,0.0004863324432193413,0.0005446564447124357,0.0024056407385074797,0.004549272116461366,0.0061850360352599994,0.0056439687598702154,0.004794232922732363,0.004134723059695064,0.004454159129411089,0.004988945358486232,0.004173306629913573,0.005156739024320211,0.008334948459528526,0.0055641097424412094,0.0009977890716972465,8.614006374364717e-05,112.89666063686221,0.0976653579300202,69.90981028520218,124.07310420076378,0.014208998844916441,61.946468599185415,127.53144112326643,-0.19637773642914103,51.197905464303126,44.811712177333675,0.7007769484313251,36.65916393582719,72.35739512447239,1.050544867587304,55.96134245628875,134.53525999942573,-0.1091468528200163,57.510897483295786
010_Dismorphia_crisia_foedora.png,Dataset_pieridae,74408,3.7033054988113586e-05,0.00015291067866059804,0.002960255169695015,0.009524662820007407,0.027453439892962523,0.026261214445280675,0.018462769833590176,0.0034751340954974974,0.000399001302129998,0.00010632070625619706,1.07515320933233e-05,1.5529990801466984e-05,3.583844031107766e-06,3.583844031107766e-06,1.4335376124431064e-05,8.362302739251454e-06,0.00546228228147511,0.02715601817008924,0.01293207719600043,0.005851185356413289,0.002504770992366412,0.0011440302118051822,0.0007887256746586388,0.0006240928394796258,0.000622412912590044,0.0005829346306848726,0.0006996895495108053,0.0009289995699387162,0.001489255187614235,0.001318742608321686,0.00030154687667992687,9.323594237178798e-05,0.0,1.6799268895817653e-06,1.595930545102677e-05,5.963740458015267e-05,0.0001453136759488227,0.0005384165681109559,0.0021578660896677776,0.0043090124717772285,0.005401804913450167,0.007986372433071712,0.01196107945382217,0.012331503332974949,0.00898340904203849,0.00591838243199656,0.0020268317922804,0.0006627311579400064,142.69708902268573,-0.6549247517780606,49.077573665332864,171.23295882163208,-0.3146560603135556,33.06138422731984,149.94265401569723,-0.21598047812447885,37.19356831982414,57.90122029889259,0.08115565556291457,13.29242672869672,49.48252876034835,2.2455774379566424,50.04750609628569,171.34512418019568,-0.30985340921374416,33.10414166530169
011_Dismorphia_crisia_foedora.png,Dataset_pieridae,54127,0.00016750728225592895,0.007495129766824115,0.017410903985072144,0.024986502936509402,0.010479058510540026,0.008483751177785577,0.006560701888357217,0.0064933705298033636,0.006680584551148226,0.00011988266279100798,6.568913029644273e-06,0.0,0.0,0.0,4.926684772233204e-06,0.0,0.004946699429120402,0.04057471317457092,0.010824080403495483,0.0033728545827405917,0.0013613815655772535,0.0005958209396419532,0.0003464075230476472,0.00021477266428954127,8.082842204445102e-05,5.8889278918100027e-05,4.734236148317845e-05,2.655791010031962e-05,2.8867293587303933e-05,1.3856300921905887e-05,1.1546917434921574e-06,5.773458717460787e-06,5.773458717460787e-06,4.734236148317845e-05,0.00011546917434921573,0.00020668982208509615,0.00041799841114416097,0.0008995048681803906,0.002334786705341142,0.00587160751565762,0.011141620632955826,0.013796256951244297,0.012394461174644817,0.011806723077207308,0.0034409813956066287,2.078445138285883e-05,0.0,0.0,139.1195336892863,-0.6342144383842847,29.611230928171487,152.39026733423245,-0.6648211547653117,27.865920803736827,147.0966615552312,-0.8807145721300841,26.112972006532132,48.07306889352818,0.6497665596977166,22.147892138439683,29.099525190755077,3.5255576594520743,17.874127967628603,153.6358748868402,-0.7134469480963732,27.246275585582495
012_Dismorphia_crisia_foedora.png,Dataset_pieridae,40577,6.5718674782923e-05,0.0004030745386685944,0.002825903015665689,0.0034239429561902885,0.004306763820774221,0.00398036106935237,0.007222482358643238,0.03128647044165688,0.03469946028538334,0.0006265180329305326,2.40968474204051e-05,1.31437349565846e-05,0.0,0.0,0.0,1.09531124638205e-05,0.0005837666658451832,0.011157798752988146,0.023623296448727113,0.01922887349976588,0.005611245286738793,0.0012445474037016044,0.0003542647312516943,0.00014016561106045295,0.00011244054513640733,0.00010473913793528353,8.77960420928112e-05,9.241688641348548e-05,7.547379057101314e-05,4.77487246469675e-05,6.161125760899031e-06,2.92653473642704e-05,7.701407201123789e-06,8.163491633191216e-05,0.0002741700963600069,0.00040663430021933606,0.0006792641151391182,0.0013785518890011583,0.003071321191808167,0.00604406437144195,0.010959102447199153,0.013870234369223945,0.013740850728245066,0.008738016610395052,0.003058998940286369,0.00017867264706607192,1.0781970081573305e-05,0.0,143.89873573699387,-0.85436801882697,33.29946024960885,148.54232693397736,-0.9085218068429113,28.438796590687563,125.36572442516696,-0.519195348768055,25.679167392278906,80.97668630012076,-1.6744833933469188,17.958818439741,46.9041821721665,2.93897283268433,20.144089636848076,150.1917588781822,-0.8246171540112919,29.26593048650211
013_Dismorphia_crisia_foedora.png,Dataset_pieridae,101130,0.00967643407275564,0.001548721667380819,0.0010732061043541316,0.0022993506707538153,0.0015390531439181691,0.0008842304184932485,0.001320192930990914,0.009098959535031917,0.0116602392959557,0.005536548117384665,0.0014678576529659295,0.0025911642879901556,0.0006978916026676335,0.00040607798543129307,0.023136776646121054,0.015952184756693806,0.011964179768614655,0.008911178680905765,0.007914936220706022,0.0039015376248393158,0.0018392168495995254,0.0009486551962820133,0.0011297340057351923,0.00575929496687432,0.00918928606743795,0.00741990507267873,0.002774893701176703,0.0006031840205675863,8.343221595965589e-05,3.955305052902205e-05,8.034213388707604e-06,1.2978344704835361e-05,0.00035412340551765057,0.00832159102145753,0.007539800257094828,0.0033138040146346286,0.0023818352615445466,0.0017761791753188965,0.001275585879560961,0.0008367942252546228,0.0006872342529417581,0.0006538613665578957,0.0007663403539998022,0.0009121922278255711,0.0010537179867497282,0.0014968357559576781,0.0038218135073667557,0.027308291308217145,125.13305646197963,-0.06646882814459867,74.17193630740879,102.18759023039652,0.7542367130892997,64.7120635129419,156.29898150894888,-0.2911976743266242,98.43995068057492,113.01571244932265,-0.6298180182374828,57.98593190210452,76.72064669237615,0.19237467164999567,58.67099540207621,160.5596262236725,-0.33044750224244557,97.85351643588241
014_Dismorphia_crisia_foedora.png,Dataset_pieridae,67926,0.011822015461269944,0.048813905328347514,0.007048192968164702,0.009709913075340158,0.0036261683465994036,0.005155937670733184,0.0007969456958062204,0.0014342405297267942,0.0003219189510153206,6.935652196671542e-05,2.486365881825647e-05,1.0468908976107988e-05,9.160295354094489e-06,9.160295354094489e-06,1.8320590708188978e-05,1.8320590708188978e-05,0.01089144804640344,0.005289763860671907,0.002595655566351618,0.0050109678179195,0.010379861908547536,0.009858154462208875,0.007776845390572093,0.004705488325530725,0.0024226732031917084,0.0013010481995112328,0.0007425359950534405,0.00046834054706592466,0.00025303271206901626,0.00016654153048906162,0.00012421605865206253,0.0005134263757618585,0.00023923092777434267,0.00028247651856432,0.0009780864470158703,0.0027741586432293965,0.004222425875217148,0.004798420339781527,0.004244508730088626,0.004073366604834673,0.004043002679386391,0.003957431616759414,0.004194822306627801,0.0048821511645025465,0.0064334717192238615,0.0027272325766275066,0.004523304772841033,0.010125909077525542,124.10651296999676,0.2874048963470655,70.57611259214909,144.02409975561642,0.14216713883705986,67.63387974033712,158.18434767246708,-0.2733587513511825,61.633237803129134,25.026322763006803,1.8547501442288241,17.967651011254326,73.09931395930866,0.6696025668533424,46.625843590464804,160.06661661219562,-0.20556776111038838,63.784456821022296
015_Dismorphia_crisia_foedora.png,Dataset_pieridae,79965,0.0033070023690920333,0.05432487824534345,0.013880517170706628,0.010190013686543419,0.004471956480960421,0.0014384070808756608,0.0004435273765605786,0.00022787747417272834,7.892341788421323e-05,3.8905910224612155e-05,2.556674100474513e-05,3.0013130744700804e-05,3.0013130744700804e-05,3.7794312789623234e-05,6.224945635937945e-05,0.000301242904881997,0.0035851622584880884,0.005573532170324517,0.0032905020946664165,0.003516382167198149,0.004047864690802226,0.006710748452447946,0.010334208716313386,0.011437816544738324,0.008309885574939035,0.003545301069217783,0.0010277934096167072,0.00045097855311698867,0.00023056962421059214,0.0001375601825798787,8.675670605890077e-05,0.00021493778528106045,2.032139060839117e-05,0.0001133308322391046,0.0005916651034827737,0.002026667917213781,0.006552866879259676,0.012135778152941912,0.010414712686800475,0.00579706746701682,0.004247952229100231,0.0034577627712124056,0.002851247420746577,0.002626930532107797,0.00294425686237729,0.002893453385856312,0.0034538548114800226,0.002372131557556431,89.44667041830802,1.0790195729686443,60.28394782493786,115.52140311386232,0.8790521362667568,58.77973690291087,127.69874320015006,0.6978821792024246,52.918940988166916,24.340336397173765,4.36045163804772,16.230432329279907,93.84364409429125,-0.2049517750378397,44.89952267729213,129.55669355342962,0.7139999745358275,54.53813442371082
016_Dismorphia_crisia_foedora.png,Dataset_pieridae,47216,0.0006796189615572876,0.03852178169358786,0.02379419405851124,0.013601792236153468,0.0071482360028615535,0.0031307654655672278,0.0013027598930682631,0.00035769419029330925,0.00012989946910651757,3.388681802778719e-05,2.2591212018524794e-05,3.953462103241839e-05,1.317820701080613e-05,1.8826010015437328e-05,3.388681802778719e-05,6.024323204939945e-05,0.0009424771263978313,0.007752933327685531,0.013419709420535412,0.011119112165367671,0.010360629871230091,0.007363764401897662,0.004777247119620467,0.003110703998644527,0.0019326075906472382,0.0008524652660115216,0.0003282785496441884,0.00019458446289393426,0.00011516223314130804,0.0001323703829210437,5.162444933920705e-05,4.63296340223653e-05,2.1179261267366996e-05,4.897704168078617e-05,0.00011780964079972891,0.0006221407997289055,0.0014851956963741104,0.001919370552355134,0.0037566714672992206,0.007852211114876313,0.01159829295154185,0.012543417485598103,0.010354011352084039,0.00669264656048797,0.004757391562182311,0.0007200948830904778,1.0589630633683498e-05,0.0,111.27744832260251,-0.22108646599851492,37.22656194613378,138.51044137580482,-0.27506963267802803,36.95687416952279,143.65045747204337,-0.43747748139098086,31.60995542922115,29.291066587597424,2.3318117100541436,14.941445687021135,66.35809894950864,1.0517545378090094,34.75703575841873,146.96374110471027,-0.42846612851136134,32.69766413705608
017_Dismorphia_crisia_foedora.png,Dataset_pieridae,107692,0.000545588860412617,0.012358701977243746,0.028477922635334513,0.033692794677826064,0.009535011369873754,0.0024464831804281344,0.0008245737844965271,0.0002814611216349507,0.0001006987004089853,8.914311183746238e-05,0.00017581002612388416,0.00014609565551139669,9.161930938850302e-05,2.8888971428807256e-05,3.053976979616767e-05,6.355573714337596e-05,0.0002687061248746425,0.0025733109237454964,0.003411349032425807,0.004644611484604242,0.006316625190357686,0.006290509044311555,0.005256309660884745,0.004255771087917394,0.0033300988002822867,0.002703311295175129,0.002328399509712885,0.002053889796827991,0.0016894244697841993,0.001584379526798648,0.0017050941574118783,0.014088209894885413,0.0025588019537198677,0.0022970601344575272,0.0025216589904542585,0.0028280884373955355,0.003128133937525536,0.0034252776436504103,0.003539027968651339,0.0036963052037291533,0.004071216989191398,0.004634745384986814,0.00869667663336181,0.008551006574304498,0.005478587081677376,0.004189029825799502,0.00212933644096126,0.0007550468001337147,70.3053615867474,0.4970090689958478,62.39783829449172,133.41198046280132,-0.4727100823981429,63.103555304250584,122.9567470192772,-0.17507578094662407,59.303320181649575,35.442400549715856,2.785430717925294,14.196517691783907,140.5278572224492,0.28785150819684374,77.83475540970905,137.7852115291758,-0.5071707352433127,62.650955664991606
018_Dismorphia_crisia_foedora.png,Dataset_pieridae,142789,0.024412089010902645,0.0319327430295362,0.005663679352829077,0.0060048198546262125,0.004635277694126765,0.008641188513587647,0.005816196547975607,0.0012413032127435897,0.00013633169688608132,2.4900766554535402e-05,7.656985715519637e-05,4.357634147043696e-06,2.1788170735218476e-05,1.8053055752038167e-05,5.166909060066096e-05,0.00020792140073037062,0.005256007115394043,0.011224604136172954,0.0023391157582166693,0.002111069480142028,0.0030136249991245825,0.005222303538788002,0.0076520250159326,0.008384311816736583,0.0074476150123608965,0.005489743607700873,0.002515950108201612,0.000926629502272584,0.0003860591502146524,0.00019478041025569197,0.00011993220766305528,0.00021622814082317265,0.0003357226396991365,0.015165734055144304,0.008156265538661943,0.0031051061356266937,0.0014667621455434242,0.0013315101303321684,0.0019793191352275035,0.0029326488735126654,0.004226078339367879,0.0062710537926590985,0.008960774289336013,0.0075833047363592435,0.0009134982386598407,7.178424108299659e-05,4.377087870914426e-07,0.0,71.4298300289238,0.65559038065348,59.16594469601951,83.55843937558215,0.5123701173761585,59.85600682420408,97.0743614704214,-0.030930144593046945,61.016895195876174,28.295568986406515,1.5475748621307392,23.274904847406184,89.60580997135634,-0.019894050531634042,53.32225903821685,99.91055333394029,0.008396515202172154,63.889445943377666
019_Dismorphia_crisia_foedora.png,Dataset_pieridae,95111,0.00012897211328517907,0.006954213731558098,0.07059354041301451,0.010374778475208499,0.0007467298443105658,3.738322124208089e-05,1.1214966372624266e-05,7.476644248416179e-06,1.8691610621040447e-06,0.0,0.0,0.0,2.8037415931560666e-06,6.5420637173641556e-06,1.0280385841572244e-05,1.3084127434728311e-05,0.0003003070097044506,0.0029616711000830607,0.007024686944727739,0.01318985185730357,0.017222639862897036,0.012980228364752763,0.005650634521769301,0.001922096287495663,0.000672897982357456,0.00026416502823017315,0.00013273964105098252,6.505556665369937e-05,4.2056123897341e-05,2.6285077435838127e-05,2.3656569692254314e-05,2.10280619486705e-05,0.0,3.942761615375719e-06,6.43984397178034e-05,0.0002470797278968784,0.000406761573319595,0.000559872149383352,0.0006577840628318491,0.0008628076668313865,0.001011318354343872,0.0013530243610097676,0.002470140152032888,0.00853805027809612,0.021715416723617667,0.020509588796248594,0.003924362061170633,0.0001754528918842195,142.77233968731272,-1.1702197979379216,30.37432241928587,191.5609971506976,-2.22986531664561,30.641085700202524,195.443671079055,-2.328381513088688,28.629422756602814,28.35491162956966,6.043912947142158,5.556731552154138,71.29648515944528,0.6907630585702421,25.265208385239884,196.68174028240688,-2.3536026564131407,28.86618615253499
020_Dismorphia_crisia_foedora.png,Dataset_pieridae,132008,0.013611969644937345,0.037511531287666065,0.012999212168959457,0.009983233339393572,0.0026213899494306743,0.0008356395908665469,0.001348066447151351,0.00470139856843693,0.004790955430310621,0.00015689284824488753,6.598926664377243e-05,5.1848709505821196e-05,2.5587674821054617e-05,2.6934394548478542e-06,5.858230814294083e-05,0.0001238982149230013,0.0023071518392824676,0.008988565086964426,0.005984485788740076,0.005930511787164415,0.005098649324283376,0.005238318889764257,0.007292645142718623,0.00927642642870129,0.005858072995576026,0.0037071616871704747,0.0018289611235682685,0.0006784626689291558,0.00019743121628992182,6.912459850918126e-05,2.367280770862372e-05,2.03586146294164e-05,0.0,7.196533543421611e-05,0.003045743439791528,0.0030395885097872855,0.0020391756560208473,0.0014582449548512211,0.0030594736682625296,0.005826824889400642,0.008888665838434034,0.00970679807284407,0.010450597691049028,0.011505931458699473,0.003314193079207321,8.14344585176656e-05,1.088949154596691e-05,4.734561541724744e-07,98.33711593236774,0.187590017474505,47.66156642565851,122.79435337252288,-0.3549132202858139,45.805948306316324,137.27056693533726,-0.9767179868833064,40.808748535562124,29.829805769347313,1.76626813105467,25.10512821971151,85.31945033634325,0.08281398230890372,46.35024794934143,140.63752196836555,-0.9069451337747129,43.114591715604845
021_Dismorphia_crisia_interrupta.png,Dataset_pieridae,105671,0.014723265817700431,0.021305540571942897,0.004430522828191063,0.014024240856578963,0.010059734669135545,0.00480569145955108,0.0007932377115975265,0.003478301100165188,0.009887291688353474,0.004164708282205041,0.0003003031421424358,0.00016907823969364034,7.654785976179736e-05,8.748326829919698e-05,8.664208302708932e-05,0.0004962993105435213,0.018550501083551777,0.016912161330923336,0.004387438370035298,0.005842426020384022,0.007225847205004211,0.0043342071145347355,0.002866207379508096,0.001666138297167624,0.000411063584143237,0.0001537791825571822,6.683479857292918e-05,2.9572919722535036e-05,2.306687738357733e-05,1.4786459861267518e-05,1.0646251100112614e-05,5.323125550056307e-06,8.871875916760512e-06,0.004941043427241154,0.006536798175469145,0.002802921331301871,0.0025249358859100414,0.0018140028957802992,0.0012462028371076266,0.0009889184355215716,0.0011835082472958522,0.003128814906644207,0.007179713450237057,0.00785870768706646,0.006588255055786356,0.014735594439344758,0.0009569796822212339,4.731667155605606e-06,129.5682542987196,-0.4744284980630765,68.51820045867773,137.29410150372382,-0.5079893700617707,69.2634709914881,141.15570023942234,-0.5718006180662858,67.23392429403485,42.76638812919344,0.9371861375033731,34.195099276664706,40.809313813629096,1.06295882583653,33.7840827921926,145.69822373214978,-0.6206269649664846,69.62576747199378
022_Dismorphia_crisia_interrupta.png,Dataset_pieridae,81866,3.691669584714316e-05,0.002300778779414599,0.01755497466048855,0.03572016058762694,0.0233563248343499,0.007453915205606994,0.001138988645401564,0.0009316036775543774,0.0002953335667771453,7.383339169428632e-05,7.600496203823592e-06,4.343140687899196e-06,1.085785171974799e-06,0.0,8.686281375798391e-06,4.343140687899196e-06,0.005319668726944031,0.04025022597903892,0.010091185595973908,0.003172867857230108,0.0015734554027312926,0.0010008733784477072,0.0004779151296020326,0.00016948427918794126,8.703246769110498e-05,7.176361371020937e-05,6.336574402071678e-05,7.252705640925414e-05,6.183885862262722e-05,4.427967654459727e-05,4.122590574841815e-05,2.2903280971343416e-06,7.634426990447805e-07,1.0688197786626927e-05,4.580656194268683e-05,0.00016719395109080694,0.0005420443163217942,0.0010069809200400654,0.0014833691642440086,0.0023880487626120736,0.0042760425573498155,0.008658203649866856,0.015008520020521339,0.014547400630298293,0.01081340238927027,0.003501911660518408,4.657000464173161e-05,3.053770796179122e-06,150.10197151442603,-0.9859588921773433,31.632627922995965,168.5420443163218,-1.0240625935854963,29.57947674982575,162.97381086165197,-1.2268860378484947,28.209957435509722,42.08242738133047,0.992132195688207,12.650149571134373,30.046002003273642,3.9411401327785476,20.729513030548123,169.19561234212006,-1.0500974772778633,29.440431069443495
023_Dismorphia_crisia_interrupta.png,Dataset_pieridae,108485,0.0025211882851187825,0.025166817737219176,0.022952891592795725,0.02344123355507418,0.008148591971240264,0.0023745218232935432,0.0007120288007046545,0.0021655835676207156,0.0006210792070588356,0.000233519226928454,0.00016633123882974093,5.8174965304983275e-05,6.145242813906685e-05,4.588447967716991e-05,2.703906838118941e-05,0.00019255094150240945,0.019801124579434944,0.022848780937456792,0.010761280361340277,0.004608932110430014,0.00254758722404019,0.0008762732174955063,0.00030130893671936215,0.00015151864313038668,0.00012732174955062912,8.872194312577776e-05,8.411301101534774e-05,7.719961284970273e-05,7.14384477116652e-05,8.814582661197401e-05,4.6665437618103886e-05,1.9587961469327555e-05,3.053417523159884e-05,0.00013308291468866663,0.00010312485597087155,0.0001607365073512467,0.0003589205880997373,0.0010704244826473706,0.0021425773148361525,0.003948702585610914,0.005649974650873393,0.009718509471355486,0.016669931326911556,0.013860211089090657,0.007715928469373646,0.0009131446743789464,2.419689357975757e-05,0.0,145.328589205881,-0.7634397422032632,34.5500477658559,159.12468083145134,-1.0036291879143566,30.08827061871356,160.41103378347236,-1.1576383566656263,28.92268072017396,32.869797667880356,2.5005391029560213,18.768972338522573,28.909148730239203,3.1775743832516934,24.360813193122265,162.3140895054616,-1.1074569948848048,29.448424626698444
024_Dismorphia_crisia_interrupta.png,Dataset_pieridae,125267,0.00032286591396332986,0.030825534436222008,0.04720512540768474,0.0088749098592074,0.001473120082171149,0.0001376615105689802,4.328532033354533e-05,4.25757249182413e-06,2.128786245912065e-06,0.0,0.0,0.0,0.0,0.0,0.0,0.0,3.84179392816943e-05,0.0013261673066330317,0.005513722688337711,0.0070634125507915094,0.01110078871530411,0.01837824407066506,0.008261353748393431,0.003984988065492109,0.0027316651632113805,0.0021833363934635618,0.0011744912866117972,0.0004520344544053901,0.00015766323133786233,8.781243264387269e-05,2.6443516648438933e-05,1.945843677903997e-05,4.989342763856403e-07,1.0477619804098446e-05,0.00027591065484125905,0.00035623907333934713,0.0005947296574516832,0.0014788411952070379,0.004242438152107099,0.012122107179065516,0.016402464336177924,0.011970930093320667,0.008952377721187543,0.004252915771911198,0.0017318008733345574,8.631562981471576e-05,1.995737105542561e-05,1.995737105542561e-06,94.03064653899271,-0.03698625695118405,29.01896876205181,130.48839678446836,-0.0743277370417417,30.808648233317058,139.25548628130315,-0.3207169620874189,26.38261459504523,25.514109861336188,0.6249997797091924,7.62870744725567,86.64270717746892,0.7302711344700509,32.2367411811372,140.39726344528088,-0.2594481620094885,26.93918949936888
025_Dismorphia_crisia_interrupta.png,Dataset_pieridae,76087,0.0004976759060899584,0.007569113135109955,0.027373343088248393,0.03324381592416868,0.013971141222839935,0.003724391522569924,0.0010561009838153108,0.0006039869564518979,0.00025234271294702115,0.0002114538474231983,9.696502395649425e-05,6.892694474015856e-05,5.607615843267137e-05,8.177773104764575e-06,5.724441173335202e-05,9.81332772571749e-05,0.011831028953697741,0.025795306688396177,0.013189671034473695,0.006345532088267378,0.0024248557572252817,0.0009454637454492884,0.0005519996845716088,0.00039674977328584384,0.0002727141298776401,0.00017742847004087426,0.00013717849304086113,0.00010267851275513557,9.117851932656038e-05,8.789280691839605e-05,7.392852918369761e-05,7.639281348982086e-05,0.0,6.078567955104026e-05,0.0003507497995715431,0.00040249977000013143,0.0004156426196327888,0.000933142323918672,0.0021513201992456005,0.004034033409123766,0.007640102777084127,0.009741315862105221,0.01207170738759578,0.014363491792290404,0.007999888285778122,0.002138998777714984,0.00019385703208169594,2.4642843061232538e-06,142.04864168649047,-0.9052938976565561,35.873913224244326,160.3444609460223,-0.9722439279931837,33.15862811254749,158.28403012341136,-0.9397218821615724,31.23662000417037,37.164574763100134,2.6020955725647217,14.9007313617052,33.91776518984846,3.265732389243344,27.161199560880693,162.02370970073733,-0.9221631205932259,32.261073504946516
026_Dismorphia_crisia_tolimensis.png,Dataset_pieridae,116196,0.003423334519069312,0.038296977138245335,0.013958789937308992,0.018163180220393895,0.0053962461893888106,0.005852945788916045,0.0012714149655180327,0.0004987741019962439,0.0002210823857007891,0.0001583531274742676,0.0001116886792813675,0.00023714719573441045,0.00023638220478042847,0.0001415233264866643,0.00025933193339988756,0.0006617171751944033,0.009309162966022928,0.006653090467830218,0.011178310785224965,0.01595257151709181,0.01113528004406348,0.005143249337326586,0.0015587885985748218,0.0006933328169644394,0.0003254199800337361,0.0002043960205170574,0.00013500895039416158,7.476591276808152e-05,4.62580467485972e-05,3.65761299872629e-05,1.5060759406520018e-05,3.872766704533719e-05,1.075768529037144e-06,0.0036769768322489588,0.010189141622775311,0.0100121776997487,0.0084829727357224,0.006737000413095115,0.004968974835622569,0.002955136149265035,0.001836336879066405,0.0012699447485283487,0.0009681916761334297,0.0008014475541326724,0.0008111294708940067,0.0012301413129539743,0.005493949877792695,0.0030654024234913423,85.90370580742882,1.163982554971748,67.04345219678856,97.73983613893766,1.0582823457403243,69.19776036332247,98.69102206616407,1.011339233098831,65.21045861664929,31.572257220558367,3.1947190400677243,23.389907403102885,51.27389066749286,0.9704454210575117,28.813258512978496,101.04801370098798,1.0307685812469858,67.81969953671869
027_Dismorphia_crisia_tolimensis.png,Dataset_pieridae,72639,0.0016360969237523156,0.058408782548707384,0.02770351402904164,0.0008431344655686952,8.443581730658922e-05,3.304010242431752e-05,6.118537485984724e-06,9.789659977575561e-06,1.1013367474772506e-05,3.671122491590835e-06,3.671122491590835e-06,1.8355612457954174e-05,1.3460782469166395e-05,1.2237074971969451e-06,2.3250442446741956e-05,8.933064729537698e-05,0.0004319305056512342,0.003125903440300665,0.009760596924517133,0.01381231156816586,0.012137935544266855,0.0075871776869174965,0.005278672613885103,0.003588809041974697,0.002535655777199576,0.001843878632690428,0.0011366139401698813,0.0006272456944616528,0.00029684467021847766,0.000172944286127287,0.00010238990074202563,6.108977271162874e-05,8.60419333966602e-07,2.581258001899806e-06,1.3766709343465632e-05,0.00013852751276862292,0.001091872134803618,0.0018903412767246246,0.0036989427167224216,0.007685265490989689,0.013127417778328446,0.01619567312325335,0.008731535401093077,0.004707354176131279,0.003419306433183276,0.001121986811492449,0.0006186415011219869,5.592725670782913e-05,105.26427951926651,-0.27474414280758974,35.61746601492386,132.42353281295172,-0.039544421407746944,35.52157019713244,147.01094453392807,0.05349927493141643,30.30752504594163,20.41498368644943,9.812992296342545,8.12191545759083,76.75810515012597,1.114134062745762,37.71876887550093,147.0885887746252,0.05272156980627118,30.329525297664386
028_Dismorphia_crisia_tolimensis.png,Dataset_pieridae,83200,0.0016987179487179488,0.016311965811965812,0.014974358974358974,0.01579059829059829,0.015189102564102564,0.008905982905982907,0.008327991452991453,0.004998931623931624,0.0013824786324786325,0.0006057692307692308,0.0003002136752136752,0.00022863247863247864,6.303418803418804e-05,1.7094017094017095e-05,3.739316239316239e-05,5.662393162393163e-05,0.0011681189903846154,0.004818960336538462,0.012644981971153846,0.014468149038461539,0.009000901442307693,0.004815204326923077,0.0033759014423076924,0.0027456430288461536,0.002324969951923077,0.0016939603365384616,0.0011275540865384615,0.0009750600961538462,0.0006204927884615385,0.0005806790865384616,0.00042217548076923074,0.0017172475961538462,0.003067157451923077,0.0016090745192307693,0.002312199519230769,0.0047160456730769235,0.007817007211538461,0.007559344951923077,0.004658203125,0.0038709435096153846,0.0037823016826923077,0.004420072115384616,0.005066105769230769,0.005373347355769231,0.0030310997596153847,0.0029957932692307693,0.002164963942307692,5.6340144230769234e-05,90.38584134615385,0.2869886577780238,56.4585482005793,115.0419951923077,0.11844537456678053,62.106349087518794,105.24789663461539,0.04097794821418866,52.104613949771284,44.71956730769231,0.8020649501097307,22.891703901306364,78.18271634615385,1.6053309901778507,52.68177532387562,117.70822115384615,0.09170962688525022,60.38426955205889
029_Dismorphia_hippotas_diana.png,Dataset_pieridae,96410,0.0015065288294206455,0.0033440514469453373,0.004510366605584944,0.010370524035081654,0.002505042123338981,0.001558160172411806,0.0011801449826550957,0.0015341884774516244,0.007523424264426235,0.04073344166695479,0.009652295174543904,0.002471850545701806,0.0007910659336859938,0.0003734052484182139,0.00033560372944254285,0.0004987956528253178,0.012042967534488124,0.02841769525982782,0.013084093973654185,0.0019461155481796495,0.0009587957680738513,0.0006048387096774194,0.0005451975936106214,0.0005601078726273208,0.0008142308889119386,0.0009989886941188673,0.0008946167410019707,0.0010495539881755006,0.0005432527746084431,3.565501503993362e-05,3.889638004356394e-06,0.0,0.0,0.0,0.0,0.0,2.46343740275905e-05,0.00017892334820039416,0.0003241365003630329,0.000987319780105798,0.0030423451924074265,0.005505134322165751,0.008277149673270407,0.007657400684576289,0.007521263354423815,0.008013950834975626,0.008784747432838916,0.012182994502644954,187.66113473706048,-0.9752160601525066,55.42702238450486,190.8834871901255,-0.14021677885961892,36.216777258621285,183.20042526708846,-0.11094365173113789,37.51509908415951,88.6497251322477,-0.8394760371015557,35.519968455622745,37.557182864848045,2.5836651442345957,39.717953246497046,200.2740172181309,-0.31684216276506116,37.71703546363144
030_Dismorphia_hippotas_hippotas.png,Dataset_pieridae,91324,0.0015865368237143454,0.0025345655760442673,0.013109855508348785,0.049568082383114574,0.013816497062960205,0.002858686289109836,0.0021111646445622183,0.0014882299407725362,0.000644348084232452,0.00012945361813129322,0.0003513741063563673,0.0002774006102813426,8.176017987239572e-05,8.565352177108123e-05,0.00012264026980859358,0.00012264026980859358,0.0011531744119837063,0.004115155928343043,0.005609149840129648,0.0062928419692523324,0.008736066094345407,0.009863234199115238,0.008859938241864132,0.005880847312864089,0.004522359949191888,0.0026348495466690025,0.0015562721737987823,0.0011223774692304322,0.0006111482195260829,0.00046126976479348255,0.00025185055407121894,0.0008294643248215147,0.004568213175068985,0.013411726380798038,0.01362182996802593,0.00991935307257676,0.0067308429328544524,0.0032405227541500593,0.001820441504971311,0.001340693574525864,0.0012120307914677412,0.0011066368096009811,0.0011867088607594937,0.0012517246287941835,0.00136259362270597,0.001261990276378608,0.0003647726774998905,9.991896982173361e-05,45.91173185581008,1.951348664647114,48.81204229650613,62.89554772020499,1.5823731465714836,51.63175857977273,57.57380316236696,1.578840943759429,47.8776385261993,40.87841093250405,2.7630960692053557,17.21021286772274,91.76965529324164,0.7994335289913902,46.99083235948385,63.42444483377864,1.5826128753078963,51.579246403960454
031_Dismorphia_hyposticta_hyposticta.png,Dataset_pieridae,74041,0.00504465243731326,0.03288388265360483,0.016061971670350814,0.03173737073603364,0.0019016490863170408,0.00025571417637975356,5.162304969168734e-05,0.0006735007180706185,6.00268019670783e-05,4.682090553432107e-05,9.604288314732528e-06,3.601608118024698e-06,1.200536039341566e-06,4.802144157366264e-06,7.203216236049396e-06,0.0001452648607603295,0.0008863332477951405,0.0031983968341864643,0.007114301535635662,0.01294806255993301,0.019583744141759295,0.011835503302224444,0.004847820801988088,0.001400406531516322,0.0004482313853135425,0.00016122823840844936,5.6556502478356583e-05,1.5194284247916695e-05,3.3765076106481543e-06,8.441269026620386e-07,0.0,0.0,0.0,0.0,1.6038411150578733e-05,0.0001333720506206021,0.003628901554544104,0.00998264475088127,0.010417370105752218,0.007127807566078254,0.004165766264637161,0.0030987898596723435,0.0019288299725827582,0.0013227468564714145,0.0013058643184181737,0.0015911792115179428,0.0031317108088761633,0.014648978268797018,116.27167380235275,0.620979281140245,58.73970591888636,147.69616833916345,0.43773211937892004,70.96198765951156,149.00306586891048,0.43907092399837755,59.97379171080647,27.791588444240354,2.6061938688948705,14.00697557460858,68.53483880552666,0.10665826583930411,23.521700244674218,154.6473575451439,0.44349701833090516,65.75541532986757
032_Dismorphia_hyposticta_hyposticta.png,Dataset_pieridae,82586,0.0032483310327012646,0.01752032224993744,0.018237150768088215,0.0046529274534021095,0.0013335593603435612,0.0006716231161052318,0.0006027386939405926,0.0006909968598390365,0.001249606470830407,0.03075043658193345,0.006179147931987396,0.0021881567228236153,0.0005144805280421486,0.00018082160818217778,0.0002938351132960389,0.000574754397436208,0.003646955900515826,0.005092418811905165,0.008015129682997118,0.01577143825830044,0.011017303174872255,0.006540908870752912,0.0043204962100113825,0.0035485736081175986,0.002055433124258349,0.0011995071803937714,0.0006614317196619282,0.0003231479911849466,0.000129410553846899,5.070471992831715e-05,3.708255636548567e-05,9.005763688760806e-05,0.00013168091444070424,0.002252954495919405,0.014710423074128787,0.012827537354999637,0.002897736904560095,0.00161876710338314,0.0019789976509335724,0.002374040394255685,0.0025155595379362117,0.002874276511757441,0.002964334148645049,0.0025586963892185116,0.0035061935436999005,0.005311887002639673,0.00238917613154772,0.0015877388419344683,83.31735403094956,1.172408113035797,53.771779092045044,99.00836703557503,0.6871282899557825,71.32869760113783,101.383987600804,0.5200280212655006,73.68525895832785,66.56702104472913,0.10172692125541984,44.91774834267715,68.472416632359,0.8651144127726004,36.979804178025645,107.71228779696317,0.5588573057883115,70.93270033987429
033_Dismorphia_hyposticta_hyposticta.png,Dataset_pieridae,57455,0.0001717285991935718,0.012895115984490278,0.04376758622690221,0.021207708448157492,0.007398253705798741,0.0022046239085661244,0.0006977441282549628,0.00032025063092855273,0.0001779170171825293,2.9394985447548324e-05,0.0,0.0,0.0,0.0,0.0,1.8565253966872624e-05,0.000257810460360282,0.003566921938908711,0.008154207640762336,0.01032112087720825,0.010408145505177966,0.008861282743016273,0.007555913323470542,0.00532264380819772,0.0036049952136454617,0.002112522843964842,0.001151988512749108,0.0005700113132016361,0.0002893568879993038,0.00012509790270646593,6.418066312766512e-05,0.00013380036550343747,2.1756156992428857e-06,6.526847097728658e-05,0.00035897659037507614,0.0007288312592463668,0.0013597598120268035,0.004519841615177095,0.007312244365155339,0.00766795753198155,0.009658645896788791,0.010615916804455661,0.012993864763728135,0.0047711252284396485,0.001589287268296928,0.0007342702984944739,0.00012074667130798016,1.0878078496214429e-06,96.71511617787834,-0.028793676669013783,36.163819778370815,134.85003916108258,-0.4407951218252714,36.303972465873784,134.6224523540162,-0.21314954484934845,32.514608951308624,32.5580541293186,1.9783651080741926,11.298928822731295,82.56009050561309,0.7805547984636192,38.58980425656375,139.0917065529545,-0.33141980870414706,33.85162015173119
034_Dismorphia_hyposticta_manuelita.png,Dataset_pieridae,100248,0.01894324297963273,0.023945947383821456,0.003610601264419795,0.00912137898012928,0.021266370512240753,0.002067760842000727,0.0005187135902960658,0.0019844119915941798,0.00048147261458250206,0.00041231080254302665,0.0005062999317248778,0.0007253123365165501,0.0011172292714069108,0.0006800911517215085,0.0008982168666152387,0.002609528369643285,0.022936866570904157,0.006095508139813263,0.005631658486952358,0.009158536828664911,0.01145596420876227,0.004304948727156651,0.0016696093687654616,0.0005922811427659405,0.00030299856356236536,0.00012593767456707365,9.289462133907909e-05,4.0524499241880136e-05,2.4314699545128084e-05,1.8080161200223447e-05,6.234538344904637e-06,4.364176841433245e-05,0.00012219695156013088,0.009693460218657728,0.013181060968797382,0.004926532200143644,0.00209729869922592,0.0011515192323038864,0.0008086196233341314,0.0006116082116351449,0.0006708363259117389,0.0010673529646476737,0.002630975181549757,0.004095468238767856,0.003929629518793392,0.014514628720772485,0.0028903319766977894,0.00010848096720134067,108.77174606974702,0.2013176962657464,81.76797311536919,114.06702378102307,0.184801206356584,83.43820892489747,117.97970034314899,0.09019951902757031,80.28162958970766,38.92466682627085,1.8849800724878174,39.79893267832358,41.400187534913414,0.8181381270049907,33.05536964334755,120.07908387199744,0.09620220706364667,82.1457204615254
035_Dismorphia_hyposticta_manuelita.png,Dataset_pieridae,70913,0.0012685340565983041,0.038333043463273465,0.014109307649279163,0.005516618955621677,0.003610057394271854,0.00493123812120329,0.004009921390373494,0.01041275929660288,0.006254925832436303,0.00031713351414957604,1.378841365867722e-05,3.760476452366515e-06,8.774445055521868e-06,2.5069843015776764e-05,1.378841365867722e-05,6.016762323786424e-05,0.016494683626415468,0.0073364545287887975,0.0028829340177400475,0.002647610452244299,0.0031394102632803576,0.004422672852650431,0.005626612891853398,0.005840783777304585,0.0053234244778813476,0.0035862606292217224,0.0020456404326428157,0.0013149916094369156,0.0007800050766432107,0.00047769802433968384,0.0002758662022478248,0.00030495113730909706,1.850859503899144e-05,0.0005579019361753135,0.007077334198242917,0.010551661895562168,0.007308250955396048,0.0047302680749650985,0.0027463229591189204,0.002104691664433884,0.001960148350796046,0.0017371638486596251,0.0016587226601610424,0.0016772312552000338,0.0017838760170913654,0.0032178514517789405,0.010358643690155543,0.005011422447224063,106.46107201782466,0.5159636348221465,86.62030879244507,122.83833711731276,0.40712491426163055,80.61626755263683,126.5947287521329,0.30032653688644184,73.6506847392847,39.74306544639206,0.8739871299591051,27.620763144055918,75.95555116833303,0.46744130660903105,59.32378902409228,130.50843991933777,0.32127661131322505,77.41339146856649
036_Dismorphia_hyposticta_manuelita.png,Dataset_pieridae,67643,0.0014113310566749948,0.041240039619768486,0.04014277571630143,0.006019839451236639,1.3140885071461775e-05,0.0,5.25635402858471e-06,0.0,0.0,0.0,2.628177014292355e-06,3.942265521438533e-06,2.628177014292355e-06,6.570442535730887e-06,7.884531042877066e-06,3.285221267865444e-05,7.853732093490827e-05,0.0004776917049805597,0.006924219801014148,0.01758312020460358,0.013251555962922993,0.009863363540942891,0.007389899915734075,0.004126443238768239,0.0016345002439276792,0.0006218307881081561,0.00030583356740534866,0.00011826796564315598,5.821001433999084e-05,2.8643022929201838e-05,1.847936963174312e-05,1.940333811333028e-05,0.0,3.6958739263486245e-06,0.00017370607453838535,0.00219627308073267,0.008494042251230726,0.009776510503673699,0.0072993510045385335,0.005135416820661413,0.004267810416451074,0.0030989902872433214,0.0019634330233727067,0.0011863755303579083,0.0012455095131794864,0.0014848173499105598,0.0031396449004331565,0.013034423369750012,107.17722454651627,0.4785619065926647,60.01128951638515,138.4628416835445,0.5088001656385484,73.2856197825914,144.43368863001345,0.4709691543536542,67.00441529968886,23.87098443297902,3.0911202764056616,8.280215348762356,76.00623863518767,0.9962327613076531,27.526577187419296,145.8075928033943,0.48546838038089374,68.69077768065067
037_Dismorphia_hyposticta_manuelita.png,Dataset_pieridae,122881,0.015503346055669035,0.03808418081088388,0.008438154709750807,0.02584903732518091,0.0005873794791528208,1.663759608437793e-05,2.8934949711961615e-05,2.2424586026770253e-05,2.7488202226363535e-05,8.680484913588485e-06,0.0,5.786989942392324e-06,1.736096982717697e-05,2.3871333512368332e-05,3.978555585394723e-05,0.0002358198401524872,0.000189207444600874,0.01958042740537593,0.0037154849000252278,0.0017588154393274795,0.0024942830868889413,0.003957080427405376,0.005470231362049462,0.005204221970849847,0.008869861898910328,0.005691482002913388,0.002989172451396066,0.0014689008064713014,0.0005599930013590384,0.0001973453992073632,0.00010477616555854852,0.0002487162376608263,0.0017023583792449605,0.015646743597464215,0.006002250144448694,0.002158083837208356,0.0011906844833619518,0.001122020491369699,0.0022847307557718444,0.004001839177741067,0.0061487333273655,0.0052296530789951255,0.006809942139142748,0.0054320846998315445,0.004249538171076082,0.0005070962964168586,1.2715554072639382e-05,1.5258664887167259e-06,75.13287652281475,0.4934874542280237,63.569184146908285,89.84151333403862,0.3692711327662082,67.17460462759696,100.58358900074056,-0.0227136778252171,65.2820837216341,23.29547285585241,4.417520272062258,13.964202446696648,88.18652191958073,0.2027640095708076,55.56085456918121,101.68964282517233,-0.005987800080670843,66.39938126428741
038_Dismorphia_hyposticta_manuelita.png,Dataset_pieridae,74223,0.0003580800799991617,0.04306781216364499,0.03721517888285602,0.004914918556242674,0.001815549837052606,0.0009029845495631035,0.00043951635237355296,0.00010059774822718923,2.754462153839705e-05,1.317351464879859e-05,1.1975922407998718e-06,7.185553444799231e-06,1.1975922407998718e-06,1.1975922407998718e-06,5.987961203999359e-06,1.6766291371198207e-05,6.568044945636798e-05,0.0017784244775878098,0.002608692723279846,0.0025345917033803536,0.0028023658434717003,0.0034878002775420016,0.005473370788030664,0.0071271708230602375,0.00984280479096776,0.01097537151556795,0.008664766985974699,0.004500794901849831,0.001622643924390014,0.0004942874850113846,0.00030398259299678,0.00021725071743260177,0.0,0.0,1.852525497487302e-05,0.00027619471053447046,0.0006475418670762432,0.0013860258949382268,0.003352229093407704,0.007367999137733587,0.009397356614526495,0.00846604152351697,0.005428741764682107,0.003953457823046764,0.005345378117295178,0.011672594748258627,0.005107075973754766,8.083747625399135e-05,84.38861269417835,1.0485168193860746,42.96388586555684,148.8504237231047,0.13219468333264656,51.67425471504484,164.5373536504857,-0.11727539068793383,41.14766194441301,24.72111070692373,3.1906985325191415,9.523297470890382,128.60226614391766,-0.5155616624115241,44.49829598434774,166.1802540991337,-0.09185169261061518,42.786327383645904
039_Dismorphia_hyposticta_manuelita.png,Dataset_pieridae,92955,0.003455913554348281,0.040909639670330324,0.034083875710469225,0.005504216496632182,0.001852270214380913,0.0009734698390499586,0.001047101644164739,0.0006636425032423096,0.0001644762399966531,4.7812860464143347e-05,7.650057674262935e-06,4.781286046414334e-06,1.1475086511394402e-05,1.9125144185657335e-05,2.5818944650637403e-05,0.00011761963674179262,0.00027970523371523856,0.002481039212522188,0.0026571997202947664,0.0026329944596847937,0.0031702167715561293,0.004095395621537303,0.006162928298639126,0.0077019794524232155,0.009191947716637082,0.01062745414447851,0.007506992630842881,0.003720886450433005,0.0014341616911408746,0.000510327577860255,0.00019229734817922652,0.00013447367005540314,6.723683502770157e-07,5.715130977354634e-05,0.0002037276101339358,0.000514361787961917,0.0027439352374805013,0.0068003334947017375,0.009049405626378355,0.00866279382496907,0.005826071755150342,0.0035279167339035016,0.0033053628099618095,0.0058038835995912,0.010770668603087516,0.00504007315367651,0.00019095261147867248,2.689473401108063e-06,75.4395567747835,1.114813480591373,39.92009004036063,127.91161314614598,0.19508720469102647,53.92578326489757,142.54424183744823,0.07920350476850066,44.71160701297822,24.563961056425153,3.758850013018356,14.10318615844261,123.58194825453177,-0.47458846729658044,45.47462460028011,144.3978161475983,0.05718260206783728,46.27617410484488
040_Dismorphia_lelex_valeria.png,Dataset_pieridae,117575,0.008245895055165733,0.04531877997495688,0.006848016632409573,0.007760531103078413,0.006507052236161316,0.0016042715051858153,0.0005148486781486993,0.003657618068844945,0.002160701207267229,0.0036235972310818152,0.000467975523897276,0.0007492144494058166,0.00018976067285656907,6.123750797363386e-05,0.000177664374985234,0.0010017246674699364,0.016560174356793536,0.009371677652562194,0.005200403997448437,0.006061024877737614,0.00986923240484797,0.009761854135658091,0.004261109929832022,0.0010780352966191793,0.0002610036147140123,5.581543695513502e-05,1.0099936210929195e-05,6.3789070805868595e-06,1.0631511800978098e-06,1.5947267701467149e-06,0.0,5.315755900489049e-07,6.9104826706357645e-06,0.0001265149904316394,0.004406761641505422,0.00892674888369126,0.007714224962789709,0.005219540718690198,0.0043493514777801405,0.004607165638953859,0.005659153731660642,0.00964543908143738,0.009405166914735275,0.0019365298745481607,0.0003742292153944291,0.00010312566446948756,1.8605145651711675e-05,5.315755900489049e-07,95.52147140123326,0.09426286220843148,50.019859593745295,103.95376568147991,-0.030815249363283587,48.10379898382811,109.3953476504359,-0.05077091213812423,43.77516911498362,33.61596427812035,1.9620931565825284,32.94781608894976,49.206821177971506,0.26759079163386307,34.38641392026342,111.08051031256645,-0.036935611420571446,45.42149350477113
041_Dismorphia_lelex_valeria.png,Dataset_pieridae,85508,5.821417619144148e-05,0.0008378683216125327,0.01053052865748754,0.07711819037075154,0.0003160198136106823,2.390939379291346e-05,0.0,1.039538860561455e-06,0.0,0.0,3.118616581684365e-06,0.0,0.0,0.0,0.0,0.0,0.00022220143144501098,0.0014881648500725078,0.0032460413060766244,0.012810204893109417,0.02457737872479768,0.014485486738082986,0.003995971137203537,0.0007996327828975067,0.000238281798194321,0.00016957477662908735,0.00012279552790382187,0.0001162171960518314,0.00010086775506385368,8.186368526921458e-05,2.192777283996819e-05,2.3389624362632738e-05,0.0,2.192777283996819e-06,2.4851475885297284e-05,0.0002719043832156056,0.0008551831407587594,0.0009889425550825654,0.0012359954624128735,0.0018916358703279226,0.0056069315151798665,0.016234592084951115,0.02368053281564298,0.010786271459980352,0.000920966459278664,0.0,0.0,0.0,113.04654535248164,-1.1307884742341767,21.94445467439025,157.5444519811012,-1.7536342670375946,23.784928702771797,148.43478972727698,-1.3782391647780683,22.09371065838205,36.18193619310474,-1.0477704180668899,3.664945631234765,72.93656733872854,1.4355261519141438,21.32870087680816,157.90126070075314,-1.6915665128044113,23.34465178165168
042_Dismorphia_lelex_valeria.png,Dataset_pieridae,106258,0.033324340546385,0.005567999063077081,0.018810400680942193,0.02404462095403013,0.00042496146695359934,0.0013234036234657366,6.441345069965973e-05,1.1711536490847226e-05,9.20192152852282e-05,0.00010289421345530062,0.0014271343752418118,0.0004107403155004277,0.0006432979686758225,0.00019909612034440282,0.0008666537003226947,0.0015752016580189516,0.016369355719098796,0.0008875802292533268,0.021688366993544015,0.005613694968849404,0.0009428701838920363,0.0005576050744414538,0.00045878898529993036,0.0003287987727982834,0.00046525908637467297,0.0015663526510945058,0.001354603888648384,0.0008434659037437182,0.000819350072465132,0.0004781992885241582,0.0003635020421991756,0.009762206139773005,0.027371468501195203,0.0018286858401249787,0.0006987709160722016,0.0004211447608650643,0.0003899706375049408,0.0005458412543055582,0.0010399217000131755,0.002401583880743097,0.004719644638521335,0.013408990381900656,0.00931635735662256,0.00035526736810404864,2.35276402717913e-06,0.0,0.0,0.0,61.093988217357754,0.1518646465286061,61.079134094151094,74.80575580191609,0.10353811002008666,73.03282501009721,76.98138493101696,0.007230251873608758,71.64597853396349,27.127764497731935,2.6220208831058796,34.392105651457065,79.17268346853884,1.1144968384598783,89.59847841840156,78.438018784468,0.011404182871527342,72.87895108431113
043_Dismorphia_lelex_valeria.png,Dataset_pieridae,82610,4.088824328504754e-05,0.0002582415365371424,0.003148394732948661,0.07264226822149593,0.009433348128421365,0.0008715651858128556,0.00047129080418028483,0.00043040256089523735,0.0006649719565831417,0.0006983281550525226,0.00016785699874914255,3.873623048057136e-05,6.45603841342856e-06,0.0,7.5320448156666536e-06,8.608051217904747e-06,0.0006211415082919743,0.0012634668926280112,0.0017053020215470282,0.01234717346568212,0.03360670620990195,0.009743069846265585,0.0016894141145139814,0.0006188718072872533,0.0003222975426703789,0.00019973368841544607,0.00013542549328168503,8.095266916838155e-05,7.868296816366057e-05,5.220312310858249e-05,2.496671105193076e-05,1.059193802203123e-05,7.565670015736593e-07,4.5394020094419565e-06,8.322237017310253e-06,5.4472824113303474e-05,0.00019595085340757778,0.00048117661300084734,0.0010826473792519065,0.002416475003026268,0.0120203365210023,0.023165325021183875,0.020398559496429002,0.0025768672073598837,8.246580317152887e-05,6.809103014162934e-06,5.295969011015615e-06,0.0,110.21617237622564,-0.8600192192846601,16.265031818653192,151.80496307953032,-1.2790712075698185,17.857185250381015,136.35532017915506,-1.2516667463988171,16.689020057231055,42.87869507323568,4.538311412255939,10.313865960612977,71.04512770850987,1.5760171479743943,19.12290910483222,152.13624258564337,-1.1642519309426198,17.49268323349518
044_Dismorphia_lewyi.png,Dataset_pieridae,96075,0.005149680515800734,0.05241183103478185,0.018159886662618904,0.004587157024315495,0.0020826322028507822,0.0005042356954925261,0.0005810275537051493,0.0021066874837366643,0.0011176453580825166,0.0004811056177176396,0.0002784861364096337,0.0003432503541793159,0.00023222598085986064,0.00013230404487235087,0.00023685199641483795,0.00048388122705062594,0.00860655737704918,0.008958495966692688,0.008022378350247203,0.007414780119698153,0.006889799635701275,0.0065391621129326045,0.0055067655477491545,0.003763335935467083,0.002621649752797294,0.0016699193338537601,0.0010681759042414781,0.0007207910486599011,0.00032982045277127244,0.00020491803278688525,0.00010668748373666406,7.676294561540463e-05,7.8064012490242e-06,8.391881342701015e-05,0.0003480353890189956,0.0009692948217538381,0.002030314858183711,0.0032695810564663023,0.004564142596929483,0.007265157429091855,0.01064207650273224,0.011491673172001041,0.009912177985948479,0.00735688264376789,0.0035057246942492844,0.0009439240176945096,0.0001053864168618267,3.9032006245121e-06,107.40099921935987,0.14855185774455137,40.815204483554254,131.36105126203486,-0.33266104259138535,36.381261222470386,142.74712464220661,-0.46878823743626497,35.33766361652103,26.654540723393183,3.5330186167485516,23.997101092728652,66.62431433775696,0.7730694741694142,46.29221309239823,143.42684361176165,-0.44996727669448,35.5769154733987
045_Dismorphia_lewyi_dolorita.png,Dataset_pieridae,147056,0.008152903202408154,0.05672820029255673,0.012530978372562531,0.010512699621610512,0.0003082725855003083,3.566290695003566e-05,7.253472600007254e-06,1.9342593600019343e-05,3.022280250003022e-06,4.835648400004836e-06,3.022280250003022e-06,4.835648400004836e-06,2.0551505700020552e-05,0.00014627836410014628,6.225897315006226e-05,0.0003487711408503488,0.00037698223805897075,0.0019609876509628986,0.003972126264824284,0.008677391605918834,0.01847042963224894,0.013961943069306931,0.007834600424328148,0.0038569490534218257,0.0018453854314002829,0.0008857170057665107,0.00038420737678163423,9.817688499619192e-05,6.332621586334457e-05,3.5275677293004027e-05,2.0825399847677075e-05,5.5676068980524425e-05,1.5725301925796975e-05,0.002511373218365793,0.017951494668697637,0.008697366989446197,0.004262406838211294,0.003682270699597432,0.004573937819606137,0.002129290882384942,0.0011088462898487651,0.0011572972201066261,0.0018079847133064956,0.00205533946251768,0.003210086633663366,0.003352039359155696,0.0036503950875856816,0.0023341448155804593,70.22562833206398,0.9989579667711752,51.960282246684194,90.445660156675,0.9938106935178008,67.15559883157655,100.92400174083342,0.7542590508939855,70.04688220925381,21.172505712109672,6.920137888751229,14.410432465178586,79.9584648025242,0.7330245611331272,28.037515510904203,102.02295724077902,0.7744068642576099,71.64189474147086
046_Dismorphia_lewyi_dolorita.png,Dataset_pieridae,33782,0.021994619093665922,0.03886619435728429,0.02122103158157862,0.006238693847479592,0.00011840625185009768,4.9993750781152357e-05,8.420000131562502e-05,0.0,0.0,0.0,5.262500082226564e-06,2.89437504522461e-05,4.4731250698925794e-05,2.6312500411132817e-05,3.6837500575585946e-05,0.0001736625027134766,0.0012525161328518146,0.00292870463560476,0.003929607483275117,0.008641806287371974,0.005618746669824167,0.005494790124918596,0.010147785803090403,0.012539962109999407,0.005152522053164407,0.0025734858800544667,0.0019722041323781895,0.0009528003078562548,0.0005383784263809129,0.0002516132851814576,0.0001480078148126221,0.0003570688532354508,9.065478657273104e-05,0.0064679415073115865,0.0076483038304422475,0.009546504055414125,0.00812007874015748,0.0017353916286779942,0.0015651826416434788,0.0025864365638505714,0.0034966846249481973,0.0036039902906873484,0.005616896572139009,0.0063310342786099105,0.005400435142975549,0.00029046533656977086,0.0,0.0,70.4742466402226,0.3350960367222556,49.49524426388347,90.10452311882068,0.45585884697915535,61.033521578607996,102.66467349476052,0.27129581689723553,60.125243600700635,19.317358356521225,5.658068176492623,12.54972538183311,96.48792256231128,0.32462712952384964,43.10524470436504,103.2682493635664,0.2815020033706647,60.82907381986696
047_Dismorphia_lewyi_dolorita.png,Dataset_pieridae,108037,0.009066029847799056,0.04645486679974865,0.006877479217510874,0.018100794686593997,0.0034161136153971943,0.0007009944124080948,0.0003044224560927172,0.0002813850810370521,0.00027973955424736175,0.0003060679828824076,0.0004130272242122812,0.00028549889801127805,0.0002509428354277804,0.00031182732664632385,0.0007009944124080948,0.0011387045384657314,0.003866152336699464,0.006203314605181558,0.008675268657959773,0.013012324481427659,0.018017554171256143,0.008196266094023344,0.002420467062210169,0.0009695752381128687,0.000441978211168396,0.0002817321843442524,0.00017413015911215603,9.718892601608709e-05,4.859446300804354e-05,3.0660792136027475e-05,2.1983209456019697e-05,4.280940788803836e-05,0.00010991604728009848,0.023480960226589038,0.007982219054583153,0.00366078287993928,0.004057059155659635,0.00549059581439692,0.0020855123707618686,0.0010031285578088987,0.0010540370428649445,0.00171873987615354,0.002742116126882457,0.003431694697187075,0.0019923729833297853,0.0026657533992983885,0.0010048640743449003,2.024769292001814e-05,61.652600497977545,1.0613559718739751,53.899907665022354,71.74828068161834,1.1073976811147352,62.619169245817645,76.52960559808214,0.9434484460629537,63.13058513155487,26.77818710256671,3.401813187267806,28.814909240949195,60.92075862898822,0.6970210351823997,28.495285072560723,78.16911798735619,0.9780645408721769,64.99763581290121
048_Dismorphia_lewyi_dolorita.png,Dataset_pieridae,85471,0.00495658696451948,0.03777343582423668,0.037844155067540776,0.005263383681794605,0.0005043946029777482,0.0001081588427003831,8.423909864164454e-05,6.967925443197758e-05,0.00015495834194574116,6.135934345502503e-05,0.0001310385978870026,0.00019343793021414673,0.00028703692870486286,0.0001903179635977895,0.00032967647246174463,0.0009370299737792805,0.003902639491757438,0.009508342010740484,0.008296673725591137,0.006908776076095986,0.007131804939687145,0.007528138198921271,0.006695253360789039,0.004761117806039475,0.0026851212692024194,0.0020255408267131543,0.0013527980250611319,0.000778041674954078,0.00040510816534263086,0.00020767277790127646,0.00013747352903323935,0.0001754981221700928,0.0,0.00031735910425758447,0.0015677832247194955,0.002290250494319711,0.004779398860432193,0.005047033496741585,0.005912824232780709,0.007558850370301038,0.007446970317417603,0.0078491535140574,0.007686086508874355,0.005279568508616958,0.0037454224239800633,0.0025513039510477236,0.00042850791496530985,3.9487077488270876e-05,97.0422014484445,0.20906098501651582,44.88742596420393,125.26606685308467,-0.009176987555492032,46.206437918311074,133.16877069415358,-0.14641274913679048,45.23064285050299,25.836634648009266,5.14085756649981,22.36180363562839,74.21787506873676,0.7230823272217999,46.03343864428915,133.68877163014355,-0.12496361190800348,45.40670008757897
049_Dismorphia_lewyi_dolorita.png,Dataset_pieridae,71439,0.0007639773481960523,0.06384436761121766,0.022150366046557204,0.001639938346779148,0.0002500968191977305,7.714429248885218e-05,4.47934601548174e-05,1.8663941731173915e-05,7.465576692469566e-06,7.465576692469566e-06,1.2442627820782612e-06,6.2213139103913046e-06,7.465576692469566e-06,9.95410225662609e-06,9.95410225662609e-06,4.9770511283130436e-05,0.0006963983258444267,0.003201157630985876,0.0033997536359691486,0.005707666680664623,0.007236943406262686,0.007555396912050841,0.008318285530312575,0.009228152689707303,0.007619262587662201,0.004713811783479612,0.0026491132294684974,0.001178452945869903,0.000495177704055208,0.0002808339982362575,0.00012860622349137026,9.098671593947284e-05,0.0,0.0,5.249233611892664e-06,4.286874116379009e-05,0.0003018309326838282,0.0009641092400509525,0.002219550945561948,0.004991146292641274,0.008990187432634836,0.013018099357493805,0.013025098335642997,0.009250024496423523,0.005667422556306779,0.0025537521521857807,0.0009641092400509525,0.000506551043547642,98.40547880009518,0.2249686739034563,35.598524375561695,140.45760718935034,0.034463703892967865,33.374364372230716,160.41079802348858,0.013468834985616735,30.84296292908283,20.57891347863212,10.151948582950416,6.905671999237862,100.66801047047132,0.08956943458603284,42.508589176284666,160.5350298856367,0.012010689742157637,30.891505492637663
050_Dismorphia_lewyi_dolorita.png,Dataset_pieridae,86227,0.0015452751973795266,0.019655611866868202,0.05639584404472433,0.010127273875287838,0.0005071883903340408,4.742005275480868e-05,4.123482848244234e-05,2.783350922564858e-05,9.277836408549526e-06,1.7524802105037995e-05,4.329656990656446e-05,6.18522427236635e-05,7.525356198045727e-05,4.5358311330686575e-05,6.082137201160245e-05,0.00022782242736549393,0.0020519964744221647,0.011735738225845734,0.009906989690004291,0.007743369246291765,0.006663371101859047,0.005598594407784104,0.004512797615596043,0.003356692219374442,0.0026934718823570345,0.002422385099794728,0.0019171779141104294,0.0015895543159335243,0.001188722789845408,0.0005581198464518075,0.0002594894870516196,0.0003015296832778596,0.0,1.3771788418940703e-05,0.00019715402368167744,0.0013800781657717421,0.003522678511371148,0.005583372957426328,0.006551747132568685,0.006537975344149744,0.005825466501211917,0.005860258387743978,0.008700146125923435,0.009833056931123662,0.006143667296786389,0.001986761687174551,0.00034139538659584586,2.2469760051955883e-05,102.26985746923818,0.2067865454626132,47.81252598625213,137.8943138460111,-0.22174709999348505,44.189892352530435,142.6306029433936,-0.22644516245842142,42.78754088723804,27.08968188618414,7.934624030840267,11.890730257650906,76.54478295661451,0.9680656345473174,52.18649130639356,143.3923944936041,-0.22420718613257473,43.0108633156938
051_Dismorphia_lua_id_ae.png,Dataset_pieridae,47033,0.008429069896550177,0.036513370045145606,0.012295858463442926,0.023726130825401547,0.00189937561570245,0.00038554490109781077,0.00017765304266271673,0.0006293453532626029,0.00030994786166686745,0.001922054727531733,0.0007843192840960365,0.00041578371687018813,0.00014741422689033942,0.0001379645969614715,0.00030994786166686745,0.000805108469939546,0.003910817936342568,0.005827025705355814,0.006227010822188676,0.006964524908043289,0.007861501498947548,0.007263517105011375,0.007092094912083006,0.006653573023196479,0.0049446665107477725,0.002349414241064784,0.0011786936831586334,0.0007109370016796717,0.000478387515148938,0.0003056364680118215,0.00020597240235579274,0.0005262262666638318,0.0005807092892224609,0.009703293432270959,0.012265324346735272,0.010571035230582781,0.008831565071332894,0.005153296621521059,0.003066995513788191,0.002047764335679204,0.0011786936831586334,0.0010325197201964578,0.0012291901430910213,0.0014245317117768375,0.0025673463312993004,0.00276135904577637,7.973125252482299e-05,6.644271043735249e-06,52.569366189696595,0.6845255183123691,34.86861109983587,73.73933195841218,1.271100651044298,56.55863897020597,73.27676312376417,1.1210445460385625,47.42210188875909,30.00795186358514,3.0273240692791807,27.11144259700126,83.35109391278463,0.5799270078806437,48.313828232440855,77.77028894605915,1.2705755179093725,54.72672899228955
052_Dismorphia_lua_id_ae.png,Dataset_pieridae,46740,0.0,1.5214187229591594e-05,0.030831550420767365,0.05794323206389959,8.557980316645271e-05,5.705320211096848e-06,0.0,1.9017734036989493e-06,1.9017734036989493e-06,3.8035468073978985e-06,0.0,0.0,0.0,0.0,0.0,0.0,4.011553273427471e-06,2.2732135216089002e-05,2.4069319640564826e-05,6.418485237483954e-05,0.00025272785622593066,0.0007153936670945657,0.0013091035515618314,0.003932659392383397,0.010886018399657681,0.01989730423620026,0.016087665810868634,0.0057686136071887035,0.002063275566966196,0.0009106225930680359,0.00036772571673085154,0.00019389174154899443,0.0,0.0,4.412708600770218e-05,0.00026208814719726143,0.001220849379546427,0.003950042789901583,0.010555733846812153,0.01714939024390244,0.018572154471544717,0.0073959670517757805,0.002805412922550278,0.0005215019255455712,8.023106546854943e-06,5.3487376979032946e-06,6.685922122379119e-06,2.6743688489516473e-06,49.55652545999144,0.23041204778729923,15.215232089667992,124.81230209670518,-0.1484802246130408,21.619383412027933,112.70571245186136,-0.23787783063295673,19.423849904618418,34.828134360290974,2.892034125644035,2.2342129236094483,154.82479674796747,-0.07841648525974491,24.195812884855624,124.8255027813436,-0.14267364249214576,21.602389169146242
053_Dismorphia_lua_id_ae.png,Dataset_pieridae,118819,4.6382406106019334e-05,0.0032594861839342943,0.052573709217848624,0.03258139597950571,0.00033814270257936674,1.1221549864359516e-05,9.725343215778246e-06,5.2367232700344405e-06,1.4962066485812689e-06,1.0473446540068881e-05,9.725343215778246e-06,1.0473446540068881e-05,3.740516621453172e-06,4.488619945743806e-06,1.1969653188650151e-05,1.1221549864359516e-05,1.2624243597404455e-05,6.522525858658968e-05,0.00017253132916452755,0.0004313283229113189,0.001421279425007785,0.004748293623073751,0.012103493549011522,0.012410157466398472,0.012079297082116497,0.011127218710812244,0.005283245945513764,0.0016180072210673377,0.0005754551039816864,0.0002414386588003602,8.784369503193934e-05,0.00012256036492480158,0.0006138538449237917,0.01756979102668765,0.005129650981745343,9.836389802977639e-05,0.0001278204664237201,0.0002966697245390047,0.0007784950218399415,0.002058277716526818,0.004343791817806916,0.00934562233312854,0.01120822427389559,0.010054158005032865,0.0008053215394844259,6.943333978572451e-05,5.260101498918523e-07,0.0,52.153089994024526,0.06447815012129085,32.81342081945109,105.17820382262096,-0.2941250344906253,63.8379936198124,109.12521566416146,-0.35224070245329125,67.58443376050525,30.204260261406006,6.710430948779404,5.44995773059137,127.98742625337698,0.2181608078678964,28.611326320109573,110.1298698019677,-0.348952265721903,67.02818256278437
054_Dismorphia_lua_id_ae.png,Dataset_pieridae,104600,2.804333970681963e-05,0.007932016146165285,0.08074017420862545,0.00015126407478223923,2.8893137879753556e-05,4.248990864669641e-06,0.0,1.6995963458678564e-06,0.0,0.0,0.0,0.0,0.0,0.0,0.0,2.5493945188017844e-06,1.075525812619503e-05,3.6448374760994265e-05,4.8996175908221796e-05,6.931166347992352e-05,0.00013025812619502867,0.000255736137667304,0.0007140296367112811,0.0018475143403441682,0.004664196940726577,0.007587834608030593,0.009394717973231357,0.010282026768642448,0.009888862332695985,0.007379302103250478,0.004714388145315488,0.005475621414913958,0.0,6.572657743785851e-06,4.481357552581262e-05,0.00032325525812619505,0.0014179015296367113,0.0031160372848948376,0.005046008604206501,0.0050717017208413,0.005918977055449331,0.006210564053537285,0.007211998087954111,0.008533699808795411,0.009452079349904398,0.005270076481835564,0.00245697896749522,0.0024193355640535373,45.717982791587,0.6549456825066725,28.728215085716275,150.49740917782026,-0.1764155771346244,43.22783998854677,163.5317208413002,-0.21565149661730618,45.1341015196188,26.425774378585086,3.9578397813225576,2.824252574224669,185.69958891013385,-0.18501184685691577,36.944506105505894,163.67738049713194,-0.20752523780465085,44.94313242129451
055_Dismorphia_lua_id_ae.png,Dataset_pieridae,76622,0.0,0.000229699042050586,0.037123077503125004,0.048744920953947085,0.0003387480822160157,7.424615500625002e-05,4.640384687890626e-05,0.0002587014463499024,0.0016705384876406254,0.00039327260229873054,3.4802885159179697e-06,0.0,0.0,2.320192343945313e-06,0.0,3.4802885159179697e-06,3.507478269948579e-05,0.0006321617812116624,0.0010938438046514056,0.001437250398057999,0.0028304533945864114,0.006995379916995119,0.015059317167393177,0.01759530552582809,0.010920492808853854,0.0039911839941531154,0.0012749275664952625,0.00039642661376628125,0.00012806374148416905,6.280833181070711e-05,1.4682467176528934e-05,3.2627704836730964e-05,0.0,1.7129545039283757e-05,0.00026346871655660257,0.001065294562919266,0.006265335021273264,0.011676639868445094,0.016047120931325206,0.01769971418130563,0.00611116911591971,0.001330394664717705,0.000601165461616768,0.000517964814283104,0.0004111090809428102,0.0002455234788964005,0.00024797055675915535,0.0,62.38957479575057,2.627822716665294,27.623089922556755,106.8412074861006,0.7921670252019661,25.56204088926825,100.77130589125838,1.0241551092641923,22.84123764500404,35.23104330348986,4.872070941139534,11.123193889632837,112.58943906449845,-0.3988313590759685,27.061359924952946,107.69636657878938,1.0204622134803643,25.62976186544498
056_Dismorphia_medora_medora.png,Dataset_pieridae,95090,0.0021715100314322103,0.03906661525338568,0.025856206400953482,0.019380002570664048,0.0010834180483985931,7.291338030637642e-05,1.776095161309169e-05,0.0,0.0,1.121744312405791e-05,0.00010750049660555496,0.0001336745305616901,0.0002533272572183078,0.00016358771222584452,0.00013460931748869492,0.0004365454949112537,4.206541171521716e-05,0.00013145441161005364,0.0005698548743295825,0.0009983962561783573,0.0022728467767378275,0.005256861920286045,0.0070459564622988744,0.008887632768955727,0.01127287306762015,0.00892312546009044,0.005745872331475444,0.004372831002208434,0.0021749132400883373,0.001338205910190346,0.0008623409401619518,0.0026047691660532127,0.008231017982963508,0.028923914186560103,0.011843385214007782,0.0025035492691134714,0.0010680670943316857,0.0006145493742770007,0.0004982122200021033,0.000497554947944053,0.0005264749184982648,0.0006783047639078768,0.001186376064780734,0.0036209117677989274,0.002226180460616258,7.887264696603218e-05,2.6290882322010725e-06,0.0,23.80237669576191,1.876187122350185,28.49875198837684,46.05990114628247,1.9240532176622942,55.2954854575795,48.010611000105165,1.8668893242056592,51.576634740619944,27.345430644652435,5.750866526051036,17.29057725560681,139.54218109159743,0.4998489242309384,44.63907293612767,49.54661899253339,1.8901432560984017,54.119449515286945
057_Dismorphia_medora_medora.png,Dataset_pieridae,38758,0.00016742063287292658,0.016535654287860285,0.0718830807689882,0.0002775054325701934,0.0,0.0,0.0,0.0,0.0,0.0,0.0,0.0,0.0,0.0,6.8802999810791745e-06,1.8347466616211133e-05,7.740337478714073e-05,0.0002547861086743382,0.0008159605758811084,0.0010578461220909232,0.001452925847566954,0.002854249445275814,0.00719045100366376,0.011704035295938903,0.011718548428711492,0.010802608493730327,0.0076290701274575575,0.003575068372981062,0.001773827338871975,0.0008207982868053047,0.000366053459930853,0.0004063677176324888,0.0,6.450281232261727e-06,0.0001273930543371691,0.0013739099024717477,0.0061761442798906035,0.005210214665359409,0.003608932349450436,0.005303743743227205,0.01073810568140771,0.012786069972650808,0.007691960369472109,0.005634320656380618,0.0022688864234480625,0.0006627663966148924,0.00042410599102120854,0.00048699623303576035,66.13721038237267,0.5034564138636066,30.145449698928196,128.4661489240931,-0.32633308332339556,43.02264055320161,136.02409825068372,-0.10999051410335274,39.67225613463861,26.203441870065536,7.188430801358785,4.7939935587737175,135.52249858093813,-0.0748895307909216,35.927471604388444,136.2273853139997,-0.1142256028142881,39.76501331506448
058_Dismorphia_mirandola_discoloria.png,Dataset_pieridae,70479,0.016133410897808804,0.025700957416787663,0.03051121610692547,0.01339153822021059,0.0004502523210223376,4.540359539721052e-05,0.00012233746537581723,3.6575118514419586e-05,0.00015386773995721342,0.00011603141045953798,0.0005902467401637367,0.0001589125838902368,0.00043385657824001163,0.0004540359539721052,0.00014882289602419002,0.0004414238441395467,0.012771534783410662,0.0027002724215723834,0.0036615516678726997,0.007551894890676656,0.012375140112657671,0.007972232863689893,0.0035099107535577975,0.002049369315682686,0.0016919933597241731,0.0014472396032860853,0.001482711162190156,0.0016449935441762795,0.0016547482228748988,0.001256579974176705,0.00046733778856113166,0.0002624895358901233,3.5471558904070717e-06,0.0002128293534244243,0.00022081045417784022,0.0018090495041076064,0.012097575164233317,0.011232069126973993,0.004602434767803175,0.0030159692958186125,0.002884724527873551,0.002640857560408065,0.0027180082010244185,0.0025690276536273217,0.0010020715390399977,0.0006979029214375913,0.0009408830999304758,0.015852239674229204,110.92816299890748,0.8395055971847497,83.33074454662462,139.78695781722215,0.44762846485903807,77.98762455316277,144.4476794506165,0.4891790484527746,72.94835669969642,25.368052895188637,3.870072651810975,22.690879570056435,74.2580626853389,0.8299225439975197,57.07261684090331,145.75721846223698,0.47017019256025155,73.57035146102905
059_Dismorphia_mirandola_discoloria.png,Dataset_pieridae,49364,3.6013649173036584e-06,0.00031331874780541827,0.08652639350313769,0.002045575273028478,0.0,0.0,0.0,0.0,0.0,0.0,0.0,0.0,0.0,0.0,0.0,0.0,0.0,7.596629122437403e-06,0.00013040879993517543,0.00041148407746535937,0.0011255672149744753,0.002938629365529536,0.005141651811036383,0.007930880803824649,0.012077374199821732,0.014937505064419414,0.011044232639170246,0.00415409002511952,0.001457286686654242,0.0005583522404991492,0.0002595514950166113,0.0003253889474110688,0.0,0.0,1.0128838829916538e-05,0.00012534438052021717,0.0008027104772708857,0.0030095312373389516,0.0061671967425654325,0.008058757394052346,0.0094236184263836,0.013066202090592335,0.011299985819625638,0.006772394862652946,0.0025727250627988005,0.0006900271452880642,0.00032792115711854794,0.00017345636496232073,65.34585933068632,0.859129205020576,25.386997425291568,141.503990762499,-0.07775694552738074,32.69241477391494,144.5452961672474,-0.03355907776212539,31.204038794151177,28.73644761364557,0.122750999483579,2.2753990232407437,142.54205493882182,-0.08532958066734904,30.784455786201075,145.62857548010697,-0.0628781440815286,31.597767438969694
060_Dismorphia_mirandola_discoloria.png,Dataset_pieridae,53876,2.6398066341640478e-05,0.011682794235322263,0.07690746652807681,0.00027058018000181486,0.0,0.0,0.0,0.0,0.0,0.0,0.0,0.0,0.0,0.0,0.0,1.6498791463525298e-06,8.120498923453856e-06,0.00013340819659959908,0.0002830573910461059,0.0005440734278714084,0.0011113482812383994,0.0029152591135199347,0.006214501818991759,0.010755020788477244,0.014227114113891158,0.015563516222436706,0.00783744153240775,0.002063766797832059,0.0005452334991461875,0.0001763308337664266,6.380392011285174e-05,5.8003563738956124e-05,0.0,0.0,3.480213824337367e-06,3.364206696859455e-05,0.00011832727002747048,0.000511591432177593,0.0014292078105278788,0.0034987749647338333,0.007770157398470562,0.011383779419407528,0.013833849951741035,0.01391969522607469,0.007822360605835622,0.001325961467072537,0.0004095051599970302,0.0004396670131412874,77.654447249239,0.9520881848963288,22.94500855435805,152.6754584601678,-0.05091338274703967,29.074562298099096,165.0666901774445,-0.2557656780968474,27.501790714512957,25.56875046402851,2.349343396807288,2.8774701070756725,135.3944427945653,-0.47376386114345914,27.82910534257839,165.13217388076325,-0.24497805104723858,27.54730937902945
061_Dismorphia_mirandola_discoloria.png,Dataset_pieridae,60672,0.00010548523206751055,0.007842533989685888,0.07616473277074542,0.0034399906235349272,0.00045563759962494144,0.00015090248476324423,0.0002109704641350211,0.00014650726676043133,0.0001567627754336615,4.688232536333802e-05,7.471870604781997e-05,3.516174402250352e-05,1.0255508673230193e-05,4.39521800281294e-06,1.758087201125176e-05,2.6371308016877638e-05,0.000772596914556962,0.0017646113528481013,0.0024589184467299578,0.003181039029535865,0.0044769415875527425,0.007345851463607595,0.01124386042985232,0.013415372824367089,0.010749398404535865,0.004817914359177215,0.0015256213739451476,0.0004965222837552743,0.00016379054588607595,5.253659018987342e-05,1.6482067510548522e-05,1.854232594936709e-05,0.0,0.0,0.0,9.271162974683545e-06,9.786227584388185e-05,0.00031934005801687764,0.0006788551555907173,0.0015101694356540085,0.0031243819224683546,0.005958267405063291,0.009165059665084388,0.009914993736814346,0.00946276700949367,0.010176646558544304,0.009304127109704642,0.0027782585047468355,111.05317114978902,0.3917790923942107,32.21121097032556,183.27894251054852,-0.34496383028511785,35.37671716307416,189.22146954113924,-0.45299198069528834,34.105128097628345,28.120764108649787,8.067534693673645,7.946910392099689,106.20086695675106,-0.5426312150498345,35.37639286089803,190.25931236814347,-0.4509702154163566,34.031818101646195
062_Dismorphia_sp_x_gris.png,Dataset_pieridae,43997,0.0004545764483942087,0.0012202852214671202,0.002759784126695507,0.004044720220823137,0.007570213120591555,0.0037073234791261023,0.0023355127748609125,0.003727526876832511,0.01960537713429956,0.04114219908933185,0.001333424248623012,0.00034143742123831673,0.0001697085407338379,9.697630899076452e-05,0.00012324072600909658,0.0002565831508713978,0.00463810032502216,0.0183947200945519,0.023535695615610155,0.009534741005068527,0.0013608882423801624,0.0010100120462758825,0.002048435120576403,0.0012401413732754506,0.0005426506352705867,0.00014489624292565403,3.409323362956565e-05,8.523308407391413e-06,1.4205514012319022e-06,2.8411028024638043e-06,2.8411028024638043e-06,0.0,0.0,0.0,1.1364411209855217e-05,0.00011080300929608837,0.0008665363547514603,0.00316640907334591,0.004065618110325704,0.004858285792213105,0.006231958997204355,0.007820135463781621,0.009179603154760551,0.010075971088937883,0.008379832715866991,0.005542991567606882,0.0018197263449780668,0.00037076391572152647,156.3766165874946,-0.6814133562574962,46.895843759342924,153.76000636407028,-0.31166046505684586,35.87771736272064,139.90387980998705,-0.46742006948025244,37.72878057759091,89.16544309839307,-1.129773017356793,26.459574253985636,41.12255381048708,1.8495860656926997,24.723074831356342,162.26745005341274,-0.32997332817575387,39.353823911923776
063_Dismorphia_sp_x_otra.png,Dataset_pieridae,43341,3.691654553425163e-05,0.00018868456606395276,0.0004368457888219777,0.00016407353570778503,0.00033840166739730664,0.00034250350579000127,0.0010664779821006028,0.0014561526294065922,0.008611809705462367,0.07164270936680434,0.004321286746703789,0.0001271569901735334,5.947665669407208e-05,3.281470714155701e-05,4.101838392694626e-05,2.256011115982044e-05,0.0008724417987586811,0.003331141413442237,0.007311206478853741,0.014022519092775894,0.02325021342377887,0.011503253270575206,0.0018717842227913522,0.0002307284095890727,7.931289079624374e-05,2.307284095890727e-05,4.326157679795113e-06,0.0,0.0,0.0,0.0,0.0,0.0,0.0,2.1630788398975564e-05,9.80595740753559e-05,0.0002898525645462726,0.0010339516854710321,0.0023938072494866292,0.004001695853810479,0.006036432015874115,0.008104335386816179,0.01089759119540389,0.014473881544034516,0.011436918852818348,0.003235965944486745,0.0004600147666182137,1.586257815924875e-05,166.70817470755173,-0.7149081035810392,32.0987813512416,145.04478438430124,-0.36401371983015096,28.456372224426723,125.15493412703906,-0.13295611800481313,26.963661294745904,104.4022980549595,-4.339965139828133,10.942252874729284,64.88530490759327,-0.42782899058954676,19.609441281370543,167.3715881036432,-0.6788504376609309,31.438778919563358
064_Dismorphia_thermesia.png,Dataset_pieridae,51314,0.0,0.0,3.4645082780094666e-05,0.0008505367822513241,0.009243308085729257,0.028745025182644542,0.04064214660932905,0.008919376561735371,0.0004399925513072023,1.3858033112037868e-05,0.0,0.0,0.0,0.0,0.0,0.0,4.5065674085045015e-05,0.002686888568421873,0.042155893128580896,0.015445346299255563,0.0016649939587636902,0.00036661534863779863,0.00010718322485091788,2.0705850255290954e-05,7.307947148926219e-06,0.0,0.0,0.0,0.0,0.0,0.0,0.0,0.0,0.0,6.089955957438516e-06,0.00010596523365943018,0.0005529680009354173,0.003220368710293487,0.011195775032154968,0.01260986280547219,0.012999619986748256,0.014021514596406439,0.0072848053162879525,0.00048476049421210585,1.8269867872315548e-05,0.0,0.0,0.0,115.4372296059555,-0.21701880735918072,23.05258351057595,131.02710761195775,-0.1681190341171515,23.544247527538207,109.2484117394863,-0.18167258111808052,19.715027734671907,67.97756947421756,-0.43466176845996224,8.685468874897758,44.321413259539305,1.5382351819324542,9.35348816186445,131.03934598744982,-0.1688124746186085,23.536988311415424
065_Dismorphia_thermesia.png,Dataset_pieridae,44251,8.034972216572633e-06,9.441092354472843e-05,0.0005403518815645095,0.005208670739393208,0.02752379732786955,0.04838459394514625,0.006387802912175243,0.0007131037842208212,2.8122402758004213e-05,0.0,0.0,0.0,0.0,0.0,0.0,0.0,7.768186029694244e-05,0.02749796614765768,0.025321461661883347,0.005608630313439244,0.0030959752321981426,0.0007005491401324264,0.0001426521434543852,4.6609116178165464e-05,7.06198729972204e-06,0.0,1.412397459944408e-06,0.0,0.0,0.0,0.0,0.0,0.0,0.0,1.412397459944408e-06,4.237192379833224e-06,3.389753903866579e-05,0.00013135296377482993,0.0007358590766310365,0.0038855054123070666,0.008169306908318456,0.00821874081941651,0.009512496892725588,0.008978610652866603,0.008691893968497887,0.010874048044111998,0.003240039773112472,2.259835935911053e-05,152.81204944521028,-0.02705263048341139,33.479250663239114,175.61609907120743,-0.1725743347884797,32.93798706112893,155.45962803100494,0.031620127745127166,31.97181612970486,57.91966283247836,-0.4165235845449778,8.397038610501959,36.435086212740956,1.6592214906436014,13.950844827160784,175.63560145533435,-0.17321183179900176,32.93306016275997
066_Dismorphia_thermesia.png,Dataset_pieridae,46649,9.527416331420704e-06,1.3338382863988987e-05,8.193578045021806e-05,0.001854035218094469,0.004796101381237182,0.0034203424629800326,0.0037919116999054403,0.003690921086792381,0.06264276237909112,0.008456534735769017,0.00013147834537360572,0.0,0.0,0.0,0.0,0.0,0.013120592081287916,0.04450658106283093,0.0016345473643593646,0.00033628802332311516,0.00014201804969023987,0.0001246007417093614,0.0001286201204741795,0.00017551287273039079,0.00016747411520075456,0.00019159038778966323,0.00025054127634032883,0.0003537053313039937,0.00037514201804969024,0.0003590645029904178,0.0002625994126347832,0.00037112263928487215,1.3397929216060365e-06,0.00015139660014148212,0.0020405046196059935,0.0005935282642714742,0.00020230873116251153,0.00020364852408411756,0.0002599198267915711,0.0003001136144397522,0.0003778216038929023,0.0005948680571930803,0.0008454093335334091,0.0017725460352847864,0.006589101588458488,0.013789148749169328,0.030678578318935026,0.004099766340114472,209.175587901134,-3.032329495249199,49.739315453680305,208.33454093335334,-2.9080229365973196,42.781214984535524,196.07817959656157,-2.930543276727423,43.61322896170698,90.42888379172115,-1.8630921541529897,15.922580547362678,26.34883920341272,4.704778848758325,36.03151550426117,211.90925850500545,-2.9434631533398576,43.58506104846056
067_Dismorphia_thermesia.png,Dataset_pieridae,48734,4.742297186996986e-05,0.0004687578373300867,0.00403642449031705,0.07479332248076861,0.009542961108603166,0.0,0.0,0.0,0.0,0.0,0.0,0.0,0.0,0.0,0.0,0.0,9.490294250420651e-05,0.0040641543891328435,0.00870798621085895,0.02131853531415439,0.02041823983256043,0.005883982435260803,0.0015222944966553126,0.0003578097426847786,0.00010644519226823162,1.923708294004186e-05,0.0,3.847416588008372e-06,2.5649443920055814e-06,0.0,0.0,0.0,0.0,0.0,1.4107194156030697e-05,5.1298887840111626e-05,0.00015389666352033489,0.00039115401978085117,0.0012722124184347684,0.00613534698567735,0.008766979931875077,0.009767308244757253,0.01883310419830098,0.008271945664218,0.004192401608733123,0.0025392949480855256,0.0020814523741125293,2.9496860508064185e-05,125.2460499856363,0.556491446639937,33.1761456226628,162.0353551934994,0.093960730602687,29.380156980952627,149.16267903311856,0.34823457976917177,30.040096554538238,40.67827389502195,-1.7281052235727423,4.294577978849221,60.785714285714285,0.1298686478673239,18.426775363008385,162.1561538145853,0.0981764665876375,29.329550769023
068_Dismorphia_thermesia.png,Dataset_pieridae,100297,0.0,0.0,7.799059016941905e-05,0.010413516301030384,0.0038587616999733016,0.00505786702382812,0.01366873718389716,0.04724457250853853,0.008555922244267858,1.1521337184118722e-05,0.0,0.0,0.0,0.0,0.0,0.0,0.004153289729503375,0.049310423043560626,0.0016831261154371517,0.0004025544133922251,0.00011029741667248272,2.7418566856436384e-05,1.9940775895590096e-05,1.5578731168429763e-05,1.5578731168429763e-05,2.181022363580167e-05,2.7418566856436384e-05,4.175099953139177e-05,7.353161111498849e-05,0.00033400799625113415,0.001190838210514771,0.0050724348684407315,0.0,6.231492467371905e-07,0.00011216686441269429,0.0066452635672054,0.00012026780462027777,0.0001975383112156894,0.0003109514741218581,0.0004156405475737061,0.0005178370240386054,0.0006175409035165558,0.0008524681695364767,0.0013815218800163514,0.0029805228471439823,0.011811793971903448,0.02671877025235052,0.0098170932330977,193.0251353480164,-2.0310189410759856,71.3038593798496,204.48485996590128,-1.9557662391938808,57.637320135495116,186.33956150233806,-1.9594253351666586,58.32859280033327,74.60452456205071,-1.2152423412338327,14.93056285600653,45.16871890485259,2.500037402745264,68.37823096170774,204.53353539986242,-1.9566873638498954,57.64423204274704
069_Dismorphia_theucharila_avonia.png,Dataset_pieridae,81032,0.01036079025021665,0.04608220620660151,0.031925933238994744,0.0003543181843112735,1.096960322945119e-05,0.0,3.290880968835357e-06,0.0,0.0,4.387841291780476e-06,4.387841291780476e-06,6.581761937670714e-06,2.193920645890238e-06,7.678722260615834e-06,9.872642906506072e-06,0.00011627779423218262,0.0006741163984598677,0.001375228304867213,0.0016559815875209793,0.0018549770461052423,0.00583180101688222,0.010334651742521473,0.00923477761871853,0.008637019942738671,0.010217414108006714,0.007559513525520782,0.0033412725836706484,0.0011770041465100206,0.00035556940467963276,0.0001534887451870866,5.167711521374272e-05,4.5506713397176424e-05,7.713002270707869e-07,6.941702043637081e-06,0.0001750851515450686,0.0033813801954783295,0.013974417514068516,0.010059297561457202,0.004810599516240498,0.0025167526409319773,0.0016343851811629973,0.001404537713495903,0.001389111708954487,0.0015572551584559188,0.00192130886563333,0.002472017227761872,0.0057230476848652385,0.011473090877677955,87.1495088360154,0.48823983450864344,58.711540735659334,127.27759403692369,0.44095523351813504,80.74489275544386,142.49906209892387,0.39312084685336984,72.84381574206522,19.689690492644882,6.389381856524949,9.597993861810858,111.14880541020831,-0.22197993609945557,37.50709639380146,142.6344283739757,0.39393356405897584,73.00993195301389
070_Dismorphia_theucharila_avonia.png,Dataset_pieridae,64586,0.006328168815395149,0.03992609337420906,0.03210190030863242,0.0027828528370441477,0.00022020596138826095,2.752574517353262e-06,2.752574517353262e-05,5.229891582971198e-05,9.634010810736417e-05,0.00045555108262196483,0.0005684066378334485,0.0014106944401435467,0.001443725334351786,0.0012014987768246988,0.0004115098903443127,0.0018593640864721284,0.002778272381011365,0.004339175672746416,0.004448525996345957,0.007821935094292881,0.01153597528876227,0.012311104573746632,0.013717175548880562,0.003777908525067352,0.0010383442232062676,0.0004190149568017837,0.00017418635617626112,7.257764840677546e-05,3.0966463320224195e-05,1.3547827702598087e-05,8.709317808813055e-06,1.258012572384108e-05,0.00023999009073173754,0.015422266435450407,0.01237981141423838,0.005518804384851206,0.002848914625460626,0.0022344238689499273,0.0022653903322701514,0.0027714984671600657,0.003599851360976063,0.004613035332734649,0.00543654971665686,0.005119143467624563,5.032050289536432e-05,0.0,0.0,0.0,57.19349394605642,0.5425441489376206,39.52084089111599,77.86894992722881,0.565928683591572,58.43209166432154,82.3951940048927,0.5328604431593387,58.11511665075661,31.032390920632956,2.9081693256683043,36.07657050885427,76.24440281175487,-0.2089955283520916,31.645918747530295,82.72943052673953,0.5245417930112707,58.21913143742098
071_Dismorphia_theucharila_avonia.png,Dataset_pieridae,80107,0.019421801118781407,0.032041588819398496,0.029458377198275085,0.0019529434936328219,0.0002485564446441773,0.00010430493659175298,0.00011318195247190216,0.00018419807951309568,0.0004194390003370492,0.000891030468969975,0.00042054862732206785,0.00036839615902619136,0.00040279459556176944,0.00038171168284641517,0.0006446932782958348,0.0018353230332208447,0.002909389940953974,0.003382195064101764,0.0035561811077683596,0.009786910007864481,0.013572471818942165,0.011915313268503376,0.010197298613104972,0.0045743505561311746,0.0015494900570486973,0.0005570674223226435,0.0002566879298937671,0.00012795386170996292,5.929569201193404e-05,2.4966607162919596e-05,1.0922890633777323e-05,1.9505161846030935e-05,2.028536831987217e-05,0.00011156952575929694,0.0016392138015404397,0.008754696842972524,0.011451870623041682,0.007256700413197348,0.004370716666458612,0.00277441422097944,0.0018139800516808768,0.0014527444542923838,0.0014207559888648933,0.0015346661340457138,0.0021034366534759758,0.0033182181332467825,0.005311645673911144,0.009165085448213015,99.66573457999925,0.4749585380432952,63.77007975004977,124.68670653001611,0.4810372121982807,78.89979628011629,133.60585217271898,0.44758703703896086,72.66102337004371,27.11302383062654,3.426182373177227,31.97838228209135,76.54398492016928,0.025149649873083824,31.870805744725114,134.6069132535234,0.4408481943446932,73.68760155131636
072_Dismorphia_theucharila_avonia.png,Dataset_pieridae,69923,0.010796638206789373,0.04536927127777062,0.032009813969970144,0.0003864568485651677,8.898677434066363e-06,0.0,2.5424792668761033e-06,0.0,0.0,5.0849585337522064e-05,1.652611523469467e-05,1.3983635967818568e-05,1.9068594501570776e-05,1.2712396334380516e-05,2.6696032302199086e-05,0.00017543106941445114,0.0005389857414584614,0.0012817670866524607,0.0018529310813323228,0.0018591879639031506,0.0057724210917723786,0.010849434377815596,0.009268230768130659,0.008442322268781374,0.010017268995895485,0.007654848905224318,0.003200842355162107,0.001071714600346095,0.0004040158460020308,0.00015999742573974228,7.41887504826738e-05,5.1842741301145545e-05,1.7876807345222602e-06,8.044563305350171e-06,0.00018323727528853168,0.003374247386410766,0.0139054745934814,0.010136149764741215,0.004739141627218512,0.00251526679347282,0.0016589677216366575,0.0014051170573344965,0.0014515967564320753,0.0015570699197688886,0.0018868970152882457,0.002447334925560974,0.00571074610643136,0.011518920812894184,87.3062368605466,0.48519480473878634,58.69775213026248,127.37923144029861,0.4392909134605079,80.74005950535557,142.54615791656536,0.39100546220562277,72.80103816906227,19.929708393518585,7.175222706502695,11.116984265958745,110.92955107761395,-0.17000815033629835,37.403027938739754,142.69615148091472,0.3918830162776872,72.98836684851075
073_Dismorphia_theucharila_leuconoe.png,Dataset_pieridae,83265,0.024337823682085976,0.03455847127978275,0.0017550391320883124,0.0005348385676254529,0.0001750768963883718,9.074107434763172e-05,7.899811178499702e-05,0.00010141649485911781,0.0008145345850263883,0.00982031932851605,0.003015806294494819,0.001601313076722913,0.001136932284473268,0.001221268106514008,0.0028204460991346236,0.0068258638750442035,0.002028163093736864,0.005636371824896415,0.006441782261454393,0.005133459436738126,0.004581006425268721,0.004736383834744491,0.0051252026661862725,0.0051537260553654,0.004530715186452892,0.003201375127604636,0.002308142676995136,0.0020664444844772714,0.002039422326307572,0.002910136311775656,0.0033657599231369725,0.0032419083648591845,1.3511079084849577e-05,0.0012948117456314178,0.002898877079204948,0.005047889269200745,0.0069356872635561164,0.007722332312496247,0.006273644388398487,0.004592265657839429,0.0038281390740407136,0.003983516483516483,0.004096859424728277,0.004093856962709422,0.0034603374767309195,0.0030572569506995737,0.003450579475169639,0.001750435356992734,73.31871734822555,1.0212178904145575,59.64419229800632,94.80004803939231,0.3988273191395782,50.35666222666863,122.43778298204528,0.47855143152242224,57.38237132760364,50.55474689245181,1.0409521968235258,59.0023005215754,113.01727016153245,0.43424238422938105,70.22854586193762,126.97822614543927,0.33844666179693234,60.09710846199945
074_Dismorphia_theucharila_leuconoe.png,Dataset_pieridae,106768,0.014174867209484323,0.010553307691026857,0.0026624706528797643,0.02249696122017417,0.003466706628702732,2.7473899795194563e-05,6.244068135271492e-05,4.9952545082171936e-05,0.0002389396739763891,0.012824483407429609,0.0033851174717351848,0.002227050968246832,0.0024876367450921625,0.0023086401252143795,0.004797109412724578,0.007125730555971826,0.00044664599880113893,0.0016396532668964483,0.0026956812902742397,0.004949985014236475,0.007847037501873221,0.006476074291922674,0.005454583770418102,0.004081279034916829,0.004133377978420501,0.004258649595384385,0.00573556683650532,0.003974154240971078,0.004263332646485839,0.0035263374793945753,0.002482017083770418,0.0005356239697287577,5.853813876817024e-06,0.0012246178630301214,0.0053948748688745695,0.008605691780308707,0.006211481904690544,0.007642739397572307,0.014368186160647386,0.006042892065038214,0.004819444964783455,0.004541974187022329,0.0028941255806983366,0.0005637222763374794,0.00010302712423197962,5.385508766671662e-05,2.5756781057994904e-05,1.756144163045107e-06,57.21155215045707,1.288964870850216,44.11613484157863,78.30917503371796,-0.08580878995468989,33.88777086612843,79.84299602877266,0.8639584402041875,32.44862409509689,70.26914431290274,0.535230280957831,57.71374779609851,125.04803873819871,0.17890905576426663,58.824679970547585,96.06449497976922,0.22807807728084267,37.50866025775045
075_Dismorphia_theucharila_leuconoe.png,Dataset_pieridae,83294,0.024091371127172027,0.03465208911939769,0.0016018227269938077,0.0006467052448755813,0.0001536725334357817,6.723173337815449e-05,6.936607412031812e-05,0.00012059025193224535,0.0006403022226490904,0.010030334317798002,0.0029902113797712518,0.0016263676455286896,0.0010661032007107355,0.0010650360303396536,0.002851479231530616,0.007216206049255249,0.002222549043148366,0.00553836410785891,0.006209931087473287,0.0052689869618459916,0.004573408648882273,0.0047617475448411654,0.00520145508680097,0.0050851501908901,0.004436093836290729,0.0032835498355223668,0.002263818522342546,0.0020717278555478186,0.0020642243138761494,0.0029136252311090837,0.00326329027300886,0.0033420774605613848,8.25389583883593e-06,0.0012943609383629074,0.002894116022762744,0.005062639565875093,0.0069670384421446924,0.007765415276010277,0.006173163733282109,0.004633436982255624,0.003814050231709367,0.003923601940115735,0.0041337011069224674,0.0041254472110836314,0.003463634835642423,0.003047938627031959,0.003459883064806589,0.0017333181261555454,73.33499411722333,1.0172979863573133,59.70297652664785,94.81735779287824,0.39570403179672087,50.37703171647204,122.44232477729489,0.4789712634060809,57.38351357890551,51.037781833025186,1.0278833647637662,59.328599796950236,113.00624294667082,0.433854042621953,70.40935831646672,126.97267510264845,0.33825008334743484,60.08361800962621
076_Dismorphia_theucharila_lysionides.png,Dataset_pieridae,35004,0.01943396945111035,0.02131565916276235,0.013961578994146701,0.0014144415241432726,0.0028415800099036302,0.0030929798499219137,0.0010055993600731345,0.0010513084218946405,0.001239223453827499,0.0026587437626176057,0.003918282355032441,0.0015617262789014588,0.0019680290506481797,0.0021203925900532003,0.003951294455236861,0.00735408016861565,0.0027318306479259514,0.009300722774540053,0.012878885270254829,0.0166623814421209,0.009841732373443036,0.005174408639012684,0.0028246771797508854,0.0009445349102959661,0.0004731602102616844,0.00024104388069934866,0.00021783224774311508,0.00042673694434921725,0.00018926408410467374,0.0002660410238829848,0.00011784367500857044,0.00020890469660610217,0.00023747286024454348,0.0025764912581419264,0.0005642212318592161,0.0009427494000685636,0.003037152896811793,0.006220717632270598,0.007288452748257342,0.006329633756142155,0.004938721288995544,0.0037656410695920467,0.003042509427494001,0.003571020454805165,0.004676251285567363,0.00957569134956005,0.004899440063992687,0.0008338332761970061,121.32427722545995,0.06003248923659391,54.38290911306587,130.93026511255857,0.09712676349000327,60.92596230217459,142.553965261113,-0.22248674465734639,60.23511125702331,56.11358701862644,0.9823647675746551,59.169154228187324,57.960690206833505,2.0457506282926223,34.22867866067583,146.441606673523,-0.15818226996614423,59.809558459905055
077_Dismorphia_theucharila_lysionides.png,Dataset_pieridae,74407,0.001579301827934349,0.014715461358922325,0.0510465711858054,0.020372037875767364,0.00040856371040359107,3.106039903653031e-05,5.973153660871214e-06,7.167784393045457e-06,5.973153660871214e-06,5.973153660871214e-06,9.557045857393944e-06,2.9865768304356072e-05,0.0001111006580922046,0.00011348991955655308,0.0001505234722539546,0.0002962684215792122,1.679949467120029e-06,3.359898934240058e-05,0.0002654320158049646,0.0008828134449715753,0.0011289260419046596,0.0010516483664171382,0.001856344161167632,0.0029919900009407717,0.004692098861666241,0.004373748437646995,0.003960480868735469,0.00400751945381483,0.0035043745884123807,0.003653050116252503,0.004176354375260392,0.02591994032819493,0.0015808324485599473,0.008193113551144382,0.00639472764659239,0.0034598559275337,0.0026425605117798056,0.00232840996142836,0.004234312631876033,0.008333389331648905,0.003525373956751381,0.0021755345599204375,0.0022914510731517194,0.0023384896582310803,0.0024812853629362828,0.00345481607913234,0.005482515085946215,0.003583332213367022,35.50696843038961,1.0616773652570373,45.257274201566794,112.55895278670017,0.18588866618200173,74.55020256139298,113.20151329847998,0.4387539827153468,75.97526574931875,29.341486688080423,6.809948191026969,13.93323713393343,199.95344524036716,-0.732802281055132,57.64641048774162,119.87757872243203,0.22655766718028678,75.01337217909445
078_Dismorphia_theucharila_lysionides.png,Dataset_pieridae,55546,0.0034421920570338097,0.02956508519465348,0.029365050788735664,0.003570214076821213,0.0014418479978556312,0.002541237092779958,0.015484263293286445,0.0005760990890433154,0.0005408930336017795,0.0007937365226819013,0.00039206743559892305,0.00017603027720767972,0.00020803578215453057,6.721156038838681e-05,0.00015042587325019905,0.0005744988137959729,0.0010588071148237496,0.002331401000972167,0.008725875850646311,0.008435575919058079,0.004827080257804342,0.006603760846865661,0.010137993734922407,0.007295754869837612,0.004432137327620351,0.0030436485075432972,0.001946584812587765,0.0013659849494112987,0.0007280002160371583,0.0005727235084434523,0.00033643286645302994,0.0006582382169733194,0.0002599197061894646,0.0049193461275339355,0.009703669031073345,0.007164107226442948,0.003939302560040327,0.0027702264789543803,0.0025676916429625894,0.002587945126561769,0.0033058186007993377,0.005460564217045332,0.012765320635149246,0.006476613977604148,0.0004793324451805711,8.889028912973031e-05,1.1251935332877256e-05,0.0,75.53056925791236,0.36058654711010046,51.66453926355465,100.4910524610233,-0.00472361031301561,57.75535741505424,100.52981312785799,-0.07278175238770485,52.042705392379716,36.28273863104454,1.9316064700096136,27.02563110810029,94.05568357757534,0.6954170900439371,47.91312559936484,107.4794044575667,-0.06920423653497865,57.72423958792687
079_Dismorphia_theucharila_lysionides.png,Dataset_pieridae,56014,0.016959252250429456,0.028438922015527866,0.0142869044643601,0.002618393020792421,0.0004967012215200168,0.00017455953471949475,0.0003538797840222484,0.0002507309680516379,0.00045385479027068625,0.0016852929624736673,0.0016122953388636968,0.0035657752228609512,0.002664413261763924,0.00247239777357248,0.003305522825642796,0.009549993454017447,0.01167788410040347,0.015335451851322884,0.00938716213803692,0.004838076195236905,0.0037300942621487487,0.003949905380797657,0.004429696147391723,0.004390643410575927,0.0030762398686042776,0.0015576463027100367,9.818973827971578e-05,1.785267968722105e-05,5.578962402256579e-06,0.0,1.1157924804513157e-06,4.463169921805263e-06,8.926339843610525e-06,3.905273681579605e-05,4.574749169850395e-05,0.000148400399900025,0.0009964026850430249,0.005287740564858786,0.008375138358267576,0.006778439318741743,0.0047398864569571895,0.0036307887313885815,0.003023797622023066,0.003088513585889242,0.0032391455707501695,0.004888286856857214,0.012520307423144214,0.005689425857821259,130.2480986896133,0.9071797023864083,46.21427974612549,152.87599528689256,0.10986024953346377,54.82528504533719,167.0227978719606,-0.04722199384360523,56.975422819192325,55.77564537437069,1.0038956470219706,61.72614864571562,53.72753240261363,0.7723320485845053,42.52994752638099,167.9227336023137,-0.0465907390625809,57.143762291926386
080_Dismorphia_theucharila_lysionides.png,Dataset_pieridae,62062,0.004387010838623742,0.05160144514983225,0.023692436595662402,0.004379849541139863,0.0012432012432012432,0.00045689077947142463,0.0002048131080389145,0.0002649680069034908,7.018071534200566e-05,0.00014752272816788946,0.0001546840256517676,0.00023202603847765138,0.0003938713616132971,0.0002878841588519008,0.00038671006412941897,0.0009853945337816306,0.0006445167735490316,0.0015448261416003352,0.0017210611968676486,0.0020070655151300312,0.002766386838967484,0.0034018400953884824,0.004450186909864329,0.005090675453578679,0.005249790532048597,0.005285037543102059,0.004908398053559344,0.004204464889948761,0.0034401082788179565,0.002940607779317457,0.0035126164158422223,0.011332417582417582,0.0002749266862170088,0.007046381038316522,0.010415995295027554,0.007282032483645387,0.0051762753375656605,0.004130949695465825,0.003594188069994522,0.002746245689794077,0.0028348667461570685,0.002886226676549257,0.0032376897296252133,0.003325303728529535,0.003794592504269924,0.0039899616512519736,0.001739188231123715,2.5176436466759047e-05,31.13151364764268,1.8574296666188126,32.050336089756364,81.87390029325513,0.667623110829617,52.95678473067059,101.98796364925397,0.4999178710079989,65.92623167179218,26.300409268151203,4.71005359011086,24.116089145828468,158.0242982823628,-0.17446133462664867,67.71041611515959,102.62021849118624,0.49309028770958546,65.81403741867685
081_Dismorphia_theucharila_xanthone.png,Dataset_pieridae,65797,0.013440666832158846,0.04212552750631994,0.025434459186757925,0.0030572146990828697,0.00013374469960636504,1.080765249344364e-05,1.3509565616804548e-05,3.107200091865046e-05,5.268730590553774e-05,0.00041609462099758006,0.0005147144500002533,0.0007322184564308065,0.0005295749721787382,0.0005471374074805843,0.0006673725414701447,0.001182086991470398,0.0014333860206392388,0.0021676520206088423,0.0021648023466115476,0.004886241014027995,0.014659672933416417,0.012112064379834947,0.00951221180296974,0.008022782193717038,0.004845395686733438,0.0022046977825736737,0.0004397996869158168,5.129413195130477e-05,0.0,0.0,0.0,0.0,0.0,5.699347994589419e-06,0.00024032250710518717,0.002693891818775932,0.008373292095384288,0.010604586835266045,0.01007549736310166,0.005724995060565071,0.0033113211848564525,0.002797429974010973,0.002900018237913583,0.0033436174901591256,0.004458789914433789,0.004930885906652279,0.003038702372448592,9.498913324315699e-07,87.68241713148016,0.5823580114710417,46.126184248188814,115.28794625894798,0.6028803614909012,59.283151120542925,127.9555450856422,0.5384441013372441,51.794759369906096,26.00752313935286,3.760560193079674,29.706593764481354,88.80234661154763,-0.154743323888656,32.1112816015295,128.63030229341763,0.5562022032711267,52.703250362768564
082_Dismorphia_theucharila_xanthone.png,Dataset_pieridae,95099,0.006563452589173155,0.04144359503721853,0.03232935034951881,0.006218548857272713,0.00016076813519478531,3.832263687782673e-05,7.010238453260988e-05,3.551854149652234e-05,6.916768607217507e-05,0.00022619702742522122,0.00019067848592869887,0.0002785401412095699,0.00029629941195783105,0.00020656835975609044,0.00019254788284956846,0.0005692313624047922,0.001271701069411876,0.0014307458543202348,0.0014609775076499228,0.0036935193850618827,0.00495930556577882,0.009064238320066456,0.008256527408279793,0.00671997076730565,0.007907548975278395,0.009484852627262116,0.006449857516903437,0.0015746748125637494,0.00019190527765801954,3.023165332968801e-05,2.6288394199728704e-06,1.3144197099864352e-06,0.0,0.0004823920335650217,0.0033208813972807286,0.0026991608744571446,0.004614270391907381,0.009265344535694381,0.00823549669292001,0.005629002408016909,0.003911713056919631,0.003268304608881271,0.0030678556031083397,0.0038433632320003363,0.004442081409899158,0.0039485168087992515,0.005749929021335661,2.168792521477618e-05,79.41576672730523,0.5707351515335679,49.34711779925581,115.5794067235197,0.5918602770106006,58.87319556717726,131.49164554832333,0.22940081759178,57.906042248967346,24.286217520688965,5.219055334482342,20.38709465790189,112.53220328289467,-0.4015736506766836,41.352525668542405,132.26276827306282,0.25846865472968494,58.13910408816999
083_Dismorphia_zaela_zaela.png,Dataset_pieridae,138149,0.0046416871960306945,0.028093982262307766,0.01577041213954981,0.028321112229066685,0.008053140691089571,0.0003596760663406097,0.00010294842685956628,8.814959049850362e-05,9.715757784871569e-05,0.00013511981025318074,0.0005398358133448507,0.00036418006001571573,0.0004060028584274145,0.0004072897137631591,0.0004542599335178362,0.0010539345199748098,0.0005107709791601821,0.001410614626236889,0.003856343513163324,0.004562555646439714,0.0058057785434567025,0.007238561263563254,0.008038874693265967,0.006474893050257331,0.0065961389514220155,0.004842145075244844,0.00225254978320509,0.0031017235014368545,0.0012120066015678724,0.0015056207428211568,0.0008817472439177989,0.004209675784841005,0.01191195737935128,0.021921530376622343,0.01082753042005371,0.005200906267870198,0.0025972862633822902,0.001231007824884726,0.0007808597963068861,0.0005519402963466982,0.000582704181716842,0.0007324519178568068,0.0006537325641155564,0.0006532801540365837,0.0008161477824667569,0.0017779716103627243,0.0019299813968975527,0.00033071176772904616,26.65160080782344,2.3854244589266673,32.13636941526691,45.994665180348754,2.0402304129119693,53.98873797469588,50.60805362326184,2.0089964164690794,59.50256939225525,32.92759991024184,3.4176458185367586,26.72522047201257,120.0605722806535,0.6286082311129837,59.26306806030477,51.91932623471759,2.0041724673128356,59.47395181865924
084_Dismorphia_zaela_zaela.png,Dataset_pieridae,148860,0.013678474927971099,0.022163106274351738,0.013636675772911161,0.004941854389657694,0.001222326720109872,0.0006066848791556571,0.00045979070565930704,0.0005284607461149178,0.00045381939779360177,0.0004777046292564229,0.00038395509576484994,0.0010843895084120799,0.0045650648633316915,0.005816053861196949,0.0077531461328317446,0.011117380984370102,0.005934267096600833,0.005741552465403735,0.00947198710197501,0.007220710734918715,0.009367862421066775,0.006362101975010076,0.0036766928657799274,0.0023125755743651755,0.001985086658605401,0.0013821711675399704,0.0009522370012091898,0.0009047930941824533,0.0009287249764879752,0.0011109431680773882,0.0015551524922746206,0.0035931412065027543,0.007248421335483004,0.017317865779927447,0.004443772672309553,0.0016135126964933494,0.001250335886067446,0.0011978536880290205,0.0014862958484482063,0.002010278113663845,0.002310056428859331,0.004199835415826952,0.008343409915356712,0.007452891979040709,0.003544857584307403,7.851336826548435e-05,2.0992879215370147e-06,0.0,65.10416498723633,0.7517663571524607,65.20089289536199,79.04783689372564,0.29739170932800774,63.23462801763405,90.7813516055354,0.1775850484649379,70.68439834385816,68.62901383850598,0.5741562913582274,68.41128158523291,84.60360069864302,1.1514229243251717,67.50128174250072,92.13735053069999,0.18561875789450533,71.43812710196252
085_Dismorphia_zaela_zaela.png,Dataset_pieridae,119337,0.00739046193180284,0.06199362589417644,0.015502689395949659,0.00259880283008064,7.895474347622467e-05,5.2139924937129495e-06,1.0427984987425899e-05,4.469136423182528e-06,1.2662553199017162e-05,3.12839549622777e-05,3.426337924439938e-05,7.746503133516381e-05,0.0001258806759196412,0.00019068315405578785,0.000279321026448908,0.0005526832043335725,2.09490769836681e-05,0.0010024133336685186,0.003117746382094405,0.002892020077595381,0.003626285225872948,0.006546586557396281,0.012386141766593764,0.012149417196678315,0.00844771529366416,0.0030004315509858637,0.0014554371234403412,0.0011700059495378633,0.0012249972766199921,0.0015277114390339962,0.0017220141280575177,0.0022101276217769846,5.237269245917025e-07,0.0031151277474714464,0.015711807737751073,0.008066442092561401,0.004373643547265308,0.003210969774671728,0.003372801394370564,0.002800891592716425,0.001311412219177623,0.0013056512230071144,0.002209080167927801,0.002520173961135272,0.0033419015058196535,0.0037608830454930156,0.006324002614444808,0.0010746876492621735,57.441832792847144,1.1580956531353808,49.562247776459344,91.62315124395619,0.7083353003610888,67.3068660678787,108.86026965651894,0.5545900971327827,73.19484761163297,20.278446751636125,6.749926278485982,18.236755591071137,119.36997745879316,0.8029155101225715,49.75418350786205,109.31915499803078,0.5637741302345591,73.71309799625926
086_Dismorphia_zaela_zaela.png,Dataset_pieridae,98037,0.008995243292498411,0.07518159243732242,0.004324897742688984,0.0002565924656563905,1.4506994524742927e-05,2.7200614733892984e-06,0.0,0.0,0.0,0.0,0.0,0.0,0.0,5.440122946778597e-06,1.3600307366946492e-05,9.429546441082901e-05,1.2750288156512337e-05,0.0004379723981761988,0.0032175352162958884,0.010658603384436489,0.014611830227363138,0.013747360690351602,0.00918913267439844,0.005251206177259606,0.003086844762691637,0.0014152819853728695,0.0005310495017187388,0.00017914154859899833,9.8177218805145e-05,4.845109499474688e-05,1.3387802564337954e-05,1.2750288156512338e-06,0.0,0.0,3.187572039128084e-06,0.0002339677876720014,0.001492421228719769,0.003422177341207911,0.00470230627212175,0.006374506563848343,0.011003498679070148,0.015496062711017269,0.011009873823148403,0.0057318920407601216,0.0022937768393565695,0.0006400644654569193,9.180207472688883e-05,4.462600854779318e-06,96.89642685924701,-0.29457529529975907,28.27535470068235,121.73193794179748,-0.2713628425314532,28.185210752004366,144.3009170007242,-0.35248645616953284,30.659811619588037,15.950855289329539,14.926325694757065,6.955584421419356,85.49913808052062,0.7425425241109317,28.413997167512765,144.3190428103675,-0.35070552036808755,30.63460116283851
087_Dismorphia_zaela_zaela.png,Dataset_pieridae,82269,0.008937617922776366,0.06207603512055979,0.011771681246209927,0.003712482493068133,0.0004710833431250599,4.429912171588866e-05,9.400057534834912e-05,6.482798299886145e-05,4.105772256594559e-05,0.00011669036939795062,8.967870981509169e-05,0.00014370202898080956,0.00015018482728069573,0.00013073643238103728,0.00023338073879590124,0.0008114302538690827,0.006454436057324144,0.01403019363308172,0.01034791355188467,0.008639341671832647,0.00787204171680706,0.005888457377627053,0.0036853188929001205,0.0018483572183933194,0.0009822958830179047,0.0007088028297414579,0.000616878775723541,0.00045886056716381625,0.0003836499775127934,0.000255260183058017,0.00014358385297013457,0.00018460781096160157,1.8992573144197694e-05,6.153593698720053e-05,9.648227157252428e-05,0.0004839307637141572,0.0015368790188284773,0.0023900254044658376,0.0031899925852994443,0.005504807400114259,0.01026814474467904,0.01042084503275839,0.009952108327559592,0.008015625569777194,0.004891727139019557,0.0033039480241646305,0.0015756238680426405,0.0007893313398728561,122.75103623479075,-0.07313185363366549,45.02389704545163,141.69388226427938,-0.08373154237624716,40.478416957343946,154.98126876466227,-0.15304110758291511,38.53878204879973,20.561086192855146,5.960816202033323,20.533067327453267,57.44584229782786,1.4642856521619299,41.685685328793845,155.13987042506898,-0.14860413516394844,38.57036544872945
088_Dismorphia_zaela_zaela.png,Dataset_pieridae,84214,0.003503244380058212,0.05425965067829841,0.01976235146966854,0.008677364280945633,0.0010059029509477178,8.760749730184741e-05,8.54964732704776e-05,9.394056939595687e-05,8.760749730184741e-05,0.00014354963413314755,0.0001488271942115721,0.00011188427366260031,0.00011188427366260031,0.00011082876164691541,0.00023115713143499495,0.0004675918229484145,0.008420512028878809,0.021538134989431686,0.016311124041133305,0.006676443346711948,0.003922299142660365,0.002699966751371506,0.0012817049421711354,0.0006493872752748949,0.0003510402070914575,0.00021893628137839314,0.00016030588738214548,7.273137483078823e-05,6.085686465433301e-05,5.195098202199159e-05,4.0818628731564825e-05,4.378725627567863e-05,7.421568860284514e-07,2.226470658085354e-05,0.0001692117700144869,0.0005143147220177168,0.001090228465575795,0.002123310850927399,0.003482942266131522,0.00501252760823616,0.007825302206283991,0.010287778754126392,0.010922322891680719,0.0096228061842449,0.0067499168784287645,0.003614304034958558,0.0009944902272781247,6.753627662858907e-05,134.69852993564015,-0.38852697295021227,39.90038095538444,150.18880471180563,-0.3925118756029461,36.910963060025935,157.20281663381385,-0.4499907448798968,36.90541446819887,24.074690669009904,6.010788012630094,17.824369571253534,39.700251739615744,2.179319689844812,28.484123097908288,157.54172702876005,-0.44297133297570573,36.8025167149577
089_Dismorphia_zathoe_othoe.png,Dataset_pieridae,110492,0.06218248078292245,0.008636924945797986,0.010299790432288713,0.0076136231079575395,0.00015606961992220653,0.0,0.0,0.0,0.0,0.0,0.0,0.0,0.0,0.0,0.0,0.0,0.0,3.054519784237773e-05,0.0008054881801397387,0.0010012037070557145,0.0026365030952467147,0.004158106469246642,0.006723903088006371,0.009452607428592115,0.0103067416645549,0.006102817398544691,0.004808040401115013,0.004715839155775984,0.00370219110885856,0.003442556927198349,0.003293790500669732,0.001319665677153097,0.0,0.00013519078304311625,0.0016720667559642327,0.0034402943199507655,0.003204417514390182,0.0028237338449842524,0.0030358532744452086,0.004803515186619846,0.0066492370488361145,0.011699942077254461,0.016778929696267604,0.00819742605799515,5.9393440249067804e-05,0.0,0.0,0.0,64.81908192448321,-0.07446585526233285,35.8600700567723,92.02804727944104,0.3568132933120727,42.82389563941599,136.77692502624623,-1.0193813255376807,39.23147601821407,13.60778155884589,1.3867338723476121,10.085800787458911,144.3811769177859,0.28025429627261456,47.224365604673515,137.83085653259965,-0.9835128801107185,40.01735630102142
090_Dismorphia_zathoe_othoe.png,Dataset_pieridae,134865,1.3841001495322483e-05,0.0002682517908855357,0.026862747521183734,0.053778222667111554,0.006577771186824685,0.0013880547213880547,0.0,0.0,0.0,0.0,0.0,0.0,0.0,0.0,0.0,0.0,6.905053201349498e-05,0.0005473065658250844,0.0006538946353761169,0.0013337411485559634,0.006331794757720684,0.019476884291699106,0.01564434805175546,0.004864123382641901,0.002144737329922515,0.0011428094761428095,0.0008462165869573277,0.0008198012827642457,0.000965780595410225,0.0011882252622993363,0.0013726689652615578,0.0050986171356541725,0.002322693063433804,0.005536091647202758,0.002236959181403626,0.00033459385311237165,0.00034478923367812256,0.000690968746524302,0.0014329143958773589,0.0027995588180773365,0.0058363919475030585,0.01237580172765358,0.017210729247766284,0.007490824157490824,0.0038844399955511068,3.243984725466207e-06,0.0,0.0,83.87744781818856,-1.1325641639486217,40.30123755783966,136.07384421458497,-1.255228795594817,54.96788610151287,127.54447039632225,-1.3712419963500213,53.81233109963627,35.984325065806544,1.6582736343716056,5.982663111956402,116.5527379231083,1.4971931910695284,54.42297229008284,136.33230267304342,-1.2653268658167203,54.86397894783961
091_Dismorphia_zathoe_othoe.png,Dataset_pieridae,161372,0.00033931261653543087,0.0011336126052433715,0.006544437008210154,0.04884724597685954,0.021290765023258888,0.002702382624550039,0.0012999639204928845,0.0010774277239339331,0.0015599567045914615,0.0018981676567874919,0.0016585556629678286,0.00022914618259535591,7.987066460655435e-05,4.5168237915430736e-05,9.529396535816485e-05,8.75823149823596e-05,0.0019748624296656173,0.00966787918598022,0.01779119054110998,0.011485883548571003,0.005235961009344868,0.0030899102694395557,0.0020004244850407756,0.00134471903428104,0.0010747682373645985,0.0011526163150980344,0.001252540713382743,0.0014396084822645811,0.001333874525940064,0.0012463438514736139,0.0009860756512901866,0.001423341719753117,8.520685125052673e-06,0.00024516334927992466,0.0008164365565277743,0.002337766155218997,0.0029423474952284165,0.00295822695387056,0.004050036561485264,0.004683665691693727,0.004844396797461765,0.00686418647596857,0.010042402027613216,0.0114839470292244,0.007188359814589891,0.003000055771757182,0.0009210086012443299,0.00011348003371092879,117.71568177874724,-0.6665883235145993,53.75972954413387,149.20803485115138,-0.588070744333632,46.33077307857087,136.83217038891505,-0.6244464495041462,46.34297028694589,46.890873261780236,2.640733744043144,19.39811183898717,72.18158664452321,1.6058770735795858,58.910777652824976,150.77879681729172,-0.633525334473726,45.82819488066613
092_Dismorphia_zathoe_zathoe.png,Dataset_pieridae,45366,0.0,1.3715606891112777e-05,0.0024688092404002997,0.06885626533821217,0.016049219435014965,0.0009836049513340876,0.00030958084125654555,0.00013911544132414388,4.8984310325402776e-05,1.3715606891112777e-05,5.878117239048333e-06,0.0,0.0,0.0,0.0,0.0,0.00017083278225984218,0.0017689459066261076,0.007118491822069391,0.017278909315346296,0.020297414363179472,0.011043512762862055,0.003379458184543491,0.0010181082749195433,0.0002700260106687828,7.026187012299961e-05,3.5819776925450776e-05,2.34206233743332e-05,9.64378609531367e-06,4.133051183705859e-06,6.888418639509765e-06,4.133051183705859e-06,0.0,6.888418639509765e-06,8.128333994621522e-05,0.00021629634528060661,0.0004463695278402328,0.0009836661817219945,0.0020596371732134197,0.004148205704712781,0.0066404355684874135,0.008497553233699245,0.009107867125159812,0.009468820261870124,0.008231660274214169,0.008238548692853679,0.003839604549662743,0.0005331636026980558,126.74899704624609,-0.17276489750201557,32.17348874565077,171.74855618745315,-0.38285146173410745,37.62046874939933,155.75710884803598,-0.2529566960867611,35.59288264571225,41.46347484900586,2.476060843353887,5.656029998835139,67.78732971829123,0.5647896839725157,20.21701473974435,171.76394215932638,-0.3815636385543557,37.60669052048746
093_Enantia_albania_zoraida.png,Dataset_pieridae,116804,0.020492448888736685,0.02678447085145486,0.038701109931547246,0.0004733475642006172,6.0880715652812496e-05,2.1308250478484376e-05,9.132107347921874e-06,6.08807156528125e-06,1.598118785886328e-05,2.2830268369804684e-05,6.0119706707152344e-05,0.00011415134184902344,0.00019405728114333984,0.00024808891628521094,0.00034702007922103123,0.0013378537264705547,1.1771857128180541e-05,3.9596246703880006e-05,0.00013323601931440704,0.0030601477689120235,0.005068854662511558,0.002877683983425225,0.003075665216944625,0.0030874370740728058,0.0024967038800041094,0.0018653042704016986,0.0018492517379541796,0.0020033560494503613,0.0016079286668264786,0.0017614978939077429,0.0028423684120406833,0.03071919626040204,1.605253244751892e-06,0.0021044870038697304,0.004272649053114619,0.0017235069004486148,0.0008898453820074655,0.0005671894798123352,0.0004398393890620184,0.00047194445395705626,0.0006271189342830725,0.0007988810314715249,0.0015346221019828087,0.00324689222971816,0.011222860518475394,0.02382142306770316,0.010411137461045855,0.00036599773980343136,39.99553097496661,1.2544449633759476,53.9212415309258,140.3416406972364,-1.3654125601109046,50.88362437880613,183.27040169857196,-1.614197263636187,62.88442063138422,22.17189479812335,5.0817194383430015,24.779355883465005,190.09783055374817,-0.6325646324263705,73.12677951158349,183.37275264545735,-1.6119903725090814,62.67887902896481
094_Enantia_albania_zoraida.png,Dataset_pieridae,77709,0.0,0.0002653775266986092,0.08833983193709867,0.00028367942509161675,0.0,0.0,0.0,0.0,0.0,0.0,0.0,0.0,0.0,0.0,0.0,0.0,0.0,0.0,8.042826442239638e-07,0.0,9.651391730687565e-06,2.1715631394047022e-05,4.825695865343783e-05,0.00010938243961445907,0.0003064316874493302,0.0008034783615797398,0.002371025235172245,0.008932363046751341,0.03296915415202872,0.011959682919610342,0.0031149866810794118,0.0018530672122920124,0.0,0.0,8.042826442239638e-07,4.0214132211198185e-06,4.906124129766179e-05,0.00016487794206591257,0.0004777438906690345,0.0012337695762395604,0.002198908749308317,0.0035983605502580137,0.0036265104428058526,0.005370195215483406,0.013558596816327581,0.025359031772381576,0.0066642859900397635,0.00019383211725797526,42.52776383687861,-0.2871312033601585,14.577509879182054,189.31644983206579,-1.4854223130145339,30.0066538285431,198.536231324557,-1.4108918743331156,28.665305991800757,28.17386660489776,-0.5454821826473598,1.5885820716138006,200.99619091739694,-0.3463044718651514,17.673053837150302,198.8192744727123,-1.4272115343434422,28.477582941581147
099_Enantia_melite_citrinella.png,Dataset_pieridae,49750,0.0001465103294249023,0.009767950865438304,0.07830977107761027,0.000580681183696259,2.1440536013400333e-05,5.360134003350083e-06,1.786711334450028e-06,0.0,0.0,3.573422668900056e-06,7.146845337800112e-06,8.93355667225014e-06,1.0720268006700167e-05,7.146845337800112e-06,3.573422668900056e-06,1.4293690675600224e-05,1.0050251256281408e-05,1.2562814070351759e-05,8.793969849246232e-06,4.020100502512563e-05,7.412060301507538e-05,0.00034045226130653266,0.001579145728643216,0.009689698492462312,0.014046482412060302,0.004678391959798995,0.004657035175879397,0.006195979899497488,0.0063881909547738695,0.0067248743718592964,0.003505025125628141,0.004548994974874372,7.537688442211055e-06,0.0009082914572864321,0.0012110552763819095,0.0014484924623115578,0.002108040201005025,0.0018957286432160804,0.0018655778894472361,0.0021896984924623117,0.0033065326633165827,0.0033944723618090453,0.0038831658291457287,0.005543969849246231,0.006513819095477387,0.005128140703517588,0.005309045226130653,0.01778643216080402,68.23374874371859,0.07398844060714431,44.36502826984456,173.28090452261307,-0.7761032337846112,62.89641182362764,185.30568844221105,-0.8661977171662322,62.20799300549953,26.57794974874372,12.213685889649778,4.487488381865107,169.23899497487437,0.3438174817610632,43.37786165086962,185.4625728643216,-0.8623477925495578,62.0058418078893
100_Enantia_melite_citrinella.png,Dataset_pieridae,39313,0.0,0.00014244651896319282,0.08555383150046493,0.003183566646034532,9.044223426234467e-06,0.0,0.0,0.0,0.0,0.0,0.0,0.0,0.0,0.0,0.0,0.0,0.0,0.0,0.0,4.769414697428332e-06,7.154122046142498e-05,0.00022575229567827436,0.0004324269325668354,0.0006232035204639687,0.0007949024495713886,0.0012797929438099357,0.0036406532190369598,0.012602383435504795,0.025670579706458422,0.014834469513901254,0.0019586396357439014,0.0003608857121054104,0.0,0.0,1.748785389057055e-05,7.631063515885331e-05,0.00020667463688856105,0.0007885432299748175,0.0033083839951161195,0.010231984330882914,0.021607038384249485,0.012465660214178517,0.009300358659985247,0.0041541602014600765,0.00023211151527484548,9.06188792511383e-05,2.0667463688856104e-05,0.0,32.70180347467759,3.1150790123457512,12.638519741907867,139.25434334698446,-0.09040230125258514,20.75667764357081,139.82858087655484,0.00018845703907500254,22.43956648618433,29.98290641772442,0.7209751958469535,1.8983832879578426,195.64586777910614,-1.797194171360097,21.88872347301039,141.92315519039502,-0.020785878748691686,21.652579492007426
101_Enantia_melite_citrinella.png,Dataset_pieridae,47978,0.0,0.00011486746240174895,0.08867027017012429,0.00010004585434991037,3.7054020129596437e-06,0.0,0.0,0.0,0.0,0.0,0.0,0.0,0.0,0.0,0.0,0.0,0.0,0.0,3.908041185543374e-06,5.2107215807244985e-06,2.9961649089165866e-05,8.858226687231648e-05,0.0002527199966651382,0.0005770874150652383,0.0010916461711617824,0.0025506482137646422,0.011114469131685355,0.028334601275584643,0.016116761849180875,0.0018432927591812915,0.0003282754595856434,0.00016283504939764058,0.0,0.0,1.3026803951811246e-06,1.8237525532535744e-05,0.0001003063904289466,0.0002800762849639418,0.0005718766934845138,0.0015918754429113343,0.005683594564175247,0.01600603401559048,0.03033682104297803,0.007851254741756639,5.601525699278836e-05,2.6053607903622492e-06,0.0,0.0,45.28867397557214,0.7176246988535339,11.17789360575753,156.2053441160532,-1.698114357228809,16.256890367642324,159.83273583725875,-1.4628861973323286,16.357140985438637,29.05846429613573,-0.689970306543326,1.3284689958945413,182.8497019467256,-1.2567633826431979,17.65221445952024,160.2607028221268,-1.487155171342302,16.216919453912865
102_Lieinix_nemesis_nemesis.png,Dataset_pieridae,76031,0.003913023781235432,0.02079035013495957,0.004328059168847795,0.026955087033213063,0.018301306923053318,0.005166313740447975,0.001013621636788503,0.0009750408824470722,0.0004302338665953507,0.0008838500085491445,0.0017770529272416661,0.0009037249426038209,0.0005646819499063978,0.0004781675310801588,0.0004734910760084702,0.0019348832859111562,0.0015429561626178795,0.007024272993910378,0.022006648603858953,0.0068384935092265,0.0061159263984427404,0.0060304349541634335,0.0035478949375912457,0.002886980310662756,0.002234286014914969,0.0013843037708303192,0.0006773552892898949,0.000532677460509529,0.00029757598874143444,0.00022934723994160277,0.0001841354184477384,0.0009667109468506267,0.003289776538517184,0.018104457392379425,0.005416376214964948,0.004809715773829096,0.004462817798003446,0.0026263958122344833,0.0019473964567084479,0.00132347332009312,0.000989727874156594,0.0010579566229564257,0.0010850837158527442,0.0014097867974904974,0.0020041167418552957,0.0032955307703436756,0.01055983743473057,0.0001175507358840473,81.28739593060725,0.5545574037211229,72.71784627399461,96.12942089410897,0.6163868409051447,84.81711689954702,90.8723020873065,0.6292320913447665,77.5884303875716,44.3566308479436,2.0515921219731714,33.571642216499896,67.80635530244243,1.7196974893999655,46.39251694063885,98.19752469387487,0.6102987650029199,83.5126556987047
103_Lieinix_nemesis_nemesis.png,Dataset_pieridae,53742,0.02211884766311472,0.03907558334263704,0.02163753571591017,0.001472053721690877,0.0001637453016262886,6.450572488308337e-05,6.781371077452354e-05,3.307985891440173e-06,1.819392240292095e-05,0.00018028523108348942,0.0004217682011586221,0.0010089356968892528,0.0006566351994508744,0.00028779477255529504,0.0003192206385239767,0.0013926620602963129,0.006970804957016859,0.014404469502437572,0.015676751888653195,0.0129042462133899,0.006467241635964423,0.0028597279595102528,0.0015653492612854006,0.0008559413494101447,0.0004128521454355997,0.0001453704737449295,8.14074652971605e-05,5.233337054817461e-05,3.372594990882364e-05,2.209631200922928e-05,1.5118529269472665e-05,3.25629861188642e-05,1.1629637899594359e-06,1.62814930594321e-05,9.0711175616836e-05,0.0002953928026496967,0.0006861486360760672,0.0014350973168099437,0.003114417029511369,0.007563916489896171,0.011053970823564437,0.01049109634922407,0.008252391053552157,0.005853196754865841,0.004509973577462692,0.003911047225633583,0.00296788359197648,0.002257312716311265,132.09990324141268,0.23897302466465117,39.29381575134202,149.1723605373823,0.3754813334443704,43.29804854991559,159.07978861970153,0.2751784052650631,40.3317090419016,23.428919653157678,3.900658185721125,29.42934990191753,45.156674481783334,1.4025400838231101,27.67021332786316,159.30021212459528,0.2777343321871941,40.484536090843655
104_Lieinix_nemesis_nemesis.png,Dataset_pieridae,119099,0.003801879108976566,0.02517046975858553,0.030687448630504408,0.011666111572911798,0.008075447969989486,0.0008724767723583835,0.0004343725248182884,0.0007284322752966486,0.00111354606018709,0.0017740609819468585,0.0010404042948396804,0.0011329510183404842,0.0004978118110890007,0.0003477965576723753,0.00046347996204837996,0.0010821995893239144,0.008569026608115936,0.014242353000445008,0.013302483648057499,0.008827739947438686,0.004690950385813483,0.0022565260833424293,0.001573795749754406,0.0011823147129698822,0.0009298986557401825,0.001999387064542943,0.002478505277122394,0.0009750291774070311,0.0008133989370187827,0.0003757378315519022,0.00011282630416712147,0.00017002661651231328,7.346829108556747e-06,0.0035259531985994846,0.0034073543858470683,0.0004140462976179481,0.0011161932509928716,0.0031984945297609552,0.008004370313772576,0.008918525764280138,0.009226567813331766,0.007733587183771484,0.004754972753759477,0.003275111461893047,0.0028789074635387365,0.003333886094761501,0.0026306895943710696,7.399306459332152e-05,108.20325947321136,-0.5104153861167311,48.43724216679364,127.35640097733818,-0.1168454054552211,51.68793174339,129.31193376938512,-0.3118500123053589,54.42250455613329,36.55642784574178,2.586751792361401,31.139091439834772,57.303016817941376,1.5045008868659755,49.766486125736215,131.7465889721996,-0.18897634577579325,52.283858252652
105_Lieinix_nemesis_nemesis.png,Dataset_pieridae,113486,0.01201283760894638,0.008182702908043479,0.00267012866981145,0.00756941140072099,0.01996056292797741,0.026227415226939395,0.007505184193057587,0.00152657106995087,0.00040494471173145195,0.0003101704174964313,0.0004025949358413275,0.0003884962805005806,0.0004785710229553523,0.0002185291577815766,0.0004088610048816594,0.0006219073522529456,0.006055262323105934,0.0021654653437428407,0.00659222282924766,0.019528289833107167,0.008707021130359692,0.0036243457342755936,0.002373640801508556,0.001538185326824454,0.00174360714096893,0.0011251387836385106,0.0008106726820929454,0.0009301808152547451,0.0006366424052306011,0.0007947015490897555,0.00032052411751229225,0.005554099184040322,0.015744232768799677,0.0062232345840015505,0.003349532100875879,0.0021726248171580636,0.001634562853567841,0.0015436926140669333,0.0013311113265072343,0.0013525897467529034,0.0019005648273795887,0.0036215920906543537,0.009356881024972244,0.01103274853285868,0.003114921664346263,0.00011565303209206422,6.0580159667271735e-06,0.0,75.98776060483232,0.008279961758309832,61.8755081035355,96.50642369983963,-0.04299459160731995,76.42284013621179,78.55708193081085,-0.033452070510507026,60.338495832249144,47.966938653225945,0.7204617591031919,29.333178287508183,84.40615582538815,1.3752700389637222,69.06712229073386,97.3279170999066,-0.040677467855831206,75.58832924101098
106_Lieinix_nemesis_nemesis.png,Dataset_pieridae,59473,0.0001524501314321905,0.0014736846038445083,0.003897940615442675,0.015629127690062902,0.01266382317279363,0.013686135818868319,0.019033847292048493,0.014339280009416037,0.007444648084938637,0.000419985166004368,5.231131960908498e-05,2.8397573502074704e-05,2.6902964370386564e-05,2.9892182633762846e-06,1.3451482185193282e-05,2.3913746107010277e-05,0.0015017318783313437,0.01819418055251963,0.02183553881593328,0.01069287744018294,0.004425327459519446,0.002469608057437829,0.001471255864005515,0.0008827535184033091,0.0004886671262589747,0.000261673364383838,0.00012820943957762347,7.041010206312108e-05,3.1526911371546755e-05,1.8916146822928052e-05,2.2068837960082727e-05,5.254485228591125e-06,0.0,2.10179409143645e-06,3.467960250870143e-05,0.0002091285120979268,0.0006000622131051065,0.0010960856186841088,0.002048198342104821,0.004525162678862677,0.008226422073882265,0.011819439073192878,0.014359457232693827,0.014273283674944933,0.005002269937618751,0.00029950565802969414,4.2035881828729e-06,0.0,138.6067627326686,-0.787567172481952,34.185454615710206,157.77752929900964,-0.8827547456306952,28.483131462945803,139.5479629411666,-0.5656714327740185,26.447511089540622,63.14416626031981,-0.09807419441203549,19.96010511540917,45.436080238091236,2.0250355801798965,25.61638414637668,158.38382122980175,-0.8280766346067189,27.985055111897047
107_Lieinix_nemesis_nemesis.png,Dataset_pieridae,49546,0.0012056136385042856,0.008238359863112618,0.008270653085572554,0.011695528734240235,0.013771265311248358,0.010744672739586559,0.008561292087711982,0.009813551491991729,0.010240539655628664,0.004454670631556757,0.0007517144561507376,0.00041801782406473,0.0001542898406419175,8.252712406428145e-05,0.0001704364518718856,0.0003157559529415986,0.012635984741452388,0.027036743632180196,0.011322811125015137,0.004557633310458968,0.002633915956888548,0.0016272756630202237,0.001287944536390425,0.0007821014814515803,0.00039483510273281397,0.00011479231421305454,4.036652807492028e-05,2.9013442053848948e-05,1.5137448028095103e-05,5.045816009365035e-06,1.3875994025753845e-05,2.5229080046825174e-06,2.5229080046825174e-06,2.1444718039801398e-05,6.937997012876923e-05,0.0002220159044120615,0.0006181124611472167,0.001409044120615186,0.0033289771121785814,0.0058115185887861786,0.008972722318653373,0.011122239938642878,0.012285300528801517,0.011399759819157954,0.006046149033221653,0.001156753320146934,3.2797804060872725e-05,1.2614540023412587e-06,141.3330238566181,-0.505558365219035,38.15522610788406,153.62136196665725,-0.5995863436557896,31.854235214550567,145.61225931457636,-0.4559194313338741,30.353930902847498,60.067129536188595,0.3927150994932997,28.927593225912087,33.200419811891976,2.079666580412742,25.791385624331213,155.76528882250838,-0.5378969070890955,31.039187908893734
108_Moschoneura_pinthous.png,Dataset_pieridae,34593,0.005195656153942512,0.031006915336114885,0.026839084336265848,0.021666554248290438,0.0009533078304216973,0.000179869401966358,4.625213193420635e-05,3.8543443278505285e-05,4.111300616373897e-05,2.5695628852336856e-05,7.451732367177689e-05,0.00010278251540934742,0.0003905735585555202,0.00031348667199850965,0.00047279957088299814,0.0015417377311402116,0.0005745382013702194,0.0016694128870002602,0.0027534472292082214,0.007998366721591073,0.014704925852050993,0.010742780331280895,0.007028155985314948,0.004646893880264793,0.0040651287832798545,0.0026450437949874254,0.001972942502818489,0.0012376058740207556,0.0007172693897609343,0.0005492440667187003,0.00033605064608446794,0.0008581938542479693,0.002009076980892088,0.014135807822391813,0.010307359870494031,0.006558407770358165,0.0048655074726100655,0.0025239932934408697,0.0015700430722978638,0.0011563032983551585,0.0011906310525250773,0.0012610932847685948,0.0013189084496863528,0.0018067239036799352,0.004621599745613275,0.006209710056947937,0.002119287139016564,0.0008455467869222097,64.79969936114243,0.7494490467648595,58.50908489013814,89.78995750585379,0.7351983744207186,77.75172751443245,90.0063885757234,0.6909136622875314,71.16863154373127,30.18096146619258,4.15101236252789,26.57026948841301,94.90483623854537,1.1674814320948108,44.48464530396978,93.66068279709768,0.7133681922672787,75.71254922773392
109_Moschoneura_pinthous.png,Dataset_pieridae,65507,0.00353889236604061,0.00035687449856927926,0.0007259614324508153,0.00835737656535434,0.026928419863526034,0.005079016152641872,0.0037193650212106254,0.0040680978962384,0.009938208469663123,0.0190310450282667,0.002795290749249868,0.003494113436562335,0.00020625446305144659,0.00011669660409489742,0.00012212435312256706,0.00041115198884597576,0.004744721938113484,0.03457836567084434,0.012201940250660235,0.007045048620758087,0.003358419710870594,0.0003549239012624605,5.3429404491123084e-05,2.1944219701711266e-05,1.9081930175401102e-05,2.0036026684171158e-05,1.3357351122780771e-05,7.632772070160441e-06,5.7245790526203305e-06,1.2403254614010717e-05,6.6786755613903855e-06,5.629169401743325e-05,5.3429404491123084e-05,0.00020036026684171158,0.0008729983055246005,0.008619307860228678,0.012956630589097348,0.00622452562321584,0.003221983910116476,0.002217320286381608,0.001748858900575511,0.0013643580075411788,0.0013624498145236386,0.0014826659746286657,0.001486482360663746,0.0017975178225227838,0.0043039293510617185,0.014587181522585372,131.01057902208925,0.3163491205395027,68.42309703638163,138.06619139939244,0.3154048751613553,79.40191513690107,128.54839940769688,0.3625161778388712,75.79472029612623,73.72734211610972,-0.013221633260025262,32.247644255901825,31.5480635657258,2.7845270772560853,18.759297356265694,140.5277298609309,0.3179658782541687,77.35446462058844
110_Moschoneura_pinthous.png,Dataset_pieridae,32859,0.008816120055050027,0.02579912149892977,0.04988587601570346,0.0019666521264257043,0.00011361676658855514,4.3282577748021004e-05,7.303934994978545e-05,7.844967216828808e-05,4.057741663876969e-05,0.00015419418322732483,0.00017854063321058665,0.00021641288874010503,0.00015148902211807353,0.0001271425721348117,0.0001433735387903196,0.0011010005714652844,0.000629583980035911,0.0016319729754405185,0.002223515627377583,0.005285842539334733,0.014507060470495147,0.01908153017438145,0.0072544812684500444,0.003319105876624365,0.0019610304634955418,0.0012572658936668797,0.0010480385891232236,0.001183085303874129,0.0011469460421802246,0.0011012964484616086,0.0006752335737545269,0.0001940107733041176,1.9020664049423293e-06,0.0005287744605739676,0.003864998934842813,0.006225463343376244,0.004089442770626008,0.002719954959067531,0.002356660275723546,0.0017479990261420008,0.0018088651511001552,0.001974344928330138,0.002160747436014486,0.0024441553303508933,0.003355245138318269,0.008585927751909675,0.014394838552603548,0.006240679874615782,107.0120819258042,-0.24995146929607354,58.17265899951597,152.98947016038224,-0.3219288205375815,80.10494660035782,163.03715876928695,-0.49721075064225795,73.73028229842163,26.4168720898384,5.03415584754209,22.052057578319484,92.73873215861713,1.399578929271494,41.25382584066639,164.03944124897288,-0.4881021756658734,74.40491589063818
111_Moschoneura_pinthous.png,Dataset_pieridae,110358,0.0013974720656610507,0.0421641888721756,0.032543781752719936,0.012372661902374293,0.00014014993626802467,5.638215826874556e-06,6.4436752307137785e-06,7.2491346345530005e-06,3.2218376153568893e-06,4.027297019196111e-06,5.638215826874556e-06,2.0941944499819777e-05,1.9331025692141335e-05,2.3358322711337446e-05,5.0743942441870995e-05,0.00012404074819124023,0.005350767502129434,0.018635939397234454,0.005703030138277243,0.002733150292683811,0.0017839667264720274,0.001619728519907936,0.0019040305188568114,0.0024063728954856014,0.0033385663023976515,0.0041212463074720455,0.0038850830932057484,0.0029636501205168634,0.0018604224433208286,0.0013750702259917723,0.0012136637126443032,0.0036053118034034687,0.00011609942188151289,0.0012204597763641966,0.0039349208938183,0.006720174341687961,0.0049294115514960405,0.0030129215824860906,0.0024380878595117706,0.0015676253647220863,0.0014005554649413727,0.0014973993729498541,0.001716006089273093,0.0021668116493593578,0.0025230386560104387,0.004490499102919589,0.007758839413545008,0.017007149459033328,122.83477409884195,-0.059290478473955154,91.48589121342943,152.12161329491292,-0.23966799511004114,85.69288238900721,162.53125283169322,-0.3535949217639115,80.50132690764399,24.485329563783324,7.814651344313125,9.880743683956903,91.85689302089563,0.635988667316598,77.30199483972285,163.07504666630422,-0.3540333738184743,80.88962823856494
112_Moschoneura_pinthous.png,Dataset_pieridae,85895,0.0027599588645051128,0.0006374708138489499,0.0021545685623920677,0.0021297320371771737,0.018343843581633906,0.01249587674874362,0.012270278311375,0.00905291344082892,0.015134757552826126,0.010019468213775216,0.0012708022068287509,0.0012946038768263577,0.00034564164257394365,0.00021938930606489837,0.00039324498256915744,0.00036633874691968877,0.002321147913149776,0.0037931486116770476,0.023982769660632168,0.014717824087548752,0.006628005122533326,0.004076197683217883,0.002850136794924035,0.00202936725071308,0.001146021305081786,0.0005682810408056348,0.000199371325455498,0.0001018685604517143,2.983293556085919e-05,2.5467140112928575e-05,1.382501891844694e-05,1.673554921706735e-05,8.003958321206124e-05,0.0045738983642819725,0.009953285988707143,0.006294021770766634,0.003581407532452413,0.0026558588974911227,0.0023538913790092553,0.0022840386518423656,0.0019034868152977473,0.0016007916642412248,0.0017361313231270738,0.003012398859072123,0.006951073985680191,0.013183974620175795,0.0023160544851271903,1.9646079515687757e-05,111.42663717329297,-0.03509424223375789,62.35418507763015,125.10713079923163,0.0013687658616534381,76.59577725755275,105.69480179288666,0.07008379670468372,66.78869794525963,73.6628441702078,-0.02838034708253338,27.948848099725147,56.61679958088364,1.3390774176877585,29.733957825292634,127.47505675534082,-0.012518016170334746,75.05748177028525
113_Moschoneura_pinthous.png,Dataset_pieridae,108319,0.0006450084164981828,0.0027745209366162294,0.004574964277324897,0.010759167110315108,0.020868402075761818,0.009601270321919516,0.007374924477187238,0.006201435882285964,0.013177538361485776,0.010493285778323492,0.0010815789986572582,0.0005489957132789877,0.00017561297853767318,0.00010750140274969713,0.00025028952548593607,0.00025439263246111537,0.0009532030391713365,0.004104773862387947,0.022953613862757228,0.012959983936336192,0.005388020568875267,0.006083881867447078,0.003720492249743812,0.002606306372843176,0.0012180457722098617,0.0011759248146677869,0.0005666134288536637,0.0005429564526998957,0.00015636684238222288,5.4814944746535696e-05,8.654991275768794e-06,6.346993602230449e-06,1.1539988367691725e-06,0.0006531633416113516,0.006688000258495739,0.01021462070366233,0.00723153371061402,0.005311279646230117,0.00398187298627203,0.0026155383635373297,0.0020673889160719725,0.0015711694162612285,0.0016802223063359153,0.0035641254073615894,0.009287959637736685,0.007068819874629566,0.0005625744329249716,5.769994183845863e-07,100.6530894856858,0.2221332047460228,55.704238170572815,117.50643931350918,0.2909006927314917,66.17943407313156,102.49435463769052,0.2722626810223361,58.79214340727507,67.43283265170469,0.3381394031860309,28.286299926980444,62.87089061014227,1.4246474546865344,34.56486075095938,120.04306723658823,0.2700728806770876,64.89392145953619
114_Pseudopieris_nehemia.png,Dataset_pieridae,98605,0.0,0.00021544997154753252,0.013000016902455926,0.07361357605260045,0.0019246263148702172,9.916107477083088e-05,3.5157108327840034e-05,9.014643160984625e-07,0.0,0.0,0.0,0.0,0.0,0.0,0.0,0.0,6.338420972567315e-07,0.00010648547233913087,0.0005229197302368034,0.0020086456062065818,0.012277521423862887,0.022057071142436997,0.016478626844480503,0.006451244865879012,0.0015744637695857208,0.00041643425789767254,0.00019585720805233,0.0001476852086608184,0.00013627605091019726,3.929821002991735e-05,5.007352568328178e-05,3.676284164089042e-05,0.0,6.338420972567315e-07,1.267684194513463e-06,5.070736778053852e-06,2.8522894376552913e-05,8.04979463516049e-05,0.0002497337863191522,0.0010280918817504184,0.0038106586887074693,0.010689113128137518,0.025117894630089753,0.017523832462856853,0.0038366462146949953,0.0001210638405760357,6.972263069824045e-06,0.0,107.22997819583185,-0.32668803728142365,19.883857230239542,167.7990568429593,-0.8428794058214921,17.146875490985398,154.50173926271486,-0.2804292156327645,18.309541166298064,36.95109781451245,0.18804529121727936,4.041903369371431,93.07900207900208,1.262644961931344,20.709470588066118,168.22665179250546,-0.8146083240360815,17.119414203504615
115_Pseudopieris_nehemia.png,Dataset_pieridae,62294,9.988477577651496e-06,0.0002097580291306814,0.0042208452392418746,0.054130413844029925,0.03014237147861574,0.00016124256661065984,2.8538507364718557e-06,5.7077014729437114e-06,2.8538507364718557e-06,0.0,0.0,0.0,0.0,0.0,0.0,2.8538507364718557e-06,3.611904838347192e-05,0.0017226779465117025,0.011312285292323499,0.024125517706360164,0.015674663691527275,0.006724162840723023,0.0020026005714836098,0.0005969676052268276,0.00017758532121873695,7.625132436510739e-05,4.514881047933991e-05,5.0165344977044335e-06,1.0033068995408868e-06,0.0,0.0,0.0,0.0,0.0,0.0,0.0,1.0033068995408868e-06,1.0033068995408867e-05,3.0099206986226604e-05,8.829100715959804e-05,0.00020868783510450445,0.0005538254085465695,0.001807959032972678,0.003981121777378239,0.009925715157157993,0.019977846983658138,0.018243129354351944,0.007672287860789161,165.58827495424921,-0.44283610722234484,27.97969949066521,217.03072527049153,-1.00625647565749,21.068789174721466,196.52592545028415,-0.5384253390233722,22.095192716563957,42.31576074742351,-0.02312281766106552,5.125244534568456,61.700404533341896,0.9101567519066311,18.49140932948826,217.1711079718753,-0.9856229024886565,20.90575406880468
116_Pseudopieris_nehemia.png,Dataset_pieridae,104684,1.0189395386751238e-05,0.001478311447361159,0.033525658171258264,0.05233613117148328,0.001305940842068617,0.00016472855875247834,5.0097860651526926e-05,7.64204654006343e-06,0.0,5.094697693375619e-06,2.5473488466878095e-06,0.0,0.0,0.0,0.0,2.5473488466878095e-06,8.597302357571358e-05,0.0013391492491689274,0.004886133506553055,0.011258286844216881,0.018654952046157962,0.016139644071682398,0.007427113981124145,0.0017845372740819992,0.0004131481410721791,0.0001528409308012686,0.00010567517481181461,7.76145351725192e-05,7.821157005846166e-05,5.3733139734820986e-05,2.6269534981468036e-05,1.671697680638875e-05,0.0,0.0,0.0,2.3881395437698217e-06,1.0746627946964197e-05,4.835982576133889e-05,0.000675246456000917,0.0033027969890336633,0.007858173168774598,0.01971409193381988,0.008051015436934011,0.004759562110733254,0.004550599900653395,0.005837210079859386,0.004940463681173819,0.0027493456497650073,122.22089335524053,0.7866070491839582,36.47956398235276,170.5367964540904,0.5680478336850915,35.145971099315986,164.30834702533338,0.6655819682854328,38.295914268466355,34.36431546368117,1.122953642551774,5.232557152895482,75.66065492338848,0.8171687470119151,22.95068190422923,171.70324978029117,0.5782065317209254,35.67528367128158
117_Pseudopieris_nehemia.png,Dataset_pieridae,82486,2.155247893918699e-06,0.0018050201111569101,0.08299320827507428,0.003448396630269918,0.0004913965198134633,0.00012069388205944712,1.8319607098308937e-05,8.620991575674795e-06,0.0,0.0,0.0,0.0,0.0,0.0,0.0,1.0776239469593494e-06,9.774385956404723e-05,0.0005720667749678734,0.0017699973328807314,0.0019222959047595957,0.005413039788570182,0.027322060713333172,0.022046923114225445,0.0024989089057537036,0.00040991804669883377,0.00016821036297068594,8.865140751157772e-05,6.97087990689329e-05,6.213175569187498e-05,5.07661906262881e-05,6.819339039352133e-06,7.577043377057925e-07,0.0,0.0,0.0,0.0,0.0,1.4396382416410058e-05,0.00011668646800669205,0.0005713090706301675,0.0018283405668840774,0.008469619086875348,0.029940686904444392,0.018707720097956015,0.0027110661203113254,0.00011592876366898625,2.424653880658536e-05,0.0,109.46731566568872,0.43759438169723336,15.495436240216037,164.38318017602987,-0.8546431387760531,13.287120895846808,169.56964818272192,-0.6973313798870681,14.06085702763017,27.928521203598187,4.395875318714731,3.584604204411783,90.92227771985549,-0.3483628739362702,18.37249736532072,170.10141114855855,-0.6855282868874665,13.889315483242859
118_Pseudopieris_nehemia.png,Dataset_pieridae,95054,0.0,4.675704804052901e-05,0.08674367552478943,0.0020965860341373207,1.8702819216211605e-06,0.0,0.0,0.0,0.0,0.0,0.0,0.0,0.0,0.0,0.0,0.0,0.0,0.0,1.9725629642098176e-05,0.0007771898078986682,0.0029147905401140403,0.008259778652134576,0.015111147347823343,0.0171724756454226,0.01079583710312033,0.004653933553559029,0.0019022082184863341,0.0005227291855156017,0.00018673596061186273,0.00011046352599574978,3.7478696319986537e-05,3.5506133355776714e-05,0.0,0.0,0.0,0.0,0.0,2.6300839522797566e-06,0.00014333957539924675,0.0009744461043196498,0.0018555242283333684,0.0034684232120689292,0.006748795421549856,0.015182817135522966,0.020393013444989165,0.009713557556757211,0.0034888063626990974,0.0005286468744082311,105.54733099080522,0.0883851129791596,28.61339975367032,187.8294969175416,-0.8200435524117448,22.824588707117353,189.4231594672502,-0.6252943872249792,24.238232021378433,29.463536516085593,0.40068938368381474,1.947598488859028,116.03694741936162,0.44424138277025466,24.48562602255293,190.753582174343,-0.6903869957961724,23.688545134961803
119_Pseudopieris_nehemia.png,Dataset_pieridae,51018,1.7423044589926867e-06,0.001317182170998471,0.009159294540924554,0.051359650842186425,0.026761796490127665,0.0002735418000618518,1.568074013093418e-05,0.0,0.0,0.0,0.0,0.0,0.0,0.0,0.0,0.0,0.0,0.00017395821082755107,0.002899711866400094,0.014380953781018464,0.022549639342976987,0.015029009369242228,0.004478811399898075,0.0014124916696068054,0.0007742365439648752,0.00037364263593241603,0.00019478419381394803,0.00010780508840017249,6.247794895919087e-05,3.552667685914775e-05,8.575404759104629e-06,1.837586734093849e-05,0.0,0.0,0.0,1.225057822729233e-06,3.6751734681876986e-06,4.165196597279392e-05,0.00029768905092320355,0.0018106354619938062,0.007561056881884825,0.015520257556156651,0.027207309184993533,0.009957269983143203,9.555451017288017e-05,3.6751734681876986e-06,0.0,0.0,113.60145438864714,-0.6191053312310022,20.788364280536264,159.76859147751773,-0.9444046746810679,16.6154479709134,143.37490689560548,-0.2649651570766203,13.277115121671912,41.1880120741699,-0.9405062409662837,6.515532646732505,75.53616370692697,1.6009691666866126,21.090350607431322,160.44413736328355,-0.8055778634704522,15.809887788139466
120_Pseudopieris_viridula_viridula.png,Dataset_pieridae,100951,0.0,8.18879126176726e-05,0.017716846126668715,0.07096336066232352,0.00012063058095291555,6.1636063260613786e-06,0.0,0.0,0.0,0.0,0.0,0.0,0.0,0.0,0.0,0.0,0.0,0.0,8.853305068795752e-05,0.0015168249943041674,0.007758714623926459,0.01958871135501382,0.021358134144287822,0.009048325425206288,0.002065977553466533,0.0006160166813602639,0.0002953165397073828,0.00010153440778199324,3.900407128210716e-05,1.4858693821755109e-05,5.572010183158166e-06,2.4764489702925183e-06,0.0,0.0,0.0,0.0,2.4764489702925183e-06,1.1144020366316332e-05,9.65815098414082e-05,0.0013502838010519954,0.006000435855018771,0.023113317351982646,0.01714569444582025,0.006145927232023457,0.0041672445047597345,0.0030460322334597972,0.001270418321760062,0.00015044427494527047,102.59384255728027,0.888912146566789,23.28775405626502,164.6480074491585,0.8893940060016281,23.05474733528102,153.95877207754256,1.1479215754628518,23.376231978386347,35.35166565957742,-0.8074929743643587,2.9393706346397033,97.69063208883517,0.6591316753476879,18.653993210500847,164.96961892403246,0.9409042280787916,22.868601739080777
121_Pseudopieris_viridula_viridula.png,Dataset_pieridae,110209,0.0,0.00039117595759975243,0.03753676096225252,0.05091901145399499,4.194051504162293e-05,0.0,0.0,0.0,0.0,0.0,0.0,0.0,0.0,0.0,0.0,0.0,0.0,0.0,5.9545953597256125e-05,0.00048033735901786606,0.002883158362747144,0.01027649738224646,0.023470179386438493,0.020535981634893702,0.0033572575742452974,0.0007451750764456623,0.00034876915678392874,0.00019791940767087987,8.393143935613244e-05,3.232494623851046e-05,2.1549964159006977e-05,7.3723561596602815e-06,0.0,0.0,0.0,5.671043199738678e-07,6.238147519712546e-06,4.3667032637987826e-05,0.00012306163743432933,0.00025633115262818824,0.0008619985663602791,0.002398284169169487,0.005811117966772224,0.02139230915805424,0.023844468237621246,0.007397308749739132,0.00034423232222413776,2.041575551905924e-05,110.60649311762197,-0.2483577064725104,19.752012720035328,189.13680370931593,-1.3133385807700222,17.910163861703587,178.98838570352694,-0.6982415291969004,16.68006327950167,33.866598916603905,-0.9936778526725597,3.063324827463858,107.2593980527906,0.6281628248714868,17.536258689661775,189.85674491194004,-1.203832043843669,17.42630352324859
122_Anteos_clorinde.png,Dataset_pieridae,92463,0.0005335467520341471,0.0021361096991349094,0.014340390810979046,0.02142262310329537,0.014926811565467027,0.028935538179235658,0.0007834965818159095,0.000579691335993857,0.00017784891734471563,0.0001557379708640213,0.00030955325072972134,0.0014314434482501708,0.0018707783413665767,0.0005595030805114839,0.0003162826692238457,0.00040953318264242637,0.020842796578090697,0.02521346376388393,0.004389593675307961,0.0035392535392535394,0.002357023890637336,0.0009747142100083277,0.0005576554946302845,0.00038123357451088545,0.00026564679926024466,0.00022441408996030845,0.00019737624779641588,0.00022171030574391919,0.0003798816824026908,0.0020873214150525076,0.0007293457923710024,0.0001385689410899495,5.407568432778517e-06,6.286298303105026e-05,0.00012775380422439247,0.0003021478861814996,0.0007117711949644722,0.0013863653569535922,0.0022941609076062856,0.002335393616906222,0.002421914711830678,0.002711219622984329,0.0077422861036306415,0.025205352411234765,0.017163622205639013,2.9741626380281843e-05,0.0,0.0,148.9398353936169,-1.4863566718046188,45.686672652523534,169.5614678303754,-1.7528033344135614,34.307310557344124,166.05546002184659,-1.780367586868372,30.600764281511562,51.10529617252306,2.2786330595967215,25.959732939665212,38.57924791538237,2.8284560794177818,49.910274452639854,172.7161459178266,-1.8348650269461746,31.355667369483776
123_Anteos_clorinde.png,Dataset_pieridae,91977,7.344831376926357e-05,0.0015443474395168842,0.006964059855543596,0.05984008079314515,0.020171226381474595,0.0002860618536276581,6.764976268221645e-06,0.0,0.0,0.0,0.0,0.0,0.0,0.0,0.0,2.899275543523562e-06,3.3975885275666742e-06,9.309392565532687e-05,0.0011694499711884492,0.004708378181501897,0.031046484447198756,0.018317079269817453,0.0050155201843939245,0.0016451123650477837,0.00039547930460876086,9.853006729943356e-05,6.7951770551333485e-06,6.795177055133349e-07,0.0,0.0,0.0,0.0,0.0,0.0,0.0,2.7180708220533395e-06,3.941202691977342e-05,0.0006217587005447014,0.003863737673548822,0.017897816845515727,0.03339965426139144,0.006473765180425541,0.0001889059221327071,7.474694760646684e-06,3.3975885275666742e-06,6.795177055133349e-07,6.795177055133349e-07,0.0,90.14428607151788,-0.47702495617934304,12.42770505947381,129.72665992585104,-0.925540042484535,12.352457232570524,115.20502951824913,0.20859707489519022,12.961730335110044,41.01950487621905,-0.8952617738827249,6.192196091415719,78.77662893984366,0.7091236733419042,14.968115701741139,130.17173858682062,-0.6802510521800132,12.032144892197534
124_Anteos_clorinde.png,Dataset_pieridae,56178,0.00014398677220422388,0.0013702477442731635,0.011651852642987962,0.06478930067523467,0.010920842876412672,7.911361110122191e-06,0.0,0.0,0.0,0.0,0.0,0.0,0.0,0.0,0.0,4.746816666073314e-06,0.0,5.562675780554666e-06,0.00025699562106162556,0.0010035067108120617,0.0020826658122396666,0.006237984620314002,0.01488015771298373,0.02087672220442166,0.011519189006372601,0.003688054042507743,0.0011948627576631422,0.0004628146249421482,0.00019246858200719144,6.786464452276692e-05,1.8913097653885863e-05,1.2237886717220264e-05,0.0,0.0,0.0,2.7813378902773326e-05,0.0011737245896970344,0.01795409234931824,0.03129561394140055,0.005935375057851828,0.002258446366905194,0.001460758659973655,0.0009712431912848446,0.0006519456014810068,0.00044835166791270604,0.00023363238278329595,7.676492577165439e-05,1.2237886717220264e-05,58.49154473281356,2.2651415176462546,21.229755665351522,104.44207696963224,2.38956356188985,20.493992740476617,90.11755491473531,2.2772296146392916,25.253779619804945,39.38831927088896,-0.6088408861780132,6.06303563716682,116.18094271778988,0.11376996275196277,22.770197447436683,105.12869806685892,2.518179374945945,21.270645905728973
125_Anteos_menippe.png,Dataset_pieridae,1298037,0.001246874233083409,0.006649288288563594,0.01899517844594911,0.05883290606422535,0.003106297346600204,7.258824072212288e-06,4.725083594175924e-06,1.9859046990014752e-06,7.532741961729733e-07,1.1641510304491405e-06,3.4239736189680604e-07,2.465261005657004e-06,2.7391788951744483e-06,2.7391788951744483e-06,8.422975102661429e-06,2.5748281614639816e-05,1.3000399834519354e-06,1.2952250205502617e-05,3.630482027862072e-05,0.00013997097155165838,0.009076734715574363,0.02416095419468012,0.007960818913482435,0.0033611811527714543,0.0023497018960168315,0.001306588332998212,0.0008092508148843214,0.0006106817448192925,0.0005003709447419449,0.000515634377140251,0.0007536379933699887,0.01090391683750155,5.777955482008603e-07,0.0005596431380615499,0.0012543941351440676,0.0006312416364094398,0.0004808221953611492,0.0003416697675027753,0.0002545189389824789,0.0002790271001519987,0.00047966660426474746,0.001136909040343226,0.005069337391769264,0.018158476992566466,0.01419296984600593,0.00535784996883756,0.007320765894962933,0.006982129554088212,97.59942359116111,-0.8193359386797845,55.172968764419174,183.03320552495808,-1.655800981021611,45.118768568749815,177.04094413333365,-1.1662471530905072,42.08901640561673,34.865577021302165,0.6187816929253465,9.106335136926331,126.34681291827583,1.2159020133755016,64.67901565781581,192.71288106579397,-1.8380792224842675,42.64709638731043
126_Anteos_menippe.png,Dataset_pieridae,101424,0.00015161872710381938,0.0010280275542935268,0.022872517571996983,0.06482533172074109,0.0,0.0,0.0,0.0,0.0,0.0,0.0,0.0,0.0,0.0,8.764088271897075e-07,1.0516905926276489e-05,0.0,0.0,6.162249566177631e-07,4.313574696324341e-06,2.218409843823947e-05,4.375197191986118e-05,0.0002520360072566651,0.0011092049219119735,0.00417369163117211,0.01485903237892412,0.03253421280959142,0.007309044210443288,0.0013452190802965768,0.0005311859126045117,0.0001787052374191513,0.0001368019403691434,0.0,0.0,1.2324499132355261e-06,2.403277330809276e-05,9.67473181889888e-05,0.00015467246411105852,0.0003420048509228585,0.00038082702318977755,0.00045600646789714465,0.0005730892096545196,0.0015411786165010254,0.009481237182520903,0.029641036638271022,0.017494010293421677,0.0022880432639217543,2.5881448177946048e-05,71.82167928695378,-0.33737268378786,15.388959389878417,198.257542593469,-2.944050675065536,21.24500946612191,180.2967739391071,-0.8156229876213378,19.45374485376309,34.188781747909765,5.161678144852806,3.6250484760927595,163.68542948414577,0.12821483636363223,16.17550230379412,199.27401798390915,-2.61947113660787,18.900387977038772
127_Anteos_menippe.png,Dataset_pieridae,62441,0.0001879107210540083,0.004699191592418799,0.08391352547916343,8.826109625264027e-05,0.0,0.0,0.0,0.0,0.0,0.0,0.0,0.0,0.0,0.0,0.0,0.0,0.0,0.0,1.0009448919780274e-06,1.801700805560449e-05,2.902740186736279e-05,8.107653625022021e-05,0.00017716724588011083,0.0003973751221152768,0.0010099533960058295,0.0029888214474463894,0.007361949680498391,0.01585096330936404,0.019744638939158565,0.010465879790522253,0.00264850018417386,0.001725628993770119,0.0,0.0,4.003779567912109e-06,1.801700805560449e-05,5.104818949087939e-05,0.000477450713473519,0.0011781121378581381,0.0023261959289569353,0.008464990951458176,0.027887325635399817,0.01722926442561778,0.003788576416136833,0.0009228711904037411,0.00014413606444483592,8.007559135824219e-06,0.0,37.902499959962206,0.6268619097412415,15.591679497711722,144.87953428036067,-1.196389298787363,19.72582925969536,153.34919363879501,-0.6093193494452076,17.63684262752443,27.95898528210631,-2.1223976286229234,3.1781350337649332,192.7116798257555,-0.45417894612704773,23.590227061852556,153.95691933184926,-0.6602203955552085,17.54988411153078
128_Anteos_menippe.png,Dataset_pieridae,57139,0.0002100141759568771,0.0011574114586067894,0.01262885244754021,0.050179387108629826,0.0236382622493685,0.0008758368967683096,0.00011978586332355211,0.0,0.0,0.0,0.0,0.0,0.0,3.111321125287068e-06,2.9557550690227145e-05,4.6669816879306016e-05,4.375295332434939e-06,0.00017391798946428885,0.0026218957279616375,0.018815957577136458,0.022511988309210872,0.011486244071474824,0.0033974168256357302,0.0011113250144384745,0.00044846777157458127,0.0002975200826055759,0.00023954741945081293,0.00014000945063791806,0.00013672797913859185,0.00020673270445755089,0.0002668930152785313,0.0006409807662017186,0.0,0.0,6.562942998652409e-06,1.3125885997304818e-05,0.00010063179264600361,0.0004014333467509057,0.0011102311906053658,0.0008105234603335725,0.0005808204553807382,0.000957095853970143,0.0037441589807311994,0.021628178652059012,0.029115402789688303,0.003958548452020511,7.328619681828524e-05,0.0,134.2496368504874,-2.2946959624534973,28.729662975972662,187.16857137856806,-2.6579332347347786,22.373009919087668,169.6776982446315,-1.8948869842547538,20.37748236193397,40.62491468174102,2.9160138931504367,8.34899518724719,75.65219902343408,3.42776476944338,30.045423515909775,188.01620609391134,-2.647737756718889,21.209701373473695
129_Anteos_menippe.png,Dataset_pieridae,62050,0.008323036977348017,0.00981573999462799,0.05572996687259378,0.014839645447219984,5.586892291163041e-05,1.00277553943952e-05,2.8650729698272005e-06,0.0,0.0,0.0,0.0,0.0,0.0,4.2976094547408005e-06,8.595218909481601e-06,9.884501745903841e-05,1.2087026591458502e-05,0.0002769943593875907,0.0008440773569701853,0.0012197824335213538,0.003719782433521354,0.008743956486704271,0.01715652699435939,0.016357775987107172,0.007149476228847703,0.0026913779210314265,0.001556204673650282,0.0009629331184528606,0.0007080983078162772,0.0005348509266720387,0.0003323932312651088,0.00023368251410153102,0.0,0.0,8.058017727639001e-06,2.1152296535052376e-05,6.446414182111201e-05,0.00025181305398871875,0.001224818694601128,0.005181305398871877,0.009780419016921837,0.018320910556003222,0.012932111200644641,0.005697018533440773,0.0021635777598710717,0.0014947622884770348,0.0015743352135374699,0.003785253827558421,89.19147461724415,0.7920059721216886,24.371033416406497,147.12012892828363,-0.1670734070637482,28.823405901862788,158.77506849315068,1.1990579294839276,34.458272335218794,27.30391619661563,3.187547586692317,10.07388398640478,113.24407735697018,0.9364333097873477,31.186783717160218,162.54773569701854,1.0292021059445127,33.795031105583014
130_Anteos_menippe.png,Dataset_pieridae,60113,0.00019518795158007972,0.004214285318206268,0.08356558111852308,0.000856165333067168,4.1403504880622976e-05,0.0,4.436089808638176e-06,0.0,0.0,0.0,0.0,0.0,0.0,1.478696602879392e-06,5.914786411517568e-06,4.436089808638176e-06,2.599271372248931e-05,0.00017779016186182688,0.00021314025252441236,0.00024225209189360038,0.00025160946883369655,0.00028072130820288454,0.0003982083742285363,0.0006248648378886431,0.0011530367807296258,0.0024994593515545722,0.00588682980386938,0.013015071615124848,0.020666286826476803,0.012366293480611515,0.0030671402192537387,0.0016313027132234292,1.0397085488995726e-06,3.1191256466987174e-05,0.000128923860063547,0.00020898141832881406,0.00023913296624690166,0.0003649377006637499,0.00155644369770266,0.0027385923178014737,0.005730873521534443,0.01913479613394773,0.023884184785320978,0.007214537620814134,0.001038668840350673,0.00019962404138871792,2.8072130820288455e-05,0.0,38.50563106150084,1.3746726223925962,17.371123511718604,149.15544058689468,-1.8474758775408928,23.04240942108994,155.57340342355232,-1.3938216178755025,21.696784537306208,28.44354798462895,5.623836431924465,3.727810723379614,192.0187812952273,-1.927979594312356,30.479206798678895,157.07509191023573,-1.5121574243783706,21.408022929790455
131_Anteos_menippe.png,Dataset_pieridae,68134,9.523716336761219e-05,0.002215242512304185,0.08229143224299829,0.004286976970218817,0.0,0.0,0.0,0.0,0.0,0.0,0.0,0.0,0.0,0.0,0.0,0.0,0.0,0.0,0.0,0.0,1.8346200135028033e-05,6.604632048610093e-05,0.00026693721196465787,0.0008998811166231251,0.00244096192796548,0.005646960401561629,0.014755848768603048,0.02022209909883465,0.012939574955235272,0.0037086843572959167,0.0008540156162855549,0.00068064402500954,0.0,2.751930020254205e-05,0.0001045733407696598,0.00015227346112073269,0.00010915989080341679,0.00015777732116124108,0.0002339140517216074,0.0006833959550297942,0.0025767238089646873,0.009950978953239206,0.020315664719523292,0.020114773828044736,0.0063872295770100096,0.0014566882907212258,0.0002155678515865794,1.3759650101271025e-05,51.34592127278598,0.4511037414475351,18.418634666985664,167.1983297619397,-1.892613839441909,22.29934120863791,168.58914785569613,-1.1198279800823927,22.343112259760574,29.642249097366953,-1.8788186871810308,2.963934299781985,180.20412716118238,-0.20905027520997357,22.486639183812915,171.70312912789504,-1.4023144450700147,20.97693198994213
132_Aphrissa_statira_statira.png,Dataset_pieridae,94846,0.00015463663904293978,0.003801249745200993,0.008872394314057641,0.0704852544592755,0.005022410597764329,0.0002933410183056979,5.3419929851197374e-05,6.935218963137905e-05,6.654061437605288e-05,2.7178560801486388e-05,1.6869451531957068e-05,6.560342262427748e-06,4.685958758876963e-06,0.0,5.623150510652356e-06,9.371917517753926e-06,0.0008085475402230985,0.005999198701052232,0.029071468485755855,0.022379040760812263,0.0027142683929738736,0.0007749404297492777,0.0004013084368344474,0.0001706714041709719,0.00010345718322333045,5.667081374016827e-05,1.7133036712143898e-05,1.3179259009341459e-06,1.3179259009341459e-06,0.0,0.0,6.589629504670729e-07,0.0,8.566518356071949e-06,1.0543407207473167e-05,5.9306665542036566e-05,0.0004382103620606035,0.0007485819117305949,0.0006760959871792169,0.0013745967146743142,0.0036717415600025305,0.014464895725702719,0.021250237226662166,0.014226351137633637,0.004589017987052696,0.0008210678362819729,0.0001482666638550914,1.2520296058874385e-05,135.5954916390781,-0.5380136818942414,21.75146603129364,164.07795795289206,-1.138968944921267,23.414374228498183,157.88534044661873,-0.8209367091251706,22.395379043982224,37.17785673618287,1.3978095247292595,7.383496677182984,45.903464563608374,1.6793868023292613,14.538486394063636,165.20885435337283,-1.146572096640442,22.78288254106429
133_Aphrissa_statira_statira.png,Dataset_pieridae,107115,0.007131691276768997,0.004984051408921875,0.0728305507580119,0.001227341330968274,0.00011202912757316902,0.0006082766704528362,4.4811651029267607e-05,6.306824959674701e-05,2.7384897851219094e-05,0.00017094815022276162,0.0008165678631999875,0.00025725207072357334,0.00021244041969430572,3.485350635609703e-05,0.00014605278853983516,0.00022156871897804542,0.003601853148485273,6.826774961489987e-05,0.0005403071465247631,0.001983265649068758,0.00800599822620548,0.01860033608738272,0.017462540260467722,0.0053902347943798725,0.0018210568081034402,0.0008122111749054754,0.0003244176819306353,0.0002614012976707277,0.00015987490080754328,0.00020480324884469963,0.00010035942678429725,0.003163072398823694,0.007047915791439108,0.0006039070158241143,0.00032908556224618403,0.00024331326144797646,0.0010339354898940391,0.0019161648695327452,0.003246510759464127,0.009292582738178594,0.014800098025486626,0.014115086589179853,0.00689212528590767,0.00239987396723148,0.0005058815291975914,7.293562993044859e-05,5.834850394435887e-07,0.0,77.08056761424638,-0.8268276025814598,35.6663406597379,118.88062362881016,-1.4045112775324156,50.1230444680529,120.81272464174019,-1.4028086043346473,50.07683376843823,28.82677496148999,4.360451366433286,17.78524711078473,98.60665639732997,1.3829610014893745,47.762114185345055,121.55819446389394,-1.4126069867618674,50.03755822212042
134_Aphrissa_statira_statira.png,Dataset_pieridae,53283,4.1706026729392534e-05,0.0006189174366641851,0.0056086264745687075,0.048867785639363816,0.025992864098826604,0.0067396939194698325,0.000675637633016159,0.00023855847289212527,2.669185710681122e-05,1.8350651760932712e-05,3.0028339245162623e-05,0.0,1.0009446415054206e-05,1.6682410691757013e-06,1.0009446415054206e-05,8.341205345878505e-06,0.0006463130829720549,0.010688212000075071,0.013951447928982978,0.015328528799054107,0.009598511720436161,0.008424356736670233,0.0025301221778053036,0.0008644877353001896,0.0003988138805998161,6.33410280952649e-05,1.172982001764165e-06,3.5189460052924947e-06,0.0,1.172982001764165e-06,0.0,0.0,0.0,0.0,2.34596400352833e-06,1.2902802019405815e-05,3.753542405645328e-05,6.920593810408573e-05,0.00018063922827168139,0.0004093707186156936,0.000647486064973819,0.002494932717752379,0.021467916596287745,0.03614661336636451,0.0010111104855207102,1.876771202822664e-05,1.172982001764165e-06,0.0,136.97012180245108,-0.7302661396620198,18.204386946737692,175.49439783795958,-3.1179951367262846,12.263634539721133,160.2549969033275,-1.7549608827362724,10.582358256631203,44.08970966349492,1.4945205460732969,8.706388295454133,56.148978098080065,0.6001542438489925,24.52284484585135,175.68256291875457,-2.973007842862002,11.779146191112808
135_Aphrissa_statira_statira.png,Dataset_pieridae,47765,3.163636786582458e-05,0.0021140537585633366,0.01274759528711167,0.06166672482175465,0.011740814403852192,0.0005099038114844668,2.605347941891436e-05,0.0,0.0,7.44385126254696e-06,9.3048140781837e-06,1.302673970945718e-05,5.58288844691022e-06,1.86096281563674e-06,1.116577689382044e-05,3.72192563127348e-06,7.065843190620747e-05,0.00020150737988066576,0.001578038312571967,0.005205171150423951,0.009589919397048048,0.007703077567256359,0.00771485397257406,0.009339997906416833,0.008346854391290693,0.009601695802365749,0.002772689207578771,0.0001609442060085837,6.149900554799539e-05,3.140374751386999e-05,2.2244321155657907e-05,9.94452004605883e-05,1.308489479744583e-06,7.327541086569664e-05,0.00021459227467811158,0.00022767716947555742,0.0007615408772113472,0.002308175442269444,0.0028368051920862557,0.005184235318748037,0.03619020203077567,0.010034805820161205,0.0028682089396001257,0.0011318433999790642,0.000489375065424474,0.00014000837433267036,2.6169789594891657e-05,1.1776405317701245e-05,78.44381869569769,0.28430427083700177,24.580610155857585,134.0929969643044,-0.9371855485707722,21.7407586426965,118.67608081231027,0.4806596509385785,20.50327036148459,38.60332879723647,1.5080327002947624,6.883753511266811,108.10714958651732,0.00669136695742553,35.43406413094156,134.69513241913535,-0.7208830601359317,20.980512418822833
136_Colias_dimera.png,Dataset_pieridae,117831,0.02028064676433951,0.04739518651477304,0.02112026735088578,1.6596273947904673e-05,0.0,0.0,0.0,0.0,0.0,0.0,0.0,0.0,7.543760885411215e-07,2.2631282656233645e-06,8.298136973952336e-06,6.487634361453645e-05,0.0,1.5912620617664283e-06,1.5912620617664283e-06,1.5382199930408806e-05,5.7285434223591414e-05,0.0032042713717103308,0.004645954799670715,0.0036652069489353394,0.003110917330753367,0.003429700163793908,0.00545431592704806,0.0077202731030034544,0.004688388454651153,0.0032875474196094405,0.003048327689657221,0.02016924663288948,0.0,0.00016124788892566474,0.003970729264794494,0.004244956760105575,0.002062275632049291,0.0012024636980081643,0.001077284415815872,0.0010693281055070398,0.001222089263436617,0.00280221249077068,0.007267293836087278,0.012688723680525498,0.01278579066629325,0.007667231034277906,0.003261556805933922,0.0010168164574687476,40.27996876882993,0.6197888871555564,39.62640894641199,120.89265982636148,-0.4857182791174509,51.66497690582894,163.63954307440318,-1.04454828587233,57.90209178772026,18.06112992336482,4.8116850388357415,8.77115572625663,190.72554760631752,-0.3565875705805507,55.0859392794572,163.73142891089782,-1.045775580621241,57.93685674594197
137_Colias_dimera.png,Dataset_pieridae,91181,4.9717960247566193e-05,0.0036479334754194646,0.05435732834204007,0.028660941789773457,0.0021729673214083344,0.0,0.0,0.0,0.0,0.0,0.0,0.0,0.0,0.0,0.0,0.0,0.0,0.0,0.0,0.0,9.596297474254504e-06,8.979392636623859e-05,0.0002193439422686744,0.0005175146137901536,0.00199054627608822,0.003407371053179939,0.006219771662956099,0.013878987947050373,0.019312548666937192,0.009878017350105834,0.0036205459470723066,0.003355962316710718,0.0,1.0281747293844112e-05,1.5079896030971365e-05,0.00015765345850560973,0.0030701297419418517,0.002635554556322041,0.00728290433313958,0.013436872813415076,0.01926182538028756,0.015478827825972517,0.001147442997993003,3.4272490979480375e-06,0.0,0.0,0.0,0.0,31.58743597898685,0.2614915813682426,15.278682220180198,124.40303352672157,-0.8460252159055919,23.5763850483431,119.18631074456302,-1.4815769779307018,25.519171991263317,31.612846974698677,0.01863188873855393,4.8253084842428065,194.0507013522554,-0.3227510154584639,26.689129072315446,127.49596955506081,-0.929025579097917,22.348734122976182
138_Colias_dimera.png,Dataset_pieridae,142429,0.023493342881950537,0.02885242627710805,0.015523055931961422,0.020308598202145162,0.0006758923159375314,1.8722778834834667e-06,0.0,0.0,0.0,0.0,0.0,0.0,0.0,0.0,0.0,3.3701001902702396e-05,7.021042063063e-06,0.001292749369861475,0.0063654522604244925,0.009854910165766803,0.008281757928511749,0.006735373414122124,0.005263148656523602,0.005936291064319766,0.006242145209191949,0.006085488208159855,0.004034466295487577,0.0018197663397201413,0.0003585119603451544,0.0001241846814904268,4.9147294441441e-05,4.958610957038243e-05,2.632890773648625e-06,0.00016411685822409762,0.0013085467145033667,0.006282077385925619,0.008194872532981345,0.005130187672454345,0.003139722247575985,0.0031340176508997467,0.004396488776864262,0.006089437544320328,0.010399479740783127,0.01147808732772118,0.002703101194279255,7.591501730686869e-05,1.3164453868243125e-06,0.0,85.3419738957656,0.009557879873148553,47.43350152298696,109.76975896762598,0.005498246641633867,50.952015704288435,126.10189638346124,-0.2532678092786729,47.295485296633245,21.130008635881737,1.0315975436276827,12.80460077238033,98.51820907259055,0.3169024057660084,44.15517130069495,128.98611237879925,-0.28557030325929855,48.982473457164495
139_Colias_dimera.png,Dataset_pieridae,114694,0.0014748422372186476,0.01109735470033306,0.07625004117235619,4.1850489127591675e-05,0.0,0.0,0.0,0.0,0.0,0.0,0.0,0.0,0.0,0.0,0.0,2.4800289853387663e-05,0.0,0.0,7.6289954138838995e-06,4.25044030202103e-05,0.0002550264181212618,0.0005950616422829442,0.0017764660749472509,0.008439848640730989,0.02035198005126685,0.01521548642474759,0.008034422027307444,0.004310382408844403,0.002371527717230195,0.0008822388267912881,0.00019344952656634174,2.39768427293494e-05,0.0,0.0,0.0,0.0,0.0,5.4492824384885e-07,1.63478473154655e-06,1.798263204701205e-05,0.00010408129457513034,0.0003836294836695904,0.0011345406036933057,0.002978577780877814,0.006710791322998588,0.011092014403543342,0.02366241913264861,0.01641378363297121,96.15411442621236,-0.4540771180464914,24.77323698535534,208.33566707935898,-1.325123125888193,28.733724465549017,225.16995658011754,-1.2211215622963913,20.208575949270383,26.271592236734268,5.946358596185796,5.04790027701659,146.8037909568068,0.4895159043035329,24.29493077776943,225.2552879836783,-1.224156769207186,20.159141374056
140_Colias_dimera.png,Dataset_pieridae,74282,0.0022544716979438716,0.010070930896972198,0.07496597052074826,5.743876937436615e-05,0.0,0.0,0.0,0.0,0.0,0.0,0.0,0.0,0.0,0.0,1.1966410286326282e-06,0.00153888036282156,0.0,1.1779435125602433e-05,2.0193317358175602e-05,0.000302899760372634,0.001097170243127541,0.0023255970490832236,0.0036457351713739534,0.004552751676045341,0.009585936027570609,0.01341761799628443,0.012374296599445356,0.008161465765595972,0.005615425002019332,0.001317613957620958,6.646966963732803e-05,5.0483293395439004e-06,0.0,0.0,0.0,0.0,4.206941116286583e-06,4.206941116286583e-06,9.255270455830483e-06,4.459357583263778e-05,0.0001363048921676853,0.0005191365337497645,0.0011392396542904068,0.0018157157857892894,0.003147633343205622,0.006918735359844916,0.01385345709593172,0.03490751460649955,94.71779165881371,0.3510050215252596,32.1063269192484,219.59855685091946,-1.5187007320794577,33.69053884879903,233.21493766996042,-1.8692156335024086,21.131229981995126,29.41223984276137,6.6102841693516154,20.09393357846887,152.6672006677257,-0.4833454210944635,32.04273457286737,234.02373387900164,-1.8601319223101676,21.37827468827174
141_Colias_dimera.png,Dataset_pieridae,68582,0.0018586023543592585,0.013313503057167577,0.07366105132866091,4.4067280368350616e-05,0.0,0.0,0.0,0.0,0.0,0.0,0.0,0.0,0.0,0.0,0.0,1.1664868332798694e-05,0.0,0.0,0.0,7.472806275699163e-05,0.0005003134933364439,0.0008693972179289026,0.0018363054445772943,0.0078027033332361264,0.020571177568458197,0.015461418447989268,0.008335824268758566,0.003956030736928057,0.0020942083928727653,0.0008210973724884081,0.00014125426496748418,3.554139570149602e-05,0.0,0.0,0.0,0.0,0.0,9.11317838499898e-07,2.733953515499694e-06,2.1871628123997552e-05,9.568837304248928e-05,0.0004292307019334519,0.0012557959814528594,0.0032205972412586393,0.007085496194336707,0.011571002595433205,0.024452480242629263,0.014364191770435391,96.34351579131551,-0.3791374674742012,24.3973061127289,206.3827097489137,-1.2248720452874426,29.43097902344276,224.09813070484967,-1.186633494327055,20.40281183299372,25.859729958298097,1.8741671937122297,5.0349404724014,145.92798401913038,0.29650156983355863,24.477888016252077,224.1863754337873,-1.1912957747272408,20.357944766044866
142_Colias_dimera.png,Dataset_pieridae,110776,0.0012814648981327684,0.016391837782752782,0.07111367885542796,0.00010190735257536731,0.0,0.0,0.0,0.0,0.0,0.0,0.0,0.0,0.0,0.0,0.0,0.0,0.0,0.0,1.0155629378204665e-05,0.00011001931826388388,0.0013106403914205243,0.0011007573842709611,0.0007453103560337979,0.0008429172383909872,0.0017913401819888784,0.004552542969596302,0.009828956633205748,0.014358367335885028,0.013514321694229798,0.008633977576370333,0.0038755010110493246,0.0018251922799162274,0.0,0.0,2.2568065284899257e-06,4.2879324041308584e-05,0.00022850166100960498,0.0006183649888062396,0.0014629748320935942,0.003144295695818589,0.005504351122986929,0.0076669359789124,0.009348256842637395,0.01273064562721167,0.015542062360077996,0.005486296670759009,0.0006646295226402831,5.7548566476493106e-05,48.171065934859534,0.2263429393971251,22.162019504370132,156.90032136924967,-0.8442268279847999,35.59161636979938,173.59148190943887,-0.7189853926539929,30.611105538420812,25.61186538600419,-1.4299382918233334,4.767689183603151,183.9524084639272,-1.0818724516286602,34.92778701835677,173.75605726872246,-0.7222945324224975,30.60641331598556
143_Colias_dimera.png,Dataset_pieridae,127960,0.009731513320134765,0.030742940502240284,0.035681289291792574,0.012429578687784376,0.00010211524434719183,1.180924594491334e-05,7.641276787885103e-06,3.4733076308568647e-06,2.7786461046854922e-06,1.4587892049598834e-05,7.641276787885103e-06,6.946615261713729e-06,6.946615261713729e-06,1.0419922892570594e-05,2.8481122573026294e-05,0.0001007259212948491,0.0004229837449202876,0.0030771334792122538,0.0034800914348233824,0.004140942482025633,0.007078383869959362,0.012122440606439513,0.013702035792435136,0.008412785245389184,0.004209811659893717,0.002362554704595186,0.0015615231322288214,0.0009895670522038138,0.0004947835261019069,0.00024030947170990935,0.00011722413254141919,8.742966552047515e-05,4.884338855892467e-07,6.838074398249453e-06,2.5398562050640824e-05,7.570725226633323e-05,0.00024275164113785557,0.0008767388246326977,0.0028426852141294153,0.007448128321350422,0.013665403251015942,0.01591757189746796,0.01070402860268834,0.004619607689903095,0.0023141997499218506,0.0018487222569552985,0.0017876680212566428,0.00012406220693966864,97.90447796186308,0.8436350179375389,39.425192935843796,138.84427946233197,0.08414472150655765,32.940259317522774,149.60151609878088,0.5750580401077917,30.528292253226038,23.85954204438887,3.691599195663416,11.239624978434987,96.03495623632385,0.31952546312736385,37.78932678034477,151.89031728665208,0.49181164002665756,29.845078210084115
144_Colias_dimera.png,Dataset_pieridae,135593,0.007239967320502451,0.010983851182091504,0.06297735789376213,0.006302521352708309,4.4577850216784377e-05,1.180001917503116e-05,2.622226483340258e-06,6.5555662083506435e-06,6.555566208350645e-07,0.0,0.0,0.0,0.0,2.622226483340258e-06,2.687782145423764e-05,0.0012894798731825717,2.0281282957084807e-05,6.867979910467354e-05,0.00012721895673080467,0.0003180473918270117,0.001085048638204037,0.002181159794384666,0.0029928720509170828,0.0040073971370203475,0.004101889478070402,0.003980201780327893,0.004067319109393553,0.004731070187989055,0.006470190201559077,0.007953028548671392,0.008356349516567965,0.012039246126274956,1.382814747073964e-06,0.0001636330784037524,0.0010348063690603496,0.0012016660152072748,0.001293392726763181,0.003060629973523707,0.008037841186491928,0.0115783078772503,0.014617273753069848,0.014143429233072503,0.004870273539194501,0.0016506198697572884,0.0005955322177398538,0.0001737737198822948,5.439071338490925e-05,2.3046912451232734e-05,37.1267469559638,1.045751501854107,33.41676076971102,117.9563325540404,-0.5552835902601584,33.01623996459056,127.0852993886115,-0.6116638650216696,30.20626050516115,28.871269165812393,6.017799686153645,19.785188990417208,188.07085911514605,-0.5865569678751217,53.08262132620785,129.64907480474656,-0.5892766495106012,29.988145635848852
145_Eurema_albula_albula.png,Dataset_pieridae,56381,1.1036026715067527e-05,3.468465539021222e-05,4.8873832595299045e-05,0.0009727469261709519,0.007444588306935552,0.025865293469628264,0.043015278984843204,0.010816882756011186,0.0005596842119784246,4.72972573502894e-05,3.783780588023152e-05,2.0495478185125404e-05,3.1531504900192936e-06,1.5765752450096468e-06,3.1531504900192936e-06,6.306300980038587e-06,0.007173294194852876,0.047387417747113386,0.006540323867969706,0.0013501888934215427,4.7666767173338535e-05,1.1085294691474078e-06,0.0,0.0,0.0,0.0,0.0,0.0,0.0,0.0,0.0,0.0,0.0,0.0,0.0,0.0,0.0,1.1085294691474078e-06,2.7713236728685195e-05,0.00016184530249552153,0.0005575903229811461,0.0020408027527003777,0.00747924832833756,0.009116546354268281,0.011680575016406236,0.02361389475177808,0.006326377680424256,0.0014942977244107058,188.73430765683474,-0.6242340487911522,25.762121012591443,201.41856299107855,-0.6129287000733189,23.037788640236542,183.69574856777993,-0.46512489854259065,22.78128961462483,68.78150440751317,-0.3823240739705497,8.824581785869684,23.689274755680106,1.3787552987554195,8.408713847550809,201.4373991238183,-0.6131153522743277,23.02421885485888
146_Eurema_albula_marginella.png,Dataset_pieridae,115634,7.687089341274097e-07,1.4605469748420783e-05,0.009234500425672573,0.06423024369994984,0.015168164688202047,0.00020832012114852802,2.613610376033193e-05,1.5374178682548194e-06,7.687089341274097e-07,7.687089341274097e-07,0.0,0.0,1.5374178682548194e-06,7.687089341274097e-07,0.0,7.687089341274097e-07,1.5674455609941714e-05,0.00017998599027967553,0.0014512383900928793,0.009938145355172354,0.014537787328986284,0.012213643910960444,0.007964785443727623,0.005641182524171092,0.0044380329314907385,0.0029170702388570838,0.0017668894961689469,0.0009512773059826695,0.0003156511060760676,0.00010918069080028366,3.621339744365844e-05,2.32414341802584e-05,5.404984693083349e-07,1.5674455609941714e-05,7.566978570316689e-05,0.0005383364754311015,0.0017998599027967553,0.004301827317225037,0.0077475050590656725,0.013615156441876957,0.020081139630212567,0.010876450697891624,0.002785729110815158,0.0005756308698133766,7.837227804970856e-05,7.566978570316689e-06,5.404984693083349e-07,0.0,82.21331961187886,-0.21919872597464987,26.99499028272416,126.82399640244219,-0.5356423326255427,23.452082113225657,113.71274884549527,-0.4038045281255257,22.887299196592565,39.72592836017088,0.8169404671915468,5.108963788092047,93.37382603732466,0.897255087127555,33.9093143606686,126.84353217911686,-0.5286412226960436,23.418218144646392
147_Eurema_arbela_gratiosa.png,Dataset_pieridae,134829,0.003349757429369382,0.0425460727621242,0.04032564705416985,0.0025711580347452453,8.174964007907959e-05,1.2526154528246066e-05,0.0,0.0,0.0,0.0,0.0,0.0,0.0,6.592712909603193e-07,0.0,1.3185425819206386e-06,4.171951138108271e-06,0.003115520399913965,0.003255048987977364,0.0009145843994986241,0.0006744654339941704,0.0017744698840753844,0.0018013557914098599,0.002264442367739878,0.004080631763196345,0.007929488463164453,0.015286028970028703,0.010641720253061286,0.0027553419516572844,0.0016497749000585927,0.0016224254425976608,0.004730529040488323,0.0,4.635501264564745e-07,4.54279123927345e-05,0.00018263874982385095,0.0027938166121531717,0.007051060973529434,0.011056134066113374,0.005650212491377968,0.0018996284182186325,0.0012872787011696297,0.0015654087770435143,0.0048060877111007275,0.006396064644846435,0.016903355361235342,0.002858713629857078,3.708401011651796e-06,62.87745959697098,1.115533198967065,45.88609905829238,137.8738995319998,-0.06127476695678155,63.80889612906675,157.330040273235,-0.1262621166014331,54.55605861060465,22.15840805761372,0.27062899809771895,6.691553309214749,154.49636205860756,-0.6954972665306828,56.905479226219526,157.49075495627795,-0.1301942933093872,54.66129901679017
148_Eurema_arbela_gratiosa.png,Dataset_pieridae,105232,3.885594580440254e-05,0.003907556636764482,0.05937610866149713,0.02485429020323349,0.0006774449681550183,1.1825722636122515e-05,3.378777896035004e-06,5.912861318061258e-06,5.068166844052506e-06,0.0,2.534083422026253e-06,3.378777896035004e-06,0.0,0.0,0.0,2.534083422026253e-06,6.533183822411433e-05,0.002522996807054888,0.02629606488520602,0.018747861867112664,0.01143960487304242,0.0016321081039987837,0.000686578227155238,0.0003866456971263494,0.00024707313364755965,0.000232818914398662,0.0001752081116010339,4.988976737114186e-05,5.345332218336628e-06,4.751406416299225e-06,2.3757032081496125e-06,5.345332218336628e-06,5.939258020374031e-07,5.939258020374031e-07,7.721035426486239e-06,1.4848145050935077e-05,5.5829025391515886e-05,0.00021797076934772694,0.0004406929451117531,0.0009045489965029649,0.002626933822411434,0.009278902805230348,0.01748220598297096,0.024166246959099892,0.007083753040900106,0.0002150011403375399,4.157480614261822e-06,0.0,136.30184734681467,-1.8352094837545476,18.232870527384044,170.20383533525924,-1.2460416755951162,20.004360301848173,169.91270716131976,-1.2880492091827864,18.372000713511614,30.254732400790633,1.4977113906164699,5.286757300333224,53.15725254675384,2.3284516395484216,19.097672381703827,172.28421962901018,-1.2332119201612066,19.01385362034567
149_Eurema_arbela_gratiosa.png,Dataset_pieridae,80206,0.021151091494956042,0.012630809000157927,0.023575958573340317,0.00969392702679489,0.005320743529855067,0.0033147977291806932,0.0028105406356410023,0.00292136637048489,0.0019793476243118416,0.00043222036589116354,0.00043222036589116354,0.0003302606898347865,0.00020281109476431522,0.00011636702158608251,0.00018397071984085426,0.003792456646357851,0.0028161858215096126,0.008523364835548462,0.010278221080717154,0.013048431538787621,0.004907675236266613,0.0050479390569284095,0.004205576889509513,0.002905798818043538,0.0016426451886392538,0.0011096426701244296,0.0008680772012068923,0.0005236515971373713,0.0003701406378575169,0.0005587175523028203,0.000981846744632571,0.00471208513078822,0.0037006271351270477,0.00047767623369822707,0.0017696618706829913,0.007792434481210882,0.00650902052215545,0.0027624180235892577,0.0016153716679550157,0.00121016507493205,0.0017727788444754757,0.003174637807645313,0.0033024337331371716,0.0038401117123407227,0.007134753010996683,0.005049497543824651,0.008330112460414433,0.004058299877814627,105.27404433583523,-0.03411364167952392,64.98308351697801,132.14402912500313,-0.012644669051125391,73.41678105897259,139.61158766177093,-0.25278981356718144,76.26300441129767,37.87998404109418,2.1401947061503144,39.37443482548469,82.67736827668753,1.436400822304518,66.56259132151746,143.40131660972995,-0.2728032356987664,76.56345311050924
150_Eurema_arbela_gratiosa.png,Dataset_pieridae,59745,0.00025292679071237947,0.0008956584000520732,0.0030529751443635453,0.008865827916794524,0.018188411861522584,0.010527705712239982,0.010097730168028937,0.011170437321579676,0.017370119303335475,0.007128072084135353,0.00079746329306962,0.0002633414232711245,3.7195116281232275e-05,1.1902437209994329e-05,8.926827907495745e-05,0.00013985363721743336,0.003193781906435685,0.027940622646246548,0.022441208469327976,0.004691815214662315,0.0016894719223365972,0.0011517700225960332,0.0006088375596284207,0.0003263871453678132,0.00024897480960749856,9.833458866850783e-05,5.3351744915892545e-05,2.4060590844422128e-05,9.41501380868692e-06,5.2305632270482886e-06,3.138337936228973e-06,1.3599464390325551e-05,1.1507239099506235e-05,7.322788517867604e-05,0.00016947024855636455,0.0005931458699472759,0.002451041928194828,0.00816072474684074,0.013164281529835132,0.019520461963344213,0.012152690601723994,0.00437065863252155,0.0015084944346807265,0.0003023265545233911,2.1968365553602813e-05,0.0,0.0,0.0,105.93018662649594,-0.1025714590834922,24.978240361618624,114.60594191982592,-0.25119775438592573,22.461542883462833,104.10218428320361,-0.01806386327119541,22.348231565288508,70.5529165620554,0.11620153737407912,24.14235300687353,35.73964348481044,2.946253797020134,19.501010638539977,115.96841576700979,-0.15440577465079908,22.625109492677616
151_Eurema_arbela_gratiosa.png,Dataset_pieridae,58962,2.7136121569824634e-05,0.001041725555819379,0.02242498935284119,0.05281744551104478,0.012257989138013561,0.0003060351488152445,9.04537385660821e-06,4.522686928304105e-06,0.0,0.0,0.0,0.0,0.0,0.0,0.0,0.0,8.480037990570198e-05,0.01840062243478851,0.019684288185611073,0.015612809945388556,0.005892566398697466,0.0011755452664427937,0.0006148027543163393,0.00038372171907330145,0.0003148214103999186,0.00015264068383026355,5.0880227943421185e-05,3.074013771581697e-05,2.8620128218174417e-05,1.3780061734676572e-05,1.2720056985855296e-05,4.664020894813609e-05,7.420033241748923e-06,9.6460432142736e-05,0.00017914080255079543,0.00030952138665581223,0.00036146161934805465,0.0004695821037278247,0.0007473033479189987,0.004210338862318103,0.013666641226552695,0.021921958210372783,0.020187790441301177,0.0003423815338692717,0.0,0.0,0.0,0.0,122.01297445812557,-2.354753806702111,18.41764769246754,147.82727858620805,-2.2445014720696483,19.659422088529368,141.81423628777856,-2.1847792387166405,18.670083959118536,37.515586309826666,-0.11201301981239178,7.367674374875523,45.67684271225535,2.6149022578401095,21.219132764615374,148.43756996031343,-2.2141428651721715,19.48612354481963
152_Eurema_arbela_gratiosa.png,Dataset_pieridae,69124,1.2859338129866457e-06,0.0004552205697972725,0.010660391309659293,0.029692211741861645,0.03268843752612053,0.013592320403268843,0.0015868423252255205,0.00015045425611943754,5.4009220145439114e-05,7.715602877919873e-06,0.0,0.0,0.0,0.0,0.0,0.0,9.855477113592964e-05,0.0192941308373358,0.02008256900642324,0.016327541808923096,0.003321024535617152,0.001064210693825589,0.0006772249869799201,0.0004195359064868931,0.0004186317342746369,0.0002721558358891268,0.00016636768705514726,0.00020253457554539667,0.00010307563219721081,3.707106070250564e-05,1.1754238759331057e-05,3.6166888490249406e-06,9.041722122562351e-07,5.425033273537411e-06,3.435854406573694e-05,0.00022152219200277762,0.0005027197500144668,0.0010171937387882645,0.0027351209420751112,0.007621267577107806,0.025374688964758984,0.023914450841965165,0.0010714440715236387,9.041722122562351e-07,0.0,0.0,0.0,0.0,113.02805103871303,-1.8178026561038874,17.950701563092117,137.03286846825995,-1.744606720938,16.248588460921738,126.7629477460795,-1.4331375241462372,17.49854361733025,46.52618482726694,0.16142649682997423,11.048591460609309,45.35975927319021,3.024038566019894,23.47796958096772,137.1527978704936,-1.7466083369997247,16.275771295961793
153_Eurema_arbela_gratiosa.png,Dataset_pieridae,80639,0.0,1.1023064384341187e-06,0.0012147416951543985,0.02275491180859551,0.04391368389433842,0.019522949331106675,0.0014153614669494084,6.613838630604711e-05,0.0,0.0,0.0,0.0,0.0,0.0,0.0,0.0,1.5501184290479794e-06,0.0011354617492776449,0.014301392626396656,0.013937889854784906,0.011995591463187788,0.008176099654013566,0.0050433103089076005,0.003345155569885539,0.002164740386165503,0.001112985032056449,0.0005130892000148812,0.0003038232120934039,0.000223217053782909,0.0001565619613338459,6.277979637644316e-05,2.6352013293815648e-05,7.750592145239897e-07,4.650355287143938e-06,2.9452250151911608e-05,0.00019298974441647342,0.0010246282816007144,0.004474416845446992,0.008097818673346644,0.012381570952020735,0.016898616054266544,0.015519785711628369,0.0034745904587110453,0.0003890797256910428,1.1625888217859844e-05,0.0,0.0,0.0,93.70090154887833,-0.48098658430756835,26.014351338866902,129.4852614739766,-0.47653954727025866,22.816096098247648,108.97506169471347,-0.5626147913493436,24.002656975273446,49.81011669291534,0.2924248635139702,7.92286355097265,72.92863254752663,1.3046186646938982,33.103399687573955,129.4911147211647,-0.4756557043519034,22.80902360858266
154_Eurema_arbela_gratiosa.png,Dataset_pieridae,59619,0.0,0.00011033022656833858,0.0035126758620946715,0.03581557706249499,0.0468903462915439,0.002246860154574138,0.00022662424916739817,5.2183215268808785e-05,3.1309929161285274e-05,2.981898015360502e-06,0.0,0.0,0.0,0.0,0.0,0.0,1.886982337845318e-05,0.0033420553850282628,0.02672595984501585,0.018774425938039886,0.009112028044750834,0.0018723058085509652,0.00103888860933595,0.0007201982589442963,0.00037425149700598805,0.0002746607625085963,0.00011426726379174425,5.870611717740989e-05,1.886982337845318e-05,1.7821499857428003e-05,1.1531558731276942e-05,2.5159764504604236e-05,2.096647042050353e-06,3.3546352672805646e-05,9.959073449739177e-05,0.00017297338096915413,0.0003186903503916537,0.0004528757610828763,0.000985424109763666,0.0032267397977154932,0.013440555863063789,0.02533693117965749,0.01700275918750734,0.0013617722538117043,6.604438182458612e-05,0.0,0.0,0.0,118.51738539727268,-1.7434191189483736,19.26463330072853,149.29666716986196,-1.8282295639964548,18.21321204703996,135.11424210402723,-1.5618864649219044,16.9022291505577,45.04569013234036,0.23505024234591088,6.2335949042916425,53.47556986866603,2.516691727034489,20.998817924058994,149.3298109663027,-1.7643892380240738,18.09842424299227
155_Eurema_arbela_gratiosa.png,Dataset_pieridae,79878,4.339951759766978e-05,0.0006109316707979669,0.0032872352559876034,0.03128660095534579,0.0326820623673324,0.00975598899432746,0.004259829573432818,0.00408066746232449,0.002717477486500246,0.0001391010179412493,1.2240889578829937e-05,3.338424430589983e-06,0.0,0.0,0.0,1.001527329176995e-05,0.004578075314855154,0.023664212924710184,0.0112233656325897,0.012105961591426927,0.005275232229149453,0.003816758056035454,0.001004657102080673,0.00040687047747815417,0.000287939107138386,0.00010406494904729713,2.1125967099827238e-05,4.694659355517164e-06,3.1297729036781093e-06,2.347329677758582e-06,7.824432259195273e-07,7.824432259195273e-07,7.824432259195273e-07,2.660306968126393e-05,7.354966323643556e-05,0.00012753824582488295,0.000271507799394076,0.00042564911490022286,0.0008912028343223416,0.004166510178021483,0.009401837802649039,0.008221130974736474,0.011836801121710608,0.020960089135932298,0.005989602894413981,0.00010719472195097524,0.0,0.0,138.55975362427702,-0.8055723031380085,29.686345418954826,163.5039935902251,-0.9923412758387354,26.43254791349271,150.32363103733192,-0.9743422973968896,27.381689401317832,50.81217606850447,1.1533457730997132,14.40514885892402,41.7711885625579,1.0822306838680975,25.014544209029697,163.6065499887328,-0.9633606610539058,26.299949265034186
156_Eurema_daira_daira.png,Dataset_pieridae,67421,0.0014726700714745983,0.031061868293591345,0.03346533968150379,0.005238064632022005,0.0025221287795263265,0.0012142606408487957,0.001894563019435092,0.0034173328784799987,0.007712730454902775,0.0006143816054674689,0.0001357967926247839,3.4278802021790106e-05,1.0547323699012342e-05,9.228908236635799e-06,2.900514017228394e-05,5.669186488219134e-05,0.005442480829415167,0.008513667848296524,0.003467947672090298,0.01003767372183741,0.011299335518606962,0.009909746221503686,0.006784792572047285,0.0034586775633704634,0.0015675753845241097,0.0007990833716497827,0.0004421841859361327,0.0003207457617062933,0.00019374527224455288,0.00013719760905355898,6.952581539876299e-05,5.56206523190104e-05,6.489076103884546e-06,4.449652185520832e-05,0.00029757048990670563,0.0011726687530591359,0.0032491731063021907,0.005252443600658549,0.006516886430044052,0.006777376485071417,0.00541930555761558,0.003643152726895181,0.0033474362587324422,0.004445944142032898,0.004939113925928123,0.004825091588674152,0.010851589267438929,0.0017112620696815531,120.83742454131502,0.2086420182492326,56.68047366721151,151.71292327316414,-0.02871848202684376,60.68479112607049,154.974800136456,0.018265791847239088,54.902013515175604,36.07660817846072,1.6483238580462176,25.004497398454824,68.6445617834206,0.5821686844839937,38.44790517824286,158.28999866510435,-0.02840307161385839,56.738897343215456
157_Eurema_daira_daira.png,Dataset_pieridae,63477,0.00027026412016250856,0.0011608754176928476,0.010648126267957074,0.013115511655140182,0.005084606322850096,0.0034798255886209,0.0021299053200371787,0.007180903669395564,0.027995441918595185,0.016291465150106866,0.0006217475095966518,0.00046070930328220367,0.00011902823944980947,5.461295692403023e-05,9.522259155984757e-05,0.00018064285751794615,0.021188777037352113,0.03042046725585645,0.004362800699465949,0.002055862753438253,0.0013449753454006963,0.0011421459741323629,0.0012868834380956881,0.0006409801975518692,5.6122690108228174e-05,9.84608598389968e-07,0.0,0.0,0.0,0.0,0.0,0.0,0.0,2.953825795169904e-06,4.92304299194984e-06,3.446130094364888e-05,0.00014276824676654536,0.00027765962474597097,0.0005188887313515131,0.0009718086866108985,0.0018018337350536415,0.004295847314775431,0.01198071742520913,0.01794941474864912,0.020712226475731368,0.0037621894544480677,4.430738692754856e-05,0.0,171.8239992438206,-1.0538050105767327,29.870087433445722,179.0693006915891,-1.4127880473295702,22.378960506332945,172.2573373032752,-1.2241206132220184,23.449316231684815,74.70031665012525,-0.36645791965541075,30.697527639631865,25.073081588606897,2.5270318393803857,21.767371304928826,181.69045481040376,-1.469029622850035,22.581646492912903
158_Eurema_daira_daira.png,Dataset_pieridae,61255,0.006830462819361684,0.008177110258572996,0.009644201380386182,0.0270780616548309,0.004335972573667456,0.0010099855794084836,0.0013655121123899183,0.002313099157438395,0.023094713356732785,0.002902257412093344,0.0003874513645144614,0.0002844212263851477,0.0001451128706046672,8.996997977489366e-05,0.00015236851413490056,0.0010781886285926774,0.00636988817239409,0.022426740674230675,0.012290833401354992,0.008475838707044324,0.003725206105624031,0.003360950126520284,0.002945677903844584,0.002029426169292303,0.0004948575626479471,0.0002571218676026447,5.2036568443392374e-05,2.958942127173292e-05,9.182923842951596e-06,3.0609746143171986e-06,9.182923842951596e-06,2.0406497428781322e-05,2.142682230022039e-05,0.0001295812586727614,0.0001754958778875194,0.00021324789813076484,0.00044792261856175006,0.0011978613990694638,0.0019835115500775446,0.003716023181781079,0.005695453432372867,0.006547424700024488,0.004366990449759203,0.004945514651865154,0.00830340380377112,0.016383356460697086,0.008315647702228389,5.7138192800587704e-05,157.96739857970778,-0.5307250343057867,51.083481620193794,175.2485674638805,-0.7175142645961254,47.2097875517254,171.45184882866704,-0.8969704666677728,37.23697849713969,56.327336543955596,0.6647172308750019,35.86660080380417,43.888809076810055,1.3258155999913888,31.169635655570676,181.34593094441271,-0.8230785041184083,42.479053637427
159_Eurema_daira_daira.png,Dataset_pieridae,72424,1.1046062078868885e-05,0.00016569093118303324,0.01950734563128245,0.019794543245333036,0.02481313744983247,0.013528971366152411,0.0063907605827411415,0.00207665967082735,0.002142936043300563,0.0004246597199209593,3.6820206929562944e-06,8.59138161689802e-06,7.364041385912589e-06,3.6820206929562944e-06,3.6820206929562944e-06,6.136701154927157e-06,0.0004677316911521043,0.03197921269192533,0.013830014912183806,0.004394261570750028,0.004234611454766376,0.0035045357892411356,0.002620850822931625,0.001095976471887772,0.00022264718877720093,7.939357119187009e-05,2.847812879708384e-05,1.4670551198497735e-05,1.208163039876284e-05,2.5889207997348943e-06,3.451894399646526e-06,9.492709599027946e-06,6.04081519938142e-06,5.4367336794432786e-05,5.609328399425605e-05,5.264138959460952e-05,6.644896719319562e-05,0.0001346238815862145,0.0004487462719540484,0.0019373757318016127,0.005416022313045399,0.011650143598807025,0.017399273721418314,0.014648976858499944,0.009424534684634927,0.0012029851982768144,1.725947199823263e-06,0.0,142.83273500497071,-0.8480922543913625,25.659118004958096,168.322130785375,-0.8759074074488884,23.4899508376768,158.54403236496188,-0.6088056465178034,25.3012746913081,48.951010714680216,0.9091021911886363,16.441241702666527,41.540801391803825,1.6468246178636776,26.539853462772953,168.6455042527339,-0.8506793137833439,23.349314145427645
160_Eurema_daira_daira.png,Dataset_pieridae,72137,0.0001601890230471957,0.0007923195524565141,0.008375421458859916,0.004721879510129645,0.007424145106610416,0.013725734828636251,0.004305388050206937,0.011857684375255109,0.032177045837164776,0.004958466374937811,0.00024028353457079352,1.1090009287882779e-05,6.407560921887827e-05,9.857786033673582e-06,4.3127813897321916e-05,2.2180018575765557e-05,0.036805834731136584,0.018694463312863025,0.002223200299430251,0.0011861111496180878,0.0009469828243481153,0.000998967242885066,0.0011393251729348323,0.00044100115058846363,5.371723248818221e-05,9.530476731774263e-06,8.664069756158421e-07,0.0,0.0,0.0,0.0,0.0,0.0,1.7328139512316841e-06,2.5992209268475263e-06,7.797662780542578e-06,3.465627902463368e-05,0.0001360258951716872,0.00022699862761135062,0.00032836824375840414,0.0008196209989325866,0.0021105673926001913,0.006407945991654768,0.016956450919777644,0.02485288409554043,0.010249594521535411,0.00036475733673426954,0.0,182.2066761855913,-1.4034515068679516,27.18390544532798,189.6995993734145,-1.5896908802487901,19.157643246611332,181.71647005004365,-1.5974890918920037,19.28713188545211,74.35022249331134,-0.5600900192631707,24.69052106358199,20.8439774318311,3.188132987215664,20.024686016105253,191.1095970167875,-1.5950636652431032,19.19424180658916
161_Eurema_elathea_vitellina.png,Dataset_pieridae,147905,0.01643637620244226,0.023579099196556347,0.01622242505512172,0.012205432165541695,0.004506195793846651,0.004862580710591259,0.0015463379271228905,0.0029496410984528355,0.001686367751071446,6.791145968320506e-05,2.704438659950644e-05,2.8246359337262284e-05,3.365523665716357e-05,3.365523665716357e-05,5.348778683013496e-05,0.004650432522377352,0.006300496940603766,0.009232277475406512,0.002387512254487678,0.007894002907271559,0.004780095331462763,0.005094486325682025,0.007343396098847233,0.005463811230181535,0.00423371420844461,0.003534785842263615,0.003336601196714107,0.0015542070923903856,0.0005789189006456848,0.0002641053378858051,0.00016353402521889052,0.0003380548324938305,0.00010479699807308745,0.0010627598796524797,0.005574524187823265,0.006197812785233765,0.002757259727527805,0.002541749771812988,0.0025565396707345933,0.0038838274568134953,0.0070002704438659955,0.014420151448564957,0.010428146445353436,0.0029824887596768194,0.002632179439505088,0.00035664784828099116,8.451370812345763e-07,0.0,88.90423582705115,0.2862371387178721,53.21068389976575,112.45786146512964,-0.22543580441547745,51.02681797257017,120.8355430850884,-0.5989123312951569,46.857655604820565,37.06283763226395,2.3719337000250356,39.51349727072137,84.20960075724282,0.39767199070530446,53.81351188600487,124.26524458267131,-0.5472803942025295,49.3459097662003
162_Eurema_elathea_vitellina.png,Dataset_pieridae,115435,0.01500411486984017,0.02056376123166958,0.04992439227463267,0.0033149968957999452,4.081180847326297e-05,1.5400682442740745e-06,0.0,0.0,0.0,0.0,0.0,0.0,0.0,0.0,3.850170610685186e-06,3.542156961830371e-05,3.3568675011911466e-05,0.010201087191926193,0.0035182137133451725,0.0023281500411486983,0.0035907653657902714,0.015640295404340105,0.01622016719365877,0.007237839476761814,0.0023070342617057217,0.0009068956555637372,0.0003416424827825183,9.799887382509638e-05,4.169012864382553e-05,1.6784337505955733e-05,8.121453631914065e-06,9.745744358296877e-06,0.0,0.0,7.742452462424741e-05,0.0020433577337895786,0.005332005024472647,0.003056915147052454,0.001988131849092563,0.0015398276086109066,0.0014331658509117685,0.0020433577337895786,0.005088361415515225,0.007042924589595876,0.003030385065188201,0.015025772079525273,0.014105340667908346,0.0006930307099233335,122.60177589119418,-0.0314219585649593,52.916764910827006,165.08078139212543,-0.5142046252872458,64.71726151034072,175.90539264521158,-0.9133143213940854,55.98666884873499,23.358253562610994,1.1346841424935112,9.875871623997494,83.66739723654004,-0.4098641995082466,35.01771594647273,177.52994325811062,-0.8869663273224255,57.184304157837744
163_Eurema_elathea_vitellina.png,Dataset_pieridae,125661,1.414741071436466e-05,0.002356958625013153,0.08403420490225466,0.002465186316978042,1.7684263392955828e-05,7.073705357182332e-07,0.0,0.0,0.0,0.0,0.0,0.0,0.0,0.0,0.0,0.0,3.083693429146672e-05,0.00029692983503234896,0.0009290869880074167,0.0017427841573757967,0.0037188348015693017,0.010366680990920016,0.01640773589259993,0.011535997644456116,0.0067269280047110875,0.004217199449312038,0.0029265245382417773,0.0018541950167514185,0.0008927789847287544,0.00044315658796285245,0.00023077963727807354,0.00017955053676160465,0.0,4.973699079268826e-07,2.9842194475612958e-06,8.952658342683887e-06,1.5915837053660244e-05,4.327118198963879e-05,0.00016512680943172505,0.0004978672778348096,0.0012792354031879421,0.0028031768010759106,0.005262173625866419,0.009219248613332696,0.01420786878983933,0.01668725778085484,0.01046963656186088,0.0018367870699739777,111.61353164466303,-0.49232465322018143,31.76901432547383,189.09238347617796,-0.835867455197882,25.743265902604733,200.70204757243695,-0.8901786175894224,26.69167821844647,26.2144738622166,1.331246417117531,2.703210768855105,114.2895727393543,0.6822269320072386,34.06072916832093,201.0249162429075,-0.857915315855348,26.269841547025848
164_Eurema_elathea_vitellina.png,Dataset_pieridae,103240,1.0331912695337725e-05,0.009749020620775754,0.07902363425029058,0.00010245813422876576,8.609927246114771e-07,0.0,0.0,0.0,0.0,0.0,0.0,0.0,0.0,0.0,8.609927246114771e-07,1.7219854492229541e-06,1.6950794265788453e-05,8.959705540488183e-05,0.0008336158465710964,0.006645922123208059,0.01669229465323518,0.012560538550949244,0.006793030802014723,0.004610616040294459,0.004505884347152267,0.00421711545912437,0.003118340759395583,0.0013469827586206897,0.0005545331266950794,0.00023307342115459125,0.00011865555986051917,0.00016284870205346766,3.026927547462224e-06,7.264626113909337e-06,1.3923866718326231e-05,3.9350058117008914e-05,0.00011986633087950407,0.00024941882991088725,0.0005678516079039133,0.0011357032158078265,0.0020516514916698956,0.0033259879891514915,0.005171203022084464,0.007843980046493608,0.011559836303758233,0.015384661952731499,0.010838216776443239,0.004188056954668733,123.92009879891515,-0.3938960467280222,39.721380947398934,185.83712708252617,-0.9137687026753895,32.817277978822275,199.79071096474235,-0.9963173331133305,32.64588141172102,24.2925319643549,13.277544770052863,1.9223502475055962,99.17077683068578,1.0029014475648135,37.49353786936399,199.8029155366137,-0.9931937542510061,32.62118569763343
165_Eurema_fabiola.png,Dataset_pieridae,145711,0.001319506877769466,0.017122477598351074,0.06210710851540988,0.006188200540033963,0.0008052469156984259,0.0006832398072592705,0.0004093338488133665,2.5011457230026866e-05,0.0,0.0,0.0,0.0,1.2200710843915543e-05,2.2571315061243755e-05,4.392255903809596e-05,0.0001500687433801612,3.4314499248512466e-06,1.4583662180617799e-05,6.905792973763134e-05,0.00082226118824248,0.0014853888862199835,0.001703714887688644,0.0035468324285743698,0.00252168676352506,0.0028944280116120265,0.003431449924851247,0.003494502817220388,0.00373298858699755,0.0034451757245506517,0.004844349431408748,0.010574441874669722,0.01991570643259603,0.0,0.00194048493250338,0.010245880544365217,0.007319282689707709,0.003983484431511691,0.002377994797921914,0.0017581891552456575,0.0009916890282820102,0.0010118487965905113,0.004855501643664514,0.01888712931762187,0.00912465428142007,3.8603811654576524e-06,0.0,0.0,0.0,19.147600387067552,1.505659368123832,18.68742840418774,106.40276986637934,-0.2978001482509076,56.507862544028775,116.67598877229585,-0.29553664847564315,58.9299289985835,27.01018454337696,7.092868355582006,10.379558536145565,197.03541942612432,-0.849923712459473,56.532083052674004,117.44500415205441,-0.3124238443382359,58.26119370457223
166_Eurema_fabiola.png,Dataset_pieridae,148957,0.01811827872771635,0.008519684651722757,0.06223600696099471,1.2531580702260831e-05,0.0,0.0,0.0,0.0,0.0,0.0,0.0,0.0,0.0,0.0,0.0,2.386967752811587e-06,0.0,0.0,0.0,0.0,2.4755466342635795e-05,0.0006314741838248622,0.003911783266311754,0.007995176460320764,0.006777543183603321,0.0046485730781366435,0.0038870277999691187,0.006707053042153105,0.013046550346744363,0.009985683787938801,0.0037930409447021625,0.0010913384399524695,0.0,0.0,4.195841752989118e-07,1.2587525258967353e-06,1.6783367011956472e-05,4.111924917929335e-05,0.000114126895681304,0.00036629698503594995,0.0014332995428210826,0.007232792013802641,0.00916497714105413,0.013684737877374007,0.026683875212309593,0.0037456279328933854,1.4685446135461911e-05,0.0,57.657263505575436,0.22586079676662638,26.431088972900596,154.78640144471223,-0.8811990519232229,32.95495320585571,184.469961129722,-0.9765741143541418,20.0793796605025,21.555247487529957,-0.8619263153432741,7.713139129297084,173.14138308370872,-0.27223596072611717,40.887467043650126,184.4789637277872,-0.9775952611253198,20.079932734031452
167_Eurema_fabiola.png,Dataset_pieridae,119973,1.3336334008485243e-05,0.0038660550475708884,0.08498875209885187,1.9263593567812016e-05,0.0,0.0,0.0,0.0,0.0,0.0,0.0,0.0,0.0,0.0,0.0,1.4818148898316937e-06,0.0,0.0,0.0,0.0,8.856159302509731e-06,1.719136805781301e-05,7.449592825052303e-05,0.00028183424603869204,0.0013393638568677953,0.0033476282163486786,0.006145653605394547,0.01689703099864136,0.020652563493452694,0.010231468747134771,0.0026276745601093577,0.0008762388204012569,0.0,0.0,0.0,0.0,1.5628516416193645e-05,0.00010158535670525868,0.00025161911430071767,0.0003938386136880798,0.000616284497345236,0.00095073474865178,0.0014920023671992865,0.0030751710801597025,0.009974119176814783,0.03030994473756595,0.01491637701816242,0.00040269477299058955,52.06061363806857,0.21547495365806107,17.91134539371552,190.64521183933053,-2.19271567668535,22.94812957002373,211.11879339518057,-2.4183767348268383,20.927023467463965,26.131546264576198,5.247839092006271,2.1059908340693116,192.16931309544648,-0.46544322732217785,21.807530062077987,211.17598959765948,-2.426598843438565,20.918842244210055
168_Eurema_leuce_leuce.png,Dataset_pieridae,76163,2.3341750952270497e-06,0.004643841351954215,0.08391242758586481,0.00033028577597462753,0.0,0.0,0.0,0.0,0.0,0.0,0.0,0.0,0.0,0.0,0.0,0.0,0.0,9.847301182989116e-06,4.431285532345102e-05,0.0005555519084069693,0.0007328033297007734,0.0021639444349618583,0.00828650394548534,0.017445314654097134,0.019508324251933353,0.009665946719535733,0.0026677980121581346,0.0007664482754093195,0.00032249911374289354,0.00015591560206399432,8.452266848732324e-05,9.026692751073356e-05,0.0,0.0,1.6412168638315193e-06,1.8053385502146713e-05,4.67746806191983e-05,0.00016822472854273072,0.0004332812520515211,0.0009034898835392514,0.0016986594540656225,0.003274227643343881,0.006594409358875044,0.01365328309021441,0.021352231398448066,0.011757677612489003,0.0023338103803684203,0.0002642359150768746,94.99226658613763,-0.37830926987450547,22.155366529902647,182.1769888265956,-1.1708532532455054,26.88602363709436,190.41331092525243,-1.1799054647745069,24.605447517730937,27.43708887517561,-1.662908818723775,2.6498777267590943,128.7804708322939,0.24138571597408812,22.67837630690979,190.55537465698566,-1.1730561958559427,24.481775703331394
169_Eurema_mexicana_citrella.png,Dataset_pieridae,62528,1.1372682815876266e-05,0.04004179460934834,0.03560786989650859,0.01322785170021608,0.0,0.0,0.0,0.0,0.0,0.0,0.0,0.0,0.0,0.0,0.0,0.0,0.0,0.00013893775588536336,0.004509979529170932,0.013870785887922212,0.014795371673490276,0.00244990244370522,0.0024229145342886385,0.003148589431934493,0.004359047146878198,0.0070008636131013305,0.008210321775844421,0.001512322479529171,7.696551944728761e-05,3.9982088024564996e-06,0.0,0.0,0.0,0.0,0.0,4.997761003070625e-06,0.00022789790174002048,0.005807398285568066,0.01096508764073695,0.005835385747185261,0.003543412551177073,0.002321959762026612,0.0018861550025588536,0.009582706947287615,0.019587224923234392,0.0027307766120777894,6.996865404298874e-06,0.0,102.97484327021495,-0.29207572306098767,50.85682235764482,144.09143103889457,-0.2841242056339288,55.543199327800586,154.43692425793245,-0.3009251354962567,42.45350903136449,25.211281345957012,-0.008498280070909409,7.383754282990558,98.737957395087,0.42873283477013135,45.627896746266416,156.0870969805527,-0.3001612672500683,43.84869144739947
170_Eurema_mexicana_citrella.png,Dataset_pieridae,133595,0.003171775390795564,0.03280694969455777,0.04455921919898865,0.008312353672584219,3.726021017087299e-05,0.0,0.0,0.0,0.0,0.0,0.0,0.0,0.0,0.0,0.0,1.3307217918168927e-06,4.678318799356263e-07,0.0007059583068228601,0.010873348553463827,0.02341592125453797,0.004484636401062914,0.0027976346420150455,0.0032584490437516374,0.00226337063512856,0.0021164714248287737,0.002481380291178562,0.0037576256596429506,0.0042137617425801865,0.0018100415434709383,0.0002736816497623414,3.789438227478573e-05,9.356637598712527e-06,0.0,0.0,1.403495639806879e-06,0.000262921516523822,0.004215633070099929,0.006409296755118081,0.0037889703955986376,0.0035784460496276057,0.005854448145514428,0.004971649388075901,0.009484823533814888,0.019794902503836222,0.004051891912122459,8.140274710879898e-05,4.210486919420637e-06,0.0,105.69004079493993,-0.6117635332202704,49.03306313836765,137.5443018077024,-0.6230037783929708,51.88182241171507,147.7303117631648,-0.6481064385232083,39.422735693291685,24.677645121449157,-0.28561173640445275,8.133181983679512,86.67420187881282,0.9946047916500736,50.821247931006496,148.80714098581535,-0.6479993747266362,40.13038687581763
171_Eurema_mexicana_citrella.png,Dataset_pieridae,125518,0.01885165651318713,0.012803829818122588,0.05417974580007118,0.0025898011971722517,1.6288057843850638e-05,0.0,0.0,0.0,0.0,0.0,0.0,0.0,0.0,0.0,0.0,0.0004475675024918958,1.9917462037317356e-06,0.0009087342054526044,0.00599615194633439,0.007828558453767587,0.013189343361111553,0.014110525980337482,0.012476298220175592,0.004622345002310425,0.0016845193518061155,0.0007359502222788764,0.00048100670820121417,0.0002688857375037843,0.00013543874185375802,3.834111442183591e-05,1.3444286875189216e-05,8.464921365859876e-06,0.0,0.0,1.9917462037317356e-06,2.4398890995713762e-05,0.00015137271148361192,0.0002773506588696442,0.000565655921859813,0.005443940311349767,0.019284584681081598,0.021602977262225338,0.011865828008731816,0.0032126866266192896,6.921318057967781e-05,0.0,0.0,0.0,99.36191621918769,-0.21645868396779416,20.279919469791537,131.6674819547794,0.09073355554617131,22.995614396582994,147.29359135741487,-0.3522154927240331,16.777379292065042,22.66092512627671,6.064326532170712,14.439452377638677,83.65874217243741,0.5686868069640906,28.234619065040384,147.58600360107712,-0.3372955054044459,16.918467918991325
172_Eurema_mexicana_citrella.png,Dataset_pieridae,104382,0.00017286931122649924,0.008299430084795377,0.06874237576082722,0.011643557105418345,3.065662662144814e-05,0.0,0.0,0.0,0.0,0.0,0.0,0.0,0.0,0.0,0.0,0.0,0.0,7.783909103102068e-06,0.0002119618324998563,0.003820701845145715,0.011360315954858117,0.009237703818666053,0.012371625376022686,0.011320797647103907,0.007385133452127762,0.0033877967465654997,0.0016938983732827499,0.000847248567760725,0.0005113429518499358,0.00022453583951255964,6.706137073441782e-05,5.2092314766913836e-05,0.0,0.0,1.31727692514035e-05,4.6104692379912245e-05,0.0003143501753175835,0.0009538282462493534,0.003505154145350731,0.014521181812956257,0.028205892778448392,0.013323657335555938,0.0015118746527179015,0.00010298710505642735,1.7962867161004771e-06,0.0,0.0,0.0,78.62054760399303,-0.46275472537925627,20.425713084971914,127.21228755915772,-1.0208894384147689,18.25180178708896,131.66498055220248,-0.6452062473435038,15.134942052826261,27.95493475886647,-0.29566215832696335,4.592555676003851,105.73507884501159,0.6646928303068055,31.555756304171126,133.1553620356,-0.7643101502540186,15.318850451270933
173_Eurema_mexicana_citrella.png,Dataset_pieridae,123812,0.0045179609228328255,0.035715798504542734,0.0144735566827125,0.03260211718842546,0.0008105478916062705,1.866629334079985e-05,0.0,0.0,0.0,0.0,0.0,0.0,0.0,2.871737437046131e-06,9.333146670399925e-06,0.0007380365213208557,2.0191903854230606e-06,0.0010106047879042419,0.005432631731980745,0.002705210318870546,0.002377596678835654,0.002144884986915646,0.002887442251154977,0.005371551222821697,0.008176711465770684,0.009951579814557555,0.008340265886989953,0.00696014925855329,0.0034588731302297032,0.0023044010273640682,0.000945990695570704,0.00043008755209511193,3.028785578134591e-06,1.665832067974025e-05,9.742593609666268e-05,0.0017117686492423999,0.008104020611895454,0.00961134623461377,0.005780437275869867,0.004711275966788357,0.005520971311343004,0.004133787516557361,0.00908686153200013,0.012019735566827125,0.0016951103285626596,7.5719639453364776e-06,0.0,0.0,60.967418343940814,1.1320515223621024,36.422791637034486,120.50272994540109,0.031891746062464796,50.69542711987725,123.21081962976125,-0.14906754302104394,36.742098092673906,27.773430685232448,5.872285604172549,16.72403636148639,135.831752980325,-0.47218489688411636,51.97432821918217,129.95587665169774,-0.06646792050777767,43.193057453831976
174_Eurema_mexicana_citrella.png,Dataset_pieridae,109152,2.44307632170429e-06,0.010429492817355616,0.07783559725072478,0.0006213557444867911,0.0,0.0,0.0,0.0,0.0,0.0,0.0,0.0,0.0,0.0,0.0,0.0,0.0,0.0,0.0,1.4314900322486074e-05,0.0006659291630020522,0.005332586668132512,0.008456097918498974,0.013324309220170038,0.015165205401641747,0.010008978305482263,0.005413895301964233,0.0026224897390794487,0.0011222881852829083,0.00029545954265611257,6.699373350923482e-05,1.1451920257988859e-05,0.0,0.0,0.0,2.290384051597772e-06,3.378316476106713e-05,0.00014028602316036354,0.0006367267663441806,0.0018134115728525358,0.010361124853415421,0.03945587346086192,0.010019857629727352,3.664614482556435e-05,0.0,0.0,0.0,0.0,72.773215332747,-0.16711755036148165,18.544110516648168,139.07088280562886,-1.1522149327279765,15.967187689380413,149.2319700967458,-1.722610633507624,10.94272308682599,26.37297530049839,-0.35338856608949837,3.478022891876533,131.85497288185283,0.3403795303270394,27.36576909045131,149.7572925828203,-1.5627728484414896,11.313300445005295
175_Eurema_mexicana_citrella.png,Dataset_pieridae,105203,4.731592994285123e-05,0.031694068715826654,0.057141589751876526,5.914491242856404e-06,0.0,0.0,0.0,0.0,0.0,0.0,0.0,0.0,0.0,0.0,0.0,0.0,0.0,0.0,0.0,0.0,6.534984743781071e-06,5.643850460538198e-05,0.00044556714162143665,0.006161302434341226,0.00571276484510898,0.011466521867247132,0.016082597454445215,0.012877484482381681,0.006118527988745568,0.002545673602463808,0.0008311312415045199,0.00019545545279127022,0.0,0.0,0.0,1.7822685664857467e-06,2.0793133275667045e-05,0.00012891742630913568,0.0006552807429445928,0.002272392422269327,0.012760448846515783,0.03762665988612492,0.009004020797885991,2.9704476108095778e-05,0.0,0.0,0.0,0.0,52.40528311930268,0.13807556038778693,17.25411446777142,126.20970884860698,-1.0044021674948318,15.929171349596736,148.660599032347,-1.3258047271272977,11.54983134587769,23.088219917682956,-1.0067645534666827,2.6087921931012024,165.90608632833664,0.02266603871186071,26.420682641636972,148.66159710274422,-1.3250365130031112,11.547201653030426
176_Eurema_mexicana_citrella.png,Dataset_pieridae,68414,1.2992792248500145e-06,0.0007392898789396582,0.07535689576207598,0.01271994361128164,7.14603573667508e-05,0.0,0.0,0.0,0.0,0.0,0.0,0.0,0.0,0.0,0.0,0.0,0.0,2.4666004034261993e-05,0.0002494007074575379,0.0020171309965796476,0.00901131347385038,0.0264337343233841,0.015479287865056859,0.005455754670096764,0.002248260589937732,0.001021355278159441,0.0003663358376940392,0.00010779957318677463,3.836933960885199e-05,1.735755839448066e-05,5.4813342298359986e-06,2.3752448329289328e-05,9.135557049726664e-07,2.7406671149179993e-06,1.5530446984535328e-05,6.212178793814131e-05,0.00013794691145087263,0.00021833981348846727,0.0004311982927470985,0.0009263454848422837,0.003905450638758149,0.01317347326570585,0.039533209576987166,0.004070804221358202,2.1925336919343994e-05,0.0,0.0,0.0,102.50159324114948,-1.0423412551254458,17.899314702243817,160.62039933346975,-2.549133726052537,15.986248626736016,158.63226824918877,-2.440694333466195,14.140427341314462,31.136317128073202,-0.3072564692819216,2.902214285203053,94.5802467331248,1.1211035810111805,19.925779839605635,161.9523050837548,-2.5138347362956472,14.572429704043596
177_Eurema_mexicana_citrella.png,Dataset_pieridae,77787,2.2854432974375895e-06,0.0029470791320457715,0.07804674588584495,0.00765166415982105,0.00023197249468991533,6.856329892312769e-06,2.2854432974375895e-06,0.0,0.0,0.0,0.0,0.0,0.0,0.0,0.0,0.0,0.0,7.633023512926325e-05,0.001690513839073367,0.0031303431164590484,0.001324932186612159,0.0016254322701736794,0.003159268258192243,0.010754528391633563,0.025091756977386966,0.012310861712111279,0.0025871932328023965,0.000523062979675267,0.0001566778510548035,4.419118875904714e-05,1.6872999344363454e-05,8.034761592554026e-06,0.0,8.034761592554026e-07,4.017380796277013e-06,8.838237751809428e-06,1.8479951662874258e-05,5.8653759625644385e-05,0.00016872999344363454,0.000634746165811768,0.0021750099631043748,0.006324964325658529,0.013078181444200188,0.020897611426073767,0.01558743748955481,0.0031126666409554294,0.0004057554604239783,2.4104284777662076e-05,91.31165876046126,1.2616188853984094,26.532485570076364,177.37151452042116,-0.825310115812129,21.97970464838953,176.99979431010323,-0.7683256041160144,19.768090573510925,30.48852636044583,0.49185010854917294,3.841302954633636,126.88612493090105,-1.3388623149699348,29.432381818293823,180.16718731921787,-0.7160603680771584,20.258881773896167
178_Eurema_mexicana_citrella.png,Dataset_pieridae,70286,1.6440764242602445e-05,0.0010825610916667457,0.04214526679882512,0.03570807526076001,0.009382617685835965,0.00047804683720797887,4.6792944382791574e-05,1.1382067552570925e-05,5.058696690031522e-06,0.0,2.529348345015761e-06,3.7940225175236415e-06,3.7940225175236415e-06,0.0,0.0,2.529348345015761e-06,5.3353441652676205e-06,0.00014138662037959195,0.003986391315482458,0.002848184560225365,0.0015179054150186381,0.002484491932959622,0.013555331075889935,0.02183311754830265,0.010901886577696838,0.0032536707167857043,0.0011853356287169564,0.0004561719261303816,0.00021252454258316022,6.935947414847908e-05,2.5787496798793502e-05,2.311982471615969e-05,0.0,0.0,9.781464302990639e-06,6.935947414847908e-05,9.159007483709416e-05,0.00016717411717838545,0.0003805878837890903,0.000511303815838147,0.0008429843781122841,0.0019047178670005406,0.007240951256295706,0.023596448794923598,0.026167195458555045,0.0015152377429360044,2.6676720826338102e-06,0.0,105.24034658395698,0.4526111577854625,26.740725983117272,184.54754858720088,-2.4513503681568474,19.96951002049674,173.96202657712774,-1.863952428474565,18.99615204054419,35.30183820390974,1.7475705965672932,7.031924533549457,111.70334063682668,-0.7239498957558235,30.16773512363036,185.77776513103606,-2.503666032803507,18.230718186958775
179_Eurema_mexicana_citrella.png,Dataset_pieridae,61356,0.0,0.002610629405074936,0.06016037551339722,0.026090357911206726,2.7526059210002102e-05,0.0,0.0,0.0,0.0,0.0,0.0,0.0,0.0,0.0,0.0,0.0,1.0186452832648805e-06,0.0001293679509746398,0.0005541430340960949,0.004328223808592477,0.009005842949344808,0.00864727980963557,0.009836038855205684,0.011554493448073537,0.009381723058869548,0.0054385471673511964,0.002179900906186844,0.0008240840341612883,0.00040236488688962776,0.00016196460003911598,4.2783101897124975e-05,1.2223743399178565e-05,0.0,0.0,1.0186452832648805e-06,7.130516982854163e-06,0.00017826292457135407,0.0009697503096681661,0.009057793858791316,0.009762696394810614,0.006289115978877371,0.00792098572266771,0.008685988330399635,0.009561004628724168,0.008484296564313189,0.0010339249625138536,0.0004879310906838777,6.010007171262794e-05,90.01572788317361,0.5148459887891961,36.9051909521629,150.0235021839755,-0.06999506092702804,36.24827241732954,146.81175435165264,0.05817458113836398,32.14394843104005,31.718919095117023,-0.14506219924660735,4.510974366717189,108.93775669861138,0.24073940282729542,32.81388697262239,152.16275506877892,0.0031817876181912483,34.91748553574058
180_Eurema_mexicana_citrella.png,Dataset_pieridae,76290,0.0002248729264065481,0.0039836297170154815,0.06172354029216003,0.012759499570352894,0.004448522450881869,0.004799231004500372,0.0007771515125034591,7.340411587364005e-05,2.6798328017360652e-05,1.165144696406985e-05,9.321157571255881e-06,5.825723482034925e-06,6.9908681784419105e-06,5.825723482034925e-06,9.321157571255881e-06,2.33028939281397e-05,0.0003088543714772578,0.006582612400052431,0.0025609516319307904,0.004508290732730371,0.015013435574780442,0.017897987940752393,0.010459267269629048,0.003218803250753703,0.0012460676366496265,0.000457137239480928,0.00016384847293223227,6.717787390221522e-05,1.146939310525626e-05,2.457727093983484e-06,8.192423646611614e-07,8.192423646611614e-07,0.0,0.0,1.5565604928562067e-05,0.00014992135273299252,0.00020808756062393497,0.00017286013894350505,0.00019170271333071175,0.0002769039192554725,0.00041945209070651463,0.0009470441735483025,0.0022856861974046403,0.0050072093328090185,0.018653329400969983,0.031137763796041423,0.0030279197797876524,6.553938917289291e-06,141.8432953204876,-0.22149789555034466,29.63223075353165,200.2547384978372,-3.0187802777871124,23.506687667152224,199.09956744003145,-2.6788484606648755,22.479051778313167,33.383955957530475,2.739097547051873,10.679251711617935,78.22958448027265,-0.31406396444990003,28.483231546413805,203.4589068029886,-3.1897418271602396,21.354398866157542
184_Eurema_paulina.png,Dataset_pieridae,73661,1.2067293260869237e-05,0.0009677969195217128,0.08187779150432387,0.005022407455173777,0.0008579845508478028,0.00011584601530434468,2.0514398543477704e-05,6.033646630434619e-06,6.033646630434619e-06,0.0,0.0,0.0,0.0,0.0,0.0,2.4134586521738474e-06,4.0727114755433676e-05,0.0002655747274677238,0.0007746636619106448,0.002458899553359308,0.006663974151857835,0.015692666404203037,0.015481394496409225,0.007581182715412498,0.0035687134304448758,0.002486050963196264,0.0031784119140386364,0.002839867772634094,0.000991874940606291,0.0002613323196806994,0.00011115108402003775,0.00010351475000339393,0.0,0.0,6.787852459238946e-06,2.7151409836955783e-05,0.00013745401229958866,0.0004870284139503944,0.0018946593176850709,0.004440103989899675,0.00921111578718725,0.01575715100256581,0.01729120565835381,0.009889052551553739,0.002983261155835517,0.0003741803668155469,8.484815574048682e-07,0.0,90.88159270170104,-0.35474329694273354,26.735964352196095,149.91018313625935,-0.5718496582231652,22.823126372778212,156.07587461478937,-0.5422659925348033,24.287813739919535,27.70630319979365,5.064279934390276,4.054652639411559,108.0819158034781,0.9088957045036429,35.357684654994934,156.84861731445406,-0.48029823325966814,23.405748016681308
185_Eurema_phiale_columbia.png,Dataset_pieridae,155885,0.04227218783077269,0.045298350279586445,0.0011603995823131724,2.2808836998784717e-05,0.0,0.0,0.0,0.0,0.0,0.0,0.0,0.0,0.0,0.0,0.0,0.00013514235921779946,6.414985405908201e-06,0.004722231131924175,0.02397239952529108,0.00520375597395516,0.0025888475478718287,0.0047077974147608816,0.006864836257497514,0.006699650383295378,0.0052815376720017964,0.0018074221381146358,0.0004566667735830901,0.00015676620585688167,2.044776598133239e-05,5.613112230169676e-06,3.6084292908233632e-06,2.004682939346313e-06,0.0,0.0,8.018731757385252e-07,3.6084292908233632e-06,2.2051512332809443e-05,4.049459537479552e-05,0.0003395932899252654,0.0016690990152997403,0.003113272604804824,0.005852070436539757,0.006504394265003047,0.012134746768451101,0.02233457356384514,0.010345767713378452,0.0001383231228148956,1.2028097636077877e-06,135.01646726753697,-0.4761348183541611,40.955015954161865,149.72633030759854,-0.5088303883633065,42.20578544728359,185.1834044327549,-1.0315555694113776,25.05725713405328,11.218693267472817,10.032893274066202,8.937495057153626,72.56045161497258,0.5604878235934251,40.184849176927344,185.1850145940918,-1.0316660415332273,25.056288685319156
186_Eurema_phiale_columbia.png,Dataset_pieridae,92075,1.930793133616919e-06,0.0015031224545207712,0.08300962379702538,0.004374211844209129,0.0,0.0,0.0,0.0,0.0,0.0,0.0,0.0,0.0,0.0,0.0,0.0,0.0,0.0,3.12245452077111e-05,0.00033939723051859896,0.002647298398045072,0.01212937822427369,0.017228482215585122,0.010953706217757262,0.008488324735270161,0.006863290795547108,0.002952755905511811,0.0006197393429269617,0.00017716535433070867,3.32609285908227e-05,1.629106706489275e-05,1.968503937007874e-05,6.78794461037198e-07,1.357588922074396e-06,8.824327993483573e-06,3.665490089600869e-05,0.00015001357588922075,0.0005661145805050231,0.0016345370621775727,0.005240293239207168,0.01770092316046701,0.03242261743144176,0.004606978007059463,0.0001310073309801792,0.0,0.0,0.0,0.0,78.87039913114309,-0.5276242963589103,17.419686533741785,140.7258865055661,-1.5438595912535236,16.43612262868115,142.18775997827856,-1.328209472877565,14.973823482588069,29.57445560684225,-0.5898180241634916,2.6805811463130476,115.35755633994026,0.5535099940070121,26.132942879798282,143.56425739885964,-1.403763489232417,14.82877513638976
187_Eurema_phiale_columbia.png,Dataset_pieridae,104081,6.832285538293359e-06,0.00010163024738211371,0.08726792914492879,0.0015039568541168257,8.5403569228667e-06,0.0,0.0,0.0,0.0,0.0,0.0,0.0,0.0,0.0,0.0,0.0,0.0,0.0,1.6813827691893813e-05,7.566222461352217e-05,0.0002233837107637321,0.0004996108799877019,0.0010064276861290725,0.0020332721630268733,0.0069248950336756945,0.0208671611533325,0.017255190668806025,0.008361876807486478,0.0032192475091515262,0.0013589175738127036,0.000407735321528425,0.00024980543999385095,6.004938461390647e-07,2.9424198460814173e-05,5.224296461409863e-05,8.106666922877374e-05,0.00024079803230176496,0.0005506528569095224,0.0008172721245952671,0.0012340148538157781,0.0018417146261085115,0.004219069762973069,0.015054981216552493,0.029383364879276716,0.008929943985934032,6.485333538301899e-05,0.0,0.0,64.5509362900049,-0.43253181175608607,16.726014309627253,172.89199757880883,-2.397336217074586,21.894180641027496,172.9088594460084,-2.204271285814319,22.511061567546868,30.091765067591588,0.5669661063951615,1.489478643823872,160.52520632968555,-0.062327051864116675,23.82574947320233,174.4631392857486,-2.3037269339725825,21.8075255650246
188_Eurema_salome_salome.png,Dataset_pieridae,121198,0.015249243203499874,0.007516809041586679,0.06612063638747247,0.0,0.0,0.0,0.0,0.0,0.0,0.0,0.0,0.0,0.0,0.0,0.0,2.200256329862429e-06,0.0,0.0,0.0,3.0941104638690407e-06,2.3721513556329314e-05,0.00014026634102872983,0.0010844857175860989,0.002586676347794518,0.002338116140530372,0.00211843429759567,0.0026939388438753115,0.0023530710077724055,0.004268325384907342,0.01518537847159194,0.016378158055413455,0.013326333767883959,0.0,0.0,1.0313701546230135e-05,6.961748543705342e-05,0.00020266423538342217,0.0004012029901483523,0.0006533729929536791,0.0028027483951880393,0.008033342134358653,0.010542150035479134,0.005954615587715969,0.022487994851400187,0.011297628673740491,4.4348916648789584e-05,0.0,0.0,27.06470403802043,1.1771235716796462,21.584732180466798,145.1020891433852,-0.8008168251260271,41.44989321072956,168.36366936748132,-0.8920422333979271,25.764014815017273,23.22190135150745,-1.1361299052193579,8.05463703203861,211.30773610125578,-1.2798692855343112,38.28687044291996,168.36380963382234,-0.8920513260155591,25.764002106295695
189_Eurema_salome_salome.png,Dataset_pieridae,162459,0.013303869489122384,0.02737210277328092,0.048201426547963215,3.830026174125301e-06,0.0,0.0,0.0,0.0,0.0,0.0,0.0,0.0,0.0,0.0,1.0942931926072287e-06,6.565759155643372e-06,0.0,0.0,0.0,0.0,3.077699604207831e-06,7.694249010519578e-05,0.0008259776312792767,0.0027776238927975675,0.004142583667263741,0.003403551049803335,0.00397331018903231,0.00480467379461895,0.005044734363747161,0.016052126998196466,0.011886460583901168,0.00950893763965062,0.0,0.0005755298259868644,0.005430985664075244,0.005561787897254076,0.0025214054007472657,0.0009013812715823685,0.0005432139801426821,0.001090275084790624,0.004051406816489083,0.010156408693885842,0.009530096824429549,0.02075446728097551,0.001380732984937738,2.3082747031558734e-06,0.0,0.0,27.235874897666488,1.1955844375979434,22.972918803047275,117.9182993863067,-0.4399729366610477,54.528919870522145,140.16146843203515,-0.9670056224700643,52.07632836301834,21.74856425313464,0.1792486246599841,7.257570230387516,202.12703512886327,-0.8130872291766773,38.963350519256046,140.1617946681932,-0.9669810680607382,52.075734044371785
190_Eurema_salome_salome.png,Dataset_pieridae,120603,6.633334162500104e-06,0.0023098743628083697,0.08656648489488468,5.8962970333334255e-06,0.0,0.0,0.0,0.0,0.0,0.0,0.0,0.0,0.0,0.0,0.0,0.0,0.0,0.0,0.0,0.0,1.5546876943359618e-06,4.664063083007885e-06,3.627604620117244e-05,0.00017049741714551047,0.0008048099964345829,0.00243308624163578,0.008108732784424932,0.0194470701392171,0.023571138363058963,0.005788102286012785,0.001311119955556661,0.0008229480195351692,0.0,0.0,0.0,1.0364584628906412e-06,1.813802310058622e-05,4.042188005273501e-05,9.690886628027495e-05,0.0002741432634345746,0.00046433339137500726,0.0006809532101191512,0.001076362113711931,0.0016966825037519797,0.002912966509954147,0.008569956800411267,0.026366985066706466,0.02030111191263899,58.725396549007904,-0.023555059842282216,18.29996534100235,207.75627471953433,-1.7097369163796354,25.685921355531967,228.2905566196529,-2.2874884874254593,22.876778995225106,26.432194887357696,0.02132991359167285,2.1004481833272894,190.1405769342388,-0.15241382779020307,18.748170983630278,228.5728381549381,-2.3131074576944957,22.89459559793341
191_Eurema_salome_salome.png,Dataset_pieridae,110422,6.439940511049528e-05,0.015851108575384534,0.07240022620291045,0.0005280751219060613,4.5079583577346705e-05,0.0,0.0,0.0,0.0,0.0,0.0,0.0,0.0,0.0,0.0,0.0,0.0,0.0,2.26404158591585e-06,6.226114361268588e-06,2.037637427324265e-05,5.3204977269022475e-05,0.00022131006502327434,0.0004324319429099274,0.000498655159297966,0.0009101447175381718,0.003111359149444857,0.010237996051511475,0.018629100179312092,0.019036061654380466,0.007257951314049736,0.002082918259042582,0.0,0.0,1.6980311894368876e-06,3.62246653746536e-05,0.00014150259911974064,0.00017489721251199943,0.0003531904874028726,0.0010069324953360743,0.0025776113455651954,0.006411199760917209,0.014890601510568546,0.022028558620564742,0.01331765861875351,0.0015112477585988299,4.5280831718317e-05,3.396062378873775e-06,36.054047200738985,0.6565228504939531,15.880183588618443,154.39156146420098,-0.4526271476899456,25.91196767517753,175.90097987719838,-1.3114807770899117,21.02215765772044,25.460044194091758,0.2997374975037913,3.625446062114698,203.27878502472333,-1.0367666635835195,22.46383731473682,176.577738131894,-1.2382216977311533,20.942912586774668
192_Eurema_salome_salome.png,Dataset_pieridae,94068,5.5751631207684274e-05,0.016539335610645727,0.07096710181287295,0.0013200852338497446,3.779771607300629e-06,0.0,0.0,0.0,0.0,0.0,0.0,0.0,0.0,0.0,9.449429018251573e-07,1.8898858036503146e-06,6.644129778458136e-06,0.00035745418208104777,0.0008404824169749543,0.0005328592082323426,0.0011002678913126674,0.0024410532806055196,0.004490102904282009,0.007631447463537016,0.007404218225113748,0.00474390866181911,0.002734723816813369,0.002673597822851554,0.004284134881149806,0.006314580941446613,0.008275928052047455,0.008668596121954331,6.644129778458136e-06,5.780392907258579e-05,0.0001601235276608411,0.00021261215291066036,0.0002524769315814092,0.00040130543861887144,0.0005102691669855849,0.0007587596206999192,0.0012962697197771824,0.002285580643789599,0.0035439788238295702,0.00783542224773568,0.018151762554747628,0.021487780116511458,0.005157173534039205,0.00038203746226134287,64.24075137134838,0.42866673135088584,46.303648907998024,173.0774227154824,-1.584006165160984,30.078219231300164,196.60370157758217,-2.1342882243750516,30.408790750509386,24.96754475485819,2.1920636006019123,3.6129528811273115,171.2893864013267,-0.2196842251986526,57.75504642564075,196.98623336309905,-2.1703889235904734,29.82336505856998
193_Eurema_salome_salome.png,Dataset_pieridae,58020,6.740970546554827e-05,0.007701558849438891,0.08103872227967368,5.208931785974185e-05,3.0640775211612853e-06,0.0,3.0640775211612853e-06,0.0,0.0,0.0,0.0,0.0,4.596116281741928e-06,6.128155042322571e-06,4.596116281741928e-06,7.660193802903213e-06,1.1849362288865909e-05,6.463288521199586e-06,9.69493278179938e-06,3.33936573595312e-05,0.00012818855567045846,0.00018312650810065496,0.0001906670113753878,0.0003813340227507756,0.0008833160978972767,0.002789986211651155,0.010601947604274388,0.02203335056876939,0.01859811271975181,0.004990735953119614,0.0009414856945880731,0.0007163478110996208,1.0772147535332643e-06,8.617718028266114e-06,2.3698724577731818e-05,0.00011957083764219235,0.00024345053429851776,0.00036194415718717685,0.0005913908996897622,0.0014984057221647709,0.002986039296794209,0.0042927007928300585,0.010974663908996898,0.028261806273698724,0.012299638055842813,0.0008079110651499483,2.908479834539814e-05,0.0,47.82135470527405,0.29862541357753364,15.242540651996041,155.01482247500863,-1.441703060353237,23.88761506029999,176.1191830403309,-1.8784293856699144,22.823619985736133,25.11311616683902,19.668833624634875,3.221979996018567,186.18017924853498,-1.0114964224700906,21.406091620492983,176.23023095484317,-1.8842495652635018,22.81263195573371
194_Eurema_salome_salome.png,Dataset_pieridae,54061,2.795196372821648e-05,0.004212525357158272,0.07497867635119998,0.009636850553592752,4.932699481449967e-06,1.6442331604833224e-06,4.932699481449967e-06,0.0,6.5769326419332895e-06,3.2884663209666447e-06,6.5769326419332895e-06,0.0,0.0,0.0,0.0,4.932699481449967e-06,2.312202881929672e-05,0.0001664786074989364,0.0006878803573740775,0.003120317789164092,0.004064852666432363,0.004944645863006604,0.008217569042378055,0.019216718151717504,0.013957612696768465,0.005528477090693846,0.0015387710179241968,0.0005410554743715433,0.00020809825937367048,0.0001156101440964836,5.896117348920664e-05,0.00010982963689165943,0.0,3.468304322894508e-06,2.1965927378331884e-05,9.133201383622204e-05,0.00014220047723867484,0.00024740570836647493,0.0004485673590943564,0.0007422171250994247,0.0013237361499047373,0.0019087234790329444,0.0034370895839884574,0.005652179944877083,0.01278532583563012,0.022044542276317493,0.012422309983167163,0.0012289358317456207,111.92708236991547,-0.0626768555709418,30.131112147618566,199.07315809918424,-1.5644824410652503,31.638580724042175,200.22409870331663,-1.8938931607836955,26.94387710315475,29.85161206784928,3.515439920135399,3.9955433636769895,116.30398993729305,-0.2176598851249855,29.218697894361263,203.77136937903478,-1.7828677699169764,28.346719190823276
195_Eurema_salome_santamarta.png,Dataset_pieridae,96601,3.95671082309937e-05,0.006068490204265196,0.06488821716821427,0.0036512159409437905,0.013739908374539485,0.00048032629061810954,2.116380207704314e-05,0.0,0.0,0.0,0.0,0.0,0.0,0.0,0.0,0.0,0.0,2.587964927899297e-06,4.0113456382439104e-05,0.00026203144894980385,0.0014240277015765883,0.006576018881792114,0.015858402086934918,0.025670671111065104,0.010737466485854184,0.0013192151219966668,0.00037978385316922187,0.00014104408857051168,4.852434239811182e-05,2.3291684351093675e-05,1.4233807103446135e-05,2.587964927899297e-06,0.0,0.0,0.0,0.00018503949234479974,0.0020082607840498545,0.002360871005476134,0.0029800416144760405,0.0037713118911812506,0.0009672518918023623,0.0005887620210970901,0.0006385803459591515,0.0008818490491816855,0.0021531868200122153,0.005520129191209201,0.03252683719630232,0.0079178786969079,111.59834784319003,-1.112063048416864,30.170164340457642,192.00547613378743,-1.3793364047646166,47.77227423343125,198.29633233610417,-1.408720394393774,63.088689832326054,30.44398091117069,1.4546207165359843,9.697260645954469,114.66830571112101,0.021427367184085867,17.412978144628187,203.76089274438152,-1.4163686342383515,53.06798628766457
196_Eurema_salome_santamarta.png,Dataset_pieridae,113261,9.417775462574643e-06,0.0060258066668040094,0.08174079731279472,0.0011128671338275704,0.0,0.0,0.0,0.0,0.0,0.0,0.0,0.0,0.0,0.0,0.0,0.0,0.0,0.0,1.103645562020466e-06,1.8761974554347922e-05,6.18041514731461e-05,0.00021024447956489878,0.0006528063499351057,0.0035719488614792383,0.011376378453306964,0.014341874078455956,0.017991629952057636,0.008710522598246529,0.0035178702289402355,0.0011786934602378578,0.0004486319209613194,0.0004177298452247464,0.0,1.655468343030699e-06,8.277341715153495e-06,4.138670857576748e-05,7.173696153133028e-05,0.00017161688489418246,0.0004033824529184803,0.0008773982218062704,0.0020660244921023125,0.006414388006462948,0.017968453395255206,0.027205414926585497,0.006978902711436417,0.00026487493488491185,2.4832025145460484e-05,1.655468343030699e-06,65.6317796946875,-0.3321666554721846,19.284810715116596,163.33612629236896,-1.6170298808587158,20.70443538706621,173.1339825712293,-1.5574629175327441,18.06860768327281,27.472669321302124,-0.4263645343620716,3.0657248710167213,160.06772852085007,0.3706937656720224,24.396546339067445,174.12031502458922,-1.6082986568886126,18.243704240981778
197_Eurema_sp_montezuma.png,Dataset_pieridae,104966,0.0,0.0002498163426464019,0.08772449068163872,0.0009137350295439581,8.468350598183115e-07,0.0,0.0,0.0,0.0,0.0,0.0,0.0,0.0,0.0,0.0,0.0,0.0,0.0,1.6076634338738258e-05,3.3939561381780764e-05,0.0001042004077510813,0.00035309052455080695,0.0009187498809138197,0.0021572461558981002,0.004379394280052589,0.007271402168321171,0.01061415124897586,0.014574362174418383,0.009903802183564202,0.006764095040298764,0.0034969656841262885,0.001912524055408418,0.0,5.954309014347503e-07,1.0122325324390755e-05,9.169635882095155e-05,0.0003233189794790694,0.0010068736543261628,0.0021119934073890595,0.003541623001733895,0.014286769049025398,0.02186422270068403,0.012237891317188422,0.005338633462263971,0.0012134881771240212,0.0003751214679038927,9.526894422956004e-05,2.381723605739001e-06,44.802040660785394,0.6775179267924248,21.773261485467017,147.66291942152696,-0.49428952742295834,23.074218075659736,149.18316407217574,-0.42588801133738496,22.636896783120065,29.572461558981004,0.3377152259912592,1.600694709249902,180.0992226054151,-0.24324192352142213,32.10756238551674,150.18483127869976,-0.41745755311018085,22.41751262996292
198_Eurema_sp_x_amarilla.png,Dataset_pieridae,58959,0.0,0.00012664167754993584,0.07572267734075093,0.012911420554019648,0.0001251340385314842,3.015278036903234e-06,0.0,0.0,0.0,0.0,0.0,0.0,0.0,0.0,0.0,0.0,0.0,0.0,3.1801760545463797e-06,3.922217133940535e-05,0.00011236622059397209,0.00031801760545463795,0.0006211943893213929,0.0012434488373276344,0.003435650197594939,0.01270162316185824,0.027148102918977596,0.011715768584948863,0.002604564188673485,0.001061118743533642,0.0005300293424243966,0.0009657134618972506,0.0,1.1660645533336726e-05,0.0001876303872182364,0.00039434183076375107,0.0005395698705880357,0.0008183653047032684,0.0015063433911701352,0.002891840092267508,0.0065183008531352294,0.012471590427246052,0.02013157448396343,0.014461320578707236,0.002229303414237012,0.00031059719466069644,2.650146712121983e-05,1.0600586848487932e-06,55.69661968486575,-0.29758693668937286,17.172815315286396,159.18126155463966,-1.4548130421274554,26.220498500080556,151.12281415899184,-1.396381270781099,25.853953966705454,32.48621923709697,1.6127825006807979,1.7554027599220376,167.255499584457,0.3221681635933474,22.55811431431251,159.27680252378772,-1.4274746046627833,26.055982124933394
199_Eurema_sp_x_romera.png,Dataset_pieridae,65477,5.430235892841083e-06,0.0011675007169608326,0.08492888936403453,0.002677106295170654,0.00010724715888361137,0.0,0.0,0.0,0.0,0.0,0.0,0.0,0.0,1.3575589732102707e-06,0.0,1.3575589732102707e-06,3.4363211509384974e-05,0.0008390350810208165,0.0019424759839332896,0.0020226568107885212,0.0030172808772546086,0.004333582784794661,0.00939261114589856,0.0185714067535165,0.014250232906211342,0.004454808558730546,0.0019329306474029047,0.0010137147395268568,0.0004448126823159277,0.00016513432197565558,5.2499350917115936e-05,3.245414420330803e-05,0.0,0.0,1.1454403836461659e-05,4.104494708065427e-05,8.590802877346243e-05,0.00033981398048169584,0.0010213510087511645,0.0029886448676634545,0.005550613192418712,0.010964728072452922,0.017932823739633764,0.018443499244009346,0.0050256196832475526,9.354429799777022e-05,9.545336530384715e-07,0.0,91.27325625792263,0.42702701432469725,27.60351671481408,156.63190127831146,-0.8555215089995477,22.532366324487903,164.84092123951922,-0.9654728025826251,22.516679502234037,27.04667287749897,5.3788111073153635,2.7629361123850953,116.00702536768637,-0.4749954643426636,31.73879217692911,165.15426791086946,-0.9448755511288209,22.50607611917069
200_Eurema_xantochlora_xantochlora.png,Dataset_pieridae,61149,1.4536441951444651e-06,0.00020496383151536956,0.08628105120279972,0.002398512921988367,2.9072883902889303e-06,0.0,0.0,0.0,0.0,0.0,0.0,0.0,0.0,0.0,0.0,0.0,0.0,2.044187149421904e-06,3.066280724132856e-06,3.883955583901617e-05,0.00031071644671212936,0.0017304044219856416,0.010873031447775107,0.031987440514153954,0.013532518929173004,0.0023661466254558537,0.0006265433612978135,0.0003536443768499894,0.00021463965068929992,0.00014309310045953328,8.892214099985281e-05,0.00022894896073525324,0.0,2.9640713666617607e-05,6.643608235621188e-05,0.00010016517032167328,0.0001594465976549085,0.0002299710543099642,0.00035568856399941125,0.0004814060736888584,0.0005897479926082193,0.0008176748597687615,0.0013726716708368084,0.002706503785834601,0.009247902663984692,0.04176172136911478,0.004558537343210846,2.2486058643640943e-05,109.50146363799898,-2.1617142946636574,19.892919742542635,207.94220674091153,-3.5798403261284926,24.131254632533892,204.9635480547515,-3.4017554525852782,23.593005317125918,30.887700534759357,-1.0346991080409296,1.4788563048418908,122.13928273561301,2.3587429667818927,18.11837473214649,208.37748777576084,-3.5277023844507336,23.469399106002605
201_Eurema_xantochlora_xantochlora.png,Dataset_pieridae,64932,0.00011362314079002308,0.0007255453568519545,0.08374846848326796,0.0031417482905193124,0.0005434745408872188,0.00016701232742629898,6.570976816772418e-05,4.517546561531037e-05,5.475814013977015e-05,4.1068605104827614e-05,4.2437558608321865e-05,7.255453568519546e-05,3.969965160133336e-05,2.0534302552413807e-05,3.4223837587356346e-05,3.285488408386209e-05,0.0001443818148216596,0.00020598472247890102,0.0005043738064436641,0.0018808137744101522,0.009068140516232366,0.016989889422780756,0.01387798004065792,0.00849542598410645,0.00530170024025134,0.002917475204829668,0.001529484691677447,0.000642017803240313,0.0002781756298897308,0.00021946035852892258,0.00011743054272161646,0.00032726544692909506,0.0010039348857266064,0.0009375192509086429,0.00019250908642887943,0.000140531633093082,0.00016652035976098072,0.0002695127210004312,0.00040523162693279125,0.0005987032587938151,0.000954845068687242,0.0016546155978562189,0.002730741390993655,0.004650056982689583,0.011527444095361302,0.023180019096901375,0.013337029507792768,0.0007507854370726298,121.26241298589294,-1.165183717436825,37.519977172342216,196.60572599026673,-2.734350824739922,43.739705636662265,197.9189613749769,-2.80740500431517,43.87579346148759,30.119709850304936,11.819081133672002,7.34795207315627,103.41041397153946,1.1940010526900724,31.197176355790102,199.19474219183147,-2.805719454236923,43.541357929923315
202_Eurema_xantochlora_xantochlora.png,Dataset_pieridae,68266,0.00030469047549292475,0.009897232069323593,0.07726898374658607,0.0014179825974863036,0.0,0.0,0.0,0.0,0.0,0.0,0.0,0.0,0.0,0.0,0.0,0.0,0.0,9.155362845340286e-07,0.00025360355081592594,0.0025039917382005685,0.020388993056572817,0.023987966191076085,0.009911595816365394,0.0033710045996542936,0.001311963495737263,0.00042663990859285734,0.00021972870828816687,9.521577359153897e-05,2.3803943397884744e-05,3.6621451381361145e-06,9.155362845340286e-07,0.0,0.0,0.0,0.0,0.0,9.155362845340286e-07,2.7466088536020858e-06,8.239826560806259e-06,6.774968505551812e-05,0.0002572656959540621,0.0005822810769636422,0.0009796238244514106,0.0015573272199923827,0.003032256174376703,0.00936318958192951,0.03452670436234729,0.01212170040723054,150.40434476899188,-1.5488664817161202,22.45889805069481,219.13776990009669,-2.0392556182361345,24.663992016377865,226.84471039756247,-2.356074240375196,18.55771654255263,27.408094805613334,-1.5967722023599613,4.2032417472828865,87.0822957255442,1.2958922059767923,18.02506078698174,227.48860340433012,-2.420279581498362,18.15753226597035
203_Eurema_xantochlora_xantochlora.png,Dataset_pieridae,104788,0.0005598605438281737,0.007556420794577835,0.0743282733816001,0.006440092801126507,8.482735512548087e-07,0.0,0.0,0.0,0.0,0.0,0.0,0.0,0.0,0.0,0.0,3.3930942050192346e-06,0.0,0.0,4.771538725808299e-06,4.175096385082261e-05,9.960587090124823e-05,0.0001341995266633584,0.0002475235714013055,0.000431227812344925,0.0007622533114478757,0.0056345907928388745,0.026024568652899187,0.01891259018208192,0.006793478260869565,0.0022640951253960376,0.0006817335954498607,0.00046761079512921326,0.0,5.964423407260374e-06,4.890827193953506e-05,0.00014254971943352293,0.0002809243424819636,0.00035369030805054014,0.0005427625300606939,0.0008123544680688628,0.0014410046951941061,0.0033323233576363705,0.008641853074779555,0.013925139328930794,0.02844433522922472,0.004494193037370691,3.2207886399206014e-05,1.789327022178112e-06,57.8686395388785,-0.25889810505880506,16.584732547114484,179.4193323663015,-1.6957762558406362,32.082072743198935,178.31983624079092,-2.198263913080886,23.196516220724035,30.050387448944537,-1.0492599658911046,4.6340237371000725,176.09032522807956,-0.1535827401115768,19.525342931745058,185.11518494484102,-2.116920284808789,24.247776551433425
204_Eurema_xantochlora_xantochlora.png,Dataset_pieridae,152312,0.010201866344520895,0.01700836295090195,0.0571044230847792,0.00351559080483919,0.0004598747599955647,0.00014940093725744234,0.00014239776832349974,3.5015844669713044e-06,5.835974111618841e-07,1.9258714568342174e-05,2.56782860911229e-05,1.4589935279047103e-05,4.727139030411261e-05,3.209785761390363e-05,2.6845480913446667e-05,0.00013714539162304275,2.2158464205052785e-05,2.5030857713115185e-05,0.00011407505646304954,0.00020024686170492148,0.0007804703503335259,0.003874858842376175,0.0050611573612059455,0.004613474315877935,0.0048338279321392934,0.0057341181259519935,0.01460406927884868,0.013828933373601554,0.004979909659120752,0.0010927405588528809,0.0007098915384211355,0.002025037423183991,0.000363562949734755,0.006012740296234046,0.0022199498398025107,0.0003865420977992542,0.00019655378433741267,0.0001579816429434319,0.00014895412048952151,0.0001838331845159935,0.0010697614107883818,0.0052092907978360204,0.011670945165187248,0.01045428134355796,0.00978091023688219,0.014264716502967593,0.00037956628499395976,4.1034192972319976e-07,60.004635222438154,-0.035040293765889026,30.888741035456302,153.4600097168969,-0.9730076069722565,64.16173658611335,158.58265271285256,-1.5461356888175384,58.169504231371015,26.626391879825622,3.988501298103484,12.181144343695232,158.36038526183097,-0.23892068422292104,39.5560117143214,164.06788040338253,-1.4991927153937494,60.62376260915869
205_Eurema_xantochlora_xantochlora.png,Dataset_pieridae,124869,0.006773320662276288,0.0027641412644896298,0.07887021153724659,0.000286166569231221,7.11857137391097e-07,0.0,0.0,0.0,0.0,0.0,0.0,0.0,0.0,0.0,1.423714274782194e-06,0.00019291328423298729,4.905140587335528e-05,0.000665697651138393,0.0004724951749433406,0.0006982317468707205,0.0010315810969896452,0.0012843459946023433,0.0013594246770615606,0.0017122944846198816,0.004478693670967174,0.010292786840608957,0.018065432573336856,0.015003723902649977,0.0047429706332236185,0.001408976607484644,0.0005771048058365167,0.0006571887337930151,0.0,5.00524549728115e-07,7.007343696193611e-05,0.00041043013077705437,0.0007913293131201499,0.001426995491274856,0.0030767244071787233,0.006712534736403751,0.012076155811290233,0.025822061520473456,0.010670682875653686,0.0007638004628851035,0.0002963105334390441,0.00018118988700157766,0.00012763376018066935,7.357710881003291e-05,54.04712138320961,2.272313528234633,27.2686859058586,138.7903402766099,-0.91652042616941,24.143198831798507,141.43938047073334,-0.7861791044308297,22.887668668498428,28.40560106992128,7.1914831426370975,9.584191046790542,161.56282183728547,-1.3780229952054732,36.05591327120876,143.2004981220319,-0.8646628808835123,23.129839073836724
206_Eurema_xantochlora_xantochlora.png,Dataset_pieridae,114481,7.764510171023042e-07,0.00017547792986512075,0.05890778576551761,0.02980484874248905,0.0,0.0,0.0,0.0,0.0,0.0,0.0,0.0,0.0,0.0,0.0,0.0,0.0,3.821594849800403e-06,1.2556668792201325e-05,3.9853774862204205e-05,6.387522820380674e-05,0.00012829639852901355,0.0002074580061320219,0.00030354381949843204,0.0006594980826512696,0.0022006926913636323,0.013233091080615997,0.0274576130536945,0.013117351350879184,0.0034978511718101696,0.0008675020309046916,0.0007069950472130747,0.0,0.0,3.821594849800403e-06,2.4567395463002596e-05,6.769682305360714e-05,0.00015668538884181654,0.00039362426952944154,0.0007086328735772748,0.0010503926415737109,0.001874219302766398,0.004842506616818511,0.0104307701714695,0.015937688350031884,0.02329698814650466,0.003627785396703383,8.462102881700893e-05,55.65692123583826,0.12796094158065732,16.951187242028418,197.41820913514033,-1.710589481699342,24.93631836560644,183.6565805679545,-1.4462340181426816,21.79460302464793,32.86029996243918,-1.5932544346556818,1.8013299994322731,184.01253483110736,-0.580150469830935,19.46292148628545,197.76173338807314,-1.6024220738858495,24.17394552097107
207_Leucidia_brephos.png,Dataset_pieridae,110157,3.38910222076975e-05,5.809889521319571e-05,0.00014847495443372235,0.013267528265213388,0.0007996667382816243,0.0006519987129480852,0.000545484071723893,0.0010603048376408217,0.009733178806410647,0.06201411520728496,0.0003784497479859554,0.0001387918052315231,2.178708570494839e-05,2.4207873005498212e-06,1.694551110384875e-05,1.775244020403202e-05,0.0006672294997140445,0.0055891818041522556,0.03665733907059924,0.009985180242744446,0.00042496164565120694,0.00013957351779732565,0.00018439590765906841,0.0005287907259638515,0.0015971522463393156,0.0019659440616574524,0.0018104841272002688,0.0014150258267745127,0.0007841081365687156,0.00045446499087665787,0.00023602676180360758,6.0141434498034624e-05,0.0,1.531904463629184e-05,7.375836306362737e-05,0.00018609802372976752,0.0014706282850840164,0.0028567181386566446,0.0034904726889802735,0.005357694018537178,0.008737529162922012,0.032666444256833425,0.007428034532530842,0.0002167361130023512,5.673720235663644e-07,0.0,0.0,0.0,130.97531704748678,-1.708612838948665,42.01427847665099,130.51482883520794,-1.2526167798522274,19.819274561297032,117.39541744964006,-1.2517669593190217,21.556697732773376,93.47602966674837,-1.6687314048931297,24.283721295345703,58.99123977595614,2.1133754113388554,45.4117868535854,140.37345788283994,-1.4863181068115106,22.948308555665623
208_Leucidia_brephos.png,Dataset_pieridae,114188,0.0001222156054537741,0.00058850317021053,0.0008360481545054355,0.015166411726470578,0.06491672602297185,0.006005690420865396,0.00010508985182330893,0.0006546708546918727,0.00010586829517014825,0.000356527052852411,7.784433468393253e-06,6.227546774714603e-06,2.3353300405179763e-06,3.1137733873573017e-06,3.1137733873573017e-06,8.56287681523258e-06,0.045980094230567134,0.014137321785126283,0.0015522646863067922,0.0003327845307738116,0.00019430675727747225,0.00011494202543174414,6.403912845482887e-05,3.448260762952324e-05,2.408309104284163e-05,1.7514975303884822e-05,1.642028934739202e-05,1.532560339089922e-05,9.852173608435213e-06,5.473429782464007e-06,1.0946859564928014e-06,0.0,0.0,2.189371912985603e-06,2.2441062108102428e-05,4.3787438259712056e-05,0.00011384733947525135,0.0003070594107962308,0.0006480540862437384,0.0017816013941920341,0.0021609100781167898,0.003308688303499492,0.00974434704172067,0.03281102217395873,0.010955617052579955,0.0005976985322450695,2.7367148912320035e-06,0.0,166.53566924720636,-2.205373506166655,21.876366632148308,176.67243493186675,-1.972679429729338,20.888407460258886,170.80227344379443,-1.9663149864241105,21.29826775808283,49.550232949171544,1.5899859496922115,8.839730084464806,15.461064209899464,7.591505813421091,10.332768461037196,176.7703961887414,-1.9855332226685938,20.81549286274614
209_Leucidia_brephos.png,Dataset_pieridae,86652,1.0258146250391091e-05,4.000677037652526e-05,0.00020003385188262628,0.0027963706678566114,0.0030733406166171713,0.0019316089389486424,0.0007129411644021809,0.0025973626305990246,0.028005765078192718,0.04931808972800525,0.00018874989100719608,6.154887750234655e-06,1.0258146250391092e-06,2.0516292500782184e-06,2.0516292500782184e-06,3.0774438751173276e-06,0.007720537321700595,0.049551654895443845,0.004419978765637262,0.0004515187185523704,0.00016661473480127407,9.665097170290357e-05,4.2555278585606794e-05,1.2982966348151225e-05,8.655310898767484e-06,5.048931357614366e-06,5.048931357614366e-06,5.048931357614366e-06,2.163827724691871e-06,7.212759082306236e-07,7.212759082306236e-07,1.0097862715228732e-05,4.327655449383742e-06,1.5146794072843096e-05,3.96701749526843e-05,0.00011396159350043853,0.0002286444629091077,0.00033539329732724,0.000414012371324378,0.0004825335826062872,0.000563316484328117,0.0010285394451368694,0.0036352305774823433,0.02592770507316623,0.0288005470156488,0.0009073650925541246,3.6063795411531183e-06,0.0,185.68807413562294,-3.6626800022821278,21.09608110084567,180.6522296080875,-3.273368407661536,18.926528005590296,170.53020126482943,-3.208109462148526,18.901420529907266,96.06752296542491,-2.4505593672054244,16.182422335107418,23.82646678668698,6.621489342815253,8.879478919576544,187.085583714167,-3.6794527394778096,19.187075804797967
210_Phoebis_agarithe_agarithe.png,Dataset_pieridae,51561,3.447911750698741e-06,0.0007499208057769761,0.08809069731860214,4.482285275908363e-05,0.0,0.0,0.0,0.0,0.0,0.0,0.0,0.0,0.0,0.0,0.0,0.0,0.0,0.0,0.0,1.212156474855026e-06,7.272938849130157e-06,3.394038129594073e-05,7.515370144101162e-05,0.00028728108454064116,0.00042546692267411414,0.0011963984406819107,0.005206212059502337,0.030381489885766375,0.02175820872364772,0.002516436841799034,0.0004472857392215046,0.00016364112410542853,0.0,0.0,2.424312949710052e-06,1.0909408273695235e-05,1.212156474855026e-05,4.6061946044490994e-05,9.818467446325712e-05,0.00024849207734528036,0.0005163786582882411,0.0017770213921374683,0.00697959698221524,0.03276580167180621,0.018752060666007254,0.0011503364946374198,0.00013818583813347298,2.424312949710052e-06,48.80617133104478,0.5201955989932722,11.051210882389237,164.85799344465778,-1.7789710234937979,12.80516728008049,185.43934368999825,-1.8697524142870103,13.82147725104047,25.47627082484824,0.8813838155014019,1.320597354792092,188.1597719206377,-1.1217675213857674,14.265662312491946,185.48191462539518,-1.8597977010209212,13.748917971843651
211_Phoebis_argante_argante.png,Dataset_pieridae,164320,0.01048090446824624,0.04936113815860651,0.029045223412312016,0.0,0.0,0.0,0.0,0.0,0.0,0.0,0.0,0.0,0.0,0.0,0.0,1.6228497241155468e-06,0.0,1.9017770204479067e-05,0.00015328322784810127,0.001028481012658228,0.0020250121713729307,0.0012323515092502433,0.0015332126338851023,0.00116274647030185,0.0007755446689386563,0.0006561130720545278,0.0007074610516066213,0.0010395113193768257,0.0017686526290165532,0.004257698393378773,0.010334636684518013,0.03580627738558909,0.0,0.0,0.0,0.0,2.6624878286270693e-06,6.846397273612463e-06,8.36781888997079e-06,4.145873904576436e-05,0.0001890366358325219,0.0006192185978578384,0.002945091893865628,0.007739091407010711,0.015955148490749756,0.024952075219084713,0.00870215129016553,0.001338851022395326,29.662792112950342,2.0292018621604773,47.292067518135006,154.84897151898736,-0.1844399692645548,23.04868198562039,207.17738558909446,-0.7361330975281916,18.407193324777197,20.10682205452775,-1.174877345784776,5.15313686743034,220.23883276533593,-1.92122961624674,53.652532380295646,207.1775681596884,-0.7360248152227686,18.407520853690336
212_Phoebis_argante_argante.png,Dataset_pieridae,104554,2.975602187492694e-05,0.02455551942324328,0.06430361344377068,0.0,0.0,0.0,0.0,0.0,0.0,0.0,0.0,0.0,0.0,0.0,0.0,0.0,0.0,0.0,0.0,0.0,8.368881152323202e-06,1.5542207854314518e-05,2.8693306807965262e-05,5.858216806626241e-05,0.00010281768272854219,0.00020683091990741627,0.0004782217801327544,0.0010293723817357539,0.003401950188419381,0.011004480938079843,0.02340536947414733,0.022759770070968112,0.0,0.0,0.0,4.782217801327544e-06,1.9726648430476116e-05,4.961550968877327e-05,9.265546990072116e-05,0.00019128871205310175,0.00039752185473535207,0.0012840254796564455,0.004943617652122348,0.024238670926028653,0.01816585209556784,0.008062819213038239,0.00423166497694971,0.00081775924402701,18.477074047860437,1.4321351351024751,13.777312177581667,154.14173537119575,0.16824131793682834,20.538685028948393,193.93504791782237,-0.24954687741936973,19.379261815043208,23.134342062474893,-1.1430529448924591,1.529576645734262,231.05531113109015,-1.8650036874670977,17.858641337200936,193.93504791782237,-0.24954687741936973,19.379261815043208
213_Phoebis_argante_argante.png,Dataset_pieridae,87900,0.0001516875237011756,0.001515863986853748,0.08720515737580584,1.0112501580078372e-05,0.0,0.0,0.0,0.0,0.0,0.0,0.0,0.0,0.0,0.0,1.0112501580078372e-06,5.056250790039186e-06,0.0,0.0,1.4220705346985211e-06,1.350967007963595e-05,4.052901023890785e-05,7.323663253697384e-05,0.00010665529010238908,0.00017775881683731513,0.0002517064846416382,0.0004358646188850967,0.0006591296928327645,0.0011042377701934016,0.0025334186575654153,0.009889078498293515,0.026687286689419797,0.02052616609783845,0.0,7.110352673492606e-07,1.279863481228669e-05,5.0483503981797495e-05,0.00015571672354948806,0.0003924914675767918,0.0007003697383390216,0.001263509670079636,0.002955773606370876,0.006472554038680319,0.018531712172923778,0.02823236632536974,0.0035331342434584754,0.0001912684869169511,7.110352673492605e-06,0.0,16.563936291240047,2.314429263913942,13.47436857134301,158.0449715585893,-2.0822856618741663,21.76513928600327,170.86164960182026,-1.8562137921812212,19.77959800887216,27.359783845278727,17.54309494403559,2.18217214401904,230.34134243458476,-2.5712726572665443,21.27793121492725,170.87815699658702,-1.857589970010365,19.77638272168141
214_Phoebis_argante_argante.png,Dataset_pieridae,59952,0.0007531951487115619,0.04280313139400409,0.043252379681523,0.0007279897992468049,0.0004062509266672597,0.00025650149749429176,7.116804554754915e-05,7.561604839427097e-05,3.261868754262669e-05,2.965335231147881e-05,8.302938647214067e-05,5.189336654508792e-05,1.6309343771313346e-05,2.8170684695904872e-05,7.265071316312308e-05,0.00022833081279838684,2.3977515345609822e-05,6.255004003202562e-06,6.150753936482519e-05,0.00010529256738724313,0.00013969508940485723,0.00013761008807045637,0.00022935014678409393,0.00020224512943688283,0.0004232552708833734,0.0005327178409394182,0.0008214905257539365,0.0019932612756872166,0.007705122431278356,0.02527125867360555,0.015612489991993595,0.009234470910061382,0.0028773018414731785,0.0008048105150787297,0.0003190052041633307,0.00018660761942887645,0.0004326377768881772,0.0005744178676274353,0.0008631905524419535,0.001428225914064585,0.0022101014144649054,0.0031483520149452895,0.007144257072324526,0.019933655257539366,0.018984979650386976,0.003430869695756605,0.0001584601014144649,3.127502001601281e-06,23.986172271150252,0.4421314891054566,14.09437524017797,131.5142614091273,-1.8766678006266355,40.0880573069566,169.64796837469976,-2.253883610801735,48.51011002009578,23.21398785695223,10.380656015385517,11.14543729279733,218.25673872431278,-2.506471885667899,25.750021790094507,169.7260475046704,-2.241633047370933,48.25228080432261
215_Phoebis_argante_argante.png,Dataset_pieridae,90206,0.0011844494207086497,0.06733033279382747,0.020265712800577443,5.912393115018217e-06,0.0,0.0,0.0,0.0,0.0,0.0,0.0,0.0,2.2664173607569833e-05,1.7737179345054652e-05,2.1678774755066798e-05,4.0401352952624486e-05,1.3857171363323948e-06,7.205729108928453e-05,0.0001801432277232113,0.0003173292242201184,0.0007178014766201805,0.0013663170964237413,0.0021679544597920314,0.003296621067334767,0.004844467108618052,0.0053641110347427004,0.0055103041926257675,0.006230184244950447,0.00631887014167572,0.007515436888898743,0.0082173026184511,0.010379714209697802,0.0,0.0,0.0,6.928585681661974e-07,1.316431279515775e-05,6.790013968028734e-05,0.00019815755049553245,0.0004448152007626987,0.0014584672859898455,0.004226437265813804,0.010203035274815423,0.0240636709309802,0.02115782209609117,0.0006609870740305523,4.850009977163382e-06,0.0,47.03244795246436,0.43022685112133197,32.81005115927568,142.40652506485156,-1.5232917245713185,14.74841876759114,182.44438285701617,-1.4617812299086466,17.293039168929546,20.65269494268674,18.455124065179675,5.579143850649436,187.600758264417,-0.5540325065819219,48.909791698254445,182.447298405871,-1.4575105066909766,17.282366362561262
216_Phoebis_argante_argante.png,Dataset_pieridae,112743,0.003376016446450974,0.08425061127224454,0.0011700159753697443,0.0,0.0,0.0,0.0,0.0,0.0,0.0,0.0,0.0,0.0,0.0,4.73052281146797e-06,8.751467201215744e-05,1.6630744259067082e-06,5.543581419689027e-07,3.3261488518134164e-06,1.3858953549222569e-05,3.7696353653885385e-05,6.763169332020613e-05,0.00011475213538756287,0.0002012320055347117,0.00039470299708185873,0.0008254392733916962,0.0013931020107678526,0.0021680946932403785,0.0035113044712310297,0.005770313899754308,0.015406721481599744,0.03258960645006785,0.0,0.0,8.31537212953354e-06,8.09362887274598e-05,0.00013360031221450555,0.0004734218532414429,0.001395319443335728,0.0028771187568186053,0.0042763187071481155,0.0056683120016320305,0.012436470556930364,0.026805987954906293,0.007505454884116974,0.0008043736639968778,3.437020480207197e-05,0.0,14.203205520520122,1.9614897411007344,14.651400939916472,100.10861871690481,-0.9065829827879796,15.464915159497542,170.68151459514115,-1.3139361847546798,24.83606221389439,16.69024240972832,21.060258717187306,5.835739513452074,231.92892685133444,-2.137446759739549,25.95760624840741,170.6815589437925,-1.3139228008024788,24.835946178984102
217_Phoebis_argante_argante.png,Dataset_pieridae,109344,0.0014876597405131206,0.08584609631580659,0.001413683217897441,4.064644099762624e-06,4.064644099762624e-06,0.0,0.0,0.0,0.0,0.0,0.0,0.0,0.0,1.62585763990505e-06,4.064644099762624e-06,0.00012762982473254642,0.0,1.1431811530582382e-06,1.4289764413227978e-05,5.4872695346795435e-05,7.544995610184372e-05,8.859653936201346e-05,0.00012060561164764413,0.00015718740854550777,0.0001549010462393913,0.0002212055531167691,0.000254357806555458,0.0003618168349429324,0.0008007983977172959,0.0027219143254316653,0.010058850965759439,0.04741400991366696,0.0,0.0,1.314658326016974e-05,6.28749634182031e-05,0.00016976240122914838,0.0003017998244073749,0.0004212622549019608,0.0009254051434006438,0.0023075111574480537,0.003738202370500439,0.00703399363476734,0.011547844417617793,0.014920228819139595,0.010906519790752122,0.006450399656131109,0.003701048983026046,8.600078650863331,4.580273044117662,14.621312696403557,128.3933549165935,-0.41582693095634193,28.8497994923319,193.8195237050044,-0.712723546494372,31.34541834077818,19.387218320163885,20.4603259974656,6.512015284614803,243.5540130231197,-4.5199585709673595,20.662836212102846,193.8204656862745,-0.7122056473759525,31.342670111647028
218_Phoebis_argante_larra.png,Dataset_pieridae,129172,2.2020596138826098e-05,0.00160543908724629,0.08725867663098642,2.752574517353262e-06,0.0,0.0,0.0,0.0,0.0,0.0,0.0,0.0,0.0,0.0,0.0,0.0,0.0,0.0,4.83850989378503e-07,4.83850989378503e-07,2.4192549468925153e-06,6.773913851299043e-06,1.403167869197659e-05,3.532112222463072e-05,5.9513671693555876e-05,0.00011805964140835475,0.00022692611401851795,0.0004717547146440405,0.0013625243860898647,0.007131479732449757,0.02858349719753507,0.024486730870467283,0.0,0.0,3.870807915028024e-06,1.887018858576162e-05,3.1934165298981205e-05,0.00012241430031276128,0.0003024068683615644,0.0005825565912117177,0.0014012324652401449,0.0015188082556591212,0.00213668596909547,0.004035317251416716,0.0104661807512464,0.02512154336853188,0.01409312776762766,0.002665051249496795,16.443795869073792,1.1044199222463058,11.575509519370103,184.68132412597157,-1.487561427240698,26.10357008024515,208.908300560493,-1.766520641031134,25.81234293537291,26.193803610689624,-1.9418358327734953,1.470633268936275,235.18733936147152,-2.008895463613341,14.84690386626806,208.91406806428637,-1.764734424334442,25.800173747006596
219_Phoebis_neocypris_rurina.png,Dataset_pieridae,130883,1.3582954071787612e-06,0.0004366919734079717,0.08333617726434212,0.0041047687204942155,0.0007823781545349663,0.00020374431107681416,1.8336987996913274e-05,3.395738517946902e-06,2.0374431107681416e-06,0.0,0.0,0.0,0.0,0.0,0.0,0.0,0.0,3.342680103603982e-06,3.342680103603982e-05,0.00021679668100517256,0.0003805880060817677,0.0005992947900032853,0.0014693466683984933,0.01020233720192844,0.009145095237731408,0.004462955464040403,0.004844976047309429,0.004399922067801013,0.003879896548826051,0.004626269263387911,0.0075468166224796195,0.010688935919867363,0.0,1.193814322715708e-05,0.00020199338340349778,0.00026645935683014603,0.00036721728566735173,0.0007158110679003385,0.0008423553861082035,0.0008113162137175951,0.0010801631991931725,0.0019387544600903096,0.006880190704675168,0.023041571479871334,0.024240161059877908,0.002081057127358022,2.101113207979646e-05,0.0,53.52948816882254,0.02310731833973159,35.968261846735146,169.26592452801356,-1.7554753254386493,26.62035219016706,180.76358274183812,-2.786309277427148,27.44044153538959,28.39284704659887,2.87656535039767,4.310650792602317,178.83162060771835,0.013512794853814385,50.57350479602171,182.46519410465837,-2.691691587467774,25.88344288598124
220_Phoebis_neocypris_rurina.png,Dataset_pieridae,67943,9.681317836683363e-05,0.004497887935475326,0.08427325519594038,0.0,0.0,0.0,0.0,0.0,0.0,0.0,0.0,0.0,0.0,0.0,5.233144776585602e-06,1.5699434329756805e-05,9.198887302591878e-07,1.747788587492457e-05,2.575688444725726e-05,2.0237552065702133e-05,2.483699571699807e-05,2.7596661907775634e-05,3.955521540114508e-05,7.635076461151259e-05,0.00010946675890084336,0.00015454130668354356,0.0002971240598737177,0.0004535051440177796,0.0006889966589641317,0.0013577557658625613,0.004064068410285092,0.055141810046656754,0.0,0.0,1.8397774605183756e-06,1.4718219684147005e-05,9.10689842956596e-05,0.00015270152922302517,0.00020329540938728052,0.0002658478430449053,0.0005086984678333309,0.0011139852523438765,0.0019658022165638844,0.003824897340417703,0.007438220272875793,0.02911907775635459,0.017581833301443858,0.00021801362907142752,5.776356651899386,5.9973096151721395,12.299734512356506,176.09772897870275,-2.670125847972571,21.01259364601387,211.62470011627394,-2.50625463587898,21.96200999037732,24.776562706974964,36.299546477423775,2.738651747017077,247.512208763228,-5.574729438993107,17.220928428659025,211.62470011627394,-2.50625463587898,21.96200999037732
221_Phoebis_neocypris_rurina.png,Dataset_pieridae,97955,0.0002105275097975828,0.010610767983030756,0.07768828089995973,0.00032395828016265973,9.074461629206155e-07,1.814892325841231e-06,0.0,4.537230814603077e-06,4.537230814603077e-06,5.444676977523693e-06,1.814892325841231e-06,3.629784651682462e-06,2.7223384887618465e-06,2.7223384887618465e-06,8.16701546628554e-06,1.9056369421332926e-05,5.104384666428462e-06,1.7227298249196058e-05,1.5313153999285387e-05,1.0846817416160481e-05,1.5951202082588944e-05,2.4245827165535196e-05,2.8712163748660097e-05,5.997651983053443e-05,0.00011357255882803328,0.00018375784799142463,0.0003356132918176714,0.000724184574549538,0.0017316624980858557,0.004915522433770609,0.016934434178959727,0.03738387524883875,0.0,0.0,1.3399009749374713e-05,4.912970241437395e-05,0.00015632178040937166,0.0005187330917257925,0.0013628707059363994,0.0025624011025470878,0.0035686029299167987,0.005515287632075953,0.010701980501250574,0.02037989382879894,0.01566918482976877,0.0018816037976621919,0.00011740084732785463,3.1902404165177887e-06,10.75136542289827,3.8399642849838034,12.026965731216624,146.35670460925937,-1.0636894865422448,26.620828017689135,174.5868000612526,-1.2891306214202312,26.649319230148123,24.811556326884794,20.19445288948199,3.893580164482092,239.06336583124903,-3.21675561620094,18.782040954303152,174.67395232504722,-1.2485381981105363,26.422966293839448
222_Phoebis_philea_philea.png,Dataset_pieridae,129577,0.0,0.0015325079124981886,0.0873481490628052,8.231913585487136e-06,0.0,0.0,0.0,0.0,0.0,0.0,0.0,0.0,0.0,0.0,0.0,0.0,0.0,0.0,0.0,9.646773732992737e-07,2.8940321198978214e-06,1.2058467166240922e-05,5.1610239471511145e-05,0.0010312401120569237,0.00652218372087639,0.01611734721439762,0.014300859720475085,0.008809433772968969,0.0052227632990422684,0.0024710210917060897,0.0016293400835024733,0.006328283568843236,0.0,0.0,9.646773732992737e-07,2.8940321198978214e-06,1.9293547465985474e-06,1.398782191283947e-05,2.7010966452379667e-05,4.244580442516805e-05,0.00011576128479591285,0.00024068700463816882,0.000389247320126257,0.0005792887626662139,0.0017730770121240653,0.010219309754045856,0.03904772837772136,0.010045667826851987,70.66316553091984,-0.8837445620879287,30.638438213464713,213.62778116486723,-1.8687559193976422,16.159622506389653,229.26828835364302,-3.163385300707655,14.207425515499402,27.34276144686171,-1.2927473736398742,1.7330833050332093,176.11600824220346,0.9483021259434453,34.037546547817094,229.28807581592412,-3.1174100955327533,14.122981734439998
223_Phoebis_philea_philea.png,Dataset_pieridae,92030,4.346408779745735e-05,0.0006094630977821242,0.08782546754077776,0.00037862049814673955,1.931737235442549e-06,9.658686177212745e-07,0.0,0.0,0.0,0.0,0.0,9.658686177212745e-07,5.795211706327647e-06,9.658686177212745e-06,4.829343088606372e-06,7.726948941770196e-06,1.222427469303488e-05,4.6180593284798434e-05,6.044224709333913e-05,5.229273063131587e-05,6.383787895251549e-05,0.00012292187330218408,0.0001806476149081821,0.0002376942301423449,0.0002960990981201782,0.00044550689992393786,0.0006478865587308487,0.0009650385743779202,0.002400032598065848,0.007958002825165707,0.023978593936759753,0.025032598065848094,2.0373791155058133e-06,2.2411170270563948e-05,6.247962620884495e-05,8.21742909920678e-05,0.00014737042268825383,0.0008747147669238292,0.008446973812887101,0.035337661632076495,0.014004264913615125,0.002296805389546887,0.0003762360099967402,0.00025535151581006194,0.0002071335434097577,0.00016570683472780614,0.00014872867543192438,6.995001629903293e-05,12.122297077040095,5.04921490062352,15.376866838019634,117.03930240139086,1.4050755522287508,17.842547508988126,122.50370531348473,2.032062850670343,15.90328336479017,28.464652830598716,21.722199428174186,3.135992808143851,231.0715201564707,-3.424803927653239,24.82525197128288,122.91396283820494,2.0030492435567995,16.142452602590186
224_Phoebis_philea_philea.png,Dataset_pieridae,111175,0.011929940284336507,0.07449956275141793,0.0013768083352072558,6.7161382205232e-05,2.0788046873047996e-05,6.396322114784e-06,2.3986207930439997e-06,0.0,0.0,0.0,0.0,0.0,3.198161057392e-06,1.2792644229568e-05,3.9977013217399994e-05,0.0009298653274367239,2.3611423431526873e-05,0.0001028783449516528,0.000262536541488644,0.0005082077805261975,0.0009461434675061839,0.0009950528446143467,0.0013081852934562627,0.002172250955700472,0.004203957724308522,0.0072818754216325615,0.010650438497863728,0.01374128626040027,0.010480098943107714,0.005446368338205532,0.002406678659770632,0.0019704295030357546,0.0,0.0,1.124353496739375e-06,1.124353496739375e-06,3.710366539239937e-05,0.0005869125252979537,0.0004902181245783674,0.0004913424780751068,0.0009062289183719361,0.0026624690802788398,0.013180796042275691,0.027026647177872724,0.013060490218124578,0.0028912750168653026,0.0008421407690577917,0.0003221272768158309,57.02910726332359,0.8482722094720819,26.345661280480076,120.09819653699122,-1.6543044565576728,29.772560988226516,181.77197211603328,-1.2464989031228686,20.937551415505535,17.24004497413987,8.212585677072495,17.609486710725058,174.12688104340003,-0.8306285490063021,38.15027889505722,181.78009444569372,-1.2380615611169608,20.921586337931213
225_Phoebis_philea_philea.png,Dataset_pieridae,66262,0.0,0.034088249004792424,0.05470002917710503,0.00010061070699143804,0.0,0.0,0.0,0.0,0.0,0.0,0.0,0.0,0.0,0.0,0.0,0.0,0.0,3.395611360961034e-05,5.470707192659443e-05,0.0004942500980954393,0.005844224442365156,0.017677930035314357,0.026110364915034257,0.009163434547704567,0.0023071292746974135,0.00047632881591258943,0.00020090700552352782,8.394705864598111e-05,2.7353535963297215e-05,1.4148380670670972e-05,5.659352268268389e-06,5.659352268268389e-06,0.0,0.0,0.0,0.0,1.8864507560894631e-06,1.6034831426760436e-05,5.659352268268389e-05,0.000140540581328665,0.0002150553861941988,0.0003414475868521928,0.0005178307325465576,0.0013601309951405027,0.015065195738130453,0.031687656575412754,0.01218835833509402,0.0009092692644351211,130.01151489541516,-0.9530062925007783,16.72326870709364,192.88195345748696,-2.0369808320731355,15.648411658018174,213.30255651806465,-2.1022740139246365,14.92398734829287,22.7779421085992,-0.5113692761901759,2.3775960735031436,99.72521203706498,0.6771355178164242,16.8333668260534,213.31315082551086,-2.080310487107139,14.881064461528766
226_Phoebis_philea_philea.png,Dataset_pieridae,66287,0.0014120415767797606,0.05209803162342876,0.021902065596907723,0.011187714031408873,0.0006664621687175129,0.0001206873142546804,9.654985140374433e-05,7.375335871119359e-05,0.00011130052314598304,0.00019712261328264465,0.00019712261328264465,0.00018639485201556196,0.00015823447868946986,0.0001099595529875977,0.00012873313520499243,0.00024271559866774614,0.004791663523767858,0.0070866082338920154,0.007259153378490504,0.010847715238282016,0.011129633261423808,0.007720216633729087,0.0046766334273688655,0.00335284444913784,0.002472204202935719,0.0014529621192692383,0.0007307239730263852,0.0003752621177606469,0.00016971653567064433,0.00012728740175298325,0.0001206873142546804,0.00018668818923770874,0.0,1.8857392852293813e-06,3.1114698206284795e-05,8.957261604839561e-05,0.00014425905532004766,0.0002649463695747281,0.0006109795284143196,0.0014227902907055683,0.0018159669316758942,0.0023845173261725526,0.003828050749015644,0.011389865282785462,0.027914598639250533,0.009878445245674114,0.0026353206511080603,8.768687676316623e-05,142.20497231734728,-0.48771917743206816,42.25600432132954,177.16636746270007,-1.0006735271908436,27.203087229152654,189.31150904400562,-1.9337248918379801,29.016999352935386,24.830283464329355,5.810775929687232,16.127287729864328,69.13360085687994,0.8819764986991142,41.079933691332705,191.10392686348757,-1.7817972958224113,26.091560285335053
227_Phoebis_philea_philea.png,Dataset_pieridae,94397,0.03175147986105962,0.053454617790348796,0.0008484262094016641,0.0005357985717531042,0.0,0.0,9.416495109896384e-07,0.0,0.0,0.0,1.8832990219792768e-06,0.0,4.708247554948191e-06,1.5066392175834214e-05,4.4257527016513004e-05,0.002231709341045443,1.0593556998633431e-05,2.251130862209604e-05,0.00015824125766708688,0.0008315942243927243,0.0027966990476392256,0.005451047173109315,0.008236490566437493,0.01040883184846976,0.01213690583387184,0.011962774240706802,0.0073466317785522844,0.0023696462811318157,0.0006223714736697141,0.00013308155979533247,1.0593556998633431e-05,1.9862919372437683e-06,0.0,0.0,0.0,2.648389249658358e-06,9.931459686218842e-06,1.191775162346261e-05,0.00010725976461116348,0.00027145989808998166,0.0004283769611322394,0.0007594256173395341,0.0020763371717321525,0.004505572210981281,0.007907428202167442,0.015809559625835568,0.020029105797853747,0.010580977149697555,106.666641948367,0.2737913889545236,25.72869691987069,154.2109706876278,-0.764208885071804,24.156087607926857,218.1814040700446,-1.272008522378518,24.490602012247518,16.767926946830936,5.632861624462152,26.58870862637878,129.64603748000465,-0.22814625720880316,30.578784609325407,218.33590050531268,-1.2668249201429223,24.22417541992799
228_Phoebis_philea_philea.png,Dataset_pieridae,93649,8.54253649264808e-06,0.01687530625586558,0.07199554838931661,7.593365771242737e-06,0.0,0.0,0.0,0.0,0.0,0.0,0.0,0.0,0.0,0.0,0.0,1.8983414428106843e-06,0.0,0.0,4.671699644416919e-06,3.537144016487095e-05,0.00013748144667855502,0.0003570513299661502,0.0007107657316148598,0.0020515435295625152,0.003276196222063236,0.003645927879635661,0.004482829501649777,0.008454441585067645,0.020249815801556877,0.013832902647118495,0.004686382129013658,0.000574619056263281,0.0,0.0,0.0,0.0,0.0,6.006470971393181e-06,1.4015098933250756e-05,2.736281220301338e-05,4.8051767771145445e-05,0.0001454900746404126,0.00033969930271545877,0.000991735095943363,0.0019968179051564885,0.015943176115067965,0.02904061976102254,0.013947025595574966,58.711700071543746,1.292024997383582,30.561215677129365,192.69846981815076,0.431770119248802,21.11114994792137,229.2169377142308,-1.121877743811633,15.896844254977285,23.58830313190744,13.317599433827123,1.8121006059485194,190.53706926929277,-1.1423385328674607,30.816449386280635,229.22231951222116,-1.1200081604958996,15.903226500869142
229_Phoebis_sennae_marcellina.png,Dataset_pieridae,50591,0.0,2.1084119046207164e-05,0.04489160346921609,0.0439762013006266,0.0,0.0,0.0,0.0,0.0,0.0,0.0,0.0,0.0,0.0,0.0,0.0,0.0,2.470795200727402e-06,1.3589373604000711e-05,0.00010006720562945979,0.00036567768970765553,0.0008437765610484078,0.0015096558676444428,0.004133640370816944,0.011221116404103497,0.018698978079104978,0.02131678559427566,0.003326925737779447,0.0006065802217785772,0.00027425826728074164,6.918226562036726e-05,1.7295566405091814e-05,0.0,0.0,0.0,6.176988001818505e-06,9.265482002727758e-05,0.0017023778933011801,0.0010896206835207844,0.0009784348994880511,0.0030810816153070703,0.020990640627779646,0.025142811962602044,0.007875659702318594,0.001413294854816074,0.0001260105552370975,1.235397600363701e-06,0.0,65.03670613350201,0.6814583681458514,17.559518137169494,159.0886521318021,-1.5019269919889926,20.037681386852377,149.0152991638829,-1.0536040733547376,20.144559769357645,33.24306694866676,-1.0382478491574,1.7328894276501545,151.79814591528137,-0.8500864499761106,21.14184799104808,159.2735269119013,-1.483729032380393,20.038268094499056
230_Phoebis_sennae_marcellina.png,Dataset_pieridae,54126,0.0027507831520690407,0.0032418184729458423,0.004076085840856931,0.006015593245390386,0.024865437436105874,0.02942270504625011,0.01459475216264929,0.0024962330693402636,0.0007045289386493244,9.689325729676024e-05,4.269872355450451e-05,3.7771947759753987e-05,3.941420635800416e-05,4.105646495625434e-05,5.091001654575538e-05,0.0004122069081607935,0.0033913923068395963,0.019468462476443852,0.027169243986254296,0.010057550899752429,0.0017309149022650852,0.00044225510845065217,0.00015473155230388353,7.390163692125781e-05,1.1547130768946532e-05,0.0,0.0,0.0,0.0,0.0,0.0,0.0,0.0,0.0,0.0,1.1547130768946533e-06,8.082991538262573e-06,0.00010276946384362413,0.00031523666999224033,0.0005900583822931678,0.0014838063038096294,0.006959455714444075,0.015097873480397591,0.01955160181798027,0.018195968665705945,0.00018244466614935522,1.0392417692051878e-05,1.1547130768946533e-06,155.50367660643684,-0.5537331933019164,23.02234550223449,176.84170269371467,-1.3151103679338731,19.888813406796427,159.96188523075787,-0.5290745521392509,19.416335768901945,55.741898533052506,0.620624857965358,19.363869292054577,37.18746997746,0.8141368501500075,14.537789187287999,178.26493736836272,-1.1272685215038936,18.423206263498535
231_Phoebis_sennae_marcellina.png,Dataset_pieridae,66329,0.00013401210464335193,0.010588296387871234,0.07782618965058019,0.0001902971885935597,2.0101815696502784e-05,5.360484185734076e-06,4.020363139300558e-06,1.340121046433519e-06,1.340121046433519e-06,5.360484185734076e-06,5.360484185734076e-06,2.5462299882236862e-05,3.484314720727149e-05,1.2061089417901672e-05,1.8761694650069266e-05,1.608145255720223e-05,1.4134089161603521e-05,5.936317447873479e-05,8.009317191575329e-05,0.0001564172533884123,0.00029398905456135325,0.00033450677682461666,0.0005352108429193867,0.0009950398769768879,0.0027014955750878198,0.004001831777955344,0.006107811063034268,0.010060644665229386,0.017274683773311823,0.013368021529044611,0.004837627583711499,0.0016791297923984983,2.9210450933980612e-05,6.690135536492334e-05,0.00012814907506520525,0.00019881952087322287,0.0003806781347525215,0.0005644212938533673,0.001038384417072472,0.0038520104328423465,0.015397676732650876,0.027500226145426587,0.01223258303306246,0.0007538180886188545,0.00030812314372295676,4.899817576022554e-05,0.0,0.0,36.36505902395634,1.1828581184136073,17.61863403603217,125.46187941925855,-1.7009257108175795,16.72649579732622,146.7789654600552,-1.901223331827348,18.97944909356797,24.30107494459437,20.71492225018896,4.935369858527901,191.0713865729922,-1.2649218087210907,31.921172495973902,146.80916341268525,-1.8534714274951531,18.879586550557917
232_Phoebis_sennae_marcellina.png,Dataset_pieridae,65727,5.40958138292567e-05,0.0011319549043771967,0.07853089293593196,0.009135430560415726,1.758113949450843e-05,0.0,0.0,0.0,0.0,0.0,0.0,0.0,0.0,0.0,9.466767420119924e-06,9.466767420119924e-06,3.803611909869612e-06,3.328160421135911e-05,7.987585010726185e-05,0.00011886287218342538,0.0006979627854610738,0.0027966056567316324,0.013467638869870829,0.037204078993412146,0.0067048168941226585,0.0008634199035404019,0.00026720373666834024,0.000132175513867969,5.895598460297899e-05,2.8527089324022093e-05,1.901805954934806e-05,2.3772574436685077e-05,0.0,0.0,0.0,7.607223819739224e-06,2.8527089324022093e-05,9.41393947692729e-05,0.00017401524487653476,0.0003432759748657325,0.00044692439940967945,0.0007169808450104219,0.0013531349369361146,0.004508231016172958,0.04807099821990963,0.006553623320705341,0.00016640802105679555,3.613431314376132e-05,107.48028968308306,-1.002553878246698,13.846033106576744,196.01188248360643,-4.2001203509802245,16.37900444560791,193.08121472149955,-2.8581815301408953,14.834722428980081,30.978851917781125,14.218137976943467,3.3286712665985725,116.55102165015899,0.32597706449773783,14.248146231943586,197.589635918268,-3.775382979006571,14.349539584602406
233_Phoebis_sennae_marcellina.png,Dataset_pieridae,52004,7.691716021844474e-05,0.007667786238665401,0.07992034800741823,0.001134955430778829,3.5894674768607545e-05,6.837080908306199e-06,1.7092702270765497e-06,0.0,0.0,0.0,0.0,0.0,0.0,8.546351135382747e-06,1.5383432043688946e-05,2.0511242724918595e-05,1.9229290054611184e-05,8.773363587416353e-05,0.0001261922159833859,0.000265604568879317,0.0005372182909006999,0.0012006287977847857,0.0023748173217444813,0.004425140373817399,0.01088738366279517,0.022005518806245673,0.015235606876394123,0.004449176986385662,0.0007607587877855549,0.00010816475655718791,1.4421967540958388e-05,2.403661256826398e-06,0.0,0.0,0.0,0.0,1.6825628797784785e-05,9.855011152988232e-05,0.00020190754557341742,0.0003172832859010845,0.0008064283516652565,0.0021885335743404353,0.005468329359280055,0.012630038073994309,0.02441639104684255,0.014399132759018538,0.0018592319821552187,9.734828090146912e-05,81.30534189677716,0.7912994716704417,20.316156648918778,186.85364587339436,-1.4516776421208173,21.544506901024842,193.87320206137989,-1.2613010277306473,20.918790555199394,28.04032382124452,12.450006885585132,4.663040987673996,148.73990462272133,-1.219916548924718,23.997685142513117,194.76846011845242,-1.2965176199405082,20.325589455895322
234_Phoebis_sennae_marcellina.png,Dataset_pieridae,52634,3.377622407147049e-05,0.001519930083216172,0.05299996200174792,0.0341072310673709,0.00018914685480023475,2.7020979257176394e-05,1.1821678425014672e-05,0.0,0.0,0.0,0.0,0.0,0.0,0.0,0.0,0.0,0.0,3.206102519284113e-05,6.768438651822016e-05,0.00013299388228141506,0.00030042368051069653,0.0005830356803587035,0.0010900748565565983,0.0024283257970133375,0.005268695140023559,0.013850362883307368,0.02040981114868716,0.012459864346240072,0.00463816164456435,0.000834774100391382,0.0001994908234221226,0.00020424060493217313,0.0,4.749781510050538e-06,5.5809932743093815e-05,0.00021255272257476157,0.0005236634114830717,0.001042577041456093,0.0026064426036402325,0.0052330717786981795,0.00919082722194779,0.021974864156248813,0.018274784359919444,0.0030731086370026977,0.00022680206710491317,6.53094957631949e-05,1.4249344530151613e-05,1.1874453775126345e-06,53.53007561652164,0.6621640241372959,15.923378832144389,147.41794277463237,-1.2326458934134916,23.577081019065055,138.7946574457575,-0.9896409975037079,20.46676172803998,32.47288824714063,-0.4844914380546886,3.6611050038631308,163.2916745829692,-0.8311833528096415,24.864485171899116,148.75147243226812,-1.2050721577016215,22.21421631573222
235_Pyrisitia_dina_gabriela.png,Dataset_pieridae,145097,0.0005654454912537437,0.006787183746045748,0.08101798566935682,0.0004772286432141563,7.351404003298942e-06,1.2252340005498237e-06,0.0,0.0,2.4504680010996474e-06,6.126170002749119e-07,0.0,3.0630850013745593e-06,3.0630850013745593e-06,1.8378510008247356e-06,2.4504680010996474e-06,1.899112700852227e-05,8.614926566365948e-06,3.5321198922100386e-05,0.00014386927365831134,0.0006702412868632708,0.0015597324548405548,0.003083282218102373,0.004840296491312708,0.005833166778086383,0.005656130037147563,0.004983304272314383,0.004190300281880398,0.0037759223140381953,0.003549780491671089,0.0036781428975099415,0.004366906276490899,0.016124988800595465,1.7229853132731896e-06,1.5937614147777003e-05,6.805791987429099e-05,0.00017617524828218364,0.0003807797542333749,0.0007090084564119175,0.0009984699890418134,0.002102903574849928,0.006728688394660124,0.010461966822194808,0.00826042233815999,0.008459427141843043,0.009214525455385019,0.00747344879632246,0.004295402385990062,0.003153063123289937,60.92160416824607,0.4629226178291224,52.82497716831395,170.18951460057755,-0.6905527800853578,42.86412963574946,176.37575552905986,-0.1680635466874428,38.347886160025034,28.35106859549129,6.230930772899123,4.831800782196321,178.0110064301812,-0.14086815065297756,60.20267323208273,177.95248695700118,-0.21473546422963694,38.006656347158234
236_Pyrisitia_dina_gabriela.png,Dataset_pieridae,94369,0.00015447634051200901,0.004977152336984485,0.0777599988696853,0.005581870694354668,0.0001177411131951288,2.543208045014782e-05,1.695472030009855e-05,2.072243592234267e-05,4.050294293912432e-05,3.579329841131916e-05,1.6012791394537517e-05,1.1303146866732367e-05,2.2606293733464733e-05,6.405116557815007e-05,1.695472030009855e-05,2.7315938261269885e-05,0.0003728713878498236,0.0007079920312814589,0.0010967584694126249,0.0020319172609649357,0.0031862952876474267,0.004815537941485022,0.006389147919337918,0.00750047685150844,0.00746471298837542,0.006727580031578167,0.006046079750765611,0.005058599752037216,0.003838654642944187,0.0029266761330521674,0.0019444944844175525,0.0023922050673420296,0.0,2.6491750468903984e-06,0.00011258993949284192,0.0005046678464326209,0.0019014453899055834,0.006334177537114943,0.009274761839163285,0.005340074600769321,0.004869846029946274,0.00545730059659422,0.0065341902531551675,0.007344175523741907,0.005766591783318674,0.003710169653170003,0.0024551229747056765,0.0028922368574425925,75.9115705369348,0.7258694379067527,51.76555269670462,147.5465248121735,0.1142204719208075,50.66039437794462,149.54615392766692,0.21120220387593308,49.530134155633164,29.51998007820365,10.87429672555525,6.864380310142791,140.8559484576503,0.06628774824531997,52.44224583854568,151.88509997986628,0.18021751897180172,49.547409292134006
237_Pyrisitia_leuce_athalia.png,Dataset_pieridae,138828,0.014285302676693463,0.009755316730854807,0.06395635846755217,0.0006383598569612918,0.0,0.0,0.0,0.0,0.0,0.0,0.0,0.0,0.0,0.0,3.201403495292336e-06,0.0002503497533318607,0.0,6.302763131356787e-06,0.0012686561788688162,0.002187959201313856,0.004433543665542974,0.008453355951249028,0.006824091681793298,0.01047114054801625,0.01394891520442562,0.0077316895727086755,0.006011935632581324,0.0009850318379577606,9.994381536865762e-05,4.1868355086870084e-05,1.800789466101939e-05,1.7557697294493906e-05,0.0,0.0,0.0,1.3505920995764543e-06,2.4760855158901662e-05,6.527861814619529e-05,0.00010534618376696344,0.0002309512490275737,0.0007545307862967125,0.002811932751318178,0.01002544515515602,0.007093759904342064,0.014632314806811306,0.024354777134295676,0.002399551963580834,0.0,102.91985046244274,-0.015370881920208447,20.222867433835617,184.48430431901346,-0.8578609067507509,34.79951685508975,196.07643270809922,-0.9672433050487427,22.67775225965866,24.629015760509407,5.227040536186212,12.118698498833384,119.31902786181462,-0.2792690281162467,32.78365604046814,196.50069870631285,-0.9977821496398582,22.761382286969653
238_Pyrisitia_leuce_athalia.png,Dataset_pieridae,104138,3.4142729412467645e-06,1.7924932941545513e-05,0.013848291049696877,0.07261731761914213,0.0022645165282819163,7.767470941336388e-05,1.707136470623382e-05,1.1949955294363676e-05,5.121409411870147e-06,7.68211411780522e-06,2.5607047059350735e-06,0.0,3.4142729412467645e-06,8.535682353116911e-07,8.53568235311691e-06,2.5607047059350735e-06,0.0002124584685705506,0.0010220812767673664,0.003036835737194876,0.010310837542491694,0.010703345560698305,0.0071605705890261,0.0050359859033205934,0.004306185062129098,0.004984971864257044,0.006374354222281972,0.005418891278879948,0.0024810827939849046,0.0009314563367838829,0.00039610900919933163,8.522345349440167e-05,3.961090091993317e-05,0.0,0.0,0.0,0.0,0.0,3.000825827267664e-06,4.921354356718969e-05,0.00017104707215425684,0.0006721849853079568,0.0012543451957978836,0.0035037642359177245,0.011915079029748987,0.044118141312489194,0.0008126236340240834,6.001651654535328e-07,0.0,115.59142676064452,-0.28148912715417534,37.10522769416721,193.3698457815591,-2.3730340955129017,13.522308739307844,178.53959169563464,-2.0850330322595423,14.119204289905607,37.0575870479556,6.060542299598258,4.192097055252116,103.30549847317982,0.39169175878236506,45.69030064324776,193.38792755766386,-2.3585799462746277,13.495082552259387
239_Pyrisitia_leuce_athalia.png,Dataset_pieridae,104812,1.6961586247545871e-06,0.0,1.187311037328211e-05,0.061199947419082634,0.025483935257625295,0.0017945358249903533,0.0003197259007662397,5.9365551866410546e-05,1.2721189685659402e-05,2.5442379371318805e-06,2.5442379371318805e-06,0.0,0.0,0.0,0.0,0.0,3.577834599091707e-06,6.976777468228829e-05,0.0010799097431591802,0.002146700759455024,0.005354825783307255,0.008973209174522002,0.01189570373621341,0.010776437812464222,0.0050065832156623285,0.003407887455634851,0.0032605999313055755,0.003958277678128458,0.0028258930275159334,0.0024162309659199327,0.0008890918978742892,0.0004353032095561577,0.0,4.770446132122276e-06,7.573083234744113e-05,0.00038044307903675154,0.0008378096019539747,0.0031639983971300995,0.004990482959966416,0.010768685837499523,0.02436684253711407,0.01427317482730985,0.0030632227225890164,0.0005647015608899745,1.0137198030759837e-05,0.0,0.0,0.0,68.74844483456093,-0.21869195213827414,27.487346992928437,131.8526790825478,-0.8625498973561072,21.040880690838353,107.72878105560432,-0.592330120235199,18.379042264192652,43.01775560050376,1.7850316560128952,5.5416977927428634,123.41587795290616,0.6475560133972029,44.8876254336283,131.85325153608366,-0.8619014062760318,21.03898104128859
240_Pyrisitia_leuce_athalia.png,Dataset_pieridae,108407,0.0,8.199552509421798e-06,0.06645655313361273,0.022099433923393627,0.0002402468885260587,5.739686756595259e-05,1.3939239266017057e-05,5.739686756595259e-06,7.3795972584796185e-06,0.0,0.0,0.0,0.0,0.0,0.0,0.0,0.0,5.477044840277842e-05,0.00014989806931286725,0.0001827603383545343,0.00037878089053289916,0.0007177811395943066,0.001458623520621362,0.0054361111367347125,0.019449851024380346,0.022509501231470292,0.008837644248065163,0.002660114199267575,0.0005229136494875792,9.628068298172628e-05,2.4214303504386247e-05,2.0755117289473927e-05,0.0,0.0,1.1530620716374403e-06,2.2484710396930087e-05,8.647965537280803e-05,0.0002346481315782191,0.00035744924220760654,0.0005494340771352404,0.001155944726816534,0.002672221351019768,0.005139197653288072,0.032703723006816905,0.01944696836920125,0.00013029601409503077,0.0,0.0,78.92533692473734,-0.22730541039174498,13.814574560700148,183.3706494968037,-2.8371912742119285,17.043227716303583,174.92536459822705,-2.321994139589217,18.942757850577166,32.81260435211748,5.461447096136687,2.386447342362186,144.71319195254918,-0.8472151353547752,20.637653040444828,183.39966976302267,-2.8201599168541103,17.002618879252157
241_Pyrisitia_proterpia.png,Dataset_pieridae,172016,8.112940398309202e-05,0.0855558656042332,0.0032141712915594416,3.7722589113157436e-05,0.0,0.0,0.0,0.0,0.0,0.0,0.0,0.0,0.0,0.0,0.0,0.0,0.0,3.851385917589061e-05,0.00023144649334945586,0.0004102089340526463,0.0006125883638731281,0.0007397567668123896,0.0010642178634545623,0.001272774044274951,0.0013058378290391592,0.001239346921216631,0.0013447150265091619,0.0015797949027997395,0.00206921158496884,0.0032987483722444425,0.008159124732583015,0.03913371430564599,1.0900148823365268e-06,4.360059529346107e-06,3.306378476420798e-05,5.5954097293275046e-05,9.555797135150218e-05,0.00017549239605618082,0.0002685069993488978,0.00045344619105199517,0.0006892527439307972,0.0010587677890428798,0.0013145579480978514,0.0028126017347223516,0.010156031997023533,0.02352942458841038,0.018947365361361733,0.0029045263231327317,22.91795530648312,2.2601546436556044,35.16443272005341,140.3640707841131,-0.24524873181677379,21.20909475989257,212.86273951260347,-2.36885529594907,24.919978682616144,18.730042554181008,1.4442441099908183,1.8701589072189913,225.5397230490187,-2.1036454212734954,45.79876205209235,212.8671925867361,-2.369515171586457,24.917094070440758
242_Pyrisitia_proterpia.png,Dataset_pieridae,78072,1.5939702382985508e-05,0.010274276736004373,0.07841081167241634,0.0001741981760426273,1.2524051872345755e-05,0.0,0.0,0.0,0.0,0.0,0.0,0.0,0.0,0.0,0.0,1.1385501702132506e-06,7.2048877958807255e-06,4.082769750999078e-05,0.00012088200635310995,0.00020093631519622912,0.00036985090685521057,0.0005299595245414489,0.0006108143764729993,0.0007717235372476689,0.001419362895788503,0.004978577466953581,0.023420688595142944,0.019955938108412747,0.006740572804590634,0.00194131698944564,0.0007324969259145405,0.0006588469617788708,0.0,0.0,2.401629265293575e-06,3.442335280254124e-05,0.00010887386002664208,0.00032341940772620146,0.0005603801619018342,0.0009222256378727329,0.001427368326672815,0.002309566810123988,0.004115592017624756,0.007192879649554258,0.014611512450046112,0.025248328466031356,0.005346026744543498,0.0002970014858079721,63.203581309560406,0.18302249304493667,19.04746643367793,173.39398247771288,-1.4908750248687108,26.346052652727025,198.7911799364689,-1.7100456051894222,27.277922058853026,24.40932728763193,5.6772568648749715,1.957026693012638,173.97192335280255,-1.3063095109135188,25.159427220246755,198.81423557741573,-1.7011726425924572,27.21766092876614
243_Pyrisitia_proterpia.png,Dataset_pieridae,60748,0.0,0.0630539277013235,0.02489995098146807,0.00093501020609732,0.0,0.0,0.0,0.0,0.0,0.0,0.0,0.0,0.0,0.0,0.0,0.0,2.057680911305722e-06,8.230723645222887e-06,5.8643905972213077e-05,0.00017284519654968064,0.00023869098571146374,0.0003714114044906828,0.000525737472838612,0.000658457891617831,0.0010597056693224468,0.002917791532231514,0.007761572397445183,0.01754481629024824,0.01953356489102522,0.008661807796141436,0.0024393807203529332,0.0005452854414960163,0.0,0.0,0.0,2.057680911305722e-06,2.6749851846974386e-05,7.716303417396458e-05,0.00019650852702969644,0.0005226509514716534,0.0011790511621781786,0.003604028116151972,0.006841789030091526,0.011136169091986567,0.01874238658062817,0.017845237703298874,0.0022346414696780142,9.156680055310463e-05,50.64909132810957,0.7572736516697963,18.954634703087418,155.12176532560744,-0.44586198222392065,17.356207498431925,193.5842496872325,-1.1527609318416752,23.38476078786697,22.284569039309936,2.9187091788913584,2.634339656157666,188.16147033647198,-1.5526706557695753,26.294676410456372,193.73887206163167,-1.074061828093252,22.995210912020074
244_Pyrisitia_proterpia.png,Dataset_pieridae,117984,0.0054930235361480275,0.08317888677937497,0.00021095139077238344,3.7669891209354187e-06,0.0,0.0,0.0,0.0,0.0,0.0,0.0,0.0,0.0,0.0,0.0,2.2601934725612512e-06,5.297328451315433e-07,1.1654122592893952e-05,4.4497558991049633e-05,0.00010488710333604557,0.00023573111608353675,0.000643625406834825,0.003443263493355031,0.012389391781936534,0.015555604997287769,0.009818598284513154,0.005393210096284242,0.0035354370084079195,0.0029039954570111203,0.0025835070857065366,0.0025766205587198264,0.0032594461960943856,0.0,0.0,5.297328451315433e-07,4.237862761052346e-06,5.1384085977759696e-05,0.00025745016273393,0.0005403275020341742,0.0009508704570111202,0.0014874898291293735,0.0023959816585299703,0.0038061304922701383,0.00643625406834825,0.011287547464062924,0.016425956061838894,0.01322954807431516,0.005626292548142121,83.71006238133984,-0.4292201647987943,38.04373988373257,145.63650155953349,-0.7336098287796317,33.188124390754766,205.3739659614863,-1.1316048435381785,31.209030626380976,15.01074721996203,6.451317010121574,2.594910451230931,153.83674905071874,0.9167633101506966,40.01412787689693,205.37433041768375,-1.1315436371112297,31.208195077594794
245_Pyrisitia_proterpia.png,Dataset_pieridae,70624,0.0005323969188944269,0.08709535316920908,0.0012535870714393597,0.0,0.0,0.0,0.0,0.0,0.0,0.0,0.0,0.0,0.0,0.0,0.0,7.5517293460202386e-06,0.0,0.0,0.0,5.309809696420481e-06,0.00013009033756230176,0.0003053140575441776,0.0004256697439963752,0.00044956388763026735,0.0005557600815586769,0.00073717857951971,0.0011141750679655642,0.0020451617014046217,0.004353158982782057,0.008841718112822836,0.01763299303352968,0.025903906603987312,0.0,0.0,0.0,0.00012743543271409152,0.0003743415835976439,0.00021062245129134573,0.00011150600362483009,0.00013186027412777525,0.0002884996601721794,0.0005955836542818305,0.00114249405301314,0.0021053395446307206,0.003962887970095152,0.00987182119392841,0.03169956388763027,0.011878044290892615,24.055222020842773,2.08452913749938,24.84993093865124,160.27953670140462,-2.6892427044112743,23.404001816115436,223.84840847304034,-3.1671147534168,25.946193000141985,20.196264725872226,26.813698439979884,2.297491831652148,227.25181241504305,-2.238529812299829,29.70253897167709,223.84840847304034,-3.1671147534168,25.946193000141985
246_Pyrisitia_proterpia.png,Dataset_pieridae,66892,0.0,0.010511139016789916,0.07717913452530448,0.0011813404027719641,1.7274944022537155e-05,0.0,0.0,0.0,0.0,0.0,0.0,0.0,0.0,0.0,0.0,0.0,0.0,0.0,8.40907731866292e-06,0.00010090892782395503,0.00020742390719368534,0.00031580757041200743,0.000474645697542307,0.000707296836691981,0.000933407582371584,0.001508962207737846,0.002417142558153441,0.007042135083418047,0.020617188901512887,0.018359818812414042,0.006600191353226096,0.00320666148418346,0.0,0.0,0.0,0.0,3.73736769718352e-06,4.4848412366202235e-05,0.00018780272678347185,0.00043820636249476767,0.000825023919153262,0.0013024726424684565,0.003339338037433475,0.007802689409794893,0.015511010285235903,0.02452367248699396,0.008216602882257968,0.00030459546732045686,41.21767924415476,0.9092604845306934,18.423890584030158,171.36463254200802,-1.1411679511368829,16.617630890003497,203.44621180410215,-1.5861636654866078,22.461549154664795,24.42076780481971,2.5063585559429153,2.4741897626989995,202.1547270226634,-1.6624077792533178,27.612115256126067,203.67271123602225,-1.4720359015106987,21.83054669601691
247_Pyrisitia_venusta_venusta.png,Dataset_pieridae,133618,0.009550276825643918,0.014544281292773261,0.028311554830437017,0.03583149974803794,4.856298469434424e-05,4.65672455973164e-06,0.0,0.0,0.0,0.0,0.0,6.652463656759485e-07,6.58593902019189e-05,8.448628844084547e-05,0.00011442237489626315,0.00033262318283797424,9.355027017318026e-07,0.00011787334041820713,0.008603350596476522,0.00817676136448682,0.005839875615560778,0.006924590998218803,0.007437246478767831,0.007821270337828735,0.006344579323145085,0.0058127460372105555,0.003341147899235133,0.0012774289392147764,0.0003915078806747594,0.00018943929710069004,7.951772964720322e-05,0.00014172865931236808,1.730679998203835e-05,0.0034061653370054935,0.00390759478513374,0.0012460895987067612,0.001123070993429029,0.0010173591881333353,0.0010697473394303163,0.0013948345282821177,0.002251755003068449,0.004322490233351794,0.010244690086664971,0.012591866365310064,0.011265791285605233,0.008541607418162223,9.869553503270517e-05,9.355027017318026e-07,98.2608555733509,-0.13288834560889914,49.19560502184908,150.04062326932,-0.9244418059566564,61.4553922568619,151.70580311035937,-1.2981274095437285,54.504516634128095,29.28006705683366,4.283812148728925,15.432703605407957,99.93088506039605,0.3266104914325982,42.6054145953092,157.4207516951309,-1.2430792473460244,57.53512244902884
248_Pyrisitia_venusta_venusta.png,Dataset_pieridae,134814,0.0049081615328444295,0.004347718585112328,0.01366491775499742,0.02911731884093805,0.033007452242843224,0.002988149928378688,0.0007371473124288114,9.296759485908981e-05,2.0439683976111943e-05,0.0,0.0,0.0,0.0,0.0,6.593446443907079e-07,3.956067866344247e-06,0.0002002759357336775,0.02323386295191894,0.009671658729805509,0.00937170842790808,0.009516352159271293,0.005532159122939754,0.004249373210497426,0.0006202990787306956,8.947512869583278e-05,1.1126440874093195e-05,1.854406812348866e-06,9.27203406174433e-07,9.27203406174433e-07,0.0,0.0,0.0,0.0,0.0,1.854406812348866e-06,1.5298856201878143e-05,8.947512869583278e-05,0.00027352500482145773,0.0004107511089352738,0.0006267895025739166,0.0013481537525776254,0.003939687272835166,0.0074547153856424405,0.018196366846173245,0.025550017060542673,0.004592438470781966,9.27203406174433e-07,0.0,150.46591600278902,-0.8086044899078485,31.494214588856913,181.78903526339994,-1.5633693693153565,28.045654165676257,176.47003278591245,-2.154050587807557,17.895368292720196,39.72640081890605,-0.49515142196221984,13.241967611309821,50.48932603438812,0.665039325655493,26.63973609457379,185.71034907353837,-1.7531249045617847,21.110155747034298
249_Pyrisitia_venusta_venusta.png,Dataset_pieridae,115278,1.465057416756787e-05,0.002275465493078568,0.08552773874170845,0.0010363353516426956,5.397579956472373e-06,0.0,7.710828509246247e-07,0.0,0.0,0.0,3.084331403698499e-06,7.710828509246248e-06,6.939745658321623e-06,5.397579956472373e-06,3.084331403698499e-06,2.313248552773874e-06,2.7108381477818838e-06,2.1144537552698693e-05,6.777095369454709e-05,0.00025861395929839174,0.0004396979475702216,0.0006153602595464876,0.0009330704904665244,0.001911140894186228,0.005638543347386319,0.022813871684102777,0.016417377990596643,0.00985064366140981,0.002511320460105137,0.0005893362133277815,0.0002125297107860997,0.0002168670518225507,7.590346813789275e-06,0.00013879491316643244,0.00010951786117038811,0.00010192751435659883,0.00026457780322351184,0.0006777095369454709,0.0009254801436527351,0.0008013237564843249,0.000831685143739482,0.000992708929717726,0.0013315636981904614,0.0019837913565467825,0.0038282456322975764,0.01181220614514478,0.03269650323565641,0.005996373982893527,81.4026527177779,-0.31366760950790695,21.974812653710938,212.92162424747133,-2.4600768333654215,37.83678173012458,212.40810909280174,-2.6968307480600386,34.1928441833223,29.957155745241938,12.483845478592764,3.3479045218356496,158.81735456895504,-0.7559755355591213,23.998130786315226,215.95297454848279,-2.6377298089104078,34.847402890105315
250_Pyrisitia_venusta_venusta.png,Dataset_pieridae,106616,2.251069257897501e-05,0.00045354876899860765,0.08602586228458518,0.00238113103724269,0.0,0.0,0.0,0.0,0.0,0.0,0.0,0.0,0.0,0.0,2.501188064330557e-06,3.3349174191074095e-06,0.0,0.0,1.6414046672169282e-05,3.693160501238088e-05,0.00017879586553612965,0.0007151834621445186,0.00193568507541082,0.00393878498536805,0.008449130524499138,0.0173895100172582,0.016875398626847754,0.008184747129886696,0.0029252176033615967,0.0011425348915734975,0.0004461103399114579,0.00026555582651759585,0.0,1.7586478577324229e-06,0.0001641404667216928,0.0006237337735424327,0.0006553894349816163,0.0010241192691528476,0.001267985105425077,0.0015663690252870114,0.0021748611840624295,0.00370898833195768,0.009795082351617019,0.022756903279057553,0.016269251331882645,0.002270414384332558,0.00022041719816913034,5.862159525774743e-07,66.79973925114429,-0.22854747761503302,20.063804026586048,174.31185750731598,-1.9954482650352732,31.359054188529267,172.4116830494485,-1.8021380724090321,30.328143708675558,30.450157574848053,16.263174970429972,2.1592823692950343,157.6970998724394,-0.061257211739457515,25.666610131826783,175.3910107300968,-1.9214136769323016,30.60096793599435
251_Pyrisitia_venusta_venusta.png,Dataset_pieridae,102172,1.2179897079869676e-05,0.000836932927916759,0.08291116940061857,0.00512251671473376,0.0,0.0,0.0,0.0,0.0,0.0,0.0,0.0,0.0,8.699926485621197e-07,2.6099779456863588e-06,2.6099779456863588e-06,0.0,1.8351407430607211e-06,9.787417296323847e-06,3.914966918529539e-05,0.00015537524957914107,0.0005860216106173902,0.0012234271620404807,0.001977058293857417,0.0031387023842148532,0.006719673687507341,0.014412583682417884,0.01509097404376933,0.011262870453744666,0.004422689190776338,0.0018675615628547938,0.0015922904513956857,1.2234271620404808e-06,0.0002783296793642094,0.0008771972751830247,0.0007884988059350898,0.0010760041890146028,0.0013702384214853384,0.0018430930196139843,0.0032200602904905455,0.006561239870023099,0.010801638413655404,0.025179966135536153,0.009921994284148299,0.0005713404846729045,9.175703715303606e-06,0.0,0.0,46.4443683200877,0.23294428736300818,19.688713243217848,152.09683670672982,-1.863258706456906,32.04958469133125,147.61238891281369,-1.6467618304646312,30.558099801435237,31.102141486904436,11.65495121318425,2.363772771393562,177.3609893121403,-0.3874248696451692,30.205452873721068,152.71118310300278,-1.8125417499525298,31.38447892796735
252_Pyrisitia_venusta_venusta.png,Dataset_pieridae,140296,0.013256416592220892,0.013814601509190094,0.05666368883566808,0.004504761361692422,2.344249935057941e-05,1.9007431905875197e-06,1.2671621270583464e-06,0.0,0.0,5.068648508233386e-06,2.154175615999189e-05,4.435067444704213e-05,7.539614655997162e-05,7.476256549644244e-05,0.00010960952399054697,0.00029208087028694885,8.464247020585048e-06,0.00010691680447054799,0.0047395328448423335,0.014579888236300393,0.004298501026401323,0.004290927752751326,0.005371678451274448,0.0038850893824485372,0.0037612440839368193,0.002733951787648971,0.0008669170895820266,0.0007809381593202943,0.0012304342247818898,0.006246168814506472,0.006419017648400524,0.0031803294463135087,1.6928494041170097e-05,0.004887879911045219,0.0018465423105434224,0.0008401878884643896,0.0005840330444203684,0.0005617587101556709,0.0006602112676056338,0.0009043379711467183,0.0017578904601699265,0.005254069966356845,0.010622630010834236,0.011240074556651651,0.022162517106688717,0.0011582653817642698,2.6729201117637e-06,0.0,82.65368934253293,0.1314999350989037,58.598313268283306,145.9572332782118,-0.9792947365432271,57.18988778953328,160.19046159548384,-1.647419444377404,53.871492521858606,25.08440012544905,6.289352774562086,14.030744438152823,124.60911929064264,0.48621419653824144,70.47900404929585,160.7316602041398,-1.627758519770043,54.17940844710815
253_Pyrisitia_venusta_venusta.png,Dataset_pieridae,113526,0.005017352853090922,0.027291643421869096,0.05610383915970302,0.00044238520006185565,1.0961757169674299e-05,0.0,0.0,0.0,0.0,0.0,0.0,0.0,0.0,0.0,7.829826549767356e-07,2.1923514339348598e-05,7.707485509927242e-06,0.0002014956926166693,0.0066697276394834665,0.0075786603949756,0.002406387083135141,0.0015844388069693287,0.0019857785881648255,0.002255540581012279,0.002472451244648803,0.0033285326709300072,0.005142544439159311,0.006905907016894809,0.0060701953737469835,0.005627014956926166,0.005855486848827581,0.004408131176999101,0.0,8.808554868488276e-06,0.00027691894367810015,0.0010339041276888113,0.0027097316914187057,0.004121853143773233,0.0033472508500255447,0.0023893205080774446,0.0022836178496555854,0.0036814254003488187,0.006303071543082642,0.015052719200887903,0.013238156897979317,0.007845669714426651,0.00020700103940947447,5.505346792805173e-07,71.4186001444603,0.5393819729269107,53.49759527501279,147.41056674242023,-0.864555025407213,54.060981406068805,165.00037876785933,-0.9673273298251654,44.84292251393208,22.973037013547557,2.2338872612552803,6.730701965227821,149.19893240314994,-0.30437982563948146,70.56431396005166,165.0650247520392,-0.9686167747707486,44.867239717805305
254_Pyrisitia_venusta_venusta.png,Dataset_pieridae,88219,1.3098715192368485e-05,0.006666238439439223,0.019872766133775668,0.028388946195767855,0.02893909223384733,0.00495332952966796,4.2318926006113576e-05,1.0075934763360374e-05,0.0,0.0,0.0,0.0,0.0,0.0,0.0,3.022780429008112e-06,9.210034119634092e-05,0.0009302134460830434,0.013842681281810041,0.01177113206905542,0.007023713712465568,0.005031512485972409,0.004338634534510707,0.003529568460309004,0.003009555764631202,0.0024937938539316925,0.0016911039571974292,0.0009351726952243847,0.0009415488726918237,0.0010201883947902378,0.0014991101690112107,0.0043499699611194865,7.79310579353654e-06,1.4169283260975527e-05,8.005645042451173e-05,0.00017499064827304777,0.0004279123544814609,0.0009670535825615798,0.002388941157800474,0.005148409072875458,0.005883794874120087,0.012983314252031876,0.023184489735771207,0.010566034527709451,0.0006595801357984108,1.346081909792675e-05,0.0,0.0,98.32508869971322,-0.8718458565347036,43.36369030844101,152.09258776454053,-1.3143203565807509,29.56918658475024,142.1470658248223,-1.015714882919854,22.92054655847334,40.33731962502409,-0.08779948789527585,10.327938784180988,98.04497897278364,1.1607098731513903,64.40946330196685,155.45884673369682,-1.293816672796779,24.560021033453538
255_Pyrisitia_venusta_venusta.png,Dataset_pieridae,113856,3.1228530385360066e-06,8.978202485791018e-05,0.08799887577290613,0.0007963275248266817,0.0,0.0,0.0,0.0,0.0,0.0,0.0,0.0,0.0,0.0,0.0,7.807132596340016e-07,0.0,9.880902192242833e-06,8.398766863406408e-05,0.00013888156970207982,0.00030960160202360876,0.0006883695193929173,0.001415713708544126,0.0018471797709387295,0.0026557669336706013,0.007738942172568859,0.03204815732152895,0.01178462268128162,0.002807823039629005,0.0005209431211354693,0.0002305543844856661,0.00021957560427206295,0.0,0.0,5.489390106801574e-07,2.9093767566048343e-05,0.0001328432405845981,0.00027666526138279935,0.0004627555860033727,0.0007229526770657673,0.0010084009626194492,0.001130265422990444,0.0015611825463743676,0.0024125869519392917,0.004965702290612704,0.019621275997751545,0.03002751282321529,0.0001482135328836425,74.940275435638,-0.4574078957960055,15.993410791262619,213.13800765879708,-2.678091114776118,26.991628233761844,207.3904142074199,-2.7060719343341333,25.29481568944407,31.16671936481169,11.706816454607221,1.2290734726289663,164.49496732715008,-1.325011937400194,23.110475840172985,213.3849599494098,-2.6552136321902062,26.496192733860994
256_Pyrisitia_venusta_venusta.png,Dataset_pieridae,146042,0.0,0.0003700609718056754,0.08208049739116145,0.006342772018399578,8.521140798156999e-05,6.0865291415407135e-06,4.2605703990785e-06,0.0,0.0,0.0,0.0,0.0,0.0,0.0,0.0,0.0,2.9101217457991536e-05,0.00034151134605113595,0.0010536352556113995,0.004810260062173896,0.012460884540063817,0.01841336738746388,0.010861173498034811,0.009162175949384423,0.004412686076608099,0.0008563461196094274,9.757467030032456e-05,1.2838772407937443e-06,0.0,0.0,0.0,0.0,0.0,0.0,0.0,8.559181605291628e-07,5.135508963174977e-06,7.703263444762466e-06,3.851631722381233e-05,0.00023922912586790102,0.0005768888401966557,0.0008409395927199025,0.0018119787458402378,0.008472305911997918,0.03695341066268608,0.013513663877514688,3.637652182248942e-05,2.9957135618520698e-06,126.1589063420112,-0.49415955221620506,19.066829910204614,194.53014886128648,-2.4321470248139887,14.667242968153467,196.67114254803414,-2.2194769605632287,14.558476581604054,29.58505087577546,0.9600582990969162,2.9157966139779394,92.47985511017379,0.1313412562836224,23.904957710649864,198.28078224072527,-2.4525567646564626,14.014360869897912
257_Rhabdodryas_trite_trite.png,Dataset_pieridae,163389,1.4688871343848117e-05,0.0005157425938506672,0.003217406856574732,0.052509450860625057,0.032101168241300077,0.00044393033394740975,2.883371041570186e-05,4.896290447949373e-06,7.0724195359268705e-06,3.808225903960623e-06,8.16048407991562e-06,0.0,1.5232903615842492e-05,5.4403227199437465e-06,5.4403227199437465e-06,7.616451807921246e-06,4.972794986198581e-06,9.983842241521767e-05,0.000864501282216061,0.00179594403540018,0.010828452343793035,0.01900678748263347,0.010680416062280814,0.005550021727288862,0.003010836102797618,0.0029630207663918625,0.002969141129451799,0.002740010037395418,0.0015098170623481385,0.00032437924217664594,7.650453824920894e-05,7.53569701754708e-05,6.235119867310528e-05,0.00012240726119873432,0.0001488013268947114,0.0002712085880934457,0.0008021500835429558,0.0010641781270464964,0.003224283764512911,0.009688917246571067,0.007471050682726499,0.008869171119230792,0.009303334373795054,0.012334061656537465,0.008807202443248934,0.00032552681025038407,4.972794986198581e-06,3.8252269124604474e-07,94.16964422329532,-0.41967199007271283,36.651025229880055,154.5299622373599,-0.6567498297083444,33.71414316717852,128.99592995856514,-0.5182157372163702,31.186357055727115,42.92021494715066,2.8287492362535978,5.641445906507242,105.77786754310266,1.0801011128143534,36.757542811731774,154.6360954531823,-0.6312782815663591,33.50548976372186
258_Rhabdodryas_trite_trite.png,Dataset_pieridae,92572,0.0010975240893574731,0.005261010048634817,0.010794720745893887,0.059914444972561896,0.00895591179478316,0.0008872373215803196,0.0002707802215212663,0.0003821649934945532,0.00034663709208928065,0.0002189286897405983,0.00020260505936520282,0.00014787288693005323,0.00010082242290685449,7.009558925905121e-05,7.201601636203892e-05,0.00016611694440843644,0.010134003802445665,0.04132594088925377,0.007777054616946809,0.0019248530873266214,0.0008999751544743551,0.00034365142807760444,7.494166702674674e-05,1.957935444842933e-05,0.0,0.0,0.0,0.0,0.0,0.0,0.0,0.0,0.0,0.0,0.0,0.0,0.0,1.3503003067882297e-06,1.2152702761094067e-05,0.00010397312362269368,0.0005536231257831742,0.011287160264442812,0.05032231668323035,0.0002180734995462991,1.3503003067882297e-06,0.0,0.0,0.0,147.05523268374887,-1.6450721458762314,11.00783121051992,161.6190532774489,-2.555123634311715,6.290371846367692,158.72497083351337,-0.9106759906637683,5.746421889456197,38.330261850235495,3.8628783763368464,14.677237228565126,24.570474873611893,2.1034099914048903,12.495482146842555,162.44871019314695,-2.060510342768126,5.475867989070979
259_Zerene_cesonia_boyacensis.png,Dataset_pieridae,176952,0.0008223196748898635,0.01569590749029241,0.05356983186903165,0.01872598218725982,1.8084000180840004e-05,1.0046666767133334e-06,0.0,0.0,0.0,0.0,1.3060666797273333e-05,2.5116666917833335e-06,9.544333428776668e-06,2.0093333534266667e-06,5.525666721923334e-06,2.3107333564406667e-05,4.697601609476016e-05,0.0002779708621547086,0.0034617438627424385,0.006456906392694064,0.007167197884171979,0.01124316198743162,0.014494043582440436,0.01047635799538858,0.004866785908042859,0.002054582598670826,0.0009518824313938243,0.00045563203580632034,0.0002415909399159094,0.000124327501243275,6.88746100637461e-05,0.00011196539174465392,2.9315859668158596e-05,0.00027726445589764455,0.0005262726615127266,0.0010119269632442697,0.0018673849405488495,0.002937590420000904,0.0034928257380532576,0.0032752526108775263,0.003093706202812062,0.0034281895655318955,0.0049596783308467835,0.007453292418282924,0.011202190424521904,0.012441933405669334,0.00548948302364483,0.0010136929788869297,109.62376802748769,-0.1540013448706993,43.098637164189434,168.1696222704462,-0.8335320844986487,54.9612158620673,168.7030720195307,-0.8547172980795701,47.99406292459096,28.817012523170124,3.046537530148541,6.981977108859518,97.35295447352955,0.46766468159809577,32.072928212163426,172.8292192232922,-0.8625923451717015,50.21679766511268
260_Zerene_cesonia_boyacensis.png,Dataset_pieridae,165515,0.00035981968737308135,0.0062592514273630785,0.07427913549292275,0.007959533711278267,5.370443095120616e-06,5.370443095120617e-07,2.148177238048247e-06,1.611132928536185e-06,3.759310166584432e-06,2.148177238048247e-06,0.0,1.0740886190241234e-06,1.0740886190241234e-06,0.0,5.370443095120617e-07,1.288906342828948e-05,2.529982176841978e-05,8.571730658852672e-05,0.0015889798507688125,0.010229813007884482,0.006909116998459354,0.005452300395734525,0.009014288735159956,0.009633567954566052,0.007600897199649579,0.004718605564450352,0.003460411443071625,0.0020398453312388603,0.001066746216355013,0.000442935685587409,0.00013556173156511494,9.591275715191976e-05,0.0,1.5104371205026736e-06,2.303416608766577e-05,0.00012800954596260157,0.0005656587016282512,0.0006645923330211764,0.0015980424734918285,0.004349681297767574,0.006820001208349696,0.005726067123825635,0.007703984533123886,0.013724586895447543,0.01218092015829381,0.006545479261698336,0.0022811376612391627,0.00018729420294233152,103.4076246865843,0.026701443445410002,42.31353192544142,168.5221158203184,-0.66172402338244,37.6431561717083,170.75474730386975,-0.6303105345407095,33.78518775474175,29.308527927982357,3.9125977981347155,4.706497691465441,108.02988248799203,0.3733575398848783,40.95260509206131,172.94722532700965,-0.6104512879112176,34.61669203241703
261_Archonias_brassolis_approximata.png,Dataset_pieridae,100501,0.04544697731034185,0.031002897704721567,0.002927555170816432,0.0029956584179925243,0.0018423255047766247,0.0009543299182208248,0.0003697033418130721,0.0003838546659016107,0.0004156951451008227,0.00019192733295080535,0.00010878830393064083,8.579240228676553e-05,0.00018485167090653604,0.00021492323459468065,0.00033432503159172545,0.0014292837329424031,0.0016224962935692182,0.0017966239141899085,0.0019496074665923723,0.0031206157152665146,0.0054725823623645534,0.008402901463667027,0.009517318235639446,0.009484980248952746,0.008624914179958408,0.005654172595297559,0.0028743495089601097,0.0014601844757763604,0.0008040964766519737,0.0005603178077830071,0.0003638023502253709,0.0007910369051054219,0.00043531905155172587,0.012922135103133302,0.024420155023333102,0.009450154724828609,0.003704565128705187,0.0018078178326583815,0.0011461328742997583,0.0009079511646650282,0.0006361876996248794,0.00048009472542561766,0.00038121511228743994,0.00034390205072586344,0.00030099202993005044,0.00033084247917931166,0.0006735007611864558,0.004559034238465289,40.3978368374444,2.7593973752855847,46.65612249350538,50.037790668749565,2.4248769304279922,51.00109425803198,65.79246972666938,2.144414050424559,62.54040582363025,18.443269221201778,4.258013973654356,27.802421746553502,110.22860469050059,0.21973003846284223,45.474191346941836,66.73148525885314,2.134362169844867,63.344781523556904
262_Archonias_brassolis_approximata.png,Dataset_pieridae,114155,0.010381985507034782,0.0034432715751974655,0.0018797054686853646,0.035311832352697844,0.016063150005596678,0.0038863338832678764,0.0031917616885423815,0.008642440346702095,0.0008682152434068689,0.0008635432331284463,0.0004539636653867305,0.0004337182875135659,0.0002764272748066713,0.00022970717202244512,0.0004897824108546372,0.0024730507740450365,0.004221781787919933,0.013065021243046735,0.02181244798738557,0.010424970434934957,0.00432854452279795,0.0023794402347685163,0.0017147737725022995,0.0010933599053917918,0.000986597170513775,0.0006619289562437037,0.0005414786912531208,0.0004922035828478822,0.00030003066006745215,0.00015987035171477376,8.869519512942929e-05,0.00022885550348210765,0.0011475625246375543,0.015959112610047742,0.02478318952301695,0.007955192501423503,0.002649358328588323,0.0014087205991853181,0.0009794796548552407,0.0007446016381236039,0.0005885637948403487,0.0005726862599097717,0.0005392886864351101,0.0005398361876396129,0.0006460514213131269,0.0009871446717182777,0.00146073321361307,0.0015384783846524462,48.60221628487583,2.437383871132176,46.03233558110119,55.18996101791424,2.4347634245377883,49.25696167850046,55.45470632035391,2.3156896182785403,53.5982548122373,48.82049844509658,1.6672308608457735,34.625820147788545,50.84539441986772,2.2096016269034293,37.69736730341367,59.780430116946256,2.2772555984093352,56.07483091996959
263_Archonias_brassolis_approximata.png,Dataset_pieridae,136964,0.013160960382127988,0.05855553284074647,0.007355704175306407,0.00489212088172399,0.0008573217942103197,0.0003666819180384789,0.00022974406900110004,0.0001843144508370407,0.00024856491081192463,0.0004121115362025382,0.00027192871443915514,0.00018820841810824582,0.00022390311809429242,0.000242723959905117,0.00032904023441682976,0.0013700274849189893,0.0007004577845273211,0.0012316192576151397,0.002460044245203119,0.0037779087935515903,0.007459533161998774,0.013810198300283285,0.01540140109809877,0.008280004234689407,0.004243815893227417,0.002383381764551269,0.0013557394643848018,0.0006822048129435472,0.0002810957623901171,0.00013872258403668116,8.715793931252008e-05,0.00020671490318623873,0.0007292062147717649,0.003209328728717035,0.008728114687071055,0.018894107210653894,0.015491296983148857,0.004519435764142403,0.0019658450395724425,0.0009820098712070326,0.0008711230688356064,0.0007917226424461902,0.0009039784176863993,0.0010112146257410706,0.0010732747291259017,0.0010892460792617038,0.0010965472678952134,0.0011435486697234309,48.07315060891913,2.3981685916438202,35.15684940691591,62.9253745509769,2.2931577251634843,42.28705961475535,76.97518325983471,1.9319606158581706,50.00937871269182,22.49650273064455,4.342347106355678,26.90977873270357,97.70936888525452,0.4234482398552477,34.390500149380856,77.75748371834935,1.9291200474383068,50.59430111139123
264_Archonias_brassolis_approximata.png,Dataset_pieridae,101475,0.009853768032629821,0.0008829761024882975,0.0011641619446497496,0.0038428731762065096,0.0009574334127179655,0.0009626892228518244,0.0008426815581287126,0.0019560373381511593,0.002840765377350743,0.05117407133667296,0.004645260189975638,0.007201335851742356,0.00043448030439900356,0.00015767430401576743,0.00048265856395937693,0.001490022172949002,0.003693027839369303,0.0020060359694506038,0.006169623059866962,0.00700480413895048,0.015213722591771372,0.012421778763242177,0.00793729982754373,0.004150036954915004,0.00177629958117763,0.001020571569352057,0.0005617147080561715,0.000333210150283321,0.00013365360926336536,5.235279625523528e-05,1.7861542251786154e-05,8.00689825080069e-06,5.543237250554324e-06,0.019917467356491747,0.01838691796008869,0.004387780241438778,0.0020146587829514657,0.0013063562453806356,0.0009090909090909091,0.0005432372505543237,0.0005450849963045086,0.0005407735895540774,0.0003978812515397881,0.0003344419807834442,0.0002833210150283321,0.0004009608277900961,0.00681510224193151,0.005711382113821138,79.3628874106923,1.3261452553132942,81.94876285984773,68.59817689085982,1.195285708758318,67.02266976373687,60.17038679477704,1.18018964541796,55.58029041002536,91.7839664942104,-1.2073753281393123,39.49896903653762,76.11043114067505,0.15123995219253142,35.01093575098391,84.66681448632669,1.1746142246169489,83.19072113377283
265_Archonias_brassolis_approximata.png,Dataset_pieridae,91283,0.048895072345221884,0.024685136699421947,0.00495358147494909,0.006831015145816368,0.00014703967028058043,6.621654025880443e-05,4.5767314590644236e-05,3.505581543113176e-05,1.850168036643065e-05,8.569199327609984e-05,0.00011490517280204298,0.0001343806258193384,0.0002580497524791643,0.000301869521768079,0.00036126965347083,0.00195533548293646,0.0006970082052517993,0.0022224839236221422,0.0052316696427593306,0.008555809953660594,0.015614900912546695,0.015167802329020737,0.008325071480998652,0.003131059452471983,0.0013727912097542807,0.0008421611910213293,0.0005587020584336623,0.0004245040149863611,0.0002259456853959664,6.572965393337205e-05,2.3963936329875224e-05,4.039634981321823e-05,7.394586067504355e-05,0.0023922855296166865,0.00943973686228542,0.022415181359070144,0.014031227063089513,0.003956788230009969,0.0014994577303550497,0.0009126836322206764,0.0006709902172365062,0.0004957111400808474,0.0004827021460732009,0.0005306300187329514,0.0007018009925177744,0.001380322732600813,0.002016394071185215,0.001500142414250189,53.06241030640974,2.155025652769422,35.37971782446837,64.0377507312424,2.2411854960313624,46.37980642989638,77.95014405749154,2.0562659351047476,52.414223817406096,19.146533308502132,4.393563883191465,29.473672478922595,79.56866010100457,0.7928640183613971,30.61561299295653,78.4533045583515,2.0642203035324047,53.27486757240109
266_Archonias_brassolis_critias.png,Dataset_pieridae,97276,0.006109534840156988,0.015597315313586543,0.003614000941193671,0.05553590927989546,0.0028153569911043494,0.0005418716961132356,0.0003106852895084319,0.0015241854791178367,0.0013112746777782347,0.0003965806342548807,0.00015625642501747604,0.00013615325922575398,0.00010691229080143099,8.772290527296901e-05,0.00019920409739070046,0.00044592476847092583,0.001453981454829557,0.002069498129034911,0.004644002631687158,0.011597799046013406,0.0197607837493318,0.012385506188576832,0.005115598914429047,0.0019641278424277313,0.001371098729388544,0.0007035394136272051,0.000463886261770632,0.00031032834409309594,0.00019981804350507833,0.0001419928862206505,9.509025864550352e-05,0.00022294810641884945,0.005260804309387721,0.044090397425881,0.0075127729347423825,0.0009547575969406637,0.0003816460380772236,0.00027948826020806776,0.0002910532916649533,0.0002923382951601628,0.00037393601710596655,0.0006238691969242156,0.0011841307208355608,0.0009855976808256918,0.0002537881903038776,1.477754019490933e-05,6.425017476047534e-07,0.0,24.684238661129157,3.7215401916120747,30.307150431402018,30.72354948805461,3.5971094190832136,30.269379366653872,31.630186274106666,3.3320787845778463,33.914122599240415,34.49757391340104,3.091194236346651,20.932056202981517,74.94110571980755,1.4468143455870113,32.0972935219747,33.2660676837041,3.350964385492945,35.14363296052462
267_Archonias_brassolis_critias.png,Dataset_pieridae,91073,0.00619185830170425,0.06325572770073336,0.014160069394881028,0.0050626054556967125,0.00014933075664576767,1.7568324311266788e-05,9.760180172925994e-07,1.9520360345851987e-06,1.9520360345851987e-06,0.0,0.0,0.0,0.0,0.0,0.0,4.684886483004476e-05,2.745050673635435e-06,9.744929891405796e-05,0.0004982266972648315,0.0008612596488531178,0.0016422265655023991,0.003034653519703974,0.005580001756832431,0.010822362280807704,0.01718127216628419,0.013611333765221306,0.005656863175694224,0.001966828807659789,0.0007830257046545079,0.00041930649039781273,0.000170193141765397,0.00017225192977062356,3.4313133420442943e-06,0.0010314527906185149,0.015201404367924632,0.021285122923369166,0.012618997946702097,0.0053953970990304485,0.0013581138207811316,0.000602538622862978,0.00047214871586529486,0.0004261691170819013,0.0004357767944396254,0.0005277359920064124,0.0007397911565447498,0.0008489069208217583,0.0006512632723200071,0.0009017491462892405,35.95290591064311,2.893563218036324,31.58065817532355,57.37070262317042,2.6442439130232094,33.12188353814164,70.08606282871982,2.632360034370806,42.903758124521865,20.731171697429534,5.200727976559106,7.340519639794999,133.6411010947262,-0.2273275641038454,29.77878483348573,70.51508130840095,2.638691377347547,43.07471340494785
268_Archonias_tereas_archidona.png,Dataset_pieridae,61035,0.007504619389603415,0.005478823625788482,0.01999726932634281,0.03547254307637694,0.014422325987821196,0.0027699953578547826,0.0006786634262672601,0.000867990133165852,0.0006407980848875418,0.0004805985636656563,0.0001835012697632506,0.00010340150915230787,4.951621565040095e-05,2.038902997369451e-05,6.699252705642482e-05,0.0001514613655188735,0.0009287703776521668,0.003915786024412222,0.005654542475628738,0.007890964200868354,0.013544482673875645,0.012439583845334645,0.008234005079053003,0.00439604325387073,0.002426886212828705,0.0012318751536003932,0.0006860817563692964,0.00045260915867944624,0.0002252805767182764,0.00013619234865241254,7.372818874416318e-05,0.0002631686737118047,0.0007505939215204391,0.013456418448431227,0.02169042352748423,0.012099614975014336,0.00494081264848038,0.0017203244040304743,0.0007884820185139674,0.0005201933316949292,0.0004218890800360449,0.00039833701974277053,0.0003850249856639633,0.0004229130826574916,0.0005212173343163758,0.00061644957811092,0.0013475874498238716,0.0024197181944785777,44.49845170803637,2.6849485697542903,44.659060266197464,56.96462685344474,2.601231565527124,47.06568994299755,59.90900303104776,2.294899296621805,56.44559268252455,35.78733513557795,2.0717905546866593,18.207563989139487,81.04243466863275,0.9111508041606226,36.439893197428525,62.67318751536004,2.3334539064852287,56.713668035774866
269_Ascia_monuste_monuste.png,Dataset_pieridae,105078,5.583154101397691e-05,0.0025098815483101445,0.0759292039141294,0.007208190317880263,0.0022797879247373905,0.0005896149104051805,0.0002495500696836847,4.8218149057525517e-05,9.30525683566282e-06,8.459324396057109e-07,0.0,0.0,1.6918648792114218e-06,8.459324396057109e-07,0.0,5.921527077239976e-06,0.00010944250937398884,0.0013263956299130169,0.0020615637907078553,0.0021829022250137993,0.004708407088067912,0.011628861417232912,0.022552889282247475,0.014736671805706238,0.00278424123032414,0.0002569519785302347,5.710043967338549e-05,2.617103485030168e-05,3.0334608576486038e-05,2.9739812329888273e-05,5.353166219379889e-06,2.9739812329888275e-06,0.0,0.0,1.189592493195531e-06,2.617103485030168e-05,0.00012609680427872627,0.00035866213669845257,0.000679852109861246,0.0009826033993795085,0.001387064847065989,0.003126843868364453,0.0052502664687184755,0.005824839642931917,0.014567749671672472,0.027047169721540188,0.0030774757798968386,4.4014922248234645e-05,120.222377662308,-0.03935352252917243,21.114794994637997,193.520803593521,-1.6686734144073083,28.928729837862214,194.5401035421306,-1.5936830066907937,28.57001214183089,30.29289670530463,4.1326360627185785,6.091914881374626,98.1692837701517,-0.9706858677413208,23.969998517122843,196.6997563714574,-1.6965690100761428,27.62782094840793
270_Ascia_monuste_monuste.png,Dataset_pieridae,114031,4.131430147162711e-05,0.0027836485010411397,0.07897423605082049,0.005724759056747726,0.001178626864624532,0.00015122593368859733,1.4031272197911095e-05,1.5590302442123438e-06,4.677090732637032e-06,1.5590302442123438e-06,0.0,0.0,0.0,0.0,4.677090732637032e-06,8.57466634316789e-06,3.3981987354315934e-05,0.0007914514474134227,0.002003841060764178,0.00202302444072226,0.0035927730178635636,0.005993984092045146,0.009448088677640291,0.018125553577535935,0.014943852987345546,0.004838048425428173,0.0005711166261806,4.8780594750550286e-05,1.9183379958081575e-05,1.534670396646526e-05,2.356815251992879e-05,2.7404828511545107e-05,0.0,0.0,5.480965702309021e-07,1.0961931404618041e-06,1.2058124545079847e-05,0.00010139786549271689,0.0003644842192035499,0.0007892590611324991,0.0011427813489314309,0.0017824100463908936,0.004591953065394498,0.007883272969631065,0.011850944041532566,0.02824560865027931,0.005622374617428594,0.00011181170032710404,111.48723592707246,0.7267262209628647,21.5784144712866,195.2041900886601,-1.5531024781745173,25.3670496203963,199.88124281993493,-1.501978846761848,25.557179020069807,28.929720865378712,6.166489861480521,4.665919634470119,112.25608825670213,-0.8794612155987918,28.862901069968267,201.10911944997412,-1.553049498802279,24.56038631132893
271_Ascia_monuste_orseis.png,Dataset_pieridae,54268,0.00022440071087524466,0.009059564466065534,0.042575530494746244,0.03501142478071792,0.0013693357247569675,0.00014414060260599658,9.827768359499766e-05,8.189806966249805e-05,6.224253294349853e-05,0.00010319156777474754,6.879437851649837e-05,6.551845572999845e-06,1.6379613932499612e-06,1.9655536718999533e-05,2.2931459505499454e-05,3.9311073437999067e-05,0.00023033832092577577,0.0006138516252671924,0.001272619223114911,0.0038754422495761776,0.0058909025576767155,0.005696266676494435,0.008795468784550748,0.012805658951868505,0.011918856416304267,0.007711726984594973,0.0027352675609935875,0.000684104813149554,0.00015087160020638314,5.5281197022186185e-05,2.4185523697206456e-05,3.915751455738188e-05,0.0,9.213532837031031e-06,0.0003397490233655193,0.0007497512346134002,0.004065471364339942,0.006793828775705757,0.006444866219503206,0.00662568180142994,0.009468056681654013,0.011580259084543377,0.008056082774379008,0.004025162158177931,0.002212399572492076,0.0009973649296086092,0.0005597221198496351,0.0005723907275005528,77.40744084911918,1.112933049564272,36.00454507524707,132.14573966241616,0.028067128542607556,40.90432748795683,128.38825827375248,0.3257407938609663,36.56492779744731,32.05393602122798,4.735971594324624,8.994631136220178,113.0819820151839,-0.36643880795482703,34.13145556483414,135.25786835704284,0.14538408206049946,39.17457741764644
272_Ascia_monuste_orseis.png,Dataset_pieridae,103104,4.0520035864542386e-05,0.0028708876474239603,0.044978101938064695,0.02768035726601835,0.012118939237188773,0.0011612869853093316,1.4656183185047245e-05,6.034898958548866e-06,4.310642113249189e-06,8.621284226498379e-07,8.621284226498379e-07,1.7242568452996758e-06,2.5863852679495137e-06,1.7242568452996758e-06,3.4485136905993516e-06,2.5863852679495137e-06,4.7282355679702046e-05,0.0012141866464928615,0.010725214346679082,0.012027297680012415,0.006623773083488517,0.0034582799891371818,0.0026059852188081937,0.0034025110567970206,0.00446030221911856,0.004502735102420856,0.0036031579764121665,0.002816937267225326,0.002244699526691496,0.001734292558969584,0.0012693493947858474,0.0017639955772811918,0.0,3.091538640595903e-05,0.000327945569522036,0.001056578794227188,0.0026902448013656115,0.0039923281346989446,0.004833105408131595,0.0059927354903786464,0.008323513151769088,0.0086769184512725,0.00870237818125388,0.00912185754189944,0.005556889160459342,0.0024592886793916822,0.000617701544072005,0.00011759970515207945,95.4000038795779,-0.05377088931600998,54.02783410004407,143.97594661700808,-0.34427105870348407,43.97161794413906,140.44659761018002,-0.32512006311767117,36.35750422435159,34.287981067659835,0.9782748314900304,9.076046734257291,104.63846213531967,0.6905568166569636,61.61684198366296,147.4382565176909,-0.3148441324547489,40.86851643123958
273_Ascia_monuste_orseis.png,Dataset_pieridae,71449,0.00043045466774280336,0.004421491009126945,0.0045334589862854775,0.003286882173920481,0.0025068385997160368,0.003014426762834718,0.012550366150836417,0.02715472263821436,0.029415231688181623,0.0013112694213899267,0.00012689704077967033,5.598398857926633e-05,1.866132952642211e-05,6.220443175474036e-06,2.7369949972085762e-05,2.8614038607180567e-05,0.027333307674005235,0.025908340214698598,0.0019559406009881175,0.0013672339710842699,0.0013742319696566781,0.0013025024842894931,0.001299003485003289,0.0009246105613794455,0.0005860823804391944,0.0002545521980713516,0.00010759422805077748,4.723649036375597e-05,2.0119245895673836e-05,7.872748393959328e-06,0.0,1.1371747680163474e-05,5.248498929306218e-06,0.00022131170485241222,0.0008292628308303826,0.0015255636887850075,0.0022279877954904897,0.0014844504471721088,0.001225524499993002,0.0011984072555249199,0.0011896597573094094,0.001299003485003289,0.0017836148861425632,0.004232914386485465,0.02536249632605075,0.01984369970188526,7.085473554563395e-05,0.0,177.1573010119106,-1.8706187836627877,51.44006155181288,182.33947291074753,-1.8769054869250845,47.89258403027174,172.105151926549,-1.8900755432720924,43.695739850164806,74.02125991966298,-1.2586120854022602,22.246219861299735,26.05311480916458,2.9963950666385313,27.231794850946915,183.45930663830146,-1.8837106847532878,45.961029884284116
274_Ascia_monuste_orseis.png,Dataset_pieridae,61014,0.002988020964223147,0.016787403983785143,0.010696270072806605,0.00870328485629892,0.007591700265512833,0.012005987696812753,0.008930555100286638,0.01690540968739415,0.0029268328216110694,0.00022581338344933587,0.00012529000630092182,5.973128207369529e-05,0.0001733664040675546,0.0001821075672978515,0.00014277233276151555,0.00044434246420675764,0.0279157242600059,0.020559830530697872,0.00526108761923493,0.0032584734651063692,0.0027657586783361196,0.0017793047497295703,0.0006658307929327695,0.00022228504933293999,5.7363883698823223e-05,1.1267905726554562e-05,1.0243550660504147e-06,0.0,2.0487101321008294e-06,0.0,0.0,0.0,0.0,0.0,0.0,7.170485462352903e-06,3.8925492509915755e-05,0.00019667617268167962,0.00038823057003310713,0.0007590471039433573,0.0017414036122857049,0.003621095158488216,0.005235478742583669,0.004640328449208379,0.005240600517913922,0.008600485134559282,0.02010501688137149,0.011925541678958927,195.03443471990036,-1.0235312753786836,44.637450942314715,207.37576621758942,-1.071470028017435,38.18676292065485,204.00981741895302,-0.9854337089556111,32.34091253379589,51.26911856295276,0.5406925156742809,28.361973922405983,25.187268495755074,1.9655701696887693,22.000866501710732,210.9551086635854,-1.0468552723873281,34.85557586136481
275_Ascia_monuste_orseis.png,Dataset_pieridae,67726,0.00012206045930169606,0.010274078230254587,0.006721200129935327,0.005996712242467196,0.0066949505687951775,0.010019457487195136,0.014320448080008662,0.02651993161989323,0.008012678538030692,0.00015487241072688316,2.362460502613472e-05,5.249912228029938e-06,5.249912228029938e-06,2.624956114014969e-06,1.3124780570074844e-06,1.4437258627082328e-05,0.006926808020553407,0.04269685940406934,0.00420905560641408,0.002186198801051295,0.0018871998936892773,0.0017349319316067684,0.00147930632253492,0.0008610061128665505,0.00036636594513185484,0.00010889466379233972,2.0302394944334523e-05,1.6611050409000976e-05,9.228361338333874e-07,2.7685084015001625e-06,9.228361338333874e-07,1.8456722676667749e-06,0.0,4.614180669166937e-06,5.9061512565336796e-05,0.0002279405250568467,0.000483566134128695,0.0006699790331630393,0.0010797182765850634,0.00181706434751794,0.003086886867672681,0.004576344387679768,0.0057308123911053365,0.009427693943241887,0.030602169034048964,0.004719383988423943,1.3842542007500812e-05,9.228361338333874e-07,169.19688155213655,-1.4994610113943607,40.35968476961303,180.11112423589168,-1.6486956363327119,33.76379587553108,170.53985175560345,-1.7734246471578974,26.521929058149826,62.698889643563774,-0.5978422509841489,24.49020557006953,30.866284735552078,2.527076369298053,24.421105881274453,182.35896110799396,-1.6937824373459847,30.386670871541675
276_Ascia_monuste_orseis.png,Dataset_pieridae,64566,0.0012679532055054775,0.016024946050036657,0.003938777547178253,0.003293098879010969,0.0029241396400582352,0.0015735836198618467,0.0030576808571418737,0.006822992493469215,0.046627912179440845,0.0026735777688291396,0.00027121257490182315,0.00017071248369454855,5.506854312727373e-05,3.028769872000055e-05,8.810966900363798e-05,6.883567890909217e-05,0.027888129975528916,0.02506253291205898,0.003363806027940402,0.0026987888362295944,0.0020027955890096955,0.0011257860174085433,0.00026620047703125485,6.195211101818295e-05,2.516804510113682e-05,3.872006938636434e-06,9.680017346591086e-07,0.0,0.0,0.0,0.0,0.0,0.0,9.680017346591086e-07,1.936003469318217e-06,1.6456029489204843e-05,9.09921630579562e-05,0.0001829523278505715,0.00044721680141250814,0.00080344143976706,0.0010483458786358145,0.0018575953288108291,0.004728688473809745,0.005668618158163739,0.010363426571260416,0.02470146826503113,0.012567566521079206,2.032803642784128e-05,195.8143295232785,-1.499676437752648,37.12151004196236,199.54883375151007,-1.6204889358534829,30.329588793339035,194.21890778428275,-1.970552746350571,23.410271139073945,70.98014434841868,-0.7428035413661491,32.86465807160438,22.26538735557414,2.4028880863513438,17.805393083419915,203.6823715268098,-1.7399519492106976,26.719229651048916
277_Ascia_monuste_orseis.png,Dataset_pieridae,93389,6.091604888037016e-05,0.0010136811258999099,0.002318617110509089,0.005218792125172962,0.013399627127153924,0.02398854968643702,0.02839258965783503,0.014091595369904378,0.00035692997390841894,2.284351833013881e-05,3.807253055023135e-06,0.0,9.518132637557838e-07,0.0,9.518132637557838e-07,1.9036265275115675e-05,0.0005581492466992901,0.021385013224255532,0.02921583377057255,0.010272890811551682,0.0006451509278394672,0.00014388739573183138,9.101714334664682e-05,5.220100868410627e-05,3.480067245607084e-05,2.810823544528799e-05,2.074655473342685e-05,1.4054117722643995e-05,1.2046386619409138e-05,9.369411815095996e-06,8.030924412939426e-06,8.70016811401771e-06,0.0,9.369411815095996e-06,3.814689096146227e-05,5.621647089057598e-05,0.00017266487487819764,0.0006853055499041643,0.002661582199188341,0.004528102881495679,0.009619039715598196,0.016211090171219307,0.019080807161442996,0.007235862896058422,0.0013860037049331292,0.0006270813479103534,0.00017868806818790222,1.0038655516174281e-05,138.78652732120486,-0.5353636219960128,23.4439812595181,153.84981100557883,-0.5551008329713033,24.129632523903528,134.4260030624592,0.2566998727979989,23.219550417573238,64.0426388546831,-0.7669681234269983,14.419200877665592,37.25077899966806,3.5229693682973617,13.179070310418073,154.1057512126696,-0.5076113868830562,23.960456971469384
278_Ascia_monuste_orseis.png,Dataset_pieridae,68131,4.566366428074021e-05,0.017482660038911964,0.05523607299010566,0.012528804802512807,0.001820023190618074,0.0009524135692840101,0.0004905582219873805,0.00024527911099369025,6.784315835995687e-05,1.0437408978454905e-05,0.0,0.0,2.609352244613726e-06,2.609352244613726e-06,2.609352244613726e-06,1.304676122306863e-06,0.0006788392948877897,0.002943777428776915,0.007408521818261878,0.018451585915368923,0.018269950536466514,0.010775197780745916,0.003300626733792253,0.0005338979319252617,9.081768945120429e-05,2.5685811157916368e-05,1.3760255977455197e-05,3.6694015939880526e-06,3.6694015939880526e-06,0.0,0.0,0.0,0.0,0.0,0.0,5.504102390982079e-06,1.0090854383467144e-05,4.128076793236559e-05,0.00028896537552655914,0.0010191762927301816,0.00314192511485227,0.00765987582745006,0.00989821079978277,0.01226956157989755,0.02061194610382939,0.007490166003728112,6.329717749629391e-05,0.0,136.85718688996198,-0.2335522711132718,27.92928269215549,176.47768269950535,-0.734536074619899,28.06877364655579,180.3922003199718,-0.8024485177149947,23.350508797531795,28.946676256036167,2.892735401361947,8.642868263122208,65.10424036048201,-0.01712370181974048,20.45386072794407,182.31875357766654,-0.7619187696634048,24.007247389219803
279_Ascia_sp_x_otra.png,Dataset_pieridae,61325,7.247361507451193e-06,0.000710241427730217,0.003967205689178783,0.016032613126783533,0.045346740952122114,0.008057616523984236,0.004684694478416452,0.00940707523667165,0.0006363183403542148,2.0292612220863342e-05,1.4494723014902386e-05,1.4494723014902388e-06,0.0,1.4494723014902388e-06,1.4494723014902388e-06,0.0,0.0001141459437423563,0.004870566653077864,0.02321443130860171,0.028130860171218915,0.004726865063187933,0.0008917651854871586,0.00018039135752140236,0.00013045250713412148,8.153281695882592e-05,7.745617611088464e-05,4.484304932735426e-05,2.751732572360375e-05,8.153281695882593e-06,1.019160211985324e-06,0.0,0.0,0.0,0.0,2.038320423970648e-06,1.732572360375051e-05,0.00010803098247044435,0.0013503872808805545,0.0033316347329800243,0.0055146759070525886,0.01207704851202609,0.025598247044435384,0.012179983693436609,0.002110680799021606,0.0002068895230330208,3.057480635955972e-06,0.0,0.0,120.91986954749287,-0.04811027477258896,23.255775988332637,145.59355890746025,-0.8374070742482196,20.23265512885753,128.70602527517326,-0.5623445426108663,19.400830954445354,52.70666123114554,0.9522900170731096,14.846330743632262,49.42093762739503,2.2301146199286004,14.08665970021873,145.8322869955157,-0.8258219055582331,20.129984478887277
280_Ascia_sp_x_otra.png,Dataset_pieridae,48593,2.560954138341828e-05,0.0011195028090465705,0.005110932758947905,0.017734607408017158,0.050904451258411705,0.003940210867134498,0.004159721221849512,0.0048328863096422205,0.000998772113953313,3.292655320725208e-05,1.8292529559584486e-06,1.280477069170914e-05,0.0,3.6585059119168972e-06,3.6585059119168972e-06,7.3170118238337945e-06,7.074064165620563e-05,0.0022096804066429323,0.012294723519848538,0.029621035951680284,0.01269087111312329,0.0032656452575473833,0.001191015166793571,0.0005620665527956702,0.00021222192496861688,0.00014148128331241126,8.231638301813018e-05,6.559586771757249e-05,4.115819150906509e-05,2.5723869693165683e-05,7.717160907949705e-06,1.8006708785215978e-05,0.0,0.0001363365093737781,0.0002675282448089231,0.0002996830819253802,0.0012926244520815755,0.003101012491511123,0.0046997509929413706,0.011552589879200707,0.022878809705101557,0.01304328812791966,0.003704237235815858,0.0012591834214804602,0.000253380116477682,1.1575741361924556e-05,0.0,0.0,104.27802358364373,-0.4461590586742284,25.204534825092175,131.5717901755397,-0.8666188338181662,23.930285587759816,115.62216780194679,-0.2646591749661573,22.06611902835172,49.58133887596979,1.2578493799499717,13.536361175008702,58.643549482435745,2.2553204967554286,18.954874901788454,131.89774247319573,-0.8124057267941093,23.71321673930448
281_Catasticta_affinis_affinis.png,Dataset_pieridae,116597,0.03638210626726626,0.028057897430179737,0.015108450474712041,0.003674575198713899,0.0002431928399148825,1.4484839994930306e-05,3.9642719986125045e-05,5.1840479981855834e-05,1.524719999466348e-05,3.278147998852648e-05,9.605735996637992e-05,0.00011969051995810832,0.00016619447994183192,0.0003339136798831302,0.0004551289198407049,0.00409768499856581,0.0044131710078303904,0.010102639862089076,0.010332062574508779,0.01037280118699452,0.010693349743132328,0.008794179953172037,0.004513409435920306,0.0018246610118613686,0.0007279346809952228,0.0002926747686475638,0.0001597382436940916,8.89817062188564e-05,5.628360935530074e-05,3.645033748724238e-05,2.1441374992495518e-05,7.022050310042283e-05,0.0001023825655891661,0.0019034580649587897,0.004632945101503469,0.009625033234131239,0.011371433227269998,0.0075854224379701025,0.005154506548195922,0.004027762292340283,0.0031288326457799085,0.0026946448021818743,0.002449677092892613,0.002211677830475913,0.0018825527243411066,0.0018150123931147456,0.0020283540742900763,0.0018863049649647933,85.19440465878196,1.0956415112046496,56.63009759056699,95.12049195090783,1.0171821168727027,60.86783709425774,105.55451684005592,0.8934861711297063,58.38144588638927,24.241618566515434,3.3787024552784626,37.661757285047806,59.0802850845219,0.7367871182767859,32.97307169956149,105.73767764179182,0.8994650931623385,58.5811015022221
282_Catasticta_affinis_affinis.png,Dataset_pieridae,108807,0.025856996537191746,0.020536260432590634,0.022519792946328002,0.0023266476932141825,0.0003439321203803269,9.803290842194589e-05,0.00019116417142279449,0.0002173062803353134,0.00013234442636962695,0.00041663986079327006,0.00046974101952182407,0.0011445342058262183,0.0014329143447674422,0.0015807806483038775,0.002991637588676382,0.008630163704745304,0.00491294218202873,0.007010118834266178,0.007320875495142776,0.008687400626797908,0.01054160118374737,0.008538628029446636,0.005633254294300919,0.003934144862003364,0.0027445384947659616,0.0014658983337469097,0.0007329491668734548,0.000403811335667742,0.00020276728519304823,0.0001378587774683614,9.362908636392879e-05,0.00013958201218671593,0.0003412004742341945,0.0024797347597121508,0.0029381151947944525,0.006371373165329436,0.008566199784940307,0.007314556967842142,0.005117432701940133,0.0035665214554210668,0.0028703346292058415,0.002652058231547603,0.0026847996911963383,0.0026296561802089937,0.003265529791281811,0.00482275956510151,0.005575813137022434,0.0013039142702215851,93.71928276673376,0.6673422223195454,59.27955682733666,112.43071677373699,0.48764684727626895,69.7507987541835,123.63273502623912,0.35165471464403003,65.75283240653282,44.50455393494904,1.5393068390108544,57.620472632335456,71.08805499646162,0.7113421680611699,41.46607482256697,124.25631622965435,0.36020390018701476,66.35797159809161
283_Catasticta_apaturina.png,Dataset_pieridae,50289,0.0004737064213291619,0.0003287663968926273,0.013712740360715068,0.012638063106356371,0.0058506278156698725,0.0036835976942163184,0.0024798884668836346,0.006499322803087046,0.013230196133017824,0.02082010424192611,0.00737073051097987,0.0014069787737985555,0.0001307995342476044,4.7724154387639445e-05,7.247001221826731e-05,0.00014317246316291834,0.014989610053888524,0.018785171707530475,0.011866412137843266,0.008159090457157629,0.004554922547674442,0.0019474934876414325,0.000963182803396369,0.0005344111038199208,0.00028211935015609775,0.00015783769810495338,8.20258903537553e-05,4.846984429994631e-05,1.864224780767166e-05,2.8584779971763208e-05,1.615661476664877e-05,6.586927558710652e-05,0.0001590805146254648,0.0005281970212173636,0.0013969257690548628,0.0032325657698502653,0.004418212730418183,0.004548708465071885,0.004144793095905665,0.0035345701843345462,0.0033108632106424864,0.00302128696136332,0.0027143112807969934,0.0026360138400047723,0.0032599077333015174,0.005822595398596114,0.016067131977171946,0.003704836047644614,151.57724353238282,-0.2795301996794938,62.196329696676194,159.00332080574282,-0.35456074555007183,69.59985774813643,153.20636719759787,-0.3451990922183024,69.97576050055731,75.88192248801924,-0.20593883120007705,33.60506599388338,36.22263318021834,2.0307112703961665,27.648426912326993,163.37566863528804,-0.36423979883243107,67.36033078524649
284_Catasticta_apaturina.png,Dataset_pieridae,55710,0.00024412134266738468,0.00015476974012245954,0.007867727716946889,0.016458246075908973,0.006136540417638964,0.0036187399030694666,0.003897963661022358,0.00596741059853607,0.018548435349727756,0.020755100819721175,0.004308023694130318,0.0006525858114441852,8.456490955144698e-05,2.0742336305071897e-05,5.5844751590578195e-05,0.0001180717605057939,0.003867124394184168,0.01898559504577275,0.013340288996589482,0.009105187578531682,0.007305690181295997,0.004642344282893556,0.0028697720337461856,0.0011779752288637588,0.000534015437084904,0.00029954227248249867,0.00014360078980434394,7.516603841321127e-05,5.1606533835936096e-05,2.4681385747621613e-05,1.9071979895889427e-05,5.833782085801472e-05,0.00011330999820499012,0.0015885837372105547,0.0037583019206605638,0.004700682103751571,0.004523424878836834,0.004173397953688745,0.0039041464728056005,0.0035372913301023154,0.003477831628073954,0.003622554299048645,0.0045795189373541555,0.006833378208580147,0.00779595225273739,0.0057171064440854425,0.003577679052234787,0.0005968407826243044,126.07391850655179,-0.05090029214398795,58.33783682955748,136.00039490217196,-0.20176340562683662,64.39726316378142,127.14957817267995,-0.17371269253715707,63.0119972970087,76.57813677975228,-0.269403211941379,31.06273331527564,48.856399210195654,1.4174152925145203,31.010204165835113,140.29273021001615,-0.23647771981448942,62.89190810233079
285_Catasticta_chrysolopha_adamsi.png,Dataset_pieridae,68977,0.004574793852379134,0.0035799372737772496,0.0039626735481875595,0.011982093870259492,0.00417401613742423,0.0016288843463118947,0.0014330058489705909,0.00184538163284702,0.004686908518620539,0.010590325599676544,0.007783592920667598,0.011006567406526814,0.011614821687744546,0.00367401049947406,0.0025232243275939,0.003828651418427721,0.005027037998173304,0.014329957812024298,0.012188845557214724,0.009528538498340027,0.007767081780883483,0.004931897589051423,0.003284609362541137,0.0018864983980167302,0.0012123606419531148,0.0007140061179813561,0.000433115386288183,0.00030173101178653753,0.00018484422343679777,0.00013772706844310422,8.06428229699755e-05,0.0004911057308958058,0.0015938283775751337,0.010278788581701146,0.009796743842150282,0.007098380619626832,0.005278933557562666,0.004236013453759949,0.0037231613436362844,0.0036307392319178855,0.003294576453020572,0.003166816475056903,0.003068051669397045,0.0026639314554126737,0.002065906026646563,0.0014606318048045,0.0008372356002725546,0.0003062615074590081,79.72815576206561,0.7736167128898337,55.90355896353937,81.76466068399611,0.717742585548695,60.94454978119996,79.85269002711048,0.69021683425199,54.66538835432275,94.71651420038563,-0.34046365590510935,49.44733233938218,56.63255867897995,1.7685902159036468,40.8785217746569,88.40485959087812,0.6941141342550251,60.25450368770956
286_Catasticta_chrysolopha_chrysolopha.png,Dataset_pieridae,63918,0.005281767264307394,0.004746359050310989,0.0029398778295802604,0.0028592189298093738,0.00402738230580153,0.001908000180787189,0.0026714783872392057,0.009332790971765908,0.019839308002266794,0.025694031589084627,0.0029732539260371796,0.002423939005183725,0.0008496997889657235,0.0006049417482816525,0.0011751167294206813,0.001561723180046657,0.014474600269094778,0.018272434994837133,0.012882716918551895,0.008657576895397227,0.004944812103006978,0.00216488313151225,0.0006668700522544511,0.000204363403110235,0.00010071497856628806,6.355799618260897e-05,3.0312275102475045e-05,2.151193716949842e-05,4.889076629431459e-06,4.889076629431459e-06,2.9334459776588756e-06,2.9334459776588756e-06,9.778153258862919e-07,3.226790575424763e-05,0.0004204605901311055,0.008389655496104384,0.01532041052598642,0.010136033668137302,0.0061054788948340065,0.004268163897493664,0.0031172752589254983,0.0023741356112519166,0.0021081698426108453,0.0019380299759066304,0.0016965095904127162,0.0016965095904127162,0.0014765011420883006,0.0034194201946243625,108.67151663068306,1.1389644612122802,56.80595786656195,107.0056165712319,1.1975968270460997,57.918973683024895,101.99616696392252,1.2376610327525701,56.95289417272668,84.615851559811,-0.5669697722917748,37.207801622342956,35.118432992271345,1.159837913451986,24.33442614592941,112.05444475734535,1.1677360728512198,56.66158288472924
287_Catasticta_chrysolopha_chrysolopha.png,Dataset_pieridae,60041,0.007011505101143848,0.02814373141316397,0.016591625352305555,0.011537301362587416,0.003294045365296677,0.0013679541202400584,0.0008571920298906858,0.0015737394262069068,0.004105342830547274,0.008326162307608319,0.001496754995197726,0.0018653919821455338,0.0007624419609563095,0.0003064572542096234,0.00035679322833101083,0.001292450159057977,0.008609741676521045,0.016110865908296,0.013312777935077697,0.010966464582535267,0.008848120451025133,0.0032071834246598157,0.0008900168218384105,0.00038203061241484984,9.160407055178962e-05,4.580203527589481e-05,2.081910694358855e-05,9.368598124614847e-06,1.0409553471794274e-06,2.0819106943588548e-06,0.0,2.0819106943588548e-06,9.368598124614847e-06,0.00014365183791076097,0.0014396412451491481,0.008860611915191286,0.015183374693959127,0.012090696357489049,0.005886602488299662,0.0038650672040772137,0.0029427807664762413,0.0022901017637947402,0.0017300677870122083,0.0014802385036891458,0.001219999666894289,0.0010784297396778868,0.0010503239453040422,0.0032290434869505836,92.77350477173931,1.4644099012132537,52.42208659997038,100.3604203794074,1.3869771876618382,55.464389215915645,102.62082576905782,1.3534654898558973,54.81109425734556,44.7384120850752,1.3348256810093686,39.786866073495965,42.471810929198384,0.6864896266043514,24.88877693529319,105.72050765310371,1.3865110223659658,54.12232511786056
288_Catasticta_chrysolopha_chrysolopha.png,Dataset_pieridae,71821,0.0044357190484367775,0.0041040302356630445,0.003779767291832008,0.011977926604567837,0.0038589765605540937,0.001403489230169449,0.0012982894201479295,0.0018787448425019609,0.004503789513744819,0.01126009260677394,0.007821915286305926,0.008964261458657247,0.014495296176141611,0.002652272857366075,0.0019579541112240465,0.004496363644802124,0.005269176146252489,0.014307270853928517,0.012750449033012628,0.00983608554601022,0.0078493755308336,0.004814921819523537,0.002998774731624455,0.0016934462065412623,0.0010886439899193828,0.0006517940435248744,0.0003646217680065719,0.0002567146099330279,0.00015576920399326102,9.485387282271202e-05,6.613664527088178e-05,0.00030196599880257864,0.001204383119143426,0.010576641929240752,0.009959656646384762,0.007227168933877278,0.00540057921777753,0.004294530847523704,0.003896840756881692,0.003469563219671127,0.003337289929129363,0.0031345288982331074,0.002940470057504073,0.002651557343952326,0.0019980228623940072,0.0014097548070898483,0.0007518692304479192,0.0002471422007490845,79.05545731749767,0.8037608647822018,55.14204177590816,81.06656827390317,0.7466410943680355,59.89045577309801,79.208212082817,0.7213782474378266,53.75752782535263,95.36437810668188,-0.35149007417185796,49.95403272968876,54.58326951727211,1.702095314406343,38.09174503433365,87.57440024505368,0.7189679412156235,59.392560788587716
289_Catasticta_chrysolopha_chrysolopha.png,Dataset_pieridae,39026,0.0020909137498078202,0.005445942021558277,0.04427589584151876,0.0186155098879949,0.0034096926835101384,0.0011297311763667527,0.0010181246690240695,0.0011365642278367129,0.0013916648160485602,0.0026853892276943576,0.002660334705637837,0.0028539378306200423,0.0007561910293422619,0.0003279864705580895,0.0005466441175968157,0.0005443664337734958,0.0067022625941679905,0.011918336493619638,0.009346333213754932,0.0065677368933531495,0.005541177676420848,0.00488456413672936,0.00448419002716138,0.003702659765284682,0.0030812791472351764,0.00231736534617947,0.001218738789524932,0.000671027007635935,0.0003923666273766207,0.0002882693588889458,0.0002097960334136217,0.0011738968892533183,0.0014173243478706504,0.0053201711679393224,0.0051840439706862095,0.003845192948290883,0.0033231051094142366,0.003153346486957413,0.0030540537077845538,0.00341759339927228,0.005866281453390048,0.009050056372674628,0.006413993235279045,0.003914057295136575,0.002599228719315328,0.002519153897401732,0.0021123738020806643,0.0013100240865064317,93.17762517296161,0.3419687401826891,55.449959088853184,118.96861066980988,-0.09961493508680301,63.73884535844285,119.59573105109415,-0.0812462748674941,65.15163058345438,43.73645774611797,1.9839355942430748,33.40770390433715,69.94224363245016,1.1793735045641012,54.23593658194452,122.01637369958489,-0.08372085841694958,63.94200887187027
290_Catasticta_chrysolopha_chrysolopha.png,Dataset_pieridae,56146,0.0019156405720007759,0.003489315554289016,0.011113881665657393,0.023579793949900455,0.012774631219400213,0.006969132064419351,0.004103587076550422,0.009051005909197054,0.008523808958390229,0.004798600474160621,0.0011984627380203202,0.0003878776364794959,0.00014565201043311682,0.00015515105459179836,0.00027547228060176445,0.000406875724796859,0.026988788159441456,0.021175818402023296,0.008725020482313967,0.002283110105795604,0.00099517329818687,0.000567716311046201,0.0003228190788301927,0.0002393313860292808,0.0002816318170484095,0.00015139101627898694,0.00012578812382004062,0.00016140953941509636,0.00010909058525985822,8.794036975029387e-05,3.8960923307092227e-05,0.00024601040145335375,0.0012044491148078226,0.0009450806825063228,0.0006812595732554412,0.0010575107754782175,0.0016408114558472554,0.0021951697360453105,0.0030100096177822105,0.003941732269440387,0.004300172763865636,0.004010748762155808,0.0037725305453638726,0.00387939479214904,0.0044126028568375305,0.006621130623730987,0.012636697182346026,0.00819069924838813,165.20694261389949,-0.8196839434539953,61.260272995758484,174.7320022797706,-0.797783507747991,63.88754157207994,169.70710291026964,-0.7571249145137727,62.652574613886166,57.17810707797528,0.7961819776065402,29.678193904117528,25.599170021016636,4.385764609079201,28.93137654655123,176.05533786912693,-0.7997106068070149,63.10704118835068
291_Catasticta_ctemene_rubricata.png,Dataset_pieridae,109376,0.004199986996944282,0.06426435212274885,0.0197093817047006,0.0006452766400104025,8.126909823808594e-06,1.625381964761719e-06,1.625381964761719e-06,0.0,2.4380729471425783e-06,3.250763929523438e-06,0.0,0.0,0.0,5.688836876666017e-06,5.688836876666017e-06,4.1447240101423835e-05,1.3142736980690463e-05,0.0002171408718548859,0.00043313889701579873,0.0015679856641310707,0.005023382643358689,0.007520502669689877,0.008813062280573434,0.009067345669982445,0.010060479447045056,0.009066202823288473,0.005633091354593329,0.002578833564950263,0.0011725607080163838,0.0005777090038033938,0.00031656853423054417,0.0004388531304856641,2.2856933879461674e-06,4.171390433001755e-05,0.00048628126828554713,0.0030559720596840256,0.008212496342890578,0.01036219097425395,0.009538198507899356,0.007411360810415448,0.00492566925102399,0.003866250365710942,0.0035799672688706847,0.003508539350497367,0.0031456855251609126,0.002193694229081334,0.0012439886263897015,0.0009257058221181978,67.47912704798128,1.0487176909108493,42.551284363788554,102.18362346401405,0.8341031288605537,50.784112438463396,122.69760276477473,0.7098117890097021,48.37959982124849,18.66992758923347,8.835372206255188,6.312860975944488,125.1175303540082,0.3020972621404854,37.86759732902411,122.75760678759508,0.7139922907442368,48.329661656108165
292_Catasticta_ctemene_rubricata.png,Dataset_pieridae,117153,0.0062163723222338875,0.06668961860890364,0.011294631806270434,0.0035091812511084744,0.0007837803745719036,8.42203500266034e-05,2.7314708116736234e-05,5.614690001773559e-05,0.0,4.552451352789373e-06,1.6692321626894363e-05,4.552451352789373e-06,9.104902705578745e-06,1.2898612166236555e-05,2.4279740548209986e-05,0.0001555420878869702,0.00013123863665463113,0.00031956074535009776,0.00118008074910587,0.0025154072025470966,0.004433838655433493,0.006137806970372078,0.008345390216212986,0.010722623406997686,0.011991263561325788,0.008620671258951969,0.004571479176802984,0.0018512116633803658,0.0006828677029184059,0.0003649074287470231,0.00020432682048261675,0.00042732580471690866,0.00034410130342372796,0.009481724753100646,0.01677133748175463,0.016090070250014937,0.007973013921965293,0.004016649168181779,0.0027362722252097685,0.001970713511391087,0.0013822736080168667,0.0007644917330328716,0.0003942494003567984,0.0002240659650201019,0.00014831032922759128,0.000116834396046196,7.148771264927061e-05,1.4404240608435123e-05,33.58753083574471,2.320316255771417,27.047618012584973,49.04657157733904,2.017873347544976,31.366833773165617,59.0474166261214,1.6652736048909378,32.66406264208055,19.060246003089976,8.288822706335003,10.262022131115751,121.55791144913063,0.07519517285889742,37.49582301842143,59.3379597620206,1.689236698010064,32.522412382682354
293_Catasticta_ctemene_rubricata.png,Dataset_pieridae,85779,0.03833831383231586,0.030259672465806835,0.015358330386484131,0.00021450471560638382,4.6631459914431274e-05,1.3471310641946811e-05,3.108763994295418e-05,3.523265860201474e-05,0.00012124179577752131,6.113902522114322e-05,6.632029854496893e-05,9.429917449362768e-05,0.00012227805044228644,0.00035232658602014737,0.0008632001357493611,0.0029108393533252767,0.0013209818253884984,0.0015140652140966902,0.0019060609240023783,0.003059460940323389,0.005338573543641217,0.008534285780902085,0.011757685447487147,0.010987537742337869,0.007766323925436296,0.00445184718870586,0.0023199151307429556,0.001351583720957344,0.0008430093612655778,0.0005042026603247882,0.00029654694039333635,0.0005479196539945674,0.0,1.2386481539770806e-05,8.014782172792875e-05,0.00028343184229240255,0.0010368213665349329,0.003916314016251064,0.007734993413306287,0.00918858345282645,0.009244686928035999,0.008437379778267409,0.00609997785005654,0.0036860711829235595,0.0021428613063803493,0.0019512351507944834,0.0023337588454050524,0.006351350563657772,91.42355355040277,1.1223815818905623,48.233069600093295,123.73642733069866,1.048360264815212,56.15268037898861,152.64024994462514,0.6314666869747525,49.00319206606327,22.243567772998052,3.810588275532244,34.59921266374069,108.7376047750615,0.2557043683891533,42.28021987407924,152.8008836661654,0.642718485925314,49.284254329041815
294_Catasticta_ctemene_rubricata.png,Dataset_pieridae,112767,0.006055357014414185,0.06730889552991765,0.014293385673310652,0.0004500922748282348,0.00011902615323828977,3.153010681809e-05,1.1823790056783752e-05,3.074185414763775e-05,2.9165348806733252e-05,3.153010681809e-05,2.1282822102210753e-05,4.335389687487376e-05,5.596593960210976e-05,7.330749835205927e-05,6.069545562482326e-05,0.00027273542397647857,0.0006562203481514982,0.0014465668147596372,0.0025705658570326427,0.003463446753039453,0.005086261938333023,0.009700311261273244,0.013080067750317025,0.009975768620252378,0.00787187297702342,0.004427270389386966,0.0022086470332632773,0.0011179024005249763,0.0005038043044507702,0.00024109446912660618,8.313602383676076e-05,6.706305922832035e-05,5.542401589117383e-07,1.662720476735215e-06,5.9303697003556005e-05,0.0002832167212038983,0.0007127528443604956,0.001434373531263579,0.0023411104312431826,0.003993854585117987,0.007108130038043044,0.00943095054404214,0.009840534021477915,0.009164915267764506,0.00646576569386434,0.0035826083872054766,0.0029707272517669175,0.005109540025007316,101.0839163939805,0.6445618909771013,38.793403229284166,143.83592717727703,0.5978204167586423,44.99831343526112,170.6644674417161,0.025042089657109554,42.354689928319445,18.446185497530305,9.150341234419649,12.647446616543794,105.48696870538367,0.005242216757642685,37.39461010687034,170.74634423191182,0.03338077958970728,42.403335193075144
295_Catasticta_flisa_dilutior.png,Dataset_pieridae,146879,0.033494539344933204,0.046015200720774696,0.0027130419521435253,0.003673469696522686,0.00031832702806769897,6.293918425673135e-05,0.00010469691227321658,6.354436872073839e-05,9.077766960105484e-05,0.00017731904795406046,0.00018095015473810266,0.00021302493133047533,0.00023360120310671445,0.00025599302827497463,0.00040365803749269053,0.0008878056086983163,0.00041232919614104125,0.0007876381238979024,0.0029301329665915483,0.0044709420679607025,0.006909599057727789,0.008518491411297735,0.009306980575848146,0.00997930269133096,0.008229137589444373,0.005124966809414552,0.002961195950408159,0.001264646409629695,0.0005046671069383642,0.00031573608208116885,0.0001642508459344086,0.0006199831153534542,0.005339003533520789,0.019014801299028453,0.006544077097474792,0.002939068893442902,0.001949308614573901,0.0014876190605872862,0.0014242165319752994,0.0018301629232225164,0.0023471701196222743,0.003023321918041381,0.0038539375948910327,0.0040990373028138806,0.004077761286501134,0.0035671368949952,0.0008544448151199287,0.00014893211418923058,50.339497137099244,0.909832144010859,44.826418680326334,63.66697077185983,0.6978318570111054,53.38565594341824,88.22502195684883,0.5254046990813539,74.40890832308462,17.472654361753552,5.19005617238146,24.112819961477438,107.9292342676625,0.4175658452914192,41.30254891799868,88.34479401412047,0.5275152159896148,74.29416902648839
296_Catasticta_flisa_dilutior.png,Dataset_pieridae,63670,0.01923808526604192,0.04886445735825349,0.014946512399001797,0.002024326824075528,0.0006449924087744098,0.00034064534143064064,0.00015077744620700485,0.00011308308465525366,5.305132366542764e-05,6.142784845470568e-05,0.00010191438493621626,5.305132366542764e-05,0.00013123222169868944,0.00023454269409978534,0.0003490218662199187,0.0015817670977086714,0.0014999214700801005,0.002128160829275954,0.0028879378043034395,0.0043417229464425946,0.005902505104444794,0.008402701429244543,0.010806698602167425,0.01104719648185959,0.006844864143238574,0.003611394691377415,0.0018847180775875608,0.0011131616145751532,0.0006027171352285221,0.0003651641275325899,0.00023755300769593216,0.0008235825349458143,0.00023166326370347101,0.002208653997172923,0.010209871210931365,0.011905135856761426,0.009215486100204178,0.006159690592115596,0.004321108842468981,0.003321815611748076,0.00255909376472436,0.0019004240615674572,0.001470472750117795,0.0013919428302183131,0.001771831317732056,0.0023588424689806814,0.0023421548610020417,0.00113181247055128,61.50618815768808,1.54139055794996,51.22853464704654,81.07155646301241,1.3432803314602577,60.76413472542588,95.36541542327627,1.0606278659729924,59.21831631908379,21.315705983979896,4.806085404473702,26.272872791738894,103.55167268729386,0.40551097771877154,44.20377082047235,95.6893827548296,1.076681017731309,59.65623682532
297_Catasticta_flisa_dilutior.png,Dataset_pieridae,79335,0.047465669488736234,0.021328403464913204,0.012900569315770678,0.0005075523623453289,8.51522727113576e-05,3.361273922816747e-05,1.4565520332205905e-05,1.0083821768450244e-05,2.2408492818778316e-05,3.921486243286206e-05,8.40318480704187e-05,8.627269735229652e-05,0.0003540541865366974,0.00047730089703997816,0.001331064473435432,0.0041489324453968055,0.0009492972836705111,0.0031188945610386336,0.0031598600869729627,0.004256475704291927,0.006442616751748913,0.007275319846221718,0.007053160647885548,0.006506428436377387,0.0056240940316379905,0.004308470410285498,0.003510430453141741,0.0030062393647192287,0.002760446209113254,0.0018962311716140417,0.0010580134871116154,0.00157402155416903,0.0,0.00015283292367807399,0.0019364088989727106,0.008353028297724838,0.014640448730068697,0.011131593874078275,0.006291359425222159,0.00427301947438079,0.004394340455032457,0.003889361568034285,0.002410663641520136,0.0018576290414066931,0.0020002205836011848,0.0010974034158946241,7.168967038507594e-05,0.0,54.28268733850129,0.9839037628865898,30.90290586029395,78.41472237978194,1.087862256512932,42.15179375272495,100.82465494422387,0.9244695220332674,42.67448964237546,23.851641772231677,3.1179344724710787,41.27361610270504,115.21868027982606,0.38385029696567485,56.960769733736925,100.89790130459444,0.9217963220565515,42.703821534058825
298_Catasticta_flisa_flisa.png,Dataset_pieridae,81806,0.021789219481320305,0.023604897222969247,0.009712952323518785,0.006133752753805072,0.0018754397259641373,0.0005704553048268668,0.001127871631257691,0.0021709899029411046,0.004072507585697328,0.005944687567062454,0.0017461365235367141,0.001984097879264493,0.0014690582326208075,0.0006204380553450304,0.001061590157744474,0.005004794541014378,0.011586864044202137,0.009828893968657555,0.00983271398185952,0.009171851697919469,0.006328997873016649,0.003661100652763856,0.002544128792509107,0.0020605151211402586,0.001745746033298291,0.0014454929956237929,0.001056615651663692,0.0007135784661271789,0.000475973644964917,0.0003942253624428526,0.00026510891621641443,0.0013881927975943084,0.001818326284135638,0.004810924626555509,0.009652409358726743,0.01231113854729482,0.011075746277779136,0.006020340806297826,0.0035900484072072954,0.0021575434564701855,0.0014630650563528347,0.0011910801163728822,0.001061199667506051,0.0009748673691416278,0.001049739627900154,0.0011544079896340122,0.0015570373811211891,0.0026121250275040952,75.64580837591375,1.4161505591298444,62.23566366378022,79.25952864093098,1.4860691215650024,61.582305497860396,82.25823289245288,1.4432549443865674,60.81061147177696,47.339926166784835,1.1945282753842257,51.34668760599266,61.40368677114148,1.566282179093466,55.19286557107118,85.53959367283574,1.4078570344616217,60.409922951403196
299_Catasticta_flisa_flisa.png,Dataset_pieridae,55221,0.00924929928026576,0.0703259025853691,0.004016185468893678,0.0017513466092810906,0.0008595763688934766,6.760713013768916e-05,9.336222733299933e-05,0.00048612745956147925,0.0001706275189189298,0.00012555609882713701,7.726529158593048e-05,0.00011267855022948194,0.00011911732452830948,0.0002446734233554465,0.00025272189122898094,0.0009368416604794071,0.0036625559117002588,0.0039749370710418135,0.00345316998967784,0.003938718965610909,0.006023523659477373,0.009122435305409174,0.011176680972818312,0.00966004780789917,0.006329113924050633,0.002932534724108582,0.0012891381901812716,0.0005296897919269843,0.00016071784284964053,9.280889516669383e-05,4.753626337806269e-05,0.00010639068470328317,0.00011657702685572518,0.0015437967439923218,0.014069602144111841,0.020436065989388096,0.00998940620416146,0.004504626862968798,0.002278345194762862,0.0014023197696528494,0.0009926024519657376,0.0007492620561018453,0.0006349486608355517,0.0006530577135510042,0.0007390757139494033,0.0009235616884880752,0.001507578638561417,0.0019591731406530125,56.74861013020409,2.1382408801260673,55.81163916930727,67.38143097734557,2.0744303618292004,54.585724910104574,78.09921949982797,1.9826451668293266,53.74894832776126,19.127650712591226,5.500028141104519,22.557671407441568,91.65552959924666,-0.16373393577820708,42.14906003979045,78.33594103692435,1.9901245207541067,53.739486396340325
300_Catasticta_flisa_flisa.png,Dataset_pieridae,60583,0.036881633461532115,0.008082942226183729,0.002865490319066405,0.0031457302837062835,0.0010226557871936938,0.00042109355943269753,0.0009654340143091112,0.00315893530821811,0.0035096020702543988,0.002368101062454264,0.0013601175247181553,0.0028992364928188507,0.003004876688913465,0.003694472413419973,0.0029843355396728458,0.012524232136994794,0.01707987389201591,0.011569871085948204,0.015739770232573495,0.010840499810177772,0.005632768268326098,0.0013999389267616328,0.00015680966607794266,3.610748889952627e-05,1.8569565719756367e-05,1.1348067939851113e-05,7.221497779905254e-06,5.1582126999323245e-06,1.0316425399864648e-06,0.0,1.0316425399864648e-06,0.0,0.0,0.00011141739431853821,0.001972500536454121,0.012326065067758282,0.017003532344056913,0.008991796378522028,0.003932621362428404,0.0022778667282901143,0.0017434758925771257,0.0013442302296023637,0.0011678193552646782,0.0010388640377663701,0.0011203637984253008,0.0014154135648614297,0.0016661027020781407,0.00638793060759619,100.35168281531122,1.2574806028919172,68.52280346199422,101.0538104748857,1.249354396589862,68.47321083061178,107.62768433388905,1.2413478027017757,64.45459716050496,63.34838155918327,0.5763953761986021,67.57111528259696,34.230625753099055,0.3971749629948766,23.048441102547663,108.75379231797699,1.2456775412652752,65.39012113916523
301_Catasticta_flisa_flisa.png,Dataset_pieridae,61978,0.01515376423892349,0.0394261763134589,0.007984195108658628,0.018311874105865523,0.002909993151691819,0.00031265574522859363,0.00022230110325886248,0.00018931448793657962,0.0002925769359019867,0.00032699775189045575,0.0003241293505580833,0.00016206467527904165,0.000301182139899104,0.00036285276854511095,0.000547864654483132,0.002060946357309583,0.01010943399270709,0.016263835554551614,0.01372967020555681,0.0076781277227403275,0.0036817499757978637,0.0013422101390816097,0.0006090870954209559,0.0004023605150214592,0.00042857949595017584,0.00046790796734325085,0.0006262302752589628,0.0008188389428506889,0.0010124560327858271,0.0015751557004098228,0.0020128109974507083,0.0017415453870728323,9.075801090709607e-06,0.00013109490464358322,0.0011153151118138693,0.006623317951531188,0.014401279486269321,0.014555568104811385,0.008089564038852496,0.0046175659104843655,0.0028961889702797767,0.0020269289102584787,0.0013311174933040757,0.0009953128529478202,0.0008047210300429185,0.0007129545967924102,0.0008611926812740004,0.0033288021556036012,84.83331182032335,1.3073218995233098,58.74938019126981,100.37042176256091,1.634367862965962,51.684272529147556,100.43842976540063,1.518056751608668,53.20422987211531,28.291490528897352,3.2328399076712446,31.889598555777987,59.75591338862177,1.8227132502053913,65.30661089308407,104.97136080544709,1.6045932824549332,50.951377693391066
302_Catasticta_flisa_flisa.png,Dataset_pieridae,63735,0.012416690637448461,0.060316414319709216,0.010942531140224716,0.003126835943969387,0.00039190049074727825,0.00012551973013258023,0.0001338877121414189,6.136520139815032e-05,3.068260069907516e-05,0.00014643968515467692,2.09199550220967e-05,2.5103946026516046e-05,7.949582908396747e-05,0.00012551973013258023,0.000196647577207709,0.000748934389791062,0.002159331607437044,0.0026820036086922412,0.0036341884364948615,0.007357613556130855,0.013233505922962265,0.015477171099082136,0.009203145838236448,0.004457911665489919,0.0021083392170706833,0.0010541696085353417,0.0005265944928218404,0.00025103946026516045,0.00012159723856593709,8.62948144661489e-05,4.903114458303914e-05,9.806228916607829e-05,1.667058915823331e-05,0.0005344394759551267,0.0014748568290578175,0.002824193927983055,0.004831528987212678,0.009162940299678356,0.01029555973954656,0.008783439240605633,0.00630050207892053,0.0044020161606652545,0.0033547109123715385,0.002318192515886091,0.0016484270808817762,0.0015023142700243193,0.002033811877304464,0.0030163960147485684,88.7328312544128,1.3006195048888454,48.0506261762858,109.40423629089197,1.1590801868647487,52.32388606003321,125.70013336471327,0.7210851897376239,52.04674518902014,19.161889071938496,6.340989293403948,19.30847457400714,81.20715462461756,0.408232284467064,33.20192563644954,125.99648544755628,0.7511897870248961,52.095003644933875
303_Catasticta_flisa_flisa.png,Dataset_pieridae,57969,0.0220301655482528,0.010078950243520962,0.010744440035957916,0.0020746720948552964,0.0006593562459628805,0.00032047780327033035,0.0005351519298628961,0.0006976909114258387,0.0016177228825368347,0.0038043322005439687,0.0037751978547921204,0.004877702833506798,0.006224016284565889,0.005017241015791965,0.004535757617577211,0.01189601338646518,0.0075094015767047904,0.02071365729959116,0.016411789059669824,0.006813986786040815,0.0033024116338042746,0.0018943314530179924,0.0015158964274008522,0.0012301833738722421,0.0009994566061170625,0.0007428539391743863,0.0005638789697942003,0.00029326019079163,0.0001444737704635236,9.919094688540426e-05,7.43932101640532e-05,0.00019083475650778865,0.0001477082578619607,0.0006425848298228364,0.002335299901671583,0.0059493004881919645,0.011927711362969863,0.012521778881816143,0.00815629905639221,0.005037175041832704,0.0029886663561558766,0.001998913212234125,0.0015611792509789715,0.0012539029481274475,0.001248512135796719,0.0013886732563956597,0.002367644775655954,0.0029746502440959823,94.43939001880315,1.270471927057937,49.751454791014964,100.28422087667546,1.2418069452318494,55.320171406710536,107.32834791008987,1.1383175388319766,53.587068534208264,77.38630992426987,0.21384281389480425,67.3842141773685,44.633942279494214,2.275766413421614,37.036898642892204,109.93263640911522,1.1678736668352232,55.787118186845966
304_Catasticta_flisa_flisoides.png,Dataset_pieridae,125746,0.003434790061800066,0.07355215186875835,0.007721385438370471,0.003147791756574541,0.0002021712199371926,2.686191034130531e-05,3.746529600234688e-05,6.079274445663834e-05,1.3430955170652655e-05,1.9086094189874826e-05,8.765465479794365e-05,6.432720634365219e-05,9.189600906236028e-05,6.432720634365219e-05,8.412019291092979e-05,0.00028063627382890027,0.001561679894390279,0.0018574149475927663,0.0024792041098722823,0.003089064463283126,0.0038977382978385,0.005965398501741606,0.009333795906032796,0.010140481605776724,0.008837259236874334,0.005610516437898621,0.0035577672450813544,0.00242950073958615,0.001339008795508406,0.0008315373848869944,0.00044086889443799407,0.001128763539198066,0.0028693755666184214,0.01392042291603709,0.015893149682693685,0.011918371160911679,0.006695541011244891,0.0031248508898891417,0.0016764946797512446,0.0011754847072670304,0.0009254767547277846,0.0008668267777901484,0.0008961517662589665,0.0006257654319024064,0.0005720857919933835,0.0008782585529559588,0.00044285702924943936,1.88872807087303e-05,37.59904092376696,2.464792430775325,42.232225481117695,49.624059612234184,2.2095594408834667,43.62921460929143,58.08914001240596,1.9616547414424912,43.91052844015542,19.032955322634518,8.27039264174791,13.640481117673898,115.635248834953,0.1477339476020108,48.99460287617503,58.19744564439426,1.9741862591681376,43.962594859579205
305_Catasticta_flisa_flisoides.png,Dataset_pieridae,122087,0.004919624712067807,0.0718868056750059,0.00799721146031564,0.0023407715627198453,0.00018711610936827383,0.00011358020646478878,6.55270421912243e-05,9.100978082114485e-05,4.5868929533857e-05,6.334280745151681e-05,0.00022060770871045512,8.008860712260747e-05,5.533394673925607e-05,6.115857271180935e-05,0.00015071219703981586,0.0006101295706249551,0.0012613955621810675,0.0024936111133863556,0.0029620270790501856,0.00394954008207262,0.005009747147525945,0.006668400402991309,0.010057889046335809,0.010328700025391728,0.007481857200193304,0.004254650372275509,0.0026727866193779846,0.0017871476897622187,0.0011236863875760728,0.0007556087052675551,0.0003706373323941124,0.0013223152342182213,0.0022796243662306388,0.005665017569438187,0.008970037759958062,0.01222079336866333,0.010580569593814248,0.008553326726023245,0.0039290628813878625,0.002243277335015194,0.0015941500733083784,0.0011968923800240812,0.0010955302366345311,0.000824719257578612,0.0008252311875957309,0.000935296141276303,0.0013550787553138336,0.00023139236773776078,48.79587507269406,1.997261065237847,43.724597673097804,65.85635653263657,1.641156488888142,48.53638241838087,77.20935889980096,1.408977521714034,49.30986729176568,19.539033639945284,7.029228649950641,17.611403645698587,109.85380916887138,0.4063399667199104,49.12934296928426,77.29193935472246,1.4167100630799372,49.30750148373791
306_Catasticta_flisa_noakesi.png,Dataset_pieridae,102629,0.02705234929265174,0.01249722571376295,0.013457751274547698,0.0035614798069854635,0.0009839107637975404,0.000332589553959732,0.0002693628939621788,0.0006322665999755321,0.0005092777545008396,0.0005049471613503223,0.00038802114628635397,0.0007769084112028115,0.001550352347885209,0.0033830593691841484,0.006263769932908285,0.016725616865928085,0.0035601535628331173,0.006532023112375644,0.011395414551442575,0.015109642498708942,0.009341901411881633,0.005707451110309951,0.003543101852302955,0.0023531360531623617,0.0015054224439485916,0.000856239464478851,0.0005694053337750539,0.0004975445536836567,0.0005145962642138187,0.00043542760818092354,0.0002472498026873496,0.00033129037601457677,0.00010474622182813825,0.0007502752633271297,0.0016619327870290074,0.0029213234076138324,0.005128910931608025,0.008436333784797669,0.012634099523526489,0.012219377563846476,0.005519882294478169,0.0020663019224585644,0.0012563456722758674,0.001028583538765846,0.0011704781299632658,0.0016107776554385213,0.003015716805191515,0.0029749144978514844,93.7673269738573,0.9551417482445956,46.564645089781784,105.28758927788442,1.2869526268656406,55.80222141407958,120.65619854037358,0.909559205344811,51.67215373397033,66.81525689619893,0.6563493818882444,71.21342589634472,66.23781777080552,1.61039741222463,42.05592005872156,121.52780403199876,0.9570650847378943,52.62724010461594
307_Catasticta_flisa_postaurea.png,Dataset_pieridae,106623,0.011868191874381909,0.005528096397796181,0.0157422778283193,0.023250351445956524,0.0010120809873208512,0.00023676359176204426,0.0002309278694298812,0.0010212514081285359,0.0003526443637864251,0.0003984964678248491,0.0017040309209916144,0.023401246551973884,0.0022417510501694963,0.0006435968057756978,0.0004285087541045449,0.0008286725711671548,0.01164324301510931,0.013327917053543794,0.00731549478067584,0.0060446620335199725,0.008396406028718006,0.005518274668692496,0.0023183318796132168,0.0013992056122975342,0.0013505528825863088,0.001137770462282997,0.0010351894056629433,0.0007626168837868002,0.0006406919707755362,0.0005357662042898811,0.0003745674010297966,0.000699309717415567,8.851279742644646e-05,0.0033013514907665326,0.011645001547508511,0.009511901747277791,0.004367022124682292,0.002721035799030228,0.002274954747099594,0.0021465818819579267,0.0021594777862187333,0.002165339560882736,0.001989486320962644,0.0026823480862478077,0.0035510630914530636,0.004374642431745496,0.005885807940125489,0.003635472646614708,103.47549778190447,0.6346946619338854,77.96874318792835,102.01804488712567,0.5861991965743173,61.902227415481086,107.58456430601278,0.45458270898915687,66.0154564555749,61.43541262204215,0.5438237940238173,51.25363442593454,58.36387083462292,1.4466707438136803,52.94423017127585,119.68049107603426,0.37515727999311493,77.37630685555219
308_Catasticta_flisa_postaurea.png,Dataset_pieridae,84954,0.016881292621104757,0.013435767853452718,0.014997920443220254,0.003209056927539871,0.000807757400737131,0.0003536554422916454,0.0004593335478284981,0.0005503632030929156,0.0017546750790623945,0.0015778473579165719,0.0015830789472995842,0.003080359828717763,0.0035972408597593993,0.004188410460039812,0.005405278150528521,0.017006850766297054,0.0057656202180003295,0.0150095934270311,0.014592455917319962,0.007863078842667797,0.0041397403300609745,0.002477075829272312,0.0018186312592697225,0.001567760199637451,0.0016008663512018268,0.0016692857311015373,0.001331602985144902,0.0011859359182616474,0.0009792063940485438,0.0008563457871318596,0.0007298067189302446,0.0009129940909197919,8.97544553523083e-05,0.002173234927137039,0.0054639863926360145,0.008004331756009134,0.0075217176354262305,0.006994961979424159,0.005926736822280293,0.005651587918167479,0.004587041222308543,0.002899363184782353,0.0019032358688231279,0.0015280328177601995,0.0012793688348988865,0.0012631836052451916,0.0015052263577936295,0.005708236221955411,87.36996492219319,1.0320660187601518,56.00903168108312,103.28661393224569,0.999241691493478,65.30305755803471,111.92015679073381,0.7946358230438831,63.2374159608313,77.29613673282012,0.33750461072077853,69.35461447554133,63.79538338394896,1.5945693554704308,56.986017566176976,114.03167596581679,0.828283870648686,65.18891561472802
309_Catasticta_flisa_postaurea.png,Dataset_pieridae,96245,0.01282744846774147,0.008510687423877719,0.01558614877540536,0.037036036504060815,0.0029295605543722333,0.000657581057601838,0.0004793322596844858,0.0032389561362495024,0.0008090463573865309,0.0014684745527906212,0.001531277238067201,0.0018388256821422182,0.0006021669235342673,0.00028445922154686243,0.0004931857932013784,0.0005957019412263841,0.014929346979063847,0.012852615720297158,0.005775624707777027,0.00452750792248948,0.0034664138396799833,0.0021702426100057145,0.001620214037092836,0.001506571769962076,0.004085926541638527,0.0025319497116733335,0.0016974907787417528,0.0015474829861291497,0.002121538781235389,0.0029579458673177827,0.0003136526572808977,0.00039547508961504494,5.1301366304743105e-05,0.000490285209621279,0.003753441737233103,0.011494752974180476,0.011289547508961505,0.007784819990648865,0.003922281676970232,0.0022319341264481272,0.001363057821185516,0.0011325263650059742,0.0012630526261104473,0.009086835679775572,0.0034021247857031534,0.0008974492181412022,0.0009883630318458102,0.003348225881863993,74.80785495350408,1.911917549522029,44.070607662946294,111.43164839731934,0.726942122940941,63.683128659630704,107.14310353784612,0.9099403403606956,58.49720070091688,38.542106083432905,1.873446577448284,32.45909418986848,69.84978959945971,0.901973873412702,68.61700738603811,114.49556860096628,0.7019500551215436,63.697060295270454
310_Catasticta_hebra_apollinari.png,Dataset_pieridae,77799,0.04337216559481627,0.031602805520208055,0.007071213426050891,0.003503044169376642,0.0022313911489864908,0.0005495643331605233,0.00017823708102503462,8.683344973014507e-05,1.828072625897791e-05,2.2850907823722385e-06,1.599563547660567e-05,5.712726955930596e-06,2.2850907823722385e-06,3.4276361735583576e-06,2.2850907823722385e-05,0.00022279635128129324,0.0026197316160876103,0.006285427833262638,0.003826366662810576,0.005874111492435635,0.008889895757014871,0.010298975565238627,0.007565971284977956,0.005620252188331469,0.004452981400789213,0.0031877016414092727,0.002009183922672528,0.0009865165362022649,0.0003904291828943817,0.00019762464813172405,0.00011809277754212779,0.00017673749019910283,2.3297214617154463e-05,0.0005197688916309979,0.0014147032738210002,0.00440799367601126,0.007894542346302652,0.005796989678530573,0.0038657309219912853,0.002800485867427602,0.002333738222856335,0.002411663388989576,0.0031660111312484737,0.005442711345904189,0.00784152109924292,0.012329849998071955,0.0021835113561870976,6.748158716693016e-05,102.26968212959035,0.013145138446695485,56.33372196043906,117.55025128857697,-0.05101656200296531,56.16153133305199,144.92118150618901,-0.2031387025829509,61.780728389205024,15.17730305016774,5.170228255383276,14.095371517496423,86.92999910024551,0.3802476400461361,44.96863845095776,145.38589184950965,-0.20008898288454244,62.16672204460771
311_Catasticta_hebra_apollinari.png,Dataset_pieridae,92398,0.019598307803680215,0.057473105478473556,0.010486037456318199,0.0004925551539114604,2.212650105461638e-05,9.620217849833209e-06,1.1544261419799851e-05,2.8860653549499625e-05,1.731639212969978e-05,6.734152494883247e-06,1.924043569966642e-06,1.1544261419799851e-05,3.3670762474416234e-05,6.44554595938825e-05,0.00013660709346763157,0.000494479197481427,5.749583324314379e-05,0.00010484534297279162,0.0007799140674040563,0.0024750265157254484,0.002431059113833633,0.0028423234269140023,0.004478587198857118,0.007048989155609428,0.009901458906036928,0.010410804346414424,0.00825234312431005,0.005788139353665664,0.0032948494556159225,0.0018243089677265742,0.0011005378904305287,0.0017093173012402865,0.0005641355873503756,0.002146962055455746,0.003210296759670123,0.007915485183661985,0.013291007381112146,0.012053155912465637,0.007924278664040347,0.004695042100478365,0.002795650338751921,0.002125316565293621,0.0023492121041580986,0.002673218035022403,0.0007345938223771078,2.1645490162124722e-05,0.0,0.0,44.44581051537912,1.3874726808010633,33.79038673099029,69.84113292495509,1.1299140552441411,43.0329055426028,91.83012619320765,0.6943453938048179,39.95801624449565,16.55493625403147,8.541950521272678,15.233670120339937,144.06870278577458,-0.022498499412088903,44.81928835171582,91.88968375938873,0.704755937921647,40.049570810537595
312_Catasticta_hegemon_helle.png,Dataset_pieridae,81880,0.03928241871573576,0.023722520762090867,0.007948759702545731,0.015086576561906312,0.00019975031210986264,6.0793573250827773e-05,3.365358519242251e-05,0.00010638875318894859,2.6054388536069042e-05,0.000149812734082397,0.000129186343158009,0.00018346631927481952,0.00020083591163219886,0.00033762145144656137,0.00028768387341909573,0.0011333659013190035,0.010586376404494382,0.005704231802638007,0.004902754030288226,0.0055950781631656085,0.006327094528578408,0.0056805691255495845,0.006651502198339033,0.005831704934049829,0.004885197850512946,0.0030181362970200295,0.0020342269174401565,0.0008022410845139229,0.00018243160723009283,9.465070835368832e-05,7.633121641426478e-05,0.00012747313141182217,0.0005885136785539815,0.0037898448949682463,0.004323400097703957,0.0023128358573522227,0.0018601917440156327,0.0018945407914020519,0.0021578834880312653,0.002341078407425501,0.0025006106497313142,0.002715864680019541,0.0035486382510991695,0.004626435026868588,0.00480276013678554,0.00872618466047875,0.010740565461651197,0.005570652173913043,117.52568392769908,0.027390022440818153,68.1552702622298,133.78718856863702,-0.228220970882309,69.16824824460474,161.0855031753786,-0.6591106309314453,73.93037697635866,20.998595505617978,4.454986321855215,25.456394616089348,76.25368832437714,0.2980391093441866,50.79913993658363,161.3905593551539,-0.6563140703055361,73.99203234994165
313_Catasticta_hegemon_helle.png,Dataset_pieridae,76648,0.026485289171856337,0.04080065871110647,0.01792088508506419,0.0008894919342680536,0.00025629428614503243,0.00011249115726727667,5.334632200303842e-05,3.827018752391886e-05,3.0152268958239105e-05,1.855524243583945e-05,2.3194053044799312e-05,8.581799626575745e-05,0.0001113314546150367,0.00012524788644191628,0.00036646603810782915,0.0015713970937851535,0.0008545558918693247,0.001992876526458616,0.0024217853042479906,0.0035511363636363635,0.005274110218140069,0.008651562989249557,0.012185575618411439,0.00970752661517587,0.005297757280033399,0.0032005075148731866,0.002465002348397871,0.002141282225237449,0.0018501787391712766,0.0013943612357791462,0.0006653793967226803,0.0008464017325957625,0.00015248277841561423,0.0010412861392339004,0.0015867993946352156,0.002322304561110531,0.0035217813902515397,0.0052325240058449015,0.0070818873290888215,0.007646970566746686,0.007284110479073166,0.006304795950318338,0.0042572865567268555,0.002585683905646592,0.002511481056257176,0.0032184466652750237,0.0037134041331802524,0.0040387550881953865,82.21159064815781,1.083014445088323,50.82345412794887,116.51673885815677,0.6407334791430572,62.55109783915534,140.13505897087987,0.23695323698244042,57.621797536797125,19.92008923911909,5.098767538089787,25.670034118323937,111.15791671015552,0.5338306306137522,48.121906515146435,140.2947108861288,0.25190858325173443,57.70927683404008
314_Catasticta_lycurgus.png,Dataset_pieridae,57936,0.008574979287489643,0.02907729602012949,0.03217496701340943,0.003772745404891221,0.00039890760686121085,9.052134155696707e-05,8.745282150418853e-05,7.364448126668507e-05,8.745282150418853e-05,0.00021786492374727668,0.00044340114762649973,0.0014422044248059162,0.003013286691828531,0.002448679002117279,0.002111141796311639,0.004874344103838718,0.000706598660590997,0.0022729822562827947,0.0038328931924882627,0.004743380626898647,0.00515331572769953,0.004871755040044187,0.004612848660590997,0.004290294462855565,0.00502925642087821,0.004575091480254073,0.004974238815244407,0.005331313863573599,0.00478329536039768,0.0029170118751726043,0.0015987468931234466,0.0028069766639049988,0.0015674623722728529,0.007498576014913007,0.008098375793979564,0.006056251726042529,0.004348548398232533,0.0037379608533554265,0.003298898784866059,0.0031144279895056613,0.002706650441866888,0.0031565002761668047,0.0038328931924882627,0.004237434410383872,0.004140344518088926,0.00555138428610881,0.0011057459955813311,4.8544946147473074e-05,49.13368199392433,1.1489445469250303,34.5853319828259,92.03379591273129,0.2598888546673004,61.875693283254584,107.1537731289699,0.2717236415391425,68.55685807562782,43.353942281137805,1.7922787308113608,50.36128826965151,129.66557925987297,0.0858505492807861,63.41110034549996,107.991162662248,0.2685355524178499,68.41160252803867
315_Catasticta_notha_caucana.png,Dataset_pieridae,131165,0.003541595191806758,0.033081995959287916,0.02286382292024041,0.0182914649487287,0.006213039555775804,0.00358022338276217,0.0007210595645010314,0.0002168600193988064,3.2529002909820964e-05,1.6942189015531754e-05,0.00011588457286623717,3.659512827354858e-05,3.2529002909820964e-05,2.03306268186381e-05,4.74381292434889e-06,0.00011927301066934352,0.017479891739412192,0.015890767354095985,0.005095204513399154,0.00592717188274311,0.007566805169061869,0.005527865665383296,0.0036199634048717263,0.0009406091564060535,0.0002453970190218427,7.766934776807838e-05,3.335493462432814e-05,1.858346357641139e-05,1.667746731216407e-05,1.0006480387298441e-05,7.623985056989288e-06,4.2408416879502914e-05,0.00027303396485342887,0.007086017611405482,0.007927038463004613,0.00888909007738345,0.0027622650859604313,0.0015343269927190943,0.0011426447604162696,0.000989688560210422,0.0009429916517363626,0.0009634811115770214,0.0009191666984332711,0.0012612930278656654,0.002614550375481264,0.015419509777760836,0.00961575115312774,0.0001591506880646514,120.42926847863379,-0.035955943659588006,83.95065265080673,129.89104562955058,-0.04840086093184618,85.32476895161304,131.65528151564823,-0.07558350226027656,85.18950004075526,28.530187168833148,2.5608250719108288,15.559529956559281,42.05828536576068,0.9966643658654393,33.254443866763545,132.99528075324972,-0.0643844132908992,84.22761835804776
316_Catasticta_notha_caucana.png,Dataset_pieridae,77128,0.008168816051815742,0.05320448547292236,0.016566976685221682,0.007139646647996403,0.0023222579492675954,0.0003330682617063698,0.00016595788818587286,0.00023164955225944751,0.00022242966958245457,9.911373877767406e-05,7.030160541207113e-05,3.803201604259585e-05,3.2269589369475274e-05,3.687953070797174e-05,5.877675206582996e-05,0.00019822747755534812,0.00554030313245514,0.005702371382636656,0.003537139560211596,0.0038782932268436885,0.00460516932890779,0.005864439632818173,0.006462471475987968,0.007284967845659164,0.007352226169484493,0.005896853282854476,0.003365347215019189,0.0016684926356187117,0.0007536173633440514,0.0003768086816720257,0.00011425811637796909,9.724095010890987e-05,0.0,0.0,8.103412509075822e-07,0.00011101675137433876,0.0008127722746603049,0.004237274400995747,0.006560522767347785,0.007784138056218234,0.007712828026138367,0.006427626802198942,0.005618906233793175,0.005197528783321232,0.005725871278912976,0.007500518618400581,0.0045622212426096875,0.00024796442277772015,103.94264080489576,0.564242621411842,55.8685990606197,137.299126127995,0.18444597770438168,53.66982951152776,156.6738149569547,0.04790976159343917,44.30124986393596,21.30244528575874,4.955413874413264,14.944023002486562,95.24710870241677,-0.06131973889556953,52.95098053416595,157.2242894927912,0.06427913843267309,44.94508326847519
317_Catasticta_notha_caucana.png,Dataset_pieridae,93256,0.009826236977305006,0.06444387254201099,0.014088816447913984,0.00016489853497659966,3.240780456187508e-05,2.192292661538608e-05,9.531707224080904e-06,2.8595121672242715e-06,4.765853612040452e-06,6.672195056856633e-06,1.0484877946488995e-05,2.478243878261035e-05,2.5735609505018444e-05,1.811024372575372e-05,3.907999961873171e-05,0.00016871121786623202,0.0002828236252895256,0.0009034271253324183,0.0011165501415458523,0.001471084970404049,0.0025246364845157416,0.004653856052157502,0.008757479411512396,0.00966425752766578,0.011044195547739555,0.009871348760401475,0.006356829587372394,0.003359703397100455,0.0015970822252723686,0.0005951359698035515,0.00018832568413828602,0.00011326348974864888,0.0,5.361585313545509e-06,0.00013068864201767178,0.00040546988933687914,0.0009831807068714077,0.003297374967830488,0.006015028523633868,0.007199268679763233,0.008370104872608733,0.009845881230162135,0.0091703214806554,0.006769671656515398,0.004686025564038775,0.003996391653083984,0.0012706957193102857,0.0003545348288581968,77.94893626147379,1.0056823439207445,38.00923869929424,120.17528094707043,0.43511359809641165,44.27045052289723,151.22507935146265,0.006507967110743369,39.042812760856286,16.876372565840267,10.595357467055404,10.036170162932075,127.87773440850991,-0.333749331422299,38.69827695146444,151.25002144634126,0.008194642568815434,39.06617956847809
318_Catasticta_notha_caucana.png,Dataset_pieridae,68944,0.009645187076145536,0.04788814110002321,0.017398984038575593,0.0037685980248059613,0.0015729352002269153,0.00036873726824991615,0.000759392486011191,0.004855470462339805,0.0007181351692839278,0.00029782625512493236,0.00023594028003403727,0.00020112941904540884,0.00014440060854542172,0.00010314329181815837,0.00040483742038627165,0.0005260307882726077,0.008787022801113948,0.005401122650266883,0.007708248723601764,0.011261857449524251,0.011830253539104201,0.009204027906706892,0.004313283244372244,0.001807626479461592,0.0008467016709213274,0.00047864933859364123,0.0003444824785333024,0.00031003423067997213,0.00011603620329542818,4.8046240427013226e-05,1.9037189603156185e-05,2.3569853794383847e-05,3.6261313529821306e-06,0.00012328846600139244,0.0008013750290090508,0.002461236655836621,0.0037331022278951033,0.004490057147830123,0.0053947769203991644,0.006223347934555581,0.007125348108609886,0.007398214492921791,0.006721034462752379,0.0054709256788117895,0.004478272220932931,0.004597028022743096,0.0032807423416105824,0.0001976241587375261,114.92955152007427,0.40896822011356726,53.82764524538148,132.93571594337433,0.16900426301699037,51.60022859377422,143.6767811557206,-0.1256444184740575,48.58773215227042,26.90824437224414,3.088876158206055,25.67537142160159,60.59822464608958,0.6035851996733065,35.571452322527485,144.62704513808308,-0.07523383598663666,49.39499588664556
319_Catasticta_philais_philais.png,Dataset_pieridae,164248,0.029557471357675925,0.04324787989977216,0.010969861293761738,0.0006586246272574265,4.329496317222195e-05,9.74136671374994e-06,7.5766185551388415e-06,6.4942444758332925e-06,1.0282553753402713e-05,2.3812229744722072e-05,7.684855963069397e-05,5.953057436180519e-05,0.00010823740793055488,0.00016343848597513786,0.0006191179733627738,0.003326676732745604,0.0006160653402172325,0.00204264283278944,0.00528393039793483,0.00807696288539282,0.008635188860747163,0.00805679521211826,0.007372616409332229,0.006592165505820467,0.004992069918659588,0.0032344381666747843,0.002046067532024743,0.001447886732258536,0.0009132531294140568,0.0006168263844917442,0.0004566265647070284,0.0021164641274170766,0.0012785543811796795,0.00603432005260338,0.01117593517120452,0.010061385831182115,0.006371082144074814,0.004708200404266718,0.004019835857970873,0.0034627514490282985,0.0032100847498904095,0.0029277373240465636,0.0025666218157907555,0.0022610625395743022,0.001737464078710243,0.0012869258681993084,0.0007777872485509717,0.0006202510837270469,60.569723832253665,1.0306817073043941,49.85342486815139,75.48558277726364,0.9411265458156481,58.05730990896807,88.46371340899128,0.8690972766377327,57.39639573240597,22.202523013978862,3.9007814467849977,34.47655798474197,101.02636866202329,0.9666320621340493,52.54289359203391,88.50205786371828,0.8711199141569229,57.39807008785487
320_Catasticta_philais_philais.png,Dataset_pieridae,66781,0.011355192511509429,0.007111803257413536,0.0057647800688485915,0.008014255551728786,0.002355959529407067,0.0005963106605504893,0.0004472329954128669,0.00036071470760978255,0.0005816691041530442,0.004383149565162413,0.007551049949336887,0.006578051974197584,0.007407296486525609,0.005040688552465854,0.0048836245838387166,0.016457109390728232,0.0037295413366077177,0.011223252122609724,0.012803978676569683,0.011299995507704287,0.008526002905017893,0.005381395906021174,0.0035610802473757504,0.0020673919228523085,0.001427239783770833,0.0008217157574759288,0.0005222293766190982,0.0003799733457121037,0.00018998667285605186,0.00015067908536859286,0.00010107665353918031,0.00031446069989967204,0.0011202662433925817,0.00850822090115452,0.011577020409996855,0.008199375570895914,0.006336008745002321,0.005051024992138483,0.0040514891960288105,0.003770720713975532,0.0037810155583174855,0.003439413905152663,0.00259991614381336,0.0015479702310537428,0.001124009823153292,0.0009153052514936883,0.0003659349216094398,0.00011230739282131146,73.05649810574864,0.8833207155382585,52.041598121897074,73.20701996076728,0.8096192277169039,51.74950043933733,77.08455997963493,0.7352357710161851,46.65273040087323,96.41123972387356,-0.24383234626658365,63.65489431456986,60.218445366196974,1.576593204118817,39.52011127975951,82.75913807819589,0.798120802044648,52.817518421989455
321_Catasticta_philais_philais.png,Dataset_pieridae,168064,0.01248942201912499,0.028724507066091226,0.03294247694000169,0.005605800964711856,0.0005151476686130152,8.938393839383938e-05,7.774815943132775e-05,3.543623593128544e-05,3.7551832106287554e-05,0.00012905136667512907,0.0003575357535753575,0.0011863205551324362,0.0013296521959888297,0.001092176525344842,0.0013121985275450622,0.0029644791402217143,0.002737424433549124,0.005690912390517898,0.006819946567974105,0.007750395682597106,0.008284790317974106,0.008081370787319117,0.006591239051789794,0.004864218392993146,0.0036295696877380046,0.0025492520706397563,0.0016188029560167555,0.0010810613813785224,0.0006846350199923839,0.0004704309072734197,0.00032874381188118814,0.001317206540365575,0.000574186024371668,0.0024153745001904035,0.005951973652894136,0.008280699614432598,0.006714703922315308,0.005133832944592536,0.0039010436500380805,0.0032889256473724294,0.002699492455255141,0.002560036652703732,0.0029084902180121857,0.0037526626761233816,0.004634395230388423,0.004638114051789794,0.0033495424362147753,0.0016965263233054075,85.92780726389947,0.5642923635761743,58.951208205277176,111.79475080921554,0.37754922399348584,71.32582594403446,119.22964465917745,0.3059918992877025,67.0053365898835,34.248714775323684,2.6103298744157417,40.30060341992462,86.59755807311501,0.9624620749753018,52.28465816629497,120.53389185072353,0.3181039512641068,68.12087287365212
322_Catasticta_philone_philone.png,Dataset_pieridae,70339,0.011818321114728513,0.05927358143340742,0.009544886588916217,0.005479495332919465,0.0007215848328175771,0.00015543771354914533,0.00019840423599362452,0.00033867729456236545,0.0003980721932356161,0.0004928512868631437,0.00011626235484976722,4.2966522444479194e-05,2.653814621570774e-05,1.7692097477138492e-05,7.329583240528804e-05,0.00019082190850342232,0.0051447276759692346,0.005077197571759621,0.0049590198893927975,0.005536579991185544,0.007869034248425482,0.009879831956666998,0.01271343067146249,0.007277257282588607,0.00195837302207879,0.000621099247927892,0.0003376505210480672,0.00029588848291843783,0.0003172137789846316,0.00020881019064814682,0.0001474999644578399,0.0001563855044854206,0.0,0.00010751503433372666,0.0005740058857817143,0.005024772885596895,0.017096667567068055,0.011967045309145708,0.006428688209954648,0.004778643426832909,0.003954065312273419,0.003199682963931816,0.0026523336982328437,0.0021849542927820983,0.0017326803053782397,0.0012999545060350588,0.0010076202391276533,0.0004913703635252136,77.71751091144316,1.376658519006485,49.027964417235545,94.07007492287352,1.1636992434094735,48.15304160025313,105.88319424501344,1.1343033120766217,45.24892855989199,19.1949416397731,5.195399237465096,15.921141519066872,78.7562518659634,0.27970235395188914,40.844171541875475,106.50144301170047,1.1383737996774097,45.590303997518966
323_Catasticta_philone_philone.png,Dataset_pieridae,58770,0.03753237668500558,0.02955551774336869,0.013164690979902822,0.000317622369689751,0.0001618361597943017,3.32747244436882e-05,3.32747244436882e-05,3.62996993931144e-05,9.0749248482786e-06,2.57122870701227e-05,2.7224774544835803e-05,0.00029796003251848075,0.000621632352107084,0.0007728810995783941,0.0013325014652222412,0.00496700886695782,0.0004104985536838523,0.0028990131019227495,0.0038221031138335887,0.0050387102263059385,0.007515526629232602,0.009747745448358006,0.010266717713118939,0.007732474051386762,0.005064233452441722,0.003424366173217628,0.0024310872894333846,0.0017196273608984175,0.001041134932788838,0.000526416539050536,0.0002871362940275651,0.0005732091202994725,0.00013931427599115194,0.0009369150927343883,0.002571465033180194,0.008272715671260847,0.011370597243491577,0.01022524247064829,0.008164241960183767,0.004896205547047813,0.0035285860132720777,0.0028352050365832906,0.002712906244682661,0.0027969201973796153,0.002359834949804322,0.0012899863876127276,0.00038816573081504167,1.1698145312234133e-05,64.21750893312915,1.251230980228019,39.237489448771235,83.94022460439,1.0626051208561755,46.09539328132477,102.90643185298622,0.7756991047655176,46.385328292127156,27.63511995916284,2.7482026635282297,44.59071649826786,101.43789348306959,0.5869575592933425,45.236797759719224,103.02593159775395,0.785719214672718,46.45052594861103
324_Catasticta_philone_variabilis.png,Dataset_pieridae,111103,0.06318861276873211,0.021316756123196993,0.00236737281821573,0.001101680422670855,0.00025921892298137766,3.920286180891205e-05,3.600262819185801e-05,4.800350425581067e-06,9.600700851162134e-06,9.600700851162134e-06,9.600700851162134e-06,8.000584042635113e-07,4.000292021317556e-06,3.200233617054045e-06,5.520402989418228e-05,0.0004832352761751608,0.0004264061276473183,0.0027333870372537195,0.0037392104623637525,0.005352578238211389,0.006605919732140446,0.00679774623547519,0.006025377352546736,0.006690863433030611,0.007980770096217024,0.008309856619533226,0.004313002349171489,0.002080276860210795,0.0008246852020197474,0.0003099601270892775,0.0001237590344095119,0.00018620109267976562,0.001407477745875449,0.002809892622161418,0.014590065074750457,0.012867001791130752,0.004616211983474794,0.0030951009423687927,0.002719886051681773,0.0026715075200489636,0.0023806737891866104,0.0019300783957228878,0.00191432724588895,0.0026990720322583547,0.004843478573935897,0.0037290847231847926,0.0001513235466189032,7.481796171120492e-05,60.78470428341269,0.8568846145535678,51.749113335413746,70.00234017083247,0.8033425959664283,53.65329605797752,93.14428053247887,0.7741270985500711,62.414979673270544,11.366758773390458,9.077434038619442,14.495058592925405,108.09694607706362,0.003721713922596404,46.00883611322146,93.22434137692052,0.7749386447571305,62.48725877824074
325_Catasticta_philone_variabilis.png,Dataset_pieridae,98499,0.0367164472058938,0.04310839027130563,0.004060052499122947,0.0005468752643850868,0.00012363351686593547,2.7975467320029193e-05,3.429250832777772e-05,2.436572960131575e-05,3.970711490584789e-05,5.143876249166658e-05,3.158520503874264e-05,7.941422981169578e-05,0.0002725351977628651,0.0004846072887372799,0.0005667288218380108,0.0027208398054802585,0.0033217342308043737,0.006516563619935228,0.005698661915349394,0.005664397608097544,0.008111122955563,0.010369394613143281,0.00963778820089544,0.005689778576432248,0.0029657661499101515,0.0017227332257180275,0.001009528015512848,0.0005901075137818658,0.00034073949989339995,0.00022906323922070276,0.00014276794688270947,0.0004898526888597853,0.0002912466116407273,0.005053350795439547,0.014294561366105239,0.013366252449263444,0.006669483954151819,0.003632016568696129,0.002467664646341587,0.002017152458400593,0.0016878343942578098,0.0015342795358328511,0.001359150854323394,0.001149757865562087,0.0010387161290977573,0.0008597803023380948,0.0008039421720017462,0.006274809896547173,72.06207169615935,1.3616041385531263,70.17436130174579,80.35714068163128,1.3161761867193007,71.23005826381882,92.51023868262622,1.2576567453222502,71.13323884548848,19.978984558218865,4.073464052290224,33.37214106051313,81.50641123260135,0.6707697391029619,44.53819741477782,92.56978243433943,1.258101660632582,71.18871202749479
326_Catasticta_philone_variabilis.png,Dataset_pieridae,128690,0.028062613861044198,0.02736084129821017,0.021929011146510562,0.005690159815577486,0.0007473601505771837,0.0002445152433496516,0.00017682458276132998,0.0001160411324371228,2.624739900363492e-05,2.6938120030046366e-05,0.00010637103806736256,0.0001222576216748258,0.00030806157777950457,0.0003778244014470605,0.0006561849750908729,0.0029376365253278767,0.003145155023700365,0.011430083922604709,0.00755352008703085,0.008099405548216644,0.008390803481233973,0.010442244929675966,0.008019756779858575,0.002780421944207009,0.001269523661512161,0.0005832815292563524,0.0003059678296681949,0.00018406636102261248,0.00010198927655606496,7.624912580620094e-05,3.642474162716606e-05,8.110575802315643e-05,4.856632216955474e-07,0.0009096472142357604,0.004360284404382625,0.00809454891599969,0.007321858730282073,0.005510820576579377,0.003344762607817235,0.0025079648768358068,0.002138860828347191,0.002487567021524594,0.004042660657393737,0.009232943507654053,0.008845384256741005,0.003315622814515502,0.0003817312922527003,4.8566322169554745e-06,97.54187582562747,0.20963988527255387,54.55686378213371,113.34207009091615,0.18724936114277155,60.874324508400825,125.77718548449764,-0.014259941343253098,60.34654918917046,26.27312922527003,3.5246524802713846,34.3365921458446,65.97490092470278,0.6040175038680997,36.750559141992674,126.35981039707825,-0.003927058119585679,60.68878593577764
327_Catasticta_philone_variabilis.png,Dataset_pieridae,93502,0.008764161907410181,0.017342944535945756,0.023894913715452312,0.025367490653794688,0.005990127365071216,0.0009991467799856924,0.00040117977274401736,0.0013575467191432626,0.0007700370045560523,0.0004639235286708068,0.0005827563997442717,0.0007510237451842979,0.0005456805439693507,0.00043920629148752616,0.0002547776755815087,0.000963972250147947,0.010122109687493316,0.014023764197557272,0.008953017047763684,0.008067340805544266,0.007588741417295887,0.006068720455177429,0.003494577656092918,0.0018796389382045304,0.0009271192060062886,0.0005273951359329212,0.0003368911894932729,0.00018849864174028363,9.625462556950653e-05,5.748540138178862e-05,5.4811661782635664e-05,0.00011363393296400077,1.2700263095976556e-05,0.0014792464332313746,0.00879125580201493,0.009370788860131334,0.00710145237535026,0.00452263053196723,0.0029631719107612673,0.002650344377660371,0.0026917873414472417,0.0032459198733716926,0.005191733866655258,0.007896889906098265,0.005417664862783684,0.001125644371243396,3.810078928792967e-05,6.684348997882399e-07,91.9479155526085,0.3008136698356743,54.91755497681568,107.62267117280913,0.26580258850934063,60.96219286725398,108.74352420269085,0.22261519221528064,57.77215316565733,35.066586810977306,2.865947224084635,28.18358053525266,51.80628221856217,1.1922533007240461,37.74036258605832,110.88555325019786,0.231251183606978,59.10811238217894
328_Catasticta_philone_variabilis.png,Dataset_pieridae,86595,0.01049585875499612,0.03281790711549935,0.03482161531009617,0.0024081451969898185,0.0003058939764292267,6.56953506425185e-05,7.903971874178005e-05,3.900661444399536e-05,5.029800283567822e-05,7.493375932662265e-05,0.00018990062295103,0.0006918541614540229,0.0011835428014191224,0.0012020196187873305,0.0010808938160401871,0.003382284068235913,0.0022258790923263467,0.009751573416479012,0.012759108493561985,0.010129770771984526,0.007543738091113805,0.0052695017033316015,0.004074282579825625,0.0030154743345458743,0.0023081586696691494,0.0016564178070327387,0.0011764536058663894,0.0008126912639297881,0.0004568681794560887,0.0003478838270107974,0.00022229920896125641,0.0007498989549050176,8.949708412725907e-05,0.0034398637334719095,0.007672931462555575,0.00836869911657717,0.006534730642646804,0.005278162711472949,0.0039862289970552574,0.003074657890178417,0.002916594491598822,0.0031995207575495122,0.003536578324383625,0.004545585772850627,0.004803972515734165,0.0034037761995496275,0.001289046711703909,0.0003601535885443732,83.33961545123853,0.6037546239818136,53.881262323526734,105.06530400138575,0.4255324353139151,63.89427198011355,110.57967550089496,0.36511715606422285,62.5602178203651,33.342410069865466,2.7604871868087915,40.027602376443674,70.52927998152319,1.4169096241484156,48.10116493777704,111.13694786073098,0.377231519188468,62.844319908652864
329_Catasticta_philoscia_incertina.png,Dataset_pieridae,53693,0.03997376028739521,0.035139693359573045,0.013560219933490191,6.456459252913168e-05,0.0,0.0,0.0,0.0,0.0,0.0,0.0,0.0,0.0,0.0,8.277511862709188e-06,0.00014237320403859806,0.0,5.820125528467398e-06,0.0002502653977240981,0.0044523960292775595,0.008905956083660812,0.012925334773620397,0.00889198778239249,0.005830601754418639,0.006023829921963757,0.0049762073268396255,0.0037749334177639544,0.002662125416720988,0.001682016277727078,0.0010231780679045685,0.0005179911720335984,0.0005773564524239659,0.0,9.312200845547836e-06,0.0012373586873521687,0.004205622706870542,0.0031591641368521038,0.002606252211647701,0.0030229731994859664,0.0035514405974708062,0.0040461512673905355,0.003991442087422942,0.0040182146648538915,0.005132186691002552,0.010272521557744958,0.012613376045294545,0.004110172648203676,0.0005238112975620658,96.68761291043525,-0.23056111908343177,50.806157743297774,127.59562699048293,-0.5476281981999614,48.26582495039301,161.4373754493137,-0.6227884805217184,56.86846708059357,14.205203657832492,7.3895331696261675,9.96199459085122,114.59190211014472,0.849039434035864,42.99263683153111,161.44497420520366,-0.6227433819813969,56.87005543181695
330_Catasticta_philoscia_incertina.png,Dataset_pieridae,53072,0.00735771949217834,0.030862894851438716,0.033056979198070546,0.00977791176766154,0.002545807791511741,0.0006381268214249824,0.0004605902254379794,0.0007637423374535222,0.0004002947777442803,0.00026630489398050445,0.0002998023649214484,0.00030147723846849563,0.00022443305530432453,0.0002545807791511741,0.0005912303621076608,0.0010869929320336314,0.009421163702140488,0.011096953195658728,0.007854895236659632,0.00781721058185107,0.007845474072957492,0.006604235755200482,0.005073296653602653,0.0031396028037383177,0.0017900211034066929,0.000925629333735303,0.00041335355743141395,0.00021904205607476635,0.0001330739372927344,7.772460054265903e-05,3.179642749472415e-05,5.652698221284293e-05,0.0,2.355290925535122e-06,0.00010716573711184806,0.0015215179378956889,0.004698805396442568,0.006548886418450407,0.005843476786252638,0.00511333659933675,0.0044538551401869155,0.0038426571450105515,0.0037213596623454927,0.003996928700633102,0.004636390186915888,0.00612257876092855,0.007284914832680132,0.004605771404883931,124.97013491106422,0.05763041567141413,57.821550102992056,150.60907823334338,0.025890137388697294,62.94373329960497,155.98000829062406,-0.014845396234866364,58.1929865584715,29.7763981006934,3.7491486244864967,26.54240167078922,58.74758818209225,0.7777445263037772,40.678704777453966,157.3855705456738,-0.001280489616890913,59.414148641118665
331_Catasticta_philoscia_incertina.png,Dataset_pieridae,81745,0.009976824950217818,0.03705180744999694,0.023022271154878652,0.011606826105572206,0.002352029685811569,0.0009405943958515981,0.0006328623565151793,0.0007198537457268878,0.0007470385548555467,0.00044800565444029874,0.00023052718141102751,0.00019246844863090505,9.569052813287935e-05,0.00010112748995861114,0.0001609340700416607,0.0006100271168471058,0.005476634656553917,0.006945378922258242,0.006927793748853141,0.008736772891308336,0.009544161722429506,0.008504342773258303,0.006784818643342101,0.004419995106734357,0.0025743164719554713,0.0012707199217077496,0.0005978958957734418,0.0003234142761025139,0.0001689705792403205,9.40424490794544e-05,4.893265643158603e-05,8.18092849715579e-05,0.0,7.263441189063551e-05,0.001532968377270781,0.005982017248761392,0.010079362652149978,0.007554743409382837,0.0056364303627133155,0.004699064162945746,0.004657012661324852,0.004818337512997737,0.005749587130711359,0.004881032479050707,0.0036271331579913143,0.0021515077374762983,0.0007989785307969907,0.00025919016453605727,92.24503027708117,0.31168331682282885,49.17868347521987,113.11807449996942,0.3482135091281164,54.95144975913685,119.46148388280629,0.31452054361782833,48.99990363028455,26.902379350418986,3.7275687616298656,22.375212431396704,70.53812465594226,0.5384978431309279,40.491376843533665,121.26422411156646,0.3458877286320115,50.97568007092866
332_Catasticta_philoscia_incertina.png,Dataset_pieridae,125648,0.015183864623569196,0.037236300352306975,0.02769854408081837,0.0033766288891718664,0.00033249854974036816,4.598384198537006e-05,9.62123463078512e-05,8.277091557366611e-05,6.791459739377732e-05,0.00015493017530455452,0.0002532648527809613,0.0004152694653140343,0.000643066344072329,0.000522800911187515,0.0006558003310836623,0.002123038612278393,0.004598163122373615,0.007082285432318859,0.006191901184260792,0.0062431355851267035,0.006425689227046988,0.006367988348401884,0.006438622182605374,0.007297668884502738,0.005698956608939259,0.0030168605946771935,0.0015499649815357188,0.000705840920667261,0.0003412310581943206,0.0001895175410671081,0.00011440691455494716,0.000237767413727238,1.98968547052082e-06,0.00010744301540812429,0.001781265917483764,0.0065032869603973,0.009555464472176239,0.006867896822870241,0.0042469836368266905,0.0034580733477651854,0.0035117948554692475,0.003301883038329301,0.003294919139182478,0.004826479530115879,0.007440926238380237,0.004654371736915829,0.0027577040621418565,0.0001895175410671081,92.45511269578505,0.40741670495717314,53.433560586461574,119.16823984464536,0.23537833379942594,62.82781916241798,129.95246243473832,0.18540326263860876,58.78189594368165,27.023828473194957,3.59921079768645,32.594348092597706,82.58667069909589,0.34789102096967306,48.239443916933034,130.5300760855724,0.19483410131001752,59.326302896634594
333_Catasticta_philoscia_incertina.png,Dataset_pieridae,90312,0.029243806655446306,0.03865119437800809,0.012968376295508902,0.00017322664147006425,2.3621814745917854e-05,3.936969124319642e-06,4.921211405399553e-06,4.921211405399553e-06,6.889695967559374e-06,2.3621814745917854e-05,2.0669087902678122e-05,8.464483617287231e-05,0.00039271267015088436,0.0006368047558587022,0.0013946713122902333,0.005254869538685643,0.001223536185667464,0.004901065196208699,0.004770960669678448,0.005238091283550359,0.005868544600938967,0.006231176366374346,0.00701803193374081,0.007734990920364957,0.007611806847373549,0.00490936974045531,0.002531501904508814,0.001576479316148463,0.0009771680396846488,0.0006089999114181948,0.0003681681282664541,0.0009301089556205156,4.9135220125786166e-05,0.0006352976348657985,0.0036892937815572683,0.006669241075383117,0.007761288643812561,0.005996572991407565,0.004100368721764549,0.0035211267605633804,0.0035841028877668527,0.003811093763840907,0.0046463925059792716,0.005851935512445744,0.006556437682699974,0.004363345956240588,0.0011135009743998582,0.00015086588714678006,81.8381388962707,0.5779639140220818,51.95813057395038,107.20837762423598,0.1791971210484814,60.24406353582817,126.5959230224112,0.09957946445531361,58.810186377312014,28.42286739303747,2.8004041107129316,44.172446004096344,101.64514128797946,0.3757350007195001,51.459336883280685,126.64976968730623,0.10077048196266161,58.837956928843
334_Catasticta_philoscia_incertina.png,Dataset_pieridae,106464,0.023260862305046252,0.044717463180042084,0.017615135423972212,0.0008783355041245032,0.00012273319306682696,2.9222188825434993e-05,1.0853955849447283e-05,1.4193634572354139e-05,4.1745984036335705e-06,1.252379521090071e-05,9.184116487993854e-06,1.836823297598771e-05,4.842534148214942e-05,8.599672711485155e-05,0.00025214574357946764,0.0018092709481347896,0.0010496505861136158,0.004397026224827172,0.0058535044709948905,0.005797734445446348,0.006560316163210099,0.007791366095581605,0.007980984182446648,0.007203139089269612,0.00547250713856327,0.0037888394198978058,0.0024022204688908927,0.0015404268109407875,0.0009075837841899609,0.0005483074090772467,0.00035164468740607154,0.0008547490231439735,5.1660655244965434e-05,0.0012967998572287346,0.006060734144875263,0.007870031184250075,0.006303186992786294,0.005590504771565976,0.004995233130447851,0.005018715246468289,0.004162205064622783,0.004281963856327021,0.005611051623083859,0.00421445277276826,0.003600395438833784,0.001671339607754734,0.0008887980913736098,0.0008829275623685001,77.47455477908025,0.46106485383258566,50.81386458493007,99.50863202584911,0.44719667846030686,59.48667045782443,115.05036444244064,0.3302274355919682,56.96207125675793,20.291159452960624,5.302879156695311,25.445039517786967,97.63157499248572,0.5719602834830871,50.01509981057049,115.12681281935677,0.33171453191167055,57.00479401432699
335_Catasticta_philothea.png,Dataset_pieridae,101558,0.01721359004487857,0.0617910728625788,0.007863268061381455,0.0011772145528225798,4.551312769276888e-05,1.5754544201343076e-05,1.5754544201343076e-05,2.6257573668905125e-06,3.5010098225206833e-06,1.7505049112603415e-05,6.826969153915333e-05,9.190150784116795e-05,5.339039979344042e-05,6.564393417226281e-05,0.00010240453730872998,0.00036147926417526055,0.0005637172847043069,0.002742275350046279,0.006651987041887394,0.009695198802654641,0.010796170661100061,0.010544467201008292,0.010195528663423856,0.007252629039563599,0.0030093641072096735,0.0007557257921581756,0.0001840081529766242,5.415624569211682e-05,2.0924004017408773e-05,1.415447330589417e-05,5.5387069457846745e-06,1.415447330589417e-05,6.154118828649639e-07,9.846590125839422e-06,0.00030093641072096735,0.001089279032670986,0.0037687823706650386,0.010790631954154277,0.013607372142027216,0.009698275862068966,0.006471055948325095,0.004919602591622521,0.003749704602296225,0.0027668918253608774,0.0021034778156324464,0.0014019082691663876,0.0009791203056381576,0.0008424988676421356,87.7366431004943,1.1017732963065012,41.160732675901684,106.6585596407964,1.0257122542653705,43.97474746310665,124.28427105693298,0.9179055870029432,41.28812565065466,17.169942298981862,8.367526447145721,14.375987492459984,80.93996534000276,0.10923751523660889,31.46938433749113,124.3497410346797,0.9247732797776436,41.31000315400609
336_Catasticta_philothea.png,Dataset_pieridae,118317,0.009359413928495295,0.07466044608974197,0.00447761334193546,0.000298257130326909,0.0,0.0,0.0,0.0,0.0,0.0,2.404087700368032e-05,2.404087700368032e-05,5.25894184455507e-06,6.01021925092008e-06,1.1269161095475149e-05,2.2538322190950297e-05,3.592045099182704e-05,5.8634853824894143e-05,0.00013047575580854822,0.000498132136548425,0.001311096461201687,0.002700900969429583,0.004823377029505481,0.0067805133666337045,0.007283927922445634,0.006610419466348876,0.006195221312237464,0.006356335099774335,0.006719237303177058,0.00607055621761877,0.0040495026074021485,0.002875749047051565,3.169451558102386e-06,0.0005826508447644886,0.0011901290600674459,0.005464134486168513,0.013734818327036689,0.014848880549709679,0.009143339503199033,0.006312491019887252,0.004407650633467718,0.0029026893852954353,0.0017986637592231041,0.0010332412079413777,0.0006344185535468276,0.0003158886719575378,0.00010987432068088271,1.796022549591352e-05,39.607807838265,1.3394767743707612,31.999514027883805,70.81453214669067,1.2009180361348661,36.65193587247617,97.60306633873408,0.9437857586929195,34.48265842401399,16.41559539204003,12.152308882755856,5.811668211943994,162.80408563435518,-0.06928909421109088,47.46604617050337,97.61401996331888,0.9466871720030574,34.46838161612183
337_Catasticta_philothea.png,Dataset_pieridae,115904,0.014092889134302717,0.036738450211669424,0.02043990428860666,0.011141787839744769,0.0025937174059758265,0.0005276397324989263,0.00028836124915638996,0.00021703785508313394,0.00017332351678017057,0.00012884226026136573,0.00023544389226332903,0.00016948892570096326,0.00016795508926928032,0.000164120498190073,0.0002684213755445119,0.0015415056138413398,0.004769572232192159,0.009541301421866372,0.009658316365267807,0.008016332482054113,0.006444449717007178,0.005135715764770845,0.004348426283821093,0.0046568712037548315,0.004158614025400332,0.0027964953754831584,0.001392855294036444,0.0007452288100496963,0.00031329807426836,0.00016932116234124792,9.4906129210381e-05,0.00025829565847598014,6.039480949751519e-05,0.0006627251863611265,0.002278825579790171,0.0055239681115405856,0.008531845320265047,0.008902842007178354,0.006010901263114301,0.004454117200441745,0.003800019844008835,0.003726683289618995,0.00470702046521259,0.005173462520706792,0.003949389149641082,0.0027015892462727777,0.0015713435256764219,0.00044487248067366094,93.93177974875759,0.45729586306706144,57.05363045584602,111.56459656267256,0.4218065962377778,59.4942959599769,120.76999930977361,0.33300099647676756,53.58671445732381,26.330307840971837,4.067678026115645,26.66562779192497,72.7237023743788,0.7692341029455941,48.24671504040165,121.89843318608503,0.3626393846397425,54.70771726205995
338_Catasticta_prioneris_albescens.png,Dataset_pieridae,114420,0.03910194410456603,0.0008840723261279108,0.000752782147643186,0.002862747382936161,0.00047311076152187844,0.001678805181689293,0.00048165627609780733,0.0036341742896541006,0.022439744411427685,0.009793936568975897,0.002576084212161821,0.002828565324632446,0.00041329215949037663,0.0002361669482802152,0.00042106080910485734,0.0003107459845792305,0.026992658626114316,0.0007778360426498864,0.003905020975353959,0.008942383324593602,0.007162755637126377,0.0034751354658276523,0.0019790027967138612,0.0010493139311309211,0.001216461282992484,0.0007882144729942318,0.0005861081978675057,0.00048232389442405175,0.0002376114315679077,0.0004042125502534522,0.00012180999825205384,0.0043791513721377386,0.03524187205034085,0.005339975528753715,0.002184386470896696,0.0014972251354658276,0.0013508346442929558,0.001461173745848628,0.0014578963467925187,0.0018670249956301347,0.004752774864534172,0.00500841199091068,0.0022428334207306414,9.44983394511449e-05,1.0924663520363572e-06,0.0,0.0,0.0,43.988743226708614,0.9956910236696412,58.998766166805126,40.89353259919594,1.0177741176713624,55.06361808381933,33.881611606362526,1.073085540378377,45.802210784711825,52.89552525782206,0.10008698318298674,50.695897789577046,56.927399056109074,1.5393403055089845,71.7707884519983,44.45211501485754,0.9926962736698026,58.817336731114324
339_Catasticta_prioneris_albescens.png,Dataset_pieridae,76617,0.001880638616611051,0.03930662327623838,0.017625331192816215,0.026594619992951953,0.002248413102401121,0.0001601037193660241,0.00012877907862049763,9.745443787497118e-05,4.9887390816949534e-05,4.64068751785577e-05,0.0002784412510713462,1.5082234433031251e-05,7.773151592408415e-05,5.5688250214269246e-05,6.845014088837261e-05,0.0002552378134820674,0.010626721223749299,0.014889809050210789,0.004743562133730112,0.0047272472166751504,0.0049034483208687364,0.005940261299711552,0.0064036049440724645,0.004703590586945456,0.0030916767819152407,0.00094544944333503,0.00038911077176083636,0.00038992651761358445,0.00018354281686831905,0.00019414751295404413,8.565331453854888e-05,0.0002822480650508373,0.004462945560384771,0.01988625239829281,0.00506822898312385,0.0031079916989702025,0.0020573110406306694,0.0017277497161204433,0.00154175966169388,0.0015556273411905974,0.001880294190584335,0.0024505005416552463,0.004735404675202631,0.007302556873800854,0.004267166555725231,0.002439080099716773,1.7130662907709778e-05,0.0,79.33551300625187,0.4257722677941781,71.16761970080312,87.95012856154639,0.4135616752536041,73.31866182818342,89.75658143753998,0.3960927597961451,72.87930708722577,27.128574598326743,5.124854063579749,14.926841014079875,61.52928201313024,0.8570416989947445,47.74850781858082,90.3902267120874,0.4006914461716136,72.80833803374459
340_Catasticta_prioneris_albescens.png,Dataset_pieridae,75460,0.013136613952940484,0.0327437641723356,0.005124127573107165,0.003277085726065318,0.0017221780487086608,0.0008905380333951762,0.0009294107253290928,0.0028377065111758987,0.009550902612127102,0.014342845363253526,0.000989486703772418,0.0008328179756751185,0.0003910828400624319,0.00030862561474806374,0.0004711841446535324,0.0013405188915392996,0.01915004638218924,0.006872846541213888,0.004086602173336867,0.004486648555526106,0.005290882586800954,0.005881427246223165,0.005115292870394911,0.0033362046117148157,0.002489729658097005,0.0019082957858468062,0.0011877153458786111,0.0008539292340312748,0.0005085475748741055,0.0004025311423270607,0.00027994964219454015,0.0006493506493506494,0.0004878412403922608,0.003120858733103631,0.011319738934534853,0.010959448714550755,0.005203915981977206,0.003351113172541744,0.0026976212562947258,0.002349754836999735,0.002155115292870395,0.0012804797243572753,0.0010270341902994964,0.00105188179167771,0.0013127816061489531,0.0016763848396501458,0.0031738669493771533,0.01133216273522396,104.21029684601113,0.6526076719541108,90.36365100084124,110.59428836469652,0.6158866420764482,84.7688542769328,114.38257354890008,0.567004596658705,78.9945962049396,49.35691757222369,0.7646731950962332,44.192974014878374,63.37474158494567,1.0006724890984626,55.88063827123009,118.08200371057514,0.5774231495847496,82.75196562949533
341_Catasticta_prioneris_albescens.png,Dataset_pieridae,106957,0.0030741325953420533,0.047699335039107095,0.03507286936702496,0.0022538652604940927,7.23031997282397e-05,3.7398206755986054e-05,3.324285044976538e-06,0.0,1.662142522488269e-06,8.310712612441345e-07,8.310712612441344e-06,2.825642288230057e-05,6.648570089953075e-05,8.393819738565758e-05,0.00013878890062777045,0.00034738778720004826,3.798255373654833e-05,0.0002629561412530269,0.0013042624606150134,0.002633067494413643,0.002542493712426489,0.0037573510850154733,0.005610899707359032,0.0068432874893648845,0.007566124704320428,0.007025603747300317,0.005430336490365287,0.004491290892601699,0.0034301167759005955,0.0028066185476406406,0.002263175855717718,0.006494432341969203,0.000569738306048225,0.003828641416644072,0.005391769589648176,0.009137433735052405,0.010617000289836103,0.007883425114765747,0.004934810250848472,0.0031022981198051552,0.0021667586039249417,0.001750703553764597,0.0016250689529437063,0.0016203941770992082,0.002478215544564638,0.0031654075937058816,0.0029094636162196024,0.0013188711351290706,45.97967407462812,1.6373068767071188,45.18184110863699,90.6976728965846,0.975979611093717,62.48989364147149,102.98476958029862,0.8562727087000778,62.86524468578525,23.104200753573867,8.540083658910367,13.604386350679206,150.30122385631608,0.17238046110693267,57.27513398668692,103.22000430079378,0.8577283542195886,62.86762227834748
342_Catasticta_prioneris_albescens.png,Dataset_pieridae,140845,0.00779864389932195,0.058363291403867916,0.021921655405272147,0.0003944446416667653,5.4275582693346906e-05,1.0097782826669192e-05,1.2622228533336488e-05,6.311114266668244e-06,6.311114266668244e-06,8.835559973335543e-06,6.311114266668244e-06,6.311114266668244e-06,1.6408897093337433e-05,1.3253339960003314e-05,4.354668844001089e-05,0.00022656900217338997,9.274379637189818e-05,0.0006008378004189002,0.0019116759558379778,0.002640757570378785,0.0034732329866164935,0.004679346089673045,0.006657140828570414,0.009145248322624162,0.011025861762930881,0.009131048315524158,0.006467659483829742,0.003767439383719692,0.0017204196102098052,0.0006665128332564166,0.00022054386027193013,0.0002995313997656999,1.1093755546877773e-05,0.0004433064716532358,0.0018335759167879583,0.004405995952997977,0.004834658667329334,0.005950246725123363,0.007755422627711314,0.009194060847030424,0.008366022933011466,0.0044543647271823635,0.002374951187475594,0.002039919769959885,0.0019738009869004936,0.001844225922112961,0.0030348077674038835,0.003983545741772871,66.70419255209627,1.2332535921968484,39.78874302701144,109.81045830522915,0.9451684190074846,58.50375430951881,130.47763853881926,0.5761542212100422,56.44869832040483,19.11753345876673,9.49593473660388,10.879799652475114,127.05762362881181,-0.19006450841345518,41.36638825795771,130.5294969647485,0.5783529184351534,56.454226487875545
343_Catasticta_prioneris_albescens.png,Dataset_pieridae,57081,0.012669714966451185,0.009195509694800177,0.011545386770067487,0.010782338548145034,0.001599286783498693,0.0008346813203070102,0.0011321144027298439,0.002465112929190293,0.0034150301034202857,0.00318611563684355,0.0023125032848058022,0.004349374864957984,0.006389360927648624,0.003203245290805074,0.0024012660371518836,0.013407847328065966,0.01992125225556665,0.022054186156514426,0.008502172351570575,0.0041027224470489305,0.0027198192042886425,0.0018997126889858272,0.0012526059459364762,0.000747840787652634,0.0004182652721571101,0.00036461344405318757,0.00021460731241568998,9.963910933585607e-05,4.927208703421454e-05,2.7373381685674742e-05,2.2993640615966783e-05,0.00010292391513813704,0.0001302972968238118,0.0004073159194828402,0.0011015048790315517,0.0028172684430896443,0.006570706539829365,0.009805145319808693,0.00909672220178343,0.006998826229393318,0.004231924808605315,0.0028961037823443878,0.00223695275135334,0.0018778139836372874,0.00190956710639267,0.002562148525779156,0.005356423328252834,0.0045012788843923545,119.69396121301308,0.716763770549826,56.91717344407223,127.55417739703229,0.6388070083041705,62.47180863560234,130.0193584555281,0.5269137875506112,57.98690273430633,78.23450885583644,0.31954951486767336,62.879303279921714,32.37825195774426,2.4844875535905695,31.37897896653298,133.28724093831573,0.5787271303569599,60.76979224448679
344_Catasticta_reducta_reducta.png,Dataset_pieridae,105168,0.0008646483087377657,0.0570008621126832,0.028038947208276283,0.0029658366719069592,8.452085129401423e-07,0.0,0.0,0.0,0.0,0.0,0.0,0.0,0.0,0.0,1.6904170258802847e-06,1.6058961745862705e-05,0.0,5.348585120949339e-06,0.00020027479841776966,0.001310403354632588,0.0027723499543587404,0.00649555948577514,0.010917056519093261,0.01042439240073026,0.00933565818499924,0.010155774570211471,0.005834117792484406,0.0028056300395557583,0.0012165059713981439,0.0005895329377757492,0.00024544062832800853,0.00019195477711851514,0.0,0.0003702409478168264,0.01834029837973528,0.012639895215274609,0.004902275406967899,0.002566726570820021,0.0017757302601551803,0.0014637294614331356,0.0012236374182260765,0.0010227683325726457,0.0007464247679902632,0.000743453331811958,0.001344872014300928,0.0032810598280845885,0.006682165677772706,0.005396722387037882,61.08460748516659,0.7291842896865356,53.065525672116955,91.31339380800243,0.6373644506278483,64.18223930266971,108.51351171459,0.7563173288785539,79.78713650698339,21.28807241746539,3.216853673343915,6.2994299399601505,127.8499543587403,0.2819519291210065,34.4697894404523,108.88860680054769,0.7482654503686635,79.79508512649198
345_Catasticta_reducta_reducta.png,Dataset_pieridae,166655,0.009817753909440327,0.05082329096370079,0.028115568089766285,5.5470549605139024e-05,6.933818700642378e-06,0.0,0.0,0.0,0.0,0.0,0.0,2.6668533464009145e-06,4.266965354241464e-06,5.867077362082012e-06,1.3334266732004574e-05,4.3736394880975e-05,3.7502625183762865e-07,4.500315022051543e-06,1.4626023821667517e-05,8.925624793735561e-05,0.00036190033302331163,0.003971903033212325,0.006793225525786805,0.003633629354054784,0.003262728390987369,0.005139734781434701,0.00849884491914434,0.009067384716930185,0.007258258078065465,0.00511760823257628,0.0037802646185232966,0.005505760403228226,0.0,0.0004020281419699379,0.0015079805586391047,0.004245672197053794,0.008723485643995079,0.006767348714410009,0.004911343794065584,0.004100162011340794,0.0037082595781704718,0.003926149830488134,0.0044691878431490206,0.007811421799525967,0.008992754492814496,0.0025565539587771146,0.0003652755692898503,1.2375866310641746e-05,47.50909963697459,0.787043541347568,39.45171695072761,106.50031502205154,0.2538595418965555,52.518034278478865,131.61333893372537,-0.017298316219172993,53.72237589908287,19.59698778914524,6.862455304509757,7.205076435824407,170.27368515796107,-0.11522208868029112,48.011041124750186,131.62761993339535,-0.016605072225577316,53.715597514798496
346_Catasticta_reducta_reducta.png,Dataset_pieridae,65470,0.008324083973999965,0.046258337151876175,0.03333570931554741,0.00026339459973185345,2.986949069124111e-05,1.3577041223291414e-06,0.0,0.0,0.0,0.0,1.3577041223291414e-06,2.986949069124111e-05,5.0235052526178234e-05,5.973898138248222e-05,0.0001303395957435976,0.00040459582845408414,6.682449977088743e-06,6.109668550481136e-05,0.0004668168626851993,0.0007923476401405224,0.0014787307163586375,0.002185161142508019,0.003389911409806018,0.0053812815029784635,0.007692454559340155,0.008543989613563464,0.007821330380326867,0.006722544676951275,0.005196082175042004,0.004295860699557049,0.0028581793187719565,0.005607530166488468,0.0001441499923629143,0.005533068581029479,0.01090289445547579,0.009666641209714373,0.007750687337711929,0.00529440965327631,0.0037564915228348863,0.0037163968229723537,0.004182259049946541,0.004138345807239957,0.0030443332824194288,0.002078241942874599,0.0012925767527111655,0.000701657247594318,0.00025202382770734687,4.5822514128608525e-05,32.7526347945624,1.4437002232708447,28.28135737906424,74.81822208645181,0.8716902115921854,53.50816123249354,88.17391171528945,0.7051885485571346,51.023533542097795,20.9885749198106,7.734134894421354,14.455590522637934,164.44437146784787,-0.021890854835719297,49.16504078808433,88.25597983809378,0.7084605403046718,51.09084459085078
347_Catasticta_seitzi_seitzi.png,Dataset_pieridae,119281,0.01877769487363639,0.058505359426713206,0.003999519342281392,0.0013354087313896504,0.00026454804667596315,0.00018406582402524758,6.93041361714495e-05,0.00039868508442715566,0.0008204715475781278,0.0013816114888372834,0.0004873645704959996,0.00039868508442715566,0.00030329874647075204,0.00021312884887133928,0.0003047891580013209,0.0014449539788864577,0.0004506166111954125,0.0009604421492106874,0.0019345075913179803,0.004070744712066465,0.006871903320730041,0.008076516796472196,0.009394832370620635,0.008853568464382424,0.00659000595233105,0.004586333950922611,0.002965686069030273,0.0021126583445812827,0.0014021512227429347,0.0010044558647227975,0.0007304180883795407,0.002495158491293668,0.0018925897670207326,0.005389060286214904,0.0144364986879721,0.0145171904997443,0.006685892975411004,0.0037092034775027035,0.002736185981002842,0.0022546549743882095,0.001856959616368072,0.0016840485911419254,0.0014424971286290356,0.001234479925553944,0.0010951031597655956,0.0011564079778003202,0.0011778908627526597,0.0012313360887316505,47.97977045799415,1.5792376065105735,43.9766314844254,64.35943695978403,1.502721808425385,54.37118182547043,77.80087356745835,1.4197144164836186,57.12917639136556,22.935153125812157,3.7143558271593715,29.919235159595488,117.23615663852583,0.7417609506394717,51.154404056882335,78.31060269447775,1.4324718994324492,56.78797849954372
348_Catasticta_seitzi_seitzi.png,Dataset_pieridae,82995,0.02293685697264226,0.01961349746638017,0.01996264835231038,0.0027653606977662646,0.0006929466969228401,0.0003330856611174703,0.0004391161448815524,0.0002388363422160639,0.00027632186677912325,0.0008225395104122738,0.0010570917926782737,0.0020102951315674974,0.0023112503430594883,0.002898166556218246,0.0036136045678789217,0.008917270786058062,0.007975631062112175,0.00851030182541117,0.007800921742273631,0.007709048737875776,0.007103590577745647,0.0065839809627085966,0.004833875534670763,0.0034407193204409902,0.002535544309898187,0.001734291222362793,0.0011996204590637991,0.0008042653171877824,0.00046764865353334537,0.00037125730465690707,0.0002778781854328574,0.0011514247846255799,0.0005015362371227183,0.001601000060244593,0.00386996204590638,0.006810651244050846,0.007001927826977529,0.006172058557744442,0.005331646484727995,0.004325561780830171,0.0035725043677329957,0.0034806313633351407,0.0038255316585336465,0.004706608831857341,0.005126814868365564,0.00438430025905175,0.0015972347731791072,0.0001920296403397795,92.84821977227544,0.27014353764647225,53.21527300818704,109.7233327308874,0.2593211927429649,62.6146243476211,120.52165793120068,0.21707996597725696,59.62684349626143,52.095632267004035,1.1665341681776833,60.97021441496114,71.55388878848123,1.1648101612726638,53.551252155433545,121.3244532803181,0.20892586010523098,59.98180428979275
349_Catasticta_semiramis_belmira.png,Dataset_pieridae,95853,0.027795339391220586,0.052201229428859235,0.006307806977582572,0.0013474336281134192,0.00013075577533653963,2.2256302184942916e-05,2.967506957992389e-05,1.0200805168098836e-05,5.007667991612156e-05,8.902520873977167e-05,1.1128151092471458e-05,6.4914214706083505e-06,2.318364810931554e-05,7.418767394980971e-05,0.00011591824054657769,0.0006741804870188958,0.0031402251364067895,0.004532330756470846,0.005590591843760759,0.00646758578239596,0.0069885658247524855,0.007944456615859703,0.00908031047541548,0.008493474382648431,0.005798592636641524,0.002660323620543958,0.0010497845659499442,0.0003788352998862842,0.00016627022628399736,7.563665195664194e-05,5.085912803981096e-05,8.215705298738693e-05,2.9341804638352478e-05,0.00044925563101833017,0.002437325905292479,0.009037275828612563,0.013412464920242454,0.009161163448196718,0.004008090513598949,0.0024073320605510523,0.0018315806495362691,0.0015720686885126183,0.00135493933418881,0.0010836906513098181,0.0009637152723441102,0.0012434404765630706,0.002049362043963152,0.011458952771431254,91.37136031214463,0.9734022729554023,72.07156807387774,106.44938603903894,0.8203383787197972,71.9431162778241,124.55833411578146,0.7690636276523359,74.35552072389864,15.95377296485243,7.4751239560584075,17.37439177081397,85.94676222966417,0.04354169067002827,42.2895045157372,124.66127299093404,0.7667874518685426,74.41307668113929
350_Catasticta_semiramis_belmira.png,Dataset_pieridae,136719,0.02381527073779065,0.03646863680655619,0.01172038999700115,0.012949187750056686,0.00106690852527203,0.00019179647468327168,8.647095299279707e-05,0.0001248302479294514,0.00014043402892063283,0.00021260151600484693,0.0001943971048484686,0.00019049615960067324,0.00013328229596634134,0.0001995983651788624,0.00029647183883244705,0.0010981160872543928,0.0033755366847329194,0.005565246966405547,0.009956096080281453,0.010821923068483532,0.00945232557289038,0.010493237955222025,0.007509014840658577,0.0031026228980609864,0.0011679978642324769,0.000547198999407544,0.00025279953773798815,0.0001421711686012917,5.119990637731405e-05,2.8799947337239155e-05,1.691425478536268e-05,1.691425478536268e-05,4.5714202122601836e-07,1.599997074291064e-05,0.0003876564339996635,0.00219291027582121,0.004294849289418442,0.0062303886072894036,0.008001813939540225,0.008347413307587094,0.005888903517433568,0.0039826212889210715,0.003564336339499265,0.0036063934054520585,0.0038921071687183202,0.004093249658057768,0.004150849552732246,0.0038500501027655264,112.17450390947856,0.4860761671051771,57.9649916936001,131.03717113202993,0.43925857674740443,62.5441929699052,143.35837008755183,0.29177151340527585,54.06828440838557,22.76151083609447,4.3275839623938035,24.874093210407562,67.62772548073055,0.40904969158593674,33.39445511367524,144.84175571793241,0.33894408844598467,55.99905001065606
351_Catasticta_semiramis_belmira.png,Dataset_pieridae,108138,0.029754572860604043,0.021641482796673387,0.016437432827600948,0.011375587983255964,0.00024906446700820556,6.411560536844896e-05,5.425166608099527e-05,2.465984821863421e-05,8.219949406211404e-06,8.877545358708317e-05,0.00013316318038062477,0.0003477038598827424,0.0005869043876034943,0.00074965938584648,0.0015708323315269995,0.0058024622858446305,0.0013720893672899443,0.005931656771902569,0.01221124858976493,0.015429358782296695,0.011879496569198617,0.006942517893802363,0.0039214938319554644,0.001996291775324123,0.0011894523664206847,0.0006929802659564631,0.00036585196693114354,0.0002571945107177865,0.00011559303852484788,6.877785792228449e-05,4.2769424254193717e-05,8.322698773789047e-05,0.0005727635058906213,0.002486406258669478,0.006071524348517635,0.008525564556400156,0.007340157946327841,0.005668104644065915,0.005350223788122584,0.005732836745639831,0.005472752408958923,0.004912704137306035,0.005283179825778172,0.004238796722706171,0.0008201326083337957,2.4852503282842293e-05,0.0,0.0,79.3747803732268,0.23406346260851404,43.00761931494024,92.82325362037396,0.35763911190212655,50.85575447019965,100.52695629658399,0.1331051319773334,47.34109298764744,33.5304425826259,2.3675311879143615,46.68338050266631,64.45240341045701,1.3294714826948684,32.21883566806794,101.6552553219035,0.18721373937649935,48.6861411711855
352_Catasticta_sisamnus_sisamnus.png,Dataset_pieridae,56010,0.003527941439028745,0.017387371302743558,0.010555257989644707,0.017842845523616813,0.02909163046281418,0.005221289849034895,0.0018060267015810668,0.0012854847348687734,0.0007078101132734234,0.0003094685472832232,0.00016822392826677777,7.300283679501676e-05,0.00012061338253089726,0.0004554742208732568,0.00017774603741395385,0.00015870181911960165,0.02723955543652919,0.004484690233886806,0.003735940010712373,0.0038263256561328336,0.004165550794500982,0.003934565256204249,0.003387787895018747,0.0023232458489555437,0.0018367255847170148,0.001083511872879843,0.000834672379932155,0.0009775040171397964,0.0016057400464202821,0.001201794322442421,0.0008145866809498304,0.0010478039635779324,0.00030463310123192286,0.0073100785574004646,0.007884752722728084,0.006019014461703267,0.0033989466166755937,0.002018612747723621,0.0016258257454026066,0.0013892608462774505,0.001134841992501339,0.0010745848955543652,0.0010578468130690948,0.0010466880914122478,0.0013591322978039637,0.0020386984467059455,0.004108641314051063,0.020728441349758972,133.32622745938227,-0.006899443631925921,100.17480714552329,143.93879664345653,-0.037205733292842325,96.43294256621078,141.67612926263166,-0.06182271683929611,95.78613353558681,40.96743438671666,1.4862473040504258,22.574205670531207,58.59467952151402,1.2471691945803467,65.75634019563357,146.09098375290128,-0.04802990537696284,94.81223330793519
353_Catasticta_sisamnus_sisamnus.png,Dataset_pieridae,46490,0.0009655600965560096,0.0014512081451208145,0.002598408259840826,0.04074090007409001,0.01909132190913219,0.018349465834946583,0.0021586482158648217,0.0027322482732248274,0.00021032002103200213,0.00015869601586960159,9.368800936880093e-05,3.441600344160035e-05,8.98640089864009e-05,3.250400325040032e-05,0.0001414880141488014,4.01520040152004e-05,0.013220585072058507,0.02491261561626156,0.007917025166702518,0.00429258980425898,0.0036325016132501614,0.0031767584426758443,0.001890191439019144,0.0007367175736717574,0.001041890729189073,0.0003818025381802538,0.00020703377070337706,0.00028769627876962787,4.0331254033125404e-05,0.0002204775220477522,3.360937836093784e-05,0.0005081738008173801,0.006373682512368251,0.008805657130565712,0.0040290922779092275,0.002563723381372338,0.0024723058722305874,0.002028662077866208,0.0017759195525919552,0.002083781458378146,0.003155248440524844,0.006002634975263497,0.0060133899763389976,0.008449397719939772,0.007890137664013766,0.0008563669606366961,0.0,0.0,102.50570015057002,-0.18479688090949478,68.13051369159032,112.17192944719295,-0.20100770941308346,71.1761158385458,106.7622069262207,-0.20422983534283107,67.89336852860274,46.97795224779522,1.6052512378225126,15.593320818281036,40.474015917401594,2.569781980579982,39.631809184423425,112.3044740804474,-0.20190283444851206,71.07938314829046
354_Catasticta_sisamnus_sisamnus.png,Dataset_pieridae,125099,0.031099991029326993,0.02354259870626908,0.020140493173850756,0.006073056805676571,0.0011063237915570868,0.0004973838497687609,0.0007709449671415795,0.000727601517376016,0.0006103610385019509,8.597635117431439e-05,0.0002188488938982548,0.00017976873427356642,0.0002920353746499439,0.00030411469671575667,0.0005307796225389492,0.0027086103361693096,0.0017481154925299163,0.004469959791844859,0.00817502537989912,0.006314498916857848,0.006224570140448764,0.00768990959160345,0.008537738111415758,0.007996666640021103,0.004789206948097107,0.002250717431794019,0.0012505095963996516,0.0008183518653226645,0.0006459883772052535,0.0005430698886481906,0.0004211664361825434,0.00062450539172975,0.0002802780198083118,0.003265413792276517,0.012864311465319467,0.012049956434503873,0.007399639485527462,0.004614345438412777,0.0031614960950926865,0.0023426446254566384,0.0017046499172655256,0.0014223734802036787,0.0013544272935834818,0.001426869919024133,0.0021552930079377134,0.0037315446166636024,0.003906406126347932,0.0008203502825761996,67.85102199058346,1.2309652295688858,58.76775546081236,85.50199442041902,1.0676885785946233,69.85637235867547,96.15530899527575,0.9428274244385004,65.71984046577575,26.54790206156724,3.2331335235596135,34.55732894857172,89.6525711636384,0.7032997891653595,47.84156385341291,97.08590796089497,0.9485732786750655,66.63749303536672
355_Catasticta_sisamnus_sisamnus.png,Dataset_pieridae,55849,0.013229322717406658,0.04483199738978714,0.022247289815196133,0.0020945366573757412,0.0006573279935381315,0.00024351376031800032,0.00027216243800247094,0.0003533336914418044,0.0008626435169435043,0.0007575983654337788,0.00036606643707934685,0.0002689792515930853,0.00032309342055264093,0.00029126155645878467,0.0004902107070453863,0.0015995511707162765,0.002883892280971906,0.004996732260201615,0.006745868323515192,0.009466373614567853,0.009785313971601999,0.008789324786477825,0.007052498701856792,0.005170191050869308,0.0031491163673476696,0.0018811885620154344,0.0009881555623198267,0.0005752117316335118,0.0004028720299378682,0.00030663037834159965,0.00012198069795341008,0.00018464968038818958,2.4619957385091946e-05,0.0001521961001987502,0.0008135776826800838,0.0034848430589625597,0.005680495622123942,0.005594325771276119,0.00599272144532579,0.007319960966176655,0.008060797865673512,0.006934994359791581,0.005100807534602231,0.00382056975057745,0.003132330032766925,0.0033539096492327526,0.002457519382620996,0.0005763308206055614,95.21875055954449,0.5756944423759714,46.42667710117119,121.0487027520636,0.3915321914156437,52.93264133900036,133.26913642142205,0.19191622358610566,49.0607630428606,25.901215778259235,3.6387952205751777,30.069462459538137,79.20628838475174,0.7270983726047541,42.40416198565741,134.03190746477108,0.22719609234434102,49.78483294373152
356_Catasticta_sisamnus_sisamnus.png,Dataset_pieridae,98687,0.03384707881146115,0.019981467783103255,0.017444152837872377,0.0015852588937189747,0.00023778883405784618,7.385865300281587e-05,4.323433346506294e-05,7.115650716124943e-05,6.485150019759442e-05,6.755364603916086e-05,0.00011439084062631238,0.0002341859729357576,0.0006187913977187134,0.00044855620970002803,0.0015321166921681679,0.012524445975660421,0.00047561988914446686,0.002248269782240822,0.00426981263996271,0.006913271251532623,0.008596623668770963,0.012210321521578324,0.01138701146047605,0.006455384194473436,0.003268540942576023,0.001604821303717815,0.0010829693880652974,0.0009202073221396942,0.0007808779271839249,0.0008879082351272204,0.0006808140889884179,0.0007175463840222116,0.0002501595954887675,0.005538976764923445,0.00454150496012646,0.009671993271656855,0.014182465775634076,0.009046910940650745,0.0030139481390659357,0.001863213999817605,0.0014452258149502974,0.001224198729315918,0.0012292652527688551,0.001105768743603514,0.0010855026497917659,0.0018980463485565474,0.004506039295955901,0.0018967797176933131,63.60339254410409,1.4363594810798346,51.04384411216797,80.37991832764195,1.3032885019641613,66.41644518070747,97.60895558685542,1.1091533604691832,64.09477721604168,41.700548197837605,1.6374740292518042,60.75358283655552,95.38822742610475,1.1032257182944099,44.38145111168315,97.76945291679755,1.1128900265165675,64.11266332857807
357_Catasticta_sisamnus_telasco.png,Dataset_pieridae,92662,0.0522865659901338,0.008964480225622873,0.0009132354387151391,0.00039138661659220245,9.976521599409082e-05,0.00010552090153221147,0.00017458912798965894,0.00019281546552704092,0.003230858148731711,0.006266982270090341,0.001962688768499133,0.00478777108679334,0.0015991212986745135,0.0014648219694516989,0.0012480244808491556,0.0052002618836919845,0.015876249163626944,0.005831678573741124,0.007802551207614772,0.012285240983358875,0.009558934622606895,0.005373696876821135,0.0032476905311778293,0.0017071453238652306,0.0006252563078716194,0.00015378472297166045,2.5630787161943406e-05,8.768427186980639e-06,2.6979775959940427e-06,6.744943989985107e-07,0.0,0.0,0.0,0.0001699725885476247,0.0003959282122121258,0.001538521724115603,0.005478918003064903,0.009639873950486716,0.010204425762448469,0.008126308519134057,0.0054364248559279965,0.0034345254797004164,0.0022548347758520213,0.0016767930759102976,0.0013860859899419396,0.0015074949817616714,0.002132751289633291,0.009117140791262869,120.59995467397638,0.847829438471127,70.4944072892611,124.70364334894563,0.8287476129603238,66.64194561140505,137.85679134920463,0.7164175210149907,59.80443129931701,44.531231788651226,1.1283691320084632,57.501355599539735,48.59955537329218,0.37907595278687073,33.615162678743424,139.2024670307138,0.7450370492390169,61.45539718118752
358_Catasticta_sisamnus_telasco.png,Dataset_pieridae,99141,0.04484477214830953,0.020593789541046476,0.01036548395158859,0.006971888522407481,7.800338238804666e-05,2.4207946258359304e-05,3.765680529078114e-05,2.5104536860520763e-05,1.703522144106766e-05,5.648520793617171e-05,8.338292600101539e-05,0.00015690335537825475,0.00020352606669065047,0.0003371180664127074,0.0007441701997940082,0.004349361011085222,0.0009891215541501497,0.0033512875601416164,0.00658594829586145,0.008010056384341494,0.008732512280489404,0.009862216439212838,0.00950729264381033,0.007580113172148758,0.004725592842517223,0.002044436711350501,0.0006512189709605512,0.00022631908090497372,9.519270533886081e-05,5.1694051905871437e-05,2.8368687021514812e-05,5.8628619844463945e-05,0.00013806094350470542,0.001467606741913033,0.0035404121402850485,0.011353148546010227,0.011443928344479075,0.008291852008755207,0.005798559627197628,0.0033260709494558256,0.0030196891296234655,0.0032762681433513886,0.0032907676944957183,0.0022285179693567747,0.0017752493922796825,0.0017172511877023634,0.001470758818248757,0.00036185836334110005,72.27101804500661,1.076204667858918,47.97093693951506,85.79687515760382,0.9946708966586849,55.439722577865005,101.33755963728427,0.903533670566732,51.997805645862954,24.88883509345276,3.1809398622586738,39.8394218166407,85.13886283172451,0.22601659806532726,36.650956003652055,101.91105597078908,0.8843408489878166,52.49128484264577
359_Catasticta_sp_florencia.png,Dataset_pieridae,139607,0.020942598389288025,0.03011628675098272,0.025191350640647595,0.0027550353651480384,0.00021202375239063944,7.449483192103549e-05,8.468215936322837e-05,0.00015599345145857858,7.449483192103549e-05,0.00022157437186769526,0.0002082035045998171,0.0006691800713590452,0.0013300829391713087,0.0012282096647493797,0.0014115815587088518,0.004213096605311896,0.005889299963468881,0.003790103648097875,0.0032367646321459524,0.0034628457025793835,0.0050207905047741155,0.006565752433617226,0.006959715487045779,0.0075314095998051675,0.00698926271605292,0.0056215841612526594,0.002991880779617068,0.0018834120065612755,0.0009665525367639158,0.000676452470148345,0.0003447176717499839,0.0005694556863194539,0.0003899338858366701,0.004428502868767325,0.0088690932403103,0.006652155694198715,0.0048363441661234755,0.004135716690423833,0.0033007836283280925,0.002815045090862206,0.0028016145322225963,0.003147675259836541,0.003500451266770291,0.0037954758715537185,0.003197368326803097,0.0027304325714326647,0.0027989284204946742,0.0051004784860358005,81.88007764653635,1.0435334806629917,69.43363382477753,106.93451617755557,0.46264621258290356,74.46401166897398,119.50180148559886,0.3573469408276825,73.45592468740779,33.318888021374285,2.452633748305229,44.262132397746036,99.5300665439412,0.08051216587673661,54.62263443700839,120.0304354366185,0.35532077582929783,73.63081555983163
360_Catasticta_sp_normandia.png,Dataset_pieridae,64265,0.009514769573899738,0.02771164535733119,0.009480190530528973,0.009092905244776404,0.004824468131089153,0.0021770965706233735,0.0022448714956300737,0.00525048194541698,0.010169005074474614,0.0034274747789102417,0.0011632390189925397,0.0005325172679097833,0.0006099743250602973,0.00031536087554137816,0.0008077664531410738,0.0015671222455630764,0.004977437174200575,0.010556873881584066,0.009138916984361627,0.007212323971057341,0.006930288648564538,0.0057506029720687775,0.005461759900412355,0.004103127674472885,0.0026209834279934644,0.001668871080681553,0.0010746518322570606,0.0007741383334630048,0.0005057185092974403,0.00033844238699136386,0.00026841982416556445,0.0011174433984283824,0.0015891231619077257,0.02004590368007469,0.0137642962732436,0.007418501517155528,0.005375204232474909,0.003965027620010893,0.0029798490624756866,0.002336030498716253,0.0017758499961098577,0.0013236209445265698,0.0007838636894110325,0.0004755699058585544,0.0002713374309499728,0.00017797401384890687,0.00012934723410876838,8.850073912705205e-05,47.874893021084574,1.598342417721236,43.36960442917844,53.068575429860736,1.5239605117874322,41.439824808810044,53.48522523924375,1.5295267764090572,37.712139906475734,46.9389403252159,1.126596626891623,40.616271140945344,72.6594102544153,1.1859877110238397,52.56298444014809,57.21033221815919,1.5482288441655216,41.16675652738054
361_Catasticta_sp_x_iguaque_otra.png,Dataset_pieridae,45971,0.004893906544947419,0.008061120658192726,0.014424552676929174,0.009406896618399522,0.002884910535385835,0.0011582181036837234,0.0008855824565728635,0.001467591887639309,0.003084069908807243,0.013966292759444965,0.015793531670932642,0.006052124648631142,0.0022255576583304934,0.001260698169619011,0.0012587645834692886,0.0020650700079035333,0.010728230841182485,0.014235876965913294,0.01274172848099889,0.009860836179330448,0.006436122773052577,0.003764601596658763,0.0020243740619085944,0.001189608666333123,0.0005832481346936112,0.0003548432707576516,0.00017674185899806398,0.0001277979595832155,7.341584912227274e-05,5.30225576994192e-05,4.7584346653324925e-05,0.0001019664571142677,0.00018897783385177612,0.0012739009375475844,0.0030889038741815492,0.004674142394118031,0.00612886384894825,0.006417089034391247,0.004716288529725262,0.003702062169628679,0.003155521959496204,0.002770768527985034,0.002672880729155337,0.0029583868090752867,0.003557949576907181,0.005862391507689631,0.007303517434904614,0.004028354832394335,129.1126362271867,0.06916002684156955,64.46620611671652,132.17782950120727,0.14884360166615618,72.04658303418937,132.1677796871941,0.12185672333528876,70.80496449405253,76.90998673076504,0.022928131271604132,48.22131025242824,45.635313567248915,1.5951429854582364,33.51811563726309,141.4852406952209,0.06293613734332376,69.30352916719627
362_Catasticta_sp_x_naranja.png,Dataset_pieridae,52483,0.0023694444973716357,0.00892225419024573,0.02264436949954165,0.010627780000719811,0.004193527216220279,0.0022830673212701678,0.0017648042646613612,0.003150226422524119,0.0072810878443178425,0.01409302906549634,0.0062733541231340525,0.0023846875284483653,0.0010805615363281655,0.0005809288510353617,0.0005724605004371786,0.0006673060271368296,0.0019113331936055486,0.007054665320198922,0.006835546748470933,0.005950736428938895,0.006273459977516529,0.006510441476287559,0.006403263914029305,0.00591381971304994,0.004925404416668254,0.0036249833279347597,0.002186422270068403,0.0012789855762818437,0.0007502429358077854,0.0005799496979974468,0.0004370462816531067,0.0018636987214907684,0.0016552979059886058,0.01001633862393537,0.010955928586399405,0.006887944667797192,0.004352599889488024,0.003532096107310939,0.0028604500504925403,0.0026639578530190727,0.0030700417277975726,0.004890869424385039,0.00624607015605053,0.00417277975725473,0.001082493378808376,0.00010003239144103805,1.1908618028695005e-05,1.1908618028695005e-06,65.21201150848846,0.6479822246585127,44.99008563389768,82.03624030638493,0.4559851827668678,58.55234035784211,80.44665891812586,0.45033271591208446,58.895249461362496,63.833336508964805,0.4576890178217777,41.14195967942504,93.22925518739402,0.7772668443775713,56.74742472784208,88.09709810795877,0.4212508374074804,57.714966035017135
363_Catasticta_sp_x_romera.png,Dataset_pieridae,69419,0.018658996656374893,0.05228795830792402,0.010373080696767295,0.002513560968738946,0.001083276912660799,0.00038542121833439776,0.0004174329474319391,0.0005454798638221044,0.0008438291790111897,0.0002842641543861671,0.00016774146047111662,8.579143398141079e-05,5.8901581539476057e-05,6.530392735898433e-05,0.00023048444950229765,0.0008873651305838459,0.0005428989181636151,0.0029143678243708495,0.0069271381034010865,0.010214242498451433,0.008881754274766274,0.007867982828908512,0.007967919445684899,0.0067272648698483125,0.005477606995203043,0.003215978334461747,0.0012100433598870627,0.0003223180973508694,0.00014315245105806767,5.041847332862761e-05,1.8006597617367004e-05,1.8906927498235355e-05,1.8906927498235355e-05,0.0009678546219334764,0.0042153445022256155,0.008871850646076722,0.014966183609674584,0.013212341001743039,0.006811895878649938,0.002720796899984154,0.0019888287068381854,0.0017061251242455236,0.0018105633904262522,0.0019177026462495858,0.0016025871879456633,0.0009525490139587145,0.0004978824241201977,0.00023858741843011278,63.977686224232556,1.647791603811339,40.46634198660585,79.36386291937366,1.5516939372416259,44.3255486491466,92.67346115616762,1.2622644031074166,44.46530816047257,21.393739466140392,4.624289482164507,23.079662246676147,86.42733257465535,0.3356555917707638,38.29807221482263,93.12774600613665,1.3120561979160863,44.04132556623891
364_Catasticta_sp_x_iguaque.png,Dataset_pieridae,44219,0.0027439185267268216,0.0021669920672611823,0.005994406627618595,0.01692183601317684,0.005706948496247214,0.0028383977727020307,0.00266351065781175,0.004237494691824278,0.009514261089375859,0.02011000801565943,0.007387472956572213,0.0036103133142867195,0.001785054689914592,0.0006955280661153703,0.0007417625907415364,0.0017709833128544544,0.005513749745584477,0.01749813428616658,0.014487550600420633,0.010833861009973089,0.006279823152943305,0.0033710056762929963,0.0018021099527352495,0.0009710192451208757,0.0006007033175784165,0.00038303670367941385,0.00021625319432822996,0.00015264931364345643,9.893936995409214e-05,6.92575589678645e-05,3.674890884009136e-05,0.00018515796377122957,0.0003604219905470499,0.001677729030507248,0.004462165584929555,0.007443067459689274,0.007597130192903503,0.004905979330152197,0.0035674709966304076,0.0033596983197268144,0.0030812546642845834,0.0033243628304574957,0.003327189669599041,0.0030077568466044006,0.002818358624120853,0.004498914493769646,0.006442366403582171,0.0026261335624957597,117.37766570931048,0.23373118885030925,62.55360468053068,123.09339876523666,0.30728559020775575,70.76359214681248,117.15059137474842,0.3035680067268174,68.20495725875249,79.3419796919876,0.012191226704704928,40.024670862394906,47.491689092923856,2.073572974053782,32.71937416574464,129.2600692010222,0.24329912207036908,69.63977301171921
365_Catasticta_sp_x_iguaque.png,Dataset_pieridae,47026,0.005080877245211868,0.010989665291540848,0.02580132976084152,0.019357613046210843,0.004430645931092493,0.001763563418817959,0.0014157652740564323,0.0035403582887953236,0.0022361152459395984,0.003912729128567175,0.00319634055865077,0.0024591597083410124,0.0016388097364578458,0.0008505932888189513,0.0007901066549473814,0.001425216310598865,0.00885414451579977,0.011427189214477098,0.009399055841449412,0.007893239909837112,0.006911070471653979,0.005107546888955046,0.0033226300344490283,0.0022075553948879344,0.0018221303108918471,0.001073874027133926,0.0007283205035512269,0.0007336367116063454,0.0004252966444094756,0.0004598519967677455,0.00022328073831497469,0.001911176795815081,0.004292838004508144,0.009029579381618679,0.007357631948283928,0.006332932845659848,0.004695540764683367,0.0037612171989962998,0.0032707970059116234,0.003028909539403734,0.0030169480712797176,0.002857461829626164,0.0026753817037383576,0.002595638582911581,0.0030647939437757838,0.003339907710628163,0.002390964572789521,0.0007894568961850891,79.69251052609195,0.5616469724663665,60.69291334586654,94.5683451707566,0.5612106896508156,70.15281647331024,94.51843660953516,0.5446224412265236,69.71226665041303,50.19363756219963,1.3752118231283441,40.20779415335189,65.13949729936631,1.6047006568293096,56.23406968035443,97.57642580700038,0.5337485889614645,70.26710342476834
366_Catasticta_tomyris_tomyris.png,Dataset_pieridae,48076,0.002261234526814026,0.018014070314594486,0.041652568618206355,0.019739116768819738,0.003969640661545146,0.0010261530354716145,0.00046223109705928575,0.00020523060709432288,0.0001201800852354143,9.614406818833143e-05,0.00011278438768246573,0.00019598598515313716,0.00018674136321195146,0.00017934566565900288,0.00018119459004724,0.0004862671141063686,0.0020410391879524085,0.011999230385223396,0.012659643065146851,0.011475320326150262,0.009945190947666195,0.006688628421665696,0.003944275730094018,0.0018083347200266245,0.0006565126050420169,0.00028600549130543306,0.0001573030202179882,0.00012090232132456943,0.0001040019968383393,0.00012350237124552791,0.00013130252100840336,0.0003588068890922706,1.1700224644313171e-05,0.0005343102587569681,0.0019474373907979034,0.0039117751060820365,0.0070006344121807135,0.006943433313919627,0.005045396871619935,0.0035477681171478493,0.003147360429320243,0.003012157833430402,0.003094059405940594,0.00416397994841501,0.006687328396705217,0.009066374074382228,0.00352956776770114,0.00085671644895582,110.28604709210417,0.19248217559354736,55.049425688794045,138.44837340876944,-0.019024203952692133,63.35749360295567,138.9340003328064,-0.00694823466114312,60.619881409583684,31.731487644562776,4.647359191111108,18.75791026196325,59.31127797653715,1.7895060851346047,35.27880901750382,141.5321574174224,-0.022733901554883994,61.876741678587486
367_Catasticta_tomyris_tomyris.png,Dataset_pieridae,71949,0.0014306430017558733,0.006229103639769529,0.026646034768454816,0.023073133593085226,0.010947260482347836,0.0027735695500362137,0.0016987341342092625,0.0028093973972304455,0.011766359195788376,0.0003051544226543184,0.00017049113492427509,0.0002199088551921809,0.00017913923597115858,0.00012107341465636924,0.0001655493628974845,0.00035333669991552657,0.011650613629098389,0.013490458519228898,0.010691600995149342,0.007934439672545831,0.006449881165825793,0.00494186854577548,0.003498137569667403,0.0015879303395460672,0.0007626930186659996,0.00038655853451750546,0.00025625790490486314,0.00017025948936051925,0.00011205854146687237,9.034176986476532e-05,6.949366912674256e-05,0.0004074066352555282,0.0003014287898372458,0.0006949366912674255,0.0017825126131009465,0.0029404508749252944,0.004176569514517227,0.004061904960458103,0.0031176597311984877,0.0023627847503092467,0.0018876217876551446,0.0018902278002473974,0.0019067325466649988,0.0021873132357642217,0.003377392319559688,0.007604344744193804,0.019511216278197057,0.004696903362103712,144.0897024281088,-0.3699947922716938,67.33481783871912,170.02789475878748,-0.6728574763693929,70.12585238232292,164.31718300462828,-0.6689288191717564,65.8980071019889,46.49529527860012,1.495364266878853,25.897807493946942,50.63490805987575,1.8125570836710077,38.881694289395426,171.39516880012232,-0.6720858394322047,68.87347859979792
368_Catasticta_troezene_troezene.png,Dataset_pieridae,169111,0.035672033950088014,0.02544968820610263,0.019962693799404598,0.0025597914321888516,0.0002165573039141287,4.1524337401010116e-05,7.516430694106894e-05,4.047308835288328e-05,0.0001282523838714743,0.0007395537053572308,0.0003868596497106765,0.00037687278375347157,0.0002375822848766655,0.0001503286138821379,0.00037529591018128135,0.002476217132862768,0.001028170846367179,0.011881988752949246,0.012021689895985477,0.006424774260692681,0.006921859015676095,0.008211692320428595,0.009381042628805932,0.005055111731348049,0.0013744670660098988,0.00017776785661488607,2.032688589151504e-05,7.391594869641833e-07,0.0,3.6957974348209163e-07,0.0,0.0,0.0,5.654570075276002e-05,0.0007768566207993566,0.002803262354311665,0.015072201098686662,0.010592525027940228,0.004815624057571654,0.0036170769494592307,0.003165450502924115,0.0031554718498500983,0.004430152385119832,0.007860961143864089,0.005964277900313995,0.00018848566917586675,7.391594869641833e-07,3.6957974348209163e-07,93.18128921241079,0.4739148316793814,50.479608563803325,105.2005901449344,0.4568440783644424,55.68510967568926,118.66031186617074,0.3851267537782629,48.894028273028525,23.205190673581257,3.6279623469168203,33.0286575269432,66.01698292837249,0.24704184277602595,33.97187066955935,119.0463541697465,0.39105190148523483,48.85186529922889
369_Catasticta_troezene_troezene.png,Dataset_pieridae,162965,0.02534368320395995,0.05871253882053747,0.003646863505115277,5.39993250084374e-05,1.3636193183948838e-05,4.9090295462215814e-06,1.0908954547159068e-05,9.272611365085209e-06,4.090857955184651e-05,0.00010090782956122138,7.199910001124985e-05,8.727163637727255e-05,9.927148637914753e-05,6.436283182823851e-05,0.00010090782956122138,0.0005274479523551409,0.0001250268462553309,0.0003781486822323812,0.001058893013837327,0.002931994600067499,0.006335716258092228,0.005562544104562329,0.005521507685699384,0.006389025250820728,0.0076692081121713255,0.009332141870953886,0.010432838339520757,0.005151412880066272,0.0011601417482281471,0.00030873193630534166,9.434541159144602e-05,4.8323259595618694e-05,0.0,1.1889055932255391e-05,0.0006677047218727948,0.0011977265056914062,0.0020468352100144202,0.006310404074494524,0.011227103979382076,0.011226720461448778,0.006369082318289203,0.004889853649556654,0.005024851962077747,0.007993664283741908,0.005109609425336729,0.0004214862086951186,3.0681434663884885e-06,0.0,69.97827754425796,0.6669788265599376,38.249496002177885,100.72408185806768,0.4202669470282706,44.570386638937116,133.04606510600436,0.11568353143937883,39.62896808086517,16.003540637560214,8.090162692431386,16.29883784879706,127.45327524315037,-0.3184172776941876,41.808198542534036,133.09103795293467,0.1201763237505461,39.57241901664145
370_Catasticta_uricoecheae_flava.png,Dataset_pieridae,37617,0.00277415943737022,0.0017533443803481284,0.0071008084406282024,0.037675637197130143,0.024069495765803285,0.00372881055551125,0.0014390656706630867,0.004251033073108199,0.0013847167208679292,0.0008577682076366181,0.0012358478583855408,0.0014721476401036175,0.0002197587969978113,0.00010397190395595372,0.0005104075285110455,0.00031191571186786116,0.0072025281122896564,0.009817702102772682,0.008108036260201505,0.007195882180928835,0.006356833346625196,0.005886633702847117,0.004775101682749821,0.004397945078023234,0.003758274184544222,0.002480593880426403,0.0012826647526384348,0.000543304888747109,0.00023094611478852647,0.0001644868011803174,8.141265917005609e-05,0.00021765425206688466,0.0013325092378445916,0.0030421750804157694,0.005363266608182471,0.008722784911077438,0.010361006991519792,0.0061940080282850835,0.005358282159661855,0.004311547970332562,0.003399393891059893,0.0030205758034931016,0.002673325889890209,0.0021914958662306934,0.0018841215407927267,0.0018010473987824654,0.0013125714437621288,0.0015318871786692187,78.46633171172608,1.088046508635958,56.445048797490124,101.05758034931016,0.7702949150189495,58.75077572347664,92.00015950235266,0.8941319619846197,58.04453356002384,48.352101443496295,2.0158876408923305,25.22574233408043,69.42196347396124,0.7059982857815303,48.20478485894171,101.56974240370046,0.7827234707389044,58.690223564470955
371_Catasticta_uricoecheae_uricoecheae.png,Dataset_pieridae,70791,0.02861506249225027,0.027586683178495698,0.0082220119004456,0.00842166063168733,0.0024497778280038736,0.0005022609590986928,0.0005625322741905359,0.00037418441452852604,0.0004796592159392515,0.0005951792365319509,0.0006027131509184312,0.0006202922844868855,0.0008576105876610178,0.0006491722896350603,0.0012631863121332122,0.007086902132882554,0.004594510601630151,0.008092483507790538,0.007862051673235297,0.007668700823551016,0.008364410730177565,0.008026267463378114,0.005761678744473167,0.002912623073554548,0.0014382124846378777,0.0010576909494144735,0.0010312045316495035,0.0012510417990987555,0.0015644644093175686,0.0018920131090110325,0.0008140159059767484,0.00016863019310364312,3.7963865463123844e-05,0.0023696515093726603,0.017727359410094505,0.01795072819991242,0.007022432230085745,0.0032384060120636804,0.0022539941517989576,0.0020288596007967115,0.0015397437527369297,0.0015150230961562912,0.0017286801994603833,0.001721617154723058,0.0013614018731194642,0.001059456710598805,0.0006074218474099815,0.00033726038620728624,51.6926162930316,2.4506538947599417,40.427736141620294,57.69953807687418,2.3674741721306587,42.60343920167094,75.61722535350539,1.5894187112760796,49.985857636810934,36.85356895650577,1.9541020031946883,51.23676912779877,78.3428260654603,1.0466682686876514,54.96020858671329,76.56387111355963,1.588063277131301,50.13387467476389
372_Catasticta_uricoecheae_uricoecheae.png,Dataset_pieridae,102793,0.04224758062859879,0.024028441193034114,0.006973237477260124,0.0077307469055934415,0.0014458399134398474,0.000201483672148017,9.339157335616238e-05,7.004368001712179e-05,8.128525829147467e-05,0.00020234840893835183,0.0001452757807762526,7.350262717846113e-05,0.00014700525435692226,0.0002343436701807408,0.0003735662934246495,0.004840796552294417,0.00378430437870283,0.006535586080764254,0.005422913038825601,0.005513507729125524,0.007446397128209119,0.009085613806387595,0.009112974618894282,0.006663877890517837,0.0029014621618203575,0.0013212232350451878,0.0008992587043864854,0.0008335927543704338,0.0009114190655005691,0.0010688957419279523,0.0007387419376805814,0.00026023172784139,7.417820279591023e-05,0.0021967692352592104,0.015176130670376388,0.017768111641843318,0.009900966019086903,0.004107769984337455,0.0026156936756393918,0.00182162209488973,0.0015401097350986935,0.0014391787378517993,0.0013808090045041978,0.0013023746753183583,0.0010920004280447113,0.0009211473543918361,0.0006548354459934042,0.0005083030945686963,52.412839395678695,2.2805261360595495,44.02236687384833,59.91725117469088,2.1820580262961777,46.31334999096102,75.95603786250037,1.7156776186064937,47.82275391769932,25.297452161139375,3.051346789044045,40.699986439279435,84.74581926784897,0.6930266725551308,50.274457761816585,76.54119443931008,1.7228507808966613,48.15552043895865
373_Catasticta_uricoecheae_uricoecheae.png,Dataset_pieridae,106468,0.0023560548187666194,0.0032869552875564073,0.0033762883370277138,0.03029976664871657,0.015647476758796592,0.007621695407696836,0.005698112734968879,0.006673262284337914,0.00554950261528764,0.0038480002337687273,0.0015194967293250346,0.0010903641365376346,0.00049926321106394,0.00020204297170146066,0.000657057102186155,0.0005635496111507683,0.006790772814366758,0.018670516023593944,0.014478528759815156,0.008874145283089755,0.005725898861629786,0.003225147462148251,0.0018180345268061764,0.0010719183228763572,0.0006715632866213323,0.0003780478641469737,0.00021661438178607656,0.00017317409925987151,9.862118195138445e-05,8.922868843220498e-05,4.872356013074351e-05,0.00016906488334523048,0.0012897067663523313,0.0093337904346846,0.01063288969455611,0.007829230379081039,0.005300888529886914,0.0036906629221925835,0.0029392634406582257,0.002509556862155765,0.0023516455648645604,0.0023704305519029194,0.0023222940226171242,0.0022741574933313295,0.002588806026223842,0.0031687925010331743,0.0027161917195777136,0.0011816930908817673,83.57413495134688,0.7829276060306494,63.281540489829055,94.78200022541985,0.7368421376724756,69.11519372209405,87.09801066987264,0.7793943538025925,63.655981278561214,57.25448021940865,1.1124588480708826,30.561619969817386,45.81856520269001,2.062593649894329,33.63719450535556,95.8902017507608,0.7327401151769716,69.31867439209219
374_Cunizza_hirlanda_helvia.png,Dataset_pieridae,93070,0.010059811611331973,0.039265069302675405,0.028537659825937468,0.0064992896625001495,0.0007440039158100832,0.0009025464703986247,9.646263863519693e-05,9.168726048493965e-05,9.837278989529983e-05,0.00011651922686627747,8.882203359478529e-05,0.0001394410419875124,0.00021202678987142297,0.00025309504196363553,0.0005539438654298438,0.0012301374115062738,0.0004821639626087891,0.0019709627162350918,0.005563688621467712,0.008075239067368647,0.009954872676480068,0.008650746749758246,0.006324540668314172,0.004591302245621575,0.003871413989470291,0.0032535994412807565,0.002668018695605458,0.0021824970452347693,0.0018386698184162458,0.0017869614268829913,0.0007252605565703234,0.0005600623186848609,1.3430751047598582e-06,1.544536370473837e-05,0.0006419899000752122,0.005521381755667777,0.010063661759965618,0.013246078220694102,0.004281051896422048,0.0026451864188245405,0.0025538573117008705,0.0030246051359192005,0.0066280756419899,0.00919066294187171,0.003399994627699581,0.0005190985279896851,0.00034584183947566346,0.00042172558289459546,67.03518856774471,0.8645484353697657,28.326992420594877,106.44336520898248,0.5192968440646282,47.42189690185356,119.34775975072526,0.3566703486694782,49.224325878271614,26.0765230471688,4.489245906127688,25.3765527927125,101.0496078220694,0.7729553457633703,52.20628039308917,120.67524443966907,0.3687396902069519,50.21844419911919
375_Cunizza_hirlanda_serda.png,Dataset_pieridae,47937,0.0031671198077105832,0.002405008425410203,0.003669631205772391,0.0070592652856874645,0.009030370880298911,0.013797739162280121,0.02969823819689268,0.011947162131779442,0.003947774046028005,0.0009178713728435237,0.0004932399700532875,0.0003078114098828787,0.00037641997714592994,0.00040608854677319533,0.0005674113941214511,0.0010977370762088204,0.016530811273129317,0.025168450257629805,0.013597273504808395,0.004202129878799257,0.00133769322235434,0.0004784926048772347,0.0003181258735423577,0.00017470847153555708,0.00015124016938898973,8.865803033147673e-05,6.779731731230573e-05,4.824039885683293e-05,2.8683480401360117e-05,2.4772096710265558e-05,1.3037945636981872e-05,0.00026988547468552476,0.0003885307799820598,0.0003950497528005507,0.0005397709493710495,0.0007835805327826105,0.0012477313974591652,0.0013481235788639257,0.0014537309385234786,0.0015749838329474101,0.0016414773556960177,0.002432880655860817,0.003830548428145274,0.005599797651083714,0.006851440432233974,0.00970153534847821,0.01060897636481215,0.014101842000959593,185.11661138577716,-1.1669875656494193,54.305404886266615,196.15630932265265,-1.3567695488269382,54.54600840829652,180.4810689029351,-1.0836514626561784,54.00341893752669,66.07424327763523,0.648007683072282,27.287820142895413,28.895008031374513,4.428656660994572,25.529777571421878,197.07403467050503,-1.352839112058012,54.078350515441564
376_Cunizza_hirlanda_serda.png,Dataset_pieridae,115166,0.003754194428525394,0.039774856390871534,0.032389188938865054,0.010330209340333857,0.0008096525401980136,0.00020530750780998252,0.00017057503468423358,0.00019141451855968293,0.0002562484683944143,9.416359380758596e-05,8.33579355017974e-05,6.792128077924233e-05,6.792128077924233e-05,9.261992833533044e-05,0.00014973555080878423,0.00045152215063473596,0.0007109303092926732,0.0009643688241321223,0.001466904294670302,0.0026054781793237586,0.004655236788635535,0.00730467325425907,0.009758196863657677,0.00934140718614869,0.007967303718111248,0.0047214455655314935,0.003117782157928555,0.0023732047652953127,0.0019678116805307124,0.0019271095635864752,0.0017561606724206798,0.001861986176475696,0.00024963965059132036,0.005161571123421843,0.01322927339666221,0.008564268099960057,0.005999492037580536,0.004929840404285987,0.003414636264175191,0.002698821700849209,0.0022738915999513747,0.002285830887588351,0.002200085094559158,0.0031172394630359654,0.003871042668843235,0.0033950992480419567,0.0008059019154958929,0.0003033664449577132,48.0001389298925,1.5494721999193481,38.666352251421905,85.98471771182467,0.9258466436067222,62.48315912268208,94.95545560321622,0.7037190896148433,61.636184058060294,25.61116996335724,5.5268152320604615,17.170154852515775,124.16428459788479,0.49146609600476326,51.31301161868494,96.39219040341767,0.7252866846822835,62.83473569060928
377_Cunizza_hirlanda_serda.png,Dataset_pieridae,113162,0.003391794261520848,0.04962168297563572,0.02452963205159172,0.010711094615585523,9.975865475061319e-05,2.0423031681227893e-05,1.80665280257016e-05,1.80665280257016e-05,1.5710024370175305e-05,7.069510966578887e-06,1.9637530462719132e-05,2.7492542647806783e-05,3.377655239587691e-05,5.105757920306974e-05,8.012112428789405e-05,0.00024350537773771722,7.67704706526926e-05,0.00034187713189940083,0.0007914538449302769,0.0016988918541559887,0.00499449903677913,0.008538643714321063,0.010160765097824358,0.008553555964016189,0.00860657729626553,0.006894430109047207,0.00414836694296672,0.002371047701525247,0.0019965845425142714,0.001311725667626942,0.0009195887311995193,0.0010952218942754635,0.0003297264099255934,0.0023191309803644333,0.00397052455771372,0.009362683586362913,0.010781004224032803,0.005749500715787986,0.005011620508651314,0.003793234478004984,0.0022241344267510295,0.0017005487707887808,0.0016988918541559887,0.0016154937169721285,0.0021810545942984394,0.005275070253265231,0.005177312171930507,0.00131006875099415,54.85562291228504,0.9303744238988865,32.596262005018055,104.5711281172125,0.7666200034061516,69.20139602979299,112.41291246178045,0.5698759112688666,62.96712298225762,23.226613174033687,6.6234535386157445,13.03798280805724,125.11481769498594,0.599030176338311,43.8024819145025,115.43066577119528,0.6147292614999126,67.05080620135618
378_Ganyra_phaloe.png,Dataset_pieridae,78447,0.00020395936109730137,0.007909090780328686,0.007215628952597862,0.009561161605216828,0.012984279548966535,0.028732208440801505,0.01777279210450651,0.004159637858823296,0.00023342015770024487,5.552227052093203e-05,1.2464183178168417e-05,2.2662151233033487e-06,3.399322684955023e-06,2.2662151233033487e-06,1.4730398301471764e-05,2.6061473917988505e-05,0.023603515749486915,0.032475747957219525,0.0036457735796142617,0.0012890868994352876,0.0007098741825691231,0.00029637844659451606,0.0001426122095172537,9.480923426007368e-05,6.612744910576568e-05,5.816028656290234e-05,5.8957002817188673e-05,3.664894769717134e-05,1.354417632286767e-05,7.967162542863335e-06,7.967162542863335e-07,0.0,0.0,0.0,0.0,0.0,0.0,1.1154027560008668e-05,5.258327278289801e-05,0.00011552385687151835,0.0006684449373462338,0.002008521677055847,0.0019838234731729704,0.015018898109551673,0.013688381964893494,0.012660617996864125,0.013128290438130203,0.00316376024577103,190.51930602827386,-0.7894391980560493,28.88146693458277,203.17112190396062,-0.6575207797225356,25.34892275439644,195.22170382551278,-0.08440511780771355,23.761426808871445,53.95301286218721,-0.4603676920984261,18.18301291985677,20.763738575088915,4.763371230941576,15.49571271618022,204.69490229071857,-0.44364774469681323,23.78705596332647
379_Glutophrissa_drusilla_drusilla.png,Dataset_pieridae,55466,0.00019711775381915647,0.0010881541044163192,0.0019231000372600634,0.0029775998910243316,0.007836632651834758,0.0007371883476163575,0.0008365485162081275,0.035090165346538624,0.02824553179725718,0.009349471347812674,0.0003541709235287283,0.00015384800298080505,5.1282667660268355e-05,6.410333457533544e-06,2.884650055890095e-05,1.2820666915067089e-05,0.055992635127826054,0.005839162730321278,0.0004056539141095446,0.00011155482638012477,6.873580211300617e-05,6.42285364006779e-05,1.802906284931309e-05,0.0,0.0,0.0,0.0,0.0,0.0,0.0,0.0,0.0,0.0,0.0,0.0,2.2536328561641364e-06,7.887714996574479e-06,2.47899614178055e-05,2.704359427396964e-05,5.746763783218548e-05,8.90184978184834e-05,0.0002062074063390185,0.0004552338369451556,0.0007786301518047092,0.0013657015108354668,0.0027021057945407997,0.019104045721703385,0.03767961453863628,234.71676342263729,-3.679988185475598,16.725034946226714,235.3781776223272,-3.5975017694024225,15.98503527215277,229.226607290953,-3.3882482578881317,16.544757509948393,82.74036346590704,-1.3968715352581451,19.90775339391556,9.266163054844409,4.640528892845645,6.749690173221906,236.82391014315075,-3.8889716207710565,15.152301443541594
380_Glutophrissa_drusilla_drusilla.png,Dataset_pieridae,47082,0.0003775918138094766,0.0036494248804685913,0.012772043102105547,0.026276614323001476,0.022068353558094857,0.013542330402276878,0.005643109657382628,0.002537416988799683,0.0014669441966498166,0.0003247289598761499,6.79665264857058e-05,5.097489486427934e-05,2.454346789761598e-05,1.5103672552379064e-05,3.5871222311900276e-05,3.5871222311900276e-05,0.0019261607408351388,0.013611889894227094,0.03022253727539187,0.012341499936281381,0.0026496325559661866,0.0007101971029268085,0.00036770952805743174,0.0002097404528269827,0.00013805700692408988,8.495815810713224e-05,6.239114735992524e-05,4.6461492714837945e-05,3.053183806975065e-05,2.7876895628902767e-05,1.7257125865511235e-05,5.3098848816957645e-05,1.8584597085935175e-05,0.00013672953570366595,0.0006491334267873073,0.0014044645512085298,0.003031944267448282,0.004675353638333121,0.008059077779193747,0.012625578777452105,0.01115872307888365,0.010027717599082452,0.004117815725755066,0.0031553990909477083,0.002770432437024765,0.0005814323945456863,7.832080200501253e-05,9.292298542967588e-06,110.6049233252623,0.20868840792316834,34.06008609410063,128.46306444076293,-0.06374004022652133,35.462241676247864,119.70763773841384,0.22439273371926044,36.45921129800601,47.44123019412939,0.9942341913123302,17.267627973415504,41.7426617390935,3.519399956396727,19.286103408042482,129.20655452189797,-0.001855901525441931,35.297291968337845
381_Glutophrissa_drusilla_drusilla.png,Dataset_pieridae,55803,4.46013456066679e-05,0.0004268985936638213,0.0009573360253431217,0.0011707853221750322,0.0018127261178710024,0.006436929914162321,0.0034836836729208107,0.029623258008828677,0.0435070197341043,0.001267952539389559,5.4158776808096735e-05,2.867229360428651e-05,1.4336146802143254e-05,9.557431201428835e-06,3.822972480571534e-05,1.2743241601905115e-05,0.03916120101069835,0.021503100191745964,0.001372014049423866,0.00020384208734297438,8.512087163772556e-05,4.256043581886278e-05,3.808038994319302e-05,4.256043581886278e-05,2.128021790943139e-05,2.576026378510116e-05,4.480045875669767e-06,0.0,0.0,0.0,0.0,0.0,0.0,1.1200114689174417e-06,1.6800172033761624e-05,2.464025231618372e-05,4.928050463236744e-05,9.856100926473487e-05,0.0001456014909592674,0.0002665627296023511,0.00047600487428991274,0.0006496066519721162,0.0011704119850187266,0.0024001845778900775,0.007488396681182015,0.02977102485529452,0.019846603229217066,9.520097485798254e-05,211.3719154884146,-3.1276013290588383,20.800734605114823,212.83181907782736,-2.822602163273027,20.56298572560913,201.54350124545275,-2.6420120080755867,20.91676481901967,84.0394423238894,-1.5958031908238008,14.422134393290461,16.17646004695088,6.19779154870304,8.52616183824505,214.19154884146013,-3.105199281596493,19.702978557072488
382_Glutophrissa_drusilla_drusilla.png,Dataset_pieridae,49456,1.6175994823681658e-05,0.0003576692188791833,0.0021028793270786153,0.003900212085265466,0.023854200366655882,0.03617671375678493,0.0071821417017146555,0.0051098170315252165,0.010077644775153672,8.087997411840829e-05,3.5946655163737015e-06,1.7973327581868508e-06,1.2581329307307955e-05,0.0,7.189331032747403e-06,5.391998274560552e-06,0.0009238009543836946,0.031974128518278876,0.027875788579747655,0.001133583387253316,0.0002565411679068263,0.0001453312034940149,6.950622775800712e-05,6.697872856680685e-05,3.6648738272403754e-05,1.7692494338401813e-05,0.0,0.0,0.0,0.0,0.0,0.0,0.0,0.0,0.0,0.0,0.0,0.0,7.582497573600776e-06,3.6648738272403754e-05,0.0003045636525396312,0.0012233096085409252,0.0034702563895179553,0.022001880459398254,0.026890063895179554,0.008357176075703656,0.0002021999352960207,6.318747978000647e-06,174.1486978324167,0.19624021150959753,19.82646755827013,192.40981882885796,-0.996700619694971,13.269521027079643,173.04628356518927,0.00712237364228556,12.85820708746718,62.493509382077,0.5530399351664986,15.832723830592744,31.687702199935295,3.3424789886084096,9.515258694329745,192.86381834357812,-0.7999053821423883,13.569928210745077
383_Hesperocharis_marchalii.png,Dataset_pieridae,53594,0.0006120088069560025,0.006959319658502402,0.07717945209455454,0.0038329332056241784,0.00011278211076695982,4.1464011311382286e-05,2.6536967239284663e-05,6.634241809821166e-06,3.317120904910583e-06,0.0,1.6585604524552914e-06,2.8195527691739955e-05,1.8244164977008204e-05,4.975681357365874e-06,1.6585604524552912e-05,4.478113221629287e-05,8.046609695115125e-05,0.002169086091726686,0.016312460350039183,0.02153692577527335,0.010436102921968877,0.004347501585998433,0.0025842445049819008,0.0017690879576071948,0.0011241930066798523,0.0006635537560174647,0.0004128260626189499,0.0002880453035787588,0.0001784248236742919,0.00012128223308579319,0.00010378960331380379,0.00037200992648430797,0.0002833806023062283,0.0003510187707579207,0.0007883345150576557,0.0016291469194312795,0.002111943501138187,0.002906108892786506,0.0034460480650819122,0.0035719949994402356,0.0035358435645781246,0.0035696626488039705,0.005804054558346083,0.013689732059558906,0.015384184796805613,0.004841959920886666,0.0005737582565212524,1.2827928499458894e-05,124.73013770198156,-0.9033175307972754,45.22568616958417,156.99490614621038,-1.041023888729279,48.49149874756526,160.7555883121245,-1.0237117834055107,47.623992863460316,27.268481546441766,11.630797137320593,6.277940968488472,64.83444042243535,2.5230070734060126,33.01651399640428,161.180953091764,-1.0268816909861118,47.60328549774869
384_Hesperocharis_marchalii.png,Dataset_pieridae,115200,0.0035100308641975307,0.003054012345679012,0.0016882716049382714,0.0033425925925925928,0.006429012345679013,0.036820216049382716,0.03359104938271605,0.00032175925925925926,3.626543209876543e-05,6.17283950617284e-06,1.54320987654321e-06,0.0,7.71604938271605e-07,0.0,1.1574074074074073e-05,7.561728395061728e-05,5.750868055555555e-05,0.025042860243055555,0.029428168402777777,0.003000217013888889,0.0018630642361111111,0.0012055121527777778,0.0008186848958333334,0.0006369357638888889,0.000302734375,9.548611111111112e-05,2.4956597222222224e-05,6.510416666666667e-06,5.967881944444445e-06,2.170138888888889e-06,1.6276041666666668e-06,7.595486111111111e-06,6.510416666666667e-06,2.8754340277777777e-05,0.0009787326388888888,0.0020627170138888887,0.0011610243055555556,0.0006266276041666667,0.0008409288194444445,0.0029920789930555558,0.0038096788194444445,0.005543619791666667,0.010220269097222222,0.017326388888888888,0.015758463541666667,0.0011279296875,1.5190972222222222e-05,1.0850694444444444e-06,147.4421267361111,-1.5725945294361605,39.96735692331089,164.71610243055557,-1.5843286720379777,40.737637879696535,146.5130034722222,-1.5791343859515574,33.54690493785843,59.640720486111114,-1.5655017538446399,17.021414407716918,38.31211805555556,3.337811902117925,18.639811290844257,165.83670138888888,-1.61653487187601,38.918079028007995
385_Hesperocharis_marchalii.png,Dataset_pieridae,103630,0.0014444551663503704,0.0030561720651463005,0.0004966386824921998,0.0022696130464151306,0.0062821791201604,0.025382611212969218,0.008170092315610023,0.033067215628250074,0.008600684057598078,8.148648503758028e-05,6.004267318558547e-06,1.029302968895751e-05,2.5732574222393774e-06,0.0,1.372403958527668e-05,5.146514844478755e-06,0.05006513557850043,0.009141899063977613,0.0007412187590466081,0.0017755476213451703,0.0007689616906301264,7.2372865000482486e-06,0.0,0.0,0.0,0.0,0.0,0.0,0.0,0.0,0.0,0.0,0.0,0.0,2.412428833349416e-06,4.764546945865097e-05,0.00012665251375084435,0.00016525137508443502,0.00020565955804303774,0.00026898581491845993,0.00036186432500241245,0.0005946637074206311,0.0017224741870114832,0.0040124722570684165,0.008670269227057803,0.025857618450255717,0.020293954453343626,0.00017007623275113384,204.8120814435974,-2.167609512861361,26.44759410144936,211.52872720254751,-2.406591353512809,24.2455434323586,202.67922416288718,-2.6405002664627277,21.342695044516333,68.67658014088585,-1.4691353514977465,17.826248759687097,15.649184599054328,3.73340796568831,10.209060987109815,212.65697191932838,-2.662964354728924,22.07442868553576
386_Hesperocharis_marchalii.png,Dataset_pieridae,57128,0.0005648135181813938,0.011590346823507446,0.07082885994803094,0.004839035927118829,0.00041544134808383515,5.757052389176741e-05,4.5122843050304194e-05,5.13466834710358e-05,6.846224462804774e-05,7.779800525914515e-06,0.0,5.757052389176741e-05,5.757052389176741e-05,7.935396536432805e-05,5.290264357621871e-05,0.00017271157167530226,0.004080748494608598,0.026333409186388462,0.022623538369976194,0.006147379568687859,0.0018784571488587032,0.0007647300798207534,0.00039057029827755215,0.0001827037529757737,5.9077860243663355e-05,2.0786654530177847e-05,1.4222447836437473e-05,2.1880688979134577e-06,2.1880688979134577e-06,0.0,0.0,0.0,0.0,6.564206693740372e-06,0.0001827037529757737,0.0007122164262708304,0.0010874702422629884,0.0012362589273211034,0.0013369100966251226,0.001556811020865425,0.0018773631144097466,0.0025075269570088224,0.003161759557484946,0.0035479537179666713,0.00428423890211455,0.008200882229379638,0.021573265298977733,0.011228075549642906,178.32336157400925,-1.3460966222224628,45.839674504472804,201.26115039910377,-1.4640932635552713,47.60857822544478,204.14614549782942,-1.4705280678319785,47.55496433550595,27.460247164262707,9.652889889662493,10.59437363503065,34.630758997339306,1.830138790678428,16.69812329675696,204.5184497969472,-1.4716194554270867,47.54210181585595
387_Hesperocharis_marchalii.png,Dataset_pieridae,59166,0.0001983120936573933,0.00037559108647233585,0.006437631222135837,0.06352146690854733,0.012815167870436099,0.0029731790405150105,0.0009269588014137248,0.0007767223668247905,0.00038911236558533994,0.00016826480673960646,0.00016075298501015974,0.00011568205463347943,6.009457383557374e-06,3.004728691778687e-06,1.802837215067212e-05,3.004728691778687e-06,0.013129373288713112,0.03445074029003144,0.010640612851975796,0.0028753845113747762,0.0008471926444241626,0.00031267957948821957,0.00014155089071426157,6.655004563431701e-05,1.9014298752662e-05,9.507149376331e-06,5.281749653517223e-06,1.0563499307034446e-06,0.0,1.0563499307034446e-06,0.0,0.0,1.0563499307034446e-06,1.2676199168441334e-05,8.76770442483859e-05,0.0003095105296961093,0.0007341632018388939,0.0013690295101916642,0.0017905131325423385,0.0023081245985870262,0.003015879052158334,0.002979963154514417,0.002927145657979245,0.0037764510022648143,0.006292676537200419,0.009197638846634892,0.012684649967886963,0.015012845215157354,182.45063042963864,-0.904959703102189,47.03860381269429,201.35990264679037,-1.1039327756656976,47.76178229828545,196.00549301963966,-1.1310673115138332,46.65822594771672,41.028597505324,3.067942719583414,11.303103988337412,25.579893857958965,2.116756096892615,14.276834616073849,201.51345367271745,-1.1079892827897024,47.65879343917367
388_Hesperocharis_nera_nera.png,Dataset_pieridae,72934,0.001648979442601073,0.009119965387275558,0.0396449758228901,0.03756455608266834,0.0009043183639393911,0.0,0.0,0.0,0.0,0.0,0.0,0.0,0.0,0.0,0.0,6.093789514416383e-06,1.114020895604245e-05,0.009434043107467024,0.02203104861929964,0.009705692818164368,0.0069283530315079386,0.005990004661748979,0.004313831683439823,0.0022511791482710394,0.0012322784983683879,0.00042504181863054267,0.00014825047303041106,2.3994296213014506e-05,2.5708174513944115e-06,1.7138783009296075e-06,0.0,8.569391504648038e-07,0.0,8.569391504648038e-07,2.485123536347931e-05,0.00025365398853758193,0.0008732209943236351,0.0011260180437107521,0.001205713384703979,0.0013548207968848548,0.0024876943537993253,0.0069154989442509664,0.02457101626127732,0.020129500644418243,0.0035571544135794006,0.0,0.0,0.0,128.27034030767544,-1.1378082621231898,28.14736533467861,160.634943921902,-1.7805295485450916,28.551331126399734,162.4109194614309,-2.1290610520472097,23.4670538848547,30.926536320508955,-0.024548588502182687,7.972801116888225,58.19531357117394,1.1219298830568434,29.34122600085612,165.45532947596456,-2.077366535273515,24.60159469770004
389_Hesperocharis_nera_nera.png,Dataset_pieridae,87366,0.0002706366829710007,0.003768564938814235,0.010054254515486574,0.017984112812764692,0.021219543834748833,0.02240281624939272,0.012279376416454914,0.0008841476597812014,1.4244035945842141e-05,5.0871556949436216e-06,4.069724555954897e-06,0.0,0.0,0.0,2.0348622779774485e-06,0.0,0.0001237609596410503,0.007591626033010553,0.033630788865233616,0.010282890369251197,0.00555278941464643,0.002719164205755099,0.0011188563056566628,0.000497905363642607,0.0002203374310372456,0.00013377629741547056,9.514570885699242e-05,9.01380399697823e-05,7.869193965615915e-05,7.153812696014467e-05,0.00010158414028340544,0.0001910067989835863,1.4307625392028935e-06,4.220749490648536e-05,0.0009457340384131127,0.003150539111324772,0.003143385298628757,0.004554832543552411,0.005436897648970995,0.006072156216377081,0.008276245908019137,0.01640583865576998,0.014232510358720784,0.00022820662500286153,1.0015337774420255e-05,0.0,0.0,0.0,108.84960968797931,-0.7960653837911662,35.71854006161333,129.59960396492914,-0.9242828872875285,35.55516011533114,116.88210516676968,-0.9693985568266522,28.84400855406619,50.18373280223428,-0.23513040100943577,15.700975214297141,48.81750337659959,3.6035508145805757,25.814944375059792,130.43432227640042,-0.8938191915492819,34.8179019643708
390_Hesperocharis_nera_nera.png,Dataset_pieridae,122718,0.003066832539281569,0.03146509341199607,0.048530415713714005,0.005705583351894407,0.00011009885355947058,7.967680191803793e-06,0.0,0.0,0.0,0.0,0.0,0.0,0.0,0.0,0.0,2.8973382515650156e-06,0.0,0.0001589008947342688,0.002546488697664564,0.007204016525693052,0.007248834726771949,0.00797814908978308,0.011794317052103195,0.010229245098518554,0.005057835851301358,0.0029890684333186653,0.0021421062924754314,0.0019332942192669372,0.0016165110252774654,0.0011342060659397968,0.00029488339118955657,0.00017214263596212453,0.0,5.602275134862041e-06,0.000432393780863443,0.003332844407503382,0.0080744063625548,0.0042444873612672955,0.0028556324255610424,0.003132181098127414,0.0035156822959956976,0.0045169616519174045,0.004704892517805049,0.012168141592920354,0.014236909010903047,0.0012579654166462947,2.1899802799915254e-05,0.0,84.49053928519044,0.19125272985085223,40.36870324398982,132.8849557522124,-0.5057951355159912,53.00591903956217,145.28495412245962,-0.4870702606977067,50.76329604247227,23.03006078977819,0.40207405492049386,6.763570788448201,107.18929578382959,0.7309883607543998,41.660171790506084,145.94205414038692,-0.48901330707454194,51.24091662835315
391_Itaballia_demophile.png,Dataset_pieridae,115700,0.0016586958609430518,0.025479688850475368,0.005754345529626429,0.004691059252857006,0.008337270719293192,0.014339767598194565,0.01792989532315375,0.00709805051378085,0.003006242197253433,0.00014520311149524633,6.683952751368482e-05,6.530298665130126e-05,5.147411888984923e-05,3.9181791990780754e-05,8.758282915586285e-05,0.00013828867761452032,0.011921456352636127,0.030374891961970615,0.006304559204840104,0.009320440795159896,0.0033745678478824545,0.0006784788245462403,0.00016475799481417458,4.0514261019878995e-05,3.9974070872947275e-05,4.699654278305964e-05,3.9433880726015555e-05,2.1607605877268798e-05,2.1607605877268798e-05,2.808988764044944e-05,3.7813310285220395e-05,8.480985306828003e-05,0.0,5.4019014693172e-07,5.94209161624892e-06,4.1054451166810715e-05,0.00029710458081244596,0.0011392610198789975,0.0024627268798617114,0.004355012964563526,0.006333729472774417,0.005011884183232498,0.002505401901469317,0.0018793215211754537,0.0018777009507346587,0.002312554019014693,0.010403522039757996,0.023874243733794296,181.487216940363,-0.6102953258561419,59.79362925380825,195.21019878997407,-0.6317622781912803,57.8726653348506,190.08607605877268,-0.6900186526939155,46.90956246568454,48.66352636127917,0.15837075811878568,26.95304779594408,30.914027657735524,3.1843107557743395,22.492195483678007,199.45006050129646,-0.6496281572451443,53.04152777339342
392_Itaballia_demophile.png,Dataset_pieridae,55436,0.0008450184797684617,0.03074616574869118,0.003320746245921223,0.0028316938050685077,0.002632865927475928,0.0009508462210677378,0.0010181911473490953,0.0049562658841827605,0.039476954405881455,0.0016611748482734845,0.0001924140750895928,2.886211126343892e-05,1.924140750895928e-05,1.1224154380226247e-05,0.0001202587969309955,7.696563003583712e-05,0.02585188325275994,0.015543825312071578,0.0015006043004545783,0.0013957536618803665,0.0014498701204993145,0.0016561891189840537,0.002763321668230031,0.005555956418211992,0.004602153835053034,0.0016922667580633523,0.0003934717512086009,7.666498304350963e-05,1.3529114654736994e-05,4.509704884912331e-06,0.0,0.0,1.1274262212280828e-06,1.1274262212280828e-06,4.735190129157948e-05,0.00025818060466123097,0.0007452287322317628,0.001401390792986507,0.0027419005700266975,0.004580732736849701,0.00590996825167761,0.0031951259109603866,0.0018174110686196695,0.0014194296125261564,0.0018861840681145825,0.004466862688505664,0.016433364600620535,0.017594613608485462,177.86945306299157,-0.7164747020687101,76.60948628587586,187.55815715419584,-0.7722159035948067,63.30164533857837,190.75683671260552,-0.8838928691279383,48.69201250369179,60.778627606609426,-0.16557811812647083,37.72741833657341,45.29388844793996,1.0369137997824733,49.35845618470172,197.42809726531496,-0.8242697201214297,53.389480412587744
393_Itaballia_demophile.png,Dataset_pieridae,55744,0.0009057277713994131,0.03062890674830973,0.00337734404898584,0.0022132925117999743,0.0033741548666921806,0.0009487817323638218,0.0010891057532848578,0.003353425181783391,0.04007048092868988,0.002131968363311647,0.00031891822936599057,0.00024237785431815282,3.508100523025896e-05,3.827018752391887e-05,0.00011640515371858656,4.464855211123868e-05,0.0257011965413318,0.015614909227898967,0.0016178871268656715,0.0013476786739380023,0.0014418592135476463,0.001787187858783008,0.0027502959959816303,0.005683347086681975,0.004480302812858783,0.001574160447761194,0.0004249336251435132,5.045386050516648e-05,1.6817953501722157e-05,5.605984500574053e-06,3.3635907003444316e-06,0.0,4.484787600459242e-06,1.906034730195178e-05,8.745335820895522e-05,0.00031281393513203214,0.0008386552812858783,0.0014777375143513202,0.002758144374282434,0.0046013920780711825,0.00577080044489093,0.003220077497129736,0.00183427812858783,0.0014194352755453501,0.001858944460390356,0.004473575631458094,0.01671592458381171,0.017107222301951778,177.28639853616534,-0.6998850328655778,76.87628736651929,186.9171390642939,-0.7606932777941262,63.587109022697476,190.00362370838118,-0.8898269974440238,49.43812077108311,61.28238016647531,-0.17179809898564027,38.020388524577655,45.240205223880594,1.038936332857116,49.094352498631,196.72997990815156,-0.82836686798231,54.11697404346183
394_Itaballia_demophile.png,Dataset_pieridae,119415,0.0010666815540575118,0.030432804365727366,0.011261566804840263,0.007105751650406844,0.007093841737730696,0.01081568944902697,0.01189279217667611,0.008345126938268502,0.0007302265209563288,4.6150911620073785e-05,1.1909912676148074e-05,1.0421173591629565e-05,1.1165543133888819e-05,1.0421173591629565e-05,1.3398651760666583e-05,4.094032482425901e-05,0.0033344847799690156,0.023218398023698867,0.009069212410501194,0.002763471925637483,0.0021526818238914707,0.0015235732529414229,0.0012603106812377005,0.001362370723945903,0.0016203994473056149,0.002087782104425742,0.0025038730477745675,0.0032073022652095635,0.0028686722773520914,0.002179374450445924,0.0013288740945442364,0.0020192186911192063,8.897542184817653e-06,0.001090733994891764,0.004719361051794164,0.0058786584599924635,0.003948938575555835,0.0023918686932127456,0.0015832391240631412,0.0012090189674663987,0.0010828832223757484,0.00230341665619897,0.006005840974751916,0.011158041284595738,0.011748419377800108,0.005205062178118327,0.0028697190470208934,0.001295900849976971,122.55718293346732,-0.41914495562638066,76.66882017530425,142.61625423941715,-0.5548437299774861,71.50215441572864,141.12912113218607,-0.5593805002775295,58.95423686194997,42.93711845245572,0.44137352442371,24.913555495654872,80.8552945609848,0.9292951220694533,75.10175282894713,149.40700079554495,-0.5695610598985972,64.74595958614796
395_Itaballia_demophile.png,Dataset_pieridae,59624,0.00040848577008512603,0.02598208029577948,0.005894718010644483,0.004764673435007529,0.00514483354950281,0.006528318201469953,0.005064329054668516,0.013931750078268258,0.02069263682037062,0.00025940337224383917,0.00015951816569017695,1.341741580571582e-05,2.9816479568257376e-06,0.0,1.192659182730295e-05,2.9816479568257373e-05,0.018768658593854824,0.02151503589158728,0.0027704867167583523,0.0017400711123037704,0.0018648111498725346,0.0021677512411109622,0.0033690292499664563,0.004859620287132698,0.003163575070441433,0.0014214074869180195,0.000496863679055414,0.00021698477123306052,7.966590634643767e-05,4.717060244196967e-05,9.434120488393935e-06,9.434120488393935e-06,0.0,8.385884878572387e-06,0.00017610358245002012,0.0009088202737152824,0.002224355964041326,0.005141595666174695,0.004965492083724675,0.003213890379712867,0.0024182795518583123,0.002590190191869046,0.004125855360257614,0.0064162501677176974,0.022459496176036497,0.007591322286327654,0.00025367301757681473,6.2894136589292905e-06,148.04253320810412,-0.7072565444402342,63.643349098491285,159.64578022272912,-0.8079782011275405,54.30965466472011,157.88915537367504,-0.8200704348661301,42.959483802245074,55.435361599355964,-0.07761537427589216,31.108251544600638,46.78963169193613,1.1722963606795755,46.388333715159945,165.47799543807864,-0.8096773444611998,47.50937628227957
396_Itaballia_demophile.png,Dataset_pieridae,66829,0.00013965992807513704,4.788340391147556e-05,0.00024739758687595707,0.0012356578398266887,0.0038586042985330722,0.0061822794827927335,0.006329919978186449,0.01160507497576734,0.05657557181596146,0.002352937264427785,2.394170195573778e-05,6.384453854863408e-05,0.0002035044666237711,3.99028365928963e-06,1.8621323743351605e-05,0.0,0.001486068922174505,0.007028198835834743,0.008444126053060797,0.017380179263493393,0.024202629098146015,0.003623988089003277,0.00024502835595325385,5.5178141226114414e-05,2.151012285085816e-05,7.481781861168056e-06,4.676113663230035e-06,9.35222732646007e-07,0.0,0.0,0.0,0.0,0.0,0.0,4.114980023642431e-05,0.00035725508387077464,0.0009978826557332893,0.004194473955917342,0.005212931511768843,0.003516437474748986,0.002649486001586138,0.003097457690523575,0.006017223061844409,0.006692453874814826,0.00651569677834473,0.012620830777057864,0.009605672687007138,0.0009810486465456614,172.41528378398598,-0.6284970600390326,52.96067028525315,168.56239057894027,-0.6982837581563038,44.23134932180153,134.93625521854284,-0.3486682826940127,34.71727491553886,87.67310598692184,-1.5677801090390397,15.615489781845152,57.01885409029014,-0.5673304421044832,19.086460130138448,175.51118526388245,-0.601029554645825,49.19557039245644
397_Itaballia_demophile.png,Dataset_pieridae,40757,0.00020500909182608032,0.010132683410893288,0.012019203245250305,0.010520892116691612,0.016058318543781164,0.016889259650012405,0.012344164465272495,0.010363863876143974,0.000300970794382969,8.723791141535333e-06,8.723791141535333e-06,0.0,2.180947785383833e-06,1.5266634497686833e-05,1.5266634497686833e-05,4.361895570767666e-06,0.002060995657187722,0.03823422970287313,0.010510464460092744,0.0037002846136859925,0.0021591383075299946,0.001220649213632014,0.001423068429962951,0.0011363078734941236,0.0008234781755281301,0.000406371911573472,0.00022848835782810314,0.00015334789115980076,9.200873469588046e-05,9.354221360747847e-05,7.054002993350835e-05,0.00018708442721495695,2.1468704762372107e-05,0.00021468704762372107,0.0011179061265549476,0.0019490516966410678,0.002614581544274603,0.0019490516966410678,0.0030086856245552913,0.004529896704860515,0.004279939642270039,0.005261366145692764,0.015080231616654808,0.017409586083372182,0.004457823196015408,0.000593456338788429,1.2267831292784061e-05,0.0,135.88298942512944,-1.0829915281366957,46.11000025990148,150.02016831464533,-1.1976332548811282,43.68961801752781,141.56822140981916,-1.1064480719016707,36.66195261836113,51.62850553279191,-0.10762053138027818,20.890707859239075,38.643251466005836,3.039445571655728,32.589815189478244,151.69097332973476,-1.1286461150597493,41.273675918184196
398_Itaballia_demophile_calydonia.png,Dataset_pieridae,90343,0.00328427339263818,0.027114441628017665,0.004664691478279692,0.004943136466331401,0.002356451400649623,0.0037909842366192054,0.004773904883487253,0.02443035001174536,0.01189934164486703,0.0005716485443747103,0.00020858776490092695,8.559969597349362e-05,8.264798231923521e-05,0.00010527778700188295,0.00016136034643279254,0.0004161916252504345,0.013104225009131864,0.024591003176781822,0.012534175309653211,0.006994177744816975,0.003205145943791993,0.0011629290592519619,0.0004572850137808131,0.00017364377981691996,8.509237018916795e-05,5.46528231296282e-05,3.6665818048991064e-05,3.735762593670788e-05,3.3898586498123816e-05,2.974773917182294e-05,0.0,0.0,0.0,2.144604451922119e-05,0.0006025646702013437,0.002624719125997587,0.005948164218589154,0.006785943570614215,0.0050543484276590325,0.0037440642883233895,0.0024483081146297997,0.001978570558870084,0.002315481000188172,0.003262565998472488,0.004843347021905405,0.0068966328326489044,0.009377455918001395,0.006596388209379808,151.20146552582935,-0.1417603994802567,71.23056669951568,157.65809193850106,-0.1856730631266681,68.6315510857286,151.1394352633851,-0.1105059199459147,59.01973649040032,54.842644145091484,0.1370245255933642,34.56421176834091,31.95230399698925,1.9948623449179883,22.029571761849628,160.71401215368098,-0.16222281675910635,66.15981420634174
399_Itaballia_demophile_calydonia.png,Dataset_pieridae,97583,0.006083026756709673,0.022371838446359624,0.006555786697819634,0.013536055346616612,0.011491983462511115,0.021117521608385797,0.0036745926829240523,0.002975017278738214,0.00021315188096287263,0.00013572491565584625,7.560515435862577e-05,2.003992043240683e-05,6.1030666771420795e-05,0.00011841771164604034,7.83378707812267e-05,0.00038075848821572975,0.0018951815377678488,0.010835007122142177,0.01491038398081633,0.01355320598874804,0.005399890349753543,0.0036417716200567722,0.0034195249172499307,0.007047846448664214,0.0010017113636596538,0.00026836129243823205,0.00014538905342119016,8.58243751473105e-05,4.8676511277579084e-05,6.66099628008977e-05,9.927446378979945e-05,8.134101226648085e-05,3.714786386973141e-05,0.004432124447905885,0.012142227642109794,0.0036872457292766157,0.002246164803295656,0.005417183320865314,0.006462447352510171,0.009361902175583862,0.007927226053718373,0.004761331379441091,0.005471624155846818,0.0005514536343420472,1.2809608230941864e-06,6.404804115470932e-07,0.0,0.0,78.57899429203857,0.07627348872593226,44.9144682459953,93.26796675650472,-0.11410214872635976,49.245948459854525,87.42827131775002,-0.0425325582827704,39.248961281734005,40.74343891866411,0.9651900714970139,24.737280138904648,60.427635961181764,1.1322377020894125,35.55476166919168,96.46985642991095,-0.09233037264856041,46.05081728471706
400_Itaballia_pandosia.png,Dataset_pieridae,64600,0.02007017543859649,0.019466116271069832,0.006442380460956313,0.025931888544891642,0.010958376332989336,0.0013209494324045406,0.0007375300997592019,0.0012480220158238734,0.0012590299277605778,0.00024630202958376334,0.00040041279669762644,0.00013209494324045409,6.604747162022704e-05,0.00012934296525627797,0.00025730994152046787,0.00022291021671826626,0.026152283281733746,0.007709945820433437,0.004544311145510836,0.0037596749226006193,0.0033243034055727553,0.003194659442724458,0.0025435371517027864,0.0018643575851393188,0.0020975232198142415,0.0018469427244582044,0.0019049922600619196,0.0012945046439628482,0.0005795278637770898,0.0005804953560371517,0.00043343653250773993,0.0006695046439628483,0.0027970201238390092,0.008774187306501547,0.003019543343653251,0.0012712848297213623,0.0014860681114551083,0.004001547987616099,0.004807469040247678,0.004097329721362229,0.003230456656346749,0.002970201238390093,0.002800890092879257,0.00300406346749226,0.003014705882352941,0.0016737616099071206,0.0009104102167182662,0.014641060371517028,125.51469040247677,0.17888666895871155,92.1787973561431,136.29650154798762,0.0589878517743105,87.0116380253097,135.21148606811147,0.05100025635039113,87.31923252994282,29.015959752321983,1.7637184346344568,24.84987200118263,52.78113003095975,1.262478168279631,61.469067253892725,138.64942724458206,0.017143061109294953,85.87023902456745
401_Itaballia_pandosia.png,Dataset_pieridae,85334,0.0003458306315315245,0.028141446811613454,0.007491608138478085,0.0012635317953245157,0.0012635317953245157,0.0018551938396314611,0.0036614297284135802,0.014730093254479784,0.030070598406783278,3.5416389976119974e-05,8.333268229675289e-06,4.166634114837644e-06,2.083317057418822e-06,0.0,2.083317057418822e-06,1.3541560873222344e-05,0.017662947945719175,0.018613624112311624,0.0023320130311481942,0.0028740009843673097,0.004396694166451825,0.006140577026741979,0.005126913070991633,0.0022785466519792815,0.0010847083225912298,0.0006166944008249935,0.00056981976703307,0.00043359036257529235,0.00027538847352755056,7.470644760587807e-05,1.3915906906977289e-05,5.859329223990438e-06,0.0,2.490214920195936e-05,0.0004694787540722338,0.001349842969976797,0.0028293235990343823,0.004519007664002625,0.007491884829024773,0.004513148334778634,0.0018654639416879556,0.0015175662690135234,0.001450916399090632,0.0015497925797454707,0.0017577987671971312,0.0033317610799915628,0.01555725150584761,0.014271861157334708,160.45344176998617,-0.29117230784107917,81.82478223749094,173.33258724541216,-0.3979069012919122,70.53519293080761,169.93042632479433,-0.4958498443817945,59.87083130028729,58.668936180186094,-0.22875102999576996,32.722513084836876,48.40107108538214,1.1759514849305313,42.75203090726067,179.08253451144913,-0.4759103740472552,66.2626631072101
402_Itaballia_pandosia.png,Dataset_pieridae,35294,0.0007631136548232938,0.014781234455966704,0.019208804770089974,0.03171077236924123,0.01105885167765374,0.00782758164749438,0.00025688974518803953,0.0023548226642236955,0.00032488997185546175,6.296317284020577e-05,0.00017377835703896792,0.0002518526913608231,2.0148215308865844e-05,2.7703796049690534e-05,1.7629688395257614e-05,4.785201135855638e-05,0.018457457358191195,0.015709114863716213,0.0034389697965659886,0.0023091743639145463,0.0021568821896072988,0.0023481328271094237,0.002743029976766589,0.0018682353941179804,0.0013918796395987986,0.001347608658695529,0.0012944834816116053,0.0014007338357794525,0.0014432339774465915,0.001680526435088117,0.0017371932906443022,0.0031733439111463705,0.000332917776392588,0.0020346942823142745,0.0023056326854422847,0.004846786989289965,0.003954284014280047,0.0030564685215617384,0.002410112200374001,0.0024508415028050095,0.004304910183033943,0.0027660508868362897,0.003325636085453618,0.00531074686915623,0.0105719102397008,0.00933586445288151,0.0038905338017793394,0.0016026095086983624,125.79894599648665,-0.3276729576307233,77.83880099508352,147.05258684195613,-0.4255256343411453,68.17319094223537,147.74737915793054,-0.5195090736056115,64.03829304355946,37.7334391114637,1.7018385535133822,17.158620678551944,69.69544398481328,1.1751812806783581,76.99837455064711,151.2634442114807,-0.49038105911920815,65.5893336393025
403_Itaballia_pandosia.png,Dataset_pieridae,85909,0.0007687721245090089,0.029979008796129237,0.005383474244711135,0.0014289021587442009,0.0010346865740363512,0.0014040696809673285,0.002890914287857565,0.01097698986395165,0.034722012051511875,0.0001520989263833436,3.1040597221090535e-05,2.4832477776872426e-05,7.242806018254458e-06,4.138746296145404e-06,1.965904490669067e-05,6.104650786814471e-05,0.02058355352756987,0.015683019241290203,0.0025550291587610146,0.0032221594943486714,0.0045935233793898194,0.005948154442491474,0.0050955080375746425,0.002047951902594606,0.000851191376922092,0.0005747360579217544,0.0005390878720506583,0.0004103178945162905,0.0002560849270739969,0.00012076732356330536,1.4550279947386188e-05,4.3650839842158565e-06,0.0,2.8373045897403067e-05,0.0004335983424321084,0.00133789824116216,0.002847489785703477,0.004492398933755485,0.007357349055395826,0.004805957466621658,0.0019315496630155165,0.001535782048446612,0.0014666682186965276,0.0015205042545018567,0.0017314833137389563,0.0032869082401145396,0.015648826083413846,0.01407521330710403,160.7095414915783,-0.27978383118625494,81.56861372807285,172.66366736896018,-0.38400029471094055,70.8410830234104,170.25430397280843,-0.4839543863363506,60.10981360529529,58.66486631202784,-0.21335140739166505,33.81214914379189,47.143151474234365,1.2190392658373252,42.37529736651068,178.8962390436392,-0.46548656765737,66.15615785133855
404_Itaballia_pandosia_pisonis.png,Dataset_pieridae,65319,0.014409964090761408,0.008182747575573553,0.0019473660037661324,0.004322036637289473,0.008291614997167747,0.0033571991134109355,0.002437269400940002,0.015584371401208767,0.007091351674091765,0.006963432453718588,0.0011798506815270697,0.0012601404049527873,0.0007035557120524741,0.0004926250827137245,0.001883406393579544,0.010781957266134918,0.023020675454308852,0.013461818153982761,0.006163023010150186,0.003878082946768934,0.00506839510708982,0.003606339656149053,0.001566351291354736,0.0007425098363416464,0.001396990156003613,0.000678401383977097,0.0004698097031491603,0.0004918170823190802,0.0005214792020698418,0.0005683644881274973,0.0005482707941027879,0.0003176717341049312,1.2438953443867787e-05,0.005349706823435754,0.009017284404231541,0.005330569971983649,0.0034130574564827996,0.0031489689064437606,0.002885837198977327,0.0027729297754099116,0.0028887077266951423,0.002926981429599351,0.005428167914389381,0.011401736095163735,0.006141972473552871,0.00151755232015187,0.00026408855003903916,0.0,106.64697867389275,-0.012073729260942532,68.22521906793035,111.30116811341264,-0.02836813534706174,68.11675764208776,113.09971065080605,-0.0838556727579737,60.89475473009787,73.35972687885608,0.43691286305121585,53.243678830238345,44.92276366753931,1.9883451759952229,49.258436807290046,118.07183208561062,-0.09289161967308106,64.3478902054691
405_Leodonta_dysoni.png,Dataset_pieridae,64599,0.010438414079337315,0.041479830269130415,0.03111296872500606,0.003953277570516227,0.00027107402763372674,4.540833965438061e-05,4.816036023949459e-05,9.63207204789892e-06,2.2016164680911815e-05,6.742450433529242e-05,9.907274106410317e-05,0.00010182476164921713,5.779243228739351e-05,8.25606175534193e-05,0.0002683220070486127,0.0008311102167044209,0.00043344324215545133,0.0011890663942166286,0.0017182928528305392,0.002236876731837954,0.002680962553599901,0.003113438288518398,0.003711357760956052,0.00432669236365888,0.005417073019706188,0.006115613244787071,0.006683539992879147,0.006424248053375439,0.00526323936903048,0.003998707410331429,0.0035459140234368955,0.005641534698679546,0.00010062075264322977,0.0020704654870818432,0.006998947352126194,0.008108678152912583,0.00699797984488924,0.005435455657208316,0.004746590504496974,0.003907761730057741,0.0030950556510162697,0.002277512035790028,0.0018827690831127416,0.0016273471725568507,0.0013603151751575102,0.0015470440718896577,0.00391453428071642,0.008428923048344401,48.09814393411663,1.4808114591383592,45.60488057985283,106.3615690645366,0.7454918633046782,79.61829827105466,121.47441910865493,0.5131088092319332,72.22651204729002,23.255623152061176,5.650076762153347,20.166869114178816,155.19528166070683,-0.2952480169227969,60.61145725288985,123.10134831808541,0.5446804694917792,74.39334791689681
406_Leodonta_dysoni.png,Dataset_pieridae,96841,0.016782606999560565,0.03213331359880858,0.03079136591595158,0.00530904609962034,0.0014741231044243198,0.0003304385539182784,9.546002668750264e-05,6.333405616767003e-05,2.6618661287861318e-05,5.8744631807693943e-05,4.0386934367789584e-05,7.618444437560309e-05,0.0001551225433671918,0.00017256235593510097,0.0003634824093101063,0.0010160985532987061,0.00035689945374376553,0.0010765068514368913,0.0018438729463760184,0.0019400357286686425,0.002330495348044733,0.0025899412438946316,0.002953939963445235,0.003324392561002055,0.0039246032155801774,0.00513535072954637,0.006117630962092502,0.00638869383835359,0.005831724166417117,0.004703586290930494,0.003760674714222282,0.010221651986245495,0.0010713437490319183,0.006819167501368222,0.009109648805774414,0.006655239000010326,0.004413807168451379,0.00361029935667744,0.0032792154149585404,0.003134003159818672,0.002531856341838684,0.0020471701035718343,0.0020097376111357793,0.001862589192594046,0.00158829937732985,0.0016457388915851758,0.002393097964705032,0.010328786361148687,42.81938435166923,1.6077100956515815,50.694850665246214,102.80169556282979,0.6544119143473868,87.25063949443641,116.32508957982672,0.47184407798783706,80.24457878244328,24.179293894115094,4.779550678067965,23.05313584335877,167.08530477793497,-0.45658354363350495,64.03840488718414,118.31980256296403,0.48793287912621347,82.44471359092398
407_Leodonta_dysoni_batzebina.png,Dataset_pieridae,131013,0.005950893762027008,0.041585695058251215,0.03450514240741165,0.004812414713722218,0.00013637323522602083,4.8171640303718795e-05,2.4425057055406715e-05,1.4926423756081881e-05,1.424794994898725e-05,1.3569476141892619e-05,2.84958998979745e-05,9.837870202872149e-05,0.00039758565095745373,0.0004192968127844819,8.141685685135572e-05,0.0007578552425247028,4.6274033874501e-05,0.00027955241082945967,0.0014335409463183044,0.004993779243281201,0.010000438887743964,0.012487787471472297,0.008538751879584468,0.005115427476662621,0.004230496210299741,0.005877756405852854,0.006760302412737667,0.0019206109317395983,0.00029100165632418157,0.00016649111156908093,0.0001149695068428324,0.0002428194148672269,0.0008047865478998268,0.024140257073725507,0.005810492088571363,0.0017493493012143834,0.001015643485760955,0.0007580354621297123,0.0006931564043262883,0.000686000625892087,0.0009517185317487577,0.0019616373947623517,0.003396609496767496,0.002529806202437926,0.0021634303466068253,0.0037691870272415716,0.010716493783059696,0.001353396227855251,56.06474929968782,0.9559112141706464,48.6018711265545,97.76156564615725,0.5214736566343331,87.1460739171217,106.26692770946394,0.34784104515441144,88.89374629148988,24.414042881240793,5.327161427423378,21.074947547230106,108.44418492821323,0.5067401310460962,40.200375049547795,107.02274583438285,0.3489478694733764,89.60395783060456
408_Leodonta_dysoni_batzebina.png,Dataset_pieridae,83375,0.009189005497251374,0.04521792437114776,0.027064867566216892,0.005247509578544062,0.0004061969015492254,8.848908878893887e-05,2.23888055972014e-05,2.4521072796934863e-05,1.5992003998001e-05,3.83808095952024e-05,4.5843744794269534e-05,7.782775279027154e-05,0.00017377977677827754,0.0001791104447776112,0.00025373979676828254,0.0008433116774945862,0.0010997001499250376,0.003643928035982009,0.004691154422788606,0.004933283358320839,0.005380809595202399,0.006037481259370315,0.006178410794602698,0.0064047976011994,0.00650824587706147,0.0061199400299850075,0.0052361319340329835,0.0029910044977511244,0.001320839580209895,0.0006229385307346326,0.0003448275862068965,0.0009865067466266867,8.020989505247376e-05,0.0009475262368815593,0.003502998500749625,0.005995502248875562,0.006288605697151424,0.00535232383808096,0.004727136431784108,0.004733883058470765,0.004618440779610195,0.004056971514242879,0.0029385307346326836,0.002057721139430285,0.0017586206896551724,0.002075712143928036,0.00460119940029985,0.008764617691154422,83.37089055472264,1.0050338562101586,60.769858577758235,121.26546326836582,0.5478084535675615,73.9456583568154,137.16630884557722,0.27485443300542717,69.65267268477571,23.122266866566715,5.589853168062924,20.72560840884504,109.27790104947526,0.19707007184751438,53.51222030089425,137.88598500749626,0.2883755803671414,70.39515539531261
409_Leodonta_sp_jardin.png,Dataset_pieridae,107153,0.020246024117124322,0.01842930721076923,0.01588590354187211,0.008597467587883162,0.002464596314511856,0.001839944337121271,0.0005591174405859949,0.0008071532191248859,0.0020780255024746546,0.0043966208235990695,0.0036948205940208027,0.0023799821024350436,0.00115473512951885,0.0009738929899821336,0.0015421354926548434,0.0038391624852106595,0.0029665524996966954,0.00391612927309548,0.004509323117411552,0.003824554608830364,0.003111788750664937,0.0028533965451270613,0.0029898836243502282,0.0028154834675650706,0.00327743973570502,0.003314186257034334,0.003418009761742555,0.003615157765064907,0.0030907907384767576,0.002980551174488815,0.0024707661008091233,0.013345986579937099,0.012643136449749424,0.011430501245882057,0.007853256558379141,0.006126753334017713,0.004168105419353634,0.0026358338077328678,0.0018186611667428817,0.001471027409405243,0.001296043974503747,0.0012406325534516066,0.0012062191445876458,0.0014214487695164858,0.003674652132931416,0.004709970789431934,0.0007320140360045916,7.174320830961335e-05,45.09417375155152,1.4769413152492572,57.854343576130304,65.00725131354231,1.0666972532206618,72.19865291200256,70.8671712411225,0.9505002430749638,68.2570494564685,46.76007204651293,1.2888330086261486,49.77966990305279,144.3191977826099,-0.09712105778572865,83.89700190237858,74.47887599973869,0.9635414593824518,70.94774635535799
410_Leodonta_tellane_intermedia.png,Dataset_pieridae,90984,0.029689224967515658,0.0335052805377258,0.0036607169026055862,0.007823597799857362,0.006364000508025831,0.004264486063483689,0.001081508836718544,0.0013619000166085367,0.0005451507957443067,0.00022958859677403597,1.0746700274529343e-05,8.792754770069463e-06,3.907891008919762e-06,6.838809265609582e-06,9.67203024707641e-05,0.00023642740603964558,0.007986981227468565,0.009657604633781763,0.002919469357249626,0.0031193671414754243,0.005222072012661567,0.0059309878659984175,0.007017030466895278,0.004487739602567485,0.006071809329112811,0.006602122351182626,0.0025340994020926757,0.00032148509628066475,0.0001483777367449222,0.00010029235909610482,5.014617954805241e-05,0.00033041523784401654,0.0009802547700694627,0.011962955025059351,0.0052406192297546825,0.0024454849204255695,0.001706343972566605,0.001398597555614174,0.0014720994900202233,0.0018478523696474104,0.002408390486239339,0.0033501769541897475,0.005852677393827486,0.009874675767167853,0.005582025411061286,0.005819704563439726,0.002371296052053108,0.0001868460388639761,87.02790600545151,0.6340980615243639,64.87310101854932,102.16374307570563,0.32990802475026054,67.7850054302294,123.56979249098742,-0.28031175610807485,73.30067137845798,23.570638793634046,2.3829322235728396,21.553529804188965,83.14002461971336,0.19157561476249318,53.391473212812194,125.31067000791347,-0.25437585057356943,74.81861008665499
411_Leodonta_tellane_intermedia.png,Dataset_pieridae,121721,0.029909565499973072,0.038263095293517325,0.002137492936944141,0.001973913019665191,0.0011392172810498324,0.0024967845409675496,0.003960240586623873,0.005260846982489099,0.0012356125894463568,0.0003819298961468349,0.00012706654288632748,0.000151895637473311,0.00012414547293491764,0.0001248757404227701,0.0003833904311225398,0.0012188164372257503,0.002623828262994882,0.009814452723852087,0.0037739995563625013,0.006658670237674682,0.014381248921714412,0.008650417758644769,0.007561349315237305,0.004431753764757108,0.0021170340368547743,0.0008323337797093353,0.0004256660724114984,0.0004831746370798794,0.0004657166799484066,0.00019306446710099325,4.0050607536908176e-05,4.7239178120455796e-05,0.00014428488099834869,0.021558523180059314,0.01206909654044906,0.0034731065305082937,0.0014289851381437879,0.0009709704981063251,0.00081795663854224,0.0007116684877712145,0.0007347746075040461,0.000847737859531223,0.0014597932977875633,0.0027758151839041745,0.0036928714026338923,0.0059141397129501075,0.0051680687802433435,0.0007322072608670648,71.46253317011855,0.9356774156551766,68.43498861739194,78.5495436284618,0.8815973796254309,71.85358468283876,91.8644276665489,0.671813401368639,78.45632752392325,25.77722003598393,2.390625231519229,32.77724807727548,73.49779413576951,0.6248032740266014,39.11475987992329,94.87960171211212,0.6658965966045913,82.25200545879615
412_Leodonta_tellane_intermedia.png,Dataset_pieridae,119779,0.021441710706105968,0.024658004417394627,0.0032719517704364797,0.024243908457334852,0.0016868102459065817,0.00042671178679994917,0.0004608487297439451,0.0014344937111031334,0.0016148258227420686,0.00460997151235006,0.001340988171734797,0.001548036151764685,0.000552127946746369,0.00024637967516101414,0.00042596967934464494,0.0009261501042197158,0.013447682815852529,0.004751980731179923,0.00829757303033086,0.01012020053598711,0.007144407617361975,0.0029950993078920345,0.0013070947327995725,0.0017928852302991343,0.003934329056011487,0.00514437004817205,0.0020798720977800783,0.0006329364913716094,0.00024315614590203626,0.00016749597174796918,0.00010696783242471552,0.00033394835488691676,0.00195829402482906,0.009633366449878526,0.008787537882266508,0.010899761226926256,0.0032001644695647817,0.0014625894355437931,0.0012293473814274623,0.0016431302649045326,0.005359349301630503,0.0055341503936416235,0.0020449118793778543,0.0010258476026682474,0.0009152272101119562,0.0012256948212958866,0.001205866637724476,0.006374761018208534,79.35341754397682,1.3752638355822777,75.62889711589412,97.46412142362183,0.7528547466517457,77.26235801185275,94.23770443900851,0.9843913127292585,73.21700938030305,34.425149650606535,1.704994773961349,37.31727209497449,66.17538967598661,0.7907838509073255,54.46169956712312,100.76701258150428,0.7465365537475056,75.80130601429137
413_Leodonta_tellane_intermedia.png,Dataset_pieridae,81693,0.000995597338001216,0.0018584483642689364,0.016023132676946345,0.046735406406369646,0.018538784092748326,0.003662492502417588,0.000588653726621484,0.0002295858342276028,9.683952249410735e-05,4.787571898585082e-05,3.264253567217101e-05,2.5025944015331107e-05,9.792760701651305e-06,1.0880845224057006e-06,1.958552140330261e-05,2.393785949292541e-05,3.9783090350458426e-05,0.00020197568947155815,0.0005737945723623811,0.0015331790973522822,0.0025736599219027332,0.0037663875729866698,0.005478590576916015,0.007310907911326552,0.009156996315473787,0.007971919258688015,0.006613938770763713,0.005686686741826105,0.004341712264208684,0.0035628817646554786,0.0018361426315596195,0.0018514438201559498,5.202404122752255e-05,0.014984453992386128,0.01440147870686595,0.008294774338070581,0.004748723880871066,0.003500146891410525,0.0027886416216811724,0.002309714418616038,0.0029921474300123635,0.0038321826839508894,0.0026953043712435584,0.0011108662920935699,0.0006388246238967844,0.0001040480824550451,4.2078268639907946e-05,4.590356578899049e-06,28.889415249776604,1.7275056062292837,24.632588381702078,69.0052268860245,1.0336380811609127,48.529114567903825,58.6892267391331,1.089469887622799,43.08869145048584,39.40562838921328,1.6629934556061146,10.979214530325926,147.04410414601006,0.06942658821797248,47.42559054891691,70.27621705654096,0.9968606172132042,48.81564537071076
414_Leodonta_tellane_intermedia.png,Dataset_pieridae,108804,0.007839581061153797,0.04188326409568276,0.031258654706322074,0.0050659902209477595,0.0003937763726006805,0.00014133467315335628,0.00014133467315335628,0.00021894619887340743,0.0002124104914443505,8.496419657774019e-05,3.921424457434163e-05,5.3102622861087625e-05,0.0002075087108725578,0.00020995960115845414,0.00027123185830586294,0.0008676151612073086,0.0008731296643505754,0.0009144884379250763,0.0016399902577111135,0.002431551229734201,0.00402328958494173,0.0062342606889452595,0.0074572166464468214,0.007481917025109371,0.00708556211168707,0.00694597625087313,0.006576044998345649,0.0045161483033712,0.002283923385169663,0.0014647898974302416,0.0008622155435461931,0.0017094959744127054,0.0008817460755119297,0.006127417190544465,0.009577428219550752,0.0074600887835006065,0.0053226443880739676,0.0044874269328333515,0.0037613506856365576,0.0030278068820999227,0.002433274511966472,0.002055301275688394,0.0018479329804051321,0.0016692860556597184,0.0015044253887724717,0.0016836467409286422,0.002190291717216279,0.008469932171611337,54.67439616190581,1.5028684853182261,47.441459385310104,100.03672659093415,0.853155377616333,80.5110899089596,110.7467372523069,0.6052395902686296,76.41765863986697,24.540026101981546,5.10713340883438,21.718780811354815,129.19718025072606,0.11330316476460656,50.99052405846278,112.36762435204588,0.6441201504515824,78.75273853888172
415_Leodonta_tellane_intermedia.png,Dataset_pieridae,81672,0.016933860101653223,0.03933457406863225,0.029835330481818877,0.0017261457755139802,1.9590557351356647e-05,1.0883642972975913e-05,5.4418214864879566e-06,8.706914378380732e-06,1.0883642972975915e-06,1.0883642972975915e-06,0.0,6.530185783785549e-06,4.353457189190365e-05,7.183204362164103e-05,0.00018175683764869779,0.0007085251575407321,0.0001010138113429327,0.00032906014301106864,0.0011249265354099324,0.002252914095406014,0.0034643145753746694,0.0045287858752081495,0.005968232686844941,0.00782703986678421,0.00944096507983152,0.009398110735625428,0.006614874130669018,0.004183655353119796,0.002634011656381624,0.0015090851209716917,0.000887697129983348,0.0022353132040356547,6.810779704182584e-05,0.0010813069350573024,0.004281608139876579,0.00619245273778039,0.0067855262513468505,0.005998842932706435,0.005043038005681262,0.004705560045058282,0.0044767484572436084,0.003695421931628955,0.0026883448427857774,0.0019468116367910666,0.0015641835635223822,0.0015121461455578412,0.002163379126261142,0.010296521451660299,66.12454696836124,0.9509400765520424,49.93138438977054,114.1268366147517,0.7000394700884042,78.15211199456692,132.40262268586542,0.4234975345525005,70.5511657203598,21.019725242433147,6.3354166362693904,18.122272349275438,137.2671907140758,0.21793535383334095,47.38784742015453,133.36019688510137,0.4483924269247565,71.9129954342932
416_Leodonta_tellane_intermedia.png,Dataset_pieridae,105466,0.022061664949420245,0.03558724559995112,0.016370099263164326,0.006556299344496489,0.0013341845818662993,0.0005764891054937136,0.0006590854978012924,0.0038323040390057252,0.0012709730571411114,4.80407587911428e-05,2.10705082417293e-05,1.685640659338344e-05,2.5284609890075157e-05,3.455563351643605e-05,0.00012810869010971413,0.00036662684340608976,0.0008640225285874121,0.0028474816528549487,0.003091043559061688,0.002648957958014905,0.005010501014544972,0.009937444294843835,0.006724916086700928,0.005300286348207005,0.004670343997117555,0.004484265071207783,0.004362780422126562,0.004027364269053534,0.0029831888949993363,0.002243614055714638,0.0014649270855062295,0.001838862761458669,6.874253313864184e-05,0.0030442275235620956,0.006977959721616445,0.00810154457360666,0.00528073028274515,0.0035793525875637646,0.0026910331291601086,0.002297541387745814,0.002113240285968938,0.0019579769783626953,0.0020421273206531016,0.0038768418258016803,0.008071914171391728,0.006826844670320293,0.004416115146113439,0.0011538078622494454,73.98071416380634,0.7666678198996362,60.224268186865004,109.82558360040203,0.3779596003524338,70.01680073205794,125.03550907401437,0.008547324401092467,68.31207732730513,24.525885119374966,2.8757571871446186,22.831177810936886,120.98847021789013,0.30368681165236683,58.42741029607713,129.00585970834203,0.05917152540792186,72.39443858348429
417_Leodonta_zenobia_zenobia.png,Dataset_pieridae,84466,0.010764620610002183,0.02429906050297687,0.018251130632443824,0.01539606995056525,0.0040316024593722135,0.0016059058608723562,0.0013543911159519808,0.0015911727795799495,0.00281191380095081,0.002345717014341076,0.0012249504731686911,0.0014185852558688966,0.0008713565221509246,0.0006272083178767525,0.000806110019284551,0.0014890935734825582,0.004069684843605711,0.006847429735041318,0.005923241304193403,0.004902120379797788,0.005158880496294367,0.005705698150735207,0.0061311652025667135,0.005378643477849075,0.00473933298605356,0.00400456988610802,0.003003427414581015,0.0021021772073970594,0.0011883479743328676,0.0007695404067908981,0.00048614235313617314,0.0020895981815168235,0.0017899213884876755,0.007082731513271612,0.008512300807425472,0.00697248005114484,0.005912142163710842,0.004465554187483721,0.003312723462695049,0.002707450335046054,0.002185050789666848,0.0018062001278620983,0.0014480678616247957,0.001275661212795681,0.0012231252811782255,0.0016700506712760163,0.0038676804868231006,0.008268859659507967,79.99792816044325,0.9889560053296564,72.93739099855429,104.10874197902115,0.6850339896229924,83.74716585788373,107.36485686548434,0.5898046225638947,77.11186832644452,39.74564913693084,1.8653976395101728,37.918985019763625,96.33325835247318,0.5770664719924014,61.62151138974085,112.01526057822082,0.6109722374381015,80.9729773401411
418_Leodonta_zenobia_zenobia.png,Dataset_pieridae,104698,0.022714219310142822,0.019201045971375872,0.015059610604893229,0.006108574715424894,0.0022872133819811903,0.0015816921049112685,0.0005560967948024053,0.0007377833811958627,0.0022702333271780637,0.004581218785883631,0.0030699939084053393,0.0020707176832413226,0.001340575326706867,0.0010892705156205892,0.0017854527625487911,0.00443519031457674,0.003086257617146459,0.0039058769030927048,0.004692663661196967,0.0038121549599801335,0.0030779002464230453,0.002853445146994212,0.0028671751131826777,0.002721518080574605,0.0034396550077365373,0.0034163737607213127,0.00350173833311047,0.003662916197062026,0.0031614739536571855,0.003024174291772527,0.0024839299700089783,0.01279274675734016,0.012062670729144779,0.011388111520754933,0.007975916445395328,0.0061737091443962635,0.004018701407858794,0.0024994508013524612,0.0015765582914668856,0.0012177883054117558,0.0011449597891077194,0.0011748075416913408,0.0011933131482931862,0.0016165542799289384,0.0041004842499379164,0.005197687634911841,0.0009969149362929568,0.00016237177405490076,47.41778257464326,1.4073036988573282,60.25089719129135,67.59047928327189,1.002332028958742,75.09423342553184,74.02318095856654,0.8933556404969675,70.60234810545006,46.62942940648341,1.274446420783423,51.63321663409244,143.11895165141647,-0.08870170929972929,83.67576230972705,77.71151311390858,0.8983900775887461,73.41541014573922
419_Leptophobia_aripa_aripa.png,Dataset_pieridae,139777,0.015340625901733953,0.009058238002914167,0.022790587864956323,0.03732739371363752,0.0011052525729475442,3.624821441772728e-05,1.5262406070622014e-05,1.7170206829449766e-05,6.359335862759172e-06,3.4976347245175456e-05,1.2718671725518344e-05,7.631203035311007e-06,1.8442074002001603e-05,1.1446804552966511e-05,8.07635654570415e-05,0.0030257720035008146,0.002405170378531518,0.03208145832290005,0.007845085386007712,0.0034040829320989862,0.003380384469547923,0.002859018293424526,0.003658506048920781,0.00399162594704422,0.0019875408686693807,0.0007699764625081379,0.00010328952545840875,8.495675254154832e-06,1.7885632114010173e-06,4.4714080285025434e-07,4.4714080285025434e-07,2.682844817101526e-06,6.438827561043662e-05,0.0006747354715010338,0.004829567811585597,0.0029386093563318716,0.0038015911058328624,0.003949147570773446,0.005408168010473826,0.009778969358335061,0.008251089234995743,0.004586323214835058,0.007583955157143164,0.009613527261280468,0.0009783440766363565,4.158409466507365e-05,0.0,0.0,105.23901643331878,-0.19834632879156008,48.87964678172583,115.98808101475922,-0.26067183857008663,50.782771867379516,123.10274222511572,-0.3650495985625008,45.878247331297736,31.221052104423475,3.8295378571763905,30.41971553001679,48.01624015395952,1.2193301746237168,37.44493104478725,124.24976927534573,-0.3968252558141538,46.04712441423148
420_Leptophobia_aripa_aripa.png,Dataset_pieridae,97963,0.00323841087394674,0.026989781856415176,0.0167382923484717,0.033390384351461494,0.007960375062240052,0.00019327024829102145,8.257085725109367e-05,4.89980911160336e-05,3.5387510250468713e-05,1.814744115408652e-05,0.0,0.0,9.073720577043261e-07,7.2589764616346084e-06,1.9054813211790846e-05,0.00016604908655989164,0.006194302951114197,0.03648252401416861,0.006734047548564254,0.002532844032951216,0.0016313557159335667,0.0019841674918081318,0.0025315680409950694,0.002281473617590315,0.0011860345232383655,0.0005914222716739994,0.00020096873309310658,7.081755356614232e-05,4.019374661862132e-05,1.786388738605392e-05,7.655951736880251e-06,1.2759919561467085e-05,6.3799597807335425e-06,0.0006705337729550953,0.004569327194961363,0.0037979900574706777,0.0015567101864989842,0.0007062615477272031,0.0005391066014719843,0.0027051029470310218,0.004122092014331942,0.0067774312750732415,0.010472065984096036,0.008990639323009707,0.009091442687545298,0.007775256984779968,0.0006960536120780295,2.3605851188714106e-05,137.02670395965825,-0.9401765552856634,56.36939935365774,149.65888141441155,-0.9693683109317981,57.899947727079514,152.02882721027328,-0.9143896283567253,54.54941807761448,29.026887702499923,2.9135791419469914,13.393354394442598,38.17548462174494,1.9383600710370241,34.52560287526681,153.71672978573542,-0.9456699244142114,55.02953886805642
421_Leptophobia_aripa_aripa.png,Dataset_pieridae,106317,3.511511172562557e-05,0.0014104569876459603,0.027099669437207177,0.05915307784999368,0.0011404050569941255,2.591829674986649e-05,3.3442963548214826e-06,0.0,0.0,8.360740887053707e-07,8.360740887053707e-07,4.180370443526853e-06,1.6721481774107413e-06,5.0164445322322235e-06,2.5082222661161118e-06,5.852518620937595e-06,4.526557370881421e-05,0.0006043248022423507,0.003926347620794417,0.013771903834758317,0.019742844512166447,0.004856349407902781,0.0014737765362077561,0.0014044085141604824,0.0016183912262385132,0.0019217293565469305,0.002398487541973532,0.0025431022320042893,0.002506654627199789,0.0024537468137739026,0.0019799279513154056,0.0012527394490062737,5.878645936209637e-07,3.997479236622553e-05,0.0006113791773658023,0.0014579041921799901,0.0019816915450962687,0.0020516474317371636,0.0021133732140673645,0.002658911556947619,0.007264830647967869,0.015215111412097783,0.017661803850748233,0.008197183893450718,0.002072810557107518,0.000810665274603309,0.00023455797285476453,0.00012756661681574913,94.42067590319516,-0.6106767779812027,44.73447620637728,149.30449504782865,-1.1149618578672085,35.200820582847896,140.25133327689832,-0.9911527884237388,32.77299497877391,35.298390661888504,1.66372128886071,5.642116425291289,100.32059783477713,1.1294389042899728,58.9907989763048,150.30497474533706,-1.0958292373247551,34.54437139652405
422_Leptophobia_aripa_aripa.png,Dataset_pieridae,97238,0.014171871536276399,0.032753541710945196,0.022251017549152024,0.018228813152608377,0.0004598110935139668,2.742412088552486e-05,1.462619780561326e-05,1.0055510991359116e-05,8.227236265657459e-06,0.0,1.8282747257016576e-06,0.0,1.8282747257016576e-06,5.484824177104972e-06,3.0166532974077346e-05,0.0009241928738421878,0.0006305405294226537,0.008792216006088155,0.018848084082354635,0.013972803842119337,0.008140464633168103,0.004858568666570682,0.002903957300643781,0.001525895226146157,0.0009075670005553384,0.0007147411505789917,0.0004569972644439417,0.00020825191797445444,0.00019025483864332874,0.0001587599498138588,0.00011376725148604455,7.713033999053868e-05,0.0,6.427528332544889e-07,1.6711573664616715e-05,8.034410415681112e-05,0.0003612270922890228,0.001133173245027664,0.003596202102058866,0.009577659968325141,0.0167668504082766,0.015982049198872868,0.0099298885209486,0.0034367993994117527,0.0011736666735226969,0.0003676546206215677,7.263107015775725e-05,4.499269832781423e-06,111.88872662950698,-0.3546251417058074,30.946775181882124,131.31877455315822,-0.6181485883694904,31.587332572162712,142.4526111191098,0.027509095165767293,23.570673699149506,24.049322281412618,5.475751112863275,19.071237578674033,58.80595034862914,1.8510573516002373,33.412684561929495,143.46701906662005,-0.006735505210412512,23.891386474291203
423_Leptophobia_caesia_phanokia.png,Dataset_pieridae,85978,0.0025918775087167,0.02706015233871197,0.010477098792714416,0.005202364429143373,0.0019209048309515872,0.0007412748997805641,0.000620313723665744,0.0010741765981478466,0.004210896327484292,0.03131033520202842,0.0021183713663185154,0.0005758579068030323,0.00022331294051966782,0.0001271643133514775,0.000254328626702955,0.0003804590838483229,0.0014327793156388843,0.004219829491265208,0.00621888738979739,0.008449836004559307,0.01176899904626765,0.01069823094279932,0.007299105585149689,0.004418281420828584,0.0032501046779408686,0.0017591709507083207,0.00097990183535323,0.0005640977924585359,0.00031185303217102047,0.00030094907999720857,0.0001730093744911489,0.0006549640605736352,0.0014596757310009537,0.008970317988322594,0.00867373048919491,0.00722568564051269,0.005362563679080695,0.00407517039242597,0.0032937204866361164,0.002767423061713462,0.002292737677080183,0.0019641652515759844,0.001786794296215311,0.0018224138733164297,0.002303641629253995,0.0032362930051873734,0.004077351182860732,0.0031883156156226012,94.59374491148898,0.6748020408729023,80.55395964205015,90.28516597269069,0.6787113723446985,64.44881370727232,84.2931796506083,0.6334711138633499,54.526301036443606,61.76701016539115,0.1925878484841159,42.976029745168134,83.0523971248459,1.1083167102653062,42.618826903182864,104.18931587150202,0.6374468565334437,74.99819467191912
424_Leptophobia_caesia_phanokia.png,Dataset_pieridae,69480,0.0040312160173990915,0.023423527154097103,0.01003646133179812,0.00553572570843728,0.007879485703319901,0.0009172903473421609,0.0002878526194588371,0.0002929699993603275,0.0019765879869506815,0.022099405104586453,0.0035297127870530286,0.0020507899955222926,0.0009249664171943965,0.0007688863301989382,0.0006268790379325785,0.004507132348237702,0.004291702648244099,0.010420264824409902,0.011657131548647092,0.012203151986183075,0.006449697754749568,0.00568688831318365,0.004549870466321244,0.001931311168681635,0.0008536629245826137,0.000516335636154289,0.0005010434657455383,0.0006674582613701784,0.0009103339090385722,0.0008284758203799654,0.0005882987910189983,0.00044437248128957976,0.0,0.00026806275187104205,0.015502662636729994,0.006640400115141048,0.003821243523316062,0.003107009211283823,0.003016155728267127,0.0030413428324697757,0.0032635290731145654,0.004951065054691998,0.004954663212435233,0.0035792674150834773,0.0015795912492803685,0.0024395509499136442,0.0038788140472078296,0.0024566421991940126,97.78690270581463,0.5678856850174051,69.6456022647279,105.60094991364421,0.5732111686270243,67.64939563841881,101.26175877950489,0.6936752757214956,61.60240109184323,64.33667242371905,0.5363465528748199,49.80337483603392,65.25449050086355,1.6820441849638985,48.119038086914784,115.33791018998272,0.3894376013074889,69.11198335111924
425_Leptophobia_caesia_phanokia.png,Dataset_pieridae,40450,0.0003142425491003983,0.009862381540997115,0.07527976926246395,0.0023249553632742758,0.0006922126081582201,0.00021096003296250515,0.00010108501579453372,5.054250789726686e-05,2.4172503776953715e-05,2.197500343359429e-06,0.0,0.0,0.0,0.0,4.395000686718858e-06,2.1975003433594286e-05,0.00014987639060568602,0.0008142768850432632,0.0004403584672435105,0.000707663782447466,0.0012778121137206428,0.0010939431396786157,0.0010398640296662546,0.001087762669962917,0.0018433250927070456,0.002835290482076638,0.0037669962917181708,0.004139369592088999,0.005054079110012361,0.006228368355995055,0.008257107540173053,0.02376390605686032,6.798516687268232e-05,0.0007555624227441285,0.0021477132262051916,0.003365265760197775,0.0028893695920889986,0.0019592088998763905,0.0013859703337453647,0.0014400494437577255,0.001769159456118665,0.002058096415327565,0.002376390605686032,0.0030871446229913473,0.004168726823238566,0.00613566131025958,0.012166254635352286,0.0167274412855377,37.26716934487021,1.5770776102361874,45.020722519087435,166.750086526576,-0.9283089489790608,66.07345738416514,185.76390605686032,-0.9440085477199708,69.79151352258828,26.329765142150805,8.125354809164602,5.634070520031983,205.2063782447466,-1.3775247658971381,56.62026245091245,186.2359456118665,-0.9551983538061545,69.6761042890736
426_Leptophobia_caesia_phanokia.png,Dataset_pieridae,69417,2.4329615063873243e-05,0.002541804521146757,0.0855851832644261,0.0006786682096764642,4.225669984777984e-05,2.561012111986657e-06,0.0,0.0,0.0,0.0,0.0,2.561012111986657e-06,2.561012111986657e-06,1.2805060559933286e-06,3.841518167979986e-06,3.841518167979986e-06,5.7622772519699785e-05,0.000917462581212095,0.000917462581212095,0.0007373914170880332,0.00039795727271417665,0.0006221458720486337,0.0006230462278692539,0.0006383522768197992,0.0009363700534451215,0.0016467507959145454,0.0040984196954636475,0.010679120388377487,0.01167671463762479,0.01543479983289396,0.008486753965167034,0.004629629629629629,0.0,9.003558206203091e-07,7.202846564962473e-06,4.231672356915453e-05,0.0002448967832087241,0.0006500569024878632,0.0011092383710042209,0.001278505265280839,0.0016845657403805985,0.0020951279945834594,0.0024678753043202674,0.003678853883054583,0.009999351743809153,0.03264330063240993,0.006481661552645605,0.00011614590086001988,46.848797844908304,1.2996553643462878,29.877036700667855,184.42297996168085,-1.5465551662337707,33.110147079725934,199.57272714176642,-2.0107794623082875,31.045361958643973,27.12481092527767,9.672265775440641,3.2723639674526703,194.14856591324892,-1.9064192857307127,45.777905672839765,200.56651828802742,-2.008222213933862,31.267910948657974
427_Leptophobia_caesia_phanokia.png,Dataset_pieridae,131185,0.016222044356358493,0.029419352652954055,0.0008889905265253057,0.0003597972329153486,0.00012535308491401032,3.7267133352813886e-05,0.00011383415278677694,0.0001368720170412437,0.00146696988561531,0.03166215649655067,0.00218520918296045,0.001435801010447502,0.0010007919265837472,0.0003022025722791817,0.0003896109395975997,0.003142635718006378,0.0013001677021000876,0.0039462400426878074,0.005657087319434387,0.008406544193314784,0.017528680870526357,0.01330373137172695,0.006435091664443344,0.0032902008613789687,0.001236326561725807,0.000570282425582193,0.0003587490947898007,0.00019057056828143462,8.146891794031329e-05,4.6213362808247895e-05,2.906201166291878e-05,0.00011958303159660022,0.00030110149788466667,0.018842664938826848,0.008637611007356024,0.0027761367534397986,0.0019414376643671152,0.0015317109425620307,0.0013959294126615087,0.001547433014445249,0.002131531806227846,0.003318786446621184,0.006431280253077714,0.006408888211304646,0.003970537790143691,0.002908583298395396,0.00034636200785150744,1.0004954834775317e-05,84.9616876929527,0.41926528238241045,66.66862537924443,79.40731028699928,0.39318017596356447,57.97694052970941,80.67439874985708,0.782390884864875,59.67715471641306,59.713442847886576,0.345287311089784,52.87018649836864,74.93026641765445,0.7276414519674926,30.98731266735451,97.8203148225788,0.3138611294474435,71.34445242057585
428_Leptophobia_caesia_phanokia.png,Dataset_pieridae,59649,0.0002607848506354768,0.010564021749456544,0.07511050758045677,0.0018821215220148982,0.0006080012517672831,0.00028462803697929185,7.30197581779335e-05,4.0235376955187845e-05,1.6392190611372828e-05,1.0431394025419073e-05,7.450995732442194e-06,2.9803982929768776e-06,7.450995732442194e-06,2.9803982929768776e-06,4.4705974394653164e-06,1.341179231839595e-05,0.00023261077302217975,0.0007512699290851482,0.00047674730506798104,0.0006548726717966772,0.0010907559221445455,0.0010373183121259368,0.000979689517007829,0.001119046421566162,0.0019122282016462975,0.0031255762879511813,0.003986864825898171,0.004604016831799359,0.005164587838857315,0.0062700129088501064,0.008274447182685376,0.022819955070495734,7.858472061560127e-05,0.0007187882445640329,0.0021406477895689786,0.0035111653171050645,0.002906586866502372,0.0020851145870006203,0.0014134771748059482,0.0014092859897064493,0.0016900953913728646,0.0019950041073613974,0.0023428724706197925,0.003126624084226056,0.003995247196097168,0.005889662861070596,0.011529950208721019,0.01766689299066204,37.65960871095911,1.6012845809132619,44.78573979308612,166.6479069221613,-0.9171585168803326,66.54831344305953,185.83195024225049,-0.9278432756472624,70.29468004123848,26.228386058441885,7.966817649589516,5.583710103245787,204.21810927257792,-1.3749383438852087,55.893734720643835,186.23390165803283,-0.9388023054271138,70.22907491013325
429_Leptophobia_caesia_phanokia.png,Dataset_pieridae,92584,0.00027266530334014993,0.03992530506831034,0.04246474072793956,0.005523392570830573,0.00044164098428334144,6.432596944996496e-05,2.6882494695507744e-05,3.552329656192095e-05,5.760534577608802e-06,1.2481158251485737e-05,2.9762761984312145e-05,2.304213831043521e-05,1.536142554029014e-05,5.760534577608802e-06,9.600890962681336e-06,3.264302927311654e-05,0.0008161507387885596,0.0014108809297502809,0.0013318986001900977,0.002897368875831677,0.004645781128488724,0.005454506178173334,0.009791783677525274,0.011211440421671132,0.00917545148189752,0.006455624081914801,0.004292723364728247,0.0025510617385293356,0.0013811781733344855,0.0006865387107923615,0.00023897217661799015,0.00015863972176617991,0.0,6.750626458135315e-07,0.0003240300699904951,0.0007256923442495464,0.0018651980903827876,0.003708794176099542,0.005184481119847922,0.007398686598116305,0.00904718957919295,0.006558908666724272,0.004813196664650479,0.003626436533310291,0.003718920115786745,0.006556883478786832,0.007869205262248337,0.0011017022379676833,87.3444763674069,0.5458630332395437,42.8562632508638,143.0873153028601,0.1538684837323982,52.873644573586446,157.11183357815605,0.019782308712712963,49.37000038127645,24.27403223019096,7.3085383127620345,7.383455013431377,117.48954462974164,-0.10283293996435264,42.14978274159619,157.95283202281172,0.04143754992988994,50.045717133810264
430_Leptophobia_caesia_phanokia.png,Dataset_pieridae,60766,0.0006012133978430921,0.0070653545293969215,0.07436175931716202,0.0043079646147151,0.0012843439496502066,0.00043006505831111693,0.00016090869528647236,9.654521717188339e-05,7.314031603930561e-05,4.827260858594169e-05,6.728909075616116e-05,7.167750971851949e-05,7.606592868087783e-05,7.460312236009172e-05,6.436347811458893e-05,0.00010532205509660007,0.0009801945166705065,0.001848278642662015,0.002709163018793404,0.005200276470394629,0.006773936082677813,0.004617096731724978,0.004415503735641642,0.004862916762663331,0.006414977125366159,0.006932330579600434,0.006628912549781128,0.005990191883619129,0.0027698466247572657,0.0010933334430438073,0.0005296958825659085,0.0007333459500378501,3.085607082908205e-06,4.834117763222855e-05,0.0003250172793996643,0.0011190468354013757,0.0013422390810650692,0.0017793667511437317,0.0017104548596254484,0.001603487147417964,0.001918219069874601,0.0023430043116216305,0.0027626468748971466,0.0030917782970740215,0.00357621860909061,0.004455616627719448,0.005900709278214791,0.03052076819273936,112.36283447980779,0.2810959438159641,58.98953439754725,199.24502188723957,-1.0878904618935807,59.927935481102914,208.0959911792779,-1.2585985872460361,58.36938756227231,28.764819142283514,7.856482253570923,11.022550834656343,121.57910673732022,-0.04122619743704264,54.2541355772158,209.29040911035776,-1.2499482597725489,57.394737094998135
431_Leptophobia_caesia_phanokia.png,Dataset_pieridae,161767,0.002676551940616923,0.05194411990359248,0.0061465633356068364,0.00505802927804943,0.001119854825493182,0.0005099240814807031,0.0007368622772258866,0.0022924604180360915,0.014774061184021189,0.0028914014189132106,0.00031925203808220743,0.00011209537998067178,5.0003331265887905e-05,1.4836153232735972e-05,0.00013517384056492774,0.00010769948272652779,0.003951671230844362,0.012169509232414522,0.010832710008839874,0.010519373543429748,0.011006957537693101,0.007902956103531623,0.004900180506530998,0.0008967372826349008,0.00017772475226714968,7.843070589180735e-05,4.443118806678742e-05,1.043167024176748e-05,4.636297885229991e-06,1.1590744713074978e-06,1.545432628409997e-06,1.545432628409997e-06,0.0,0.00014295251812792474,0.003013207267242392,0.012876158301754993,0.015583756266729308,0.009997790031341373,0.00558673895170214,0.004220576508187702,0.0032411585799328665,0.002867936600171852,0.0026569850463938876,0.002153560367689331,0.0001576341280978197,1.545432628409997e-06,0.0,0.0,77.76565677795843,0.947961462919868,43.74016272545676,83.83554124141511,0.8814432262316172,38.335751170668004,85.70494600258397,0.7556353943022505,30.20112910602206,37.84088843830942,1.1871397443822282,34.544858610348854,55.446419850773026,0.3328086553949586,28.76089685332334,90.42169911044898,0.964544222841397,37.236451249726876
432_Leptophobia_caesia_phanokia.png,Dataset_pieridae,85333,0.00733544532074995,0.03386575728811441,0.0027125105957445145,0.0026791771322023394,0.0009072952107885838,0.00030520952555804253,0.00027812608643002515,0.0009197952596168996,0.008332324214808132,0.02590218451374159,0.0010281290161289693,0.0007250028320423126,0.00048646023356862074,0.00019687576904597285,0.00035520972087130546,0.0028593861694772246,0.0016655338497416005,0.004122818839136091,0.009159703748842769,0.013831108715268419,0.015191953874819824,0.009591834343102902,0.004223161027972765,0.0019687576904597283,0.0010847210340665394,0.0005441915788733549,0.0003471693248801753,0.00019995195293731616,0.0001376958503744155,0.00010620158672494815,6.811550045117363e-05,0.0002570810823479779,0.0005375997562490478,0.022034265758850622,0.009906776979597576,0.0043029953242004855,0.0033112922316102795,0.0025788674955761546,0.0022617275848733783,0.00190869886210493,0.0015227110262149462,0.0013418021164145171,0.00131030785276505,0.0013154348259172886,0.0014831600904691034,0.0020507892608955503,0.002844005250020508,0.0037895655842405634,78.9181559302966,1.044647203684266,79.48216944842271,75.63961187348389,1.0601343389294609,70.17614541512722,70.30055195528108,1.0761045072098232,58.511867381708655,59.15173496771472,0.3993998474755152,48.96121795965541,68.51398638275931,1.4681766639251053,33.004877775969625,84.53156457642413,1.0545297240694507,76.19830765413121
433_Leptophobia_cinerea_cinerea.png,Dataset_pieridae,88773,0.0003154112173746522,0.04915608724875056,0.022585445774929064,0.007170348341650427,0.002962862832417765,0.0008000430561344353,0.0012876788112501675,0.003763907194004183,0.0007249451472357085,5.006527259915114e-06,4.4057439887253e-05,3.5045690819405804e-05,1.2015665423796274e-05,4.005221807932091e-06,0.0,2.20287199436265e-05,0.0004900138555641918,0.002231111937188109,0.004478416860982506,0.004378442769761076,0.003525142779899294,0.005557714620436394,0.008491461367758215,0.011516733691550358,0.009855896500061957,0.005940009912923975,0.002716197492480822,0.0015136922262399604,0.0008525959469658567,0.0005744990030752594,0.0002640160859720861,0.00011405494913994119,1.6897029502213512e-05,0.0018502247304923794,0.005055027992745542,0.012838926250098566,0.0157592961823978,0.008701970193639958,0.004228481632928931,0.0029112173746522027,0.002129729760174828,0.001728425309497257,0.0017192727518502246,0.0023430547576402737,0.0017122323228909691,0.0013440178883218996,0.00015629752289547498,4.928300271478941e-06,56.52880943530128,1.6434820818494764,45.62851918273583,80.55226251225035,1.359619906266485,46.57884017520558,85.87322721998805,1.0726308088801275,40.21405519603239,28.19879918443671,2.6415908846547627,17.251934733451744,109.19790927421626,-0.08196453827851047,43.48906394016469,89.07237560970115,1.2252947202289786,45.70766220573975
434_Leptophobia_cinerea_cinerea.png,Dataset_pieridae,103135,0.021064947237439603,0.05332040529403209,0.0019555814116341583,0.0014419073167315762,0.0014686252646208045,0.0005110884870423339,0.00013272787015939193,0.0006351976643342328,0.004927306712345739,0.001822853541474766,0.00016030768733536952,0.0001620314259088681,0.00011549048442440599,0.00012841852372564544,0.00014565590946063144,0.0008963440582192703,0.0035348087458185874,0.006109710573520144,0.0019834440296698503,0.0031172734765113684,0.007305958210112959,0.010800164832501092,0.010382023561351627,0.007457458670674359,0.004741358413729578,0.0028821447617200756,0.001765283366461434,0.001029597129975275,0.0005981238182964076,0.00031815096717894024,0.00019816260241431135,0.0002763368400639938,6.969021185824405e-05,0.000301788917438309,0.0018161875212100644,0.005570368933921559,0.009008823386823095,0.009358486449798807,0.009589373151694381,0.009459082755611577,0.005785499587918747,0.002370679206864789,0.0015525767198332284,0.0020101081107286567,0.005015271246424589,0.000582367770398022,9.696029475929606e-06,0.0,76.7348232898628,1.3103385354057653,49.924130607466495,91.6518834537257,0.978947807837257,46.57067442924648,108.58082125369661,0.49681396286595225,40.78998021226739,24.269491443253987,2.8087375637596357,30.615615044729772,91.52187909051244,0.2176492012124552,46.21665790050634,110.06928782663499,0.6501272951533414,43.4589270766069
435_Leptophobia_eleone_denigrata.png,Dataset_pieridae,69739,0.004824337091791458,0.03664329380499673,0.02594435442626555,0.018514747845538367,0.0018392386851928861,0.00025746792405333536,2.5491873668647065e-05,0.00010579127572488534,9.431993257399415e-05,3.82378105029706e-06,7.39264336390765e-05,1.7844311568052947e-05,2.5491873668647065e-05,6.372968417161767e-05,9.55945262574265e-05,0.00035943541872792366,5.2875722336139034e-05,4.212133813217855e-05,0.0002733405985173289,0.0006542250390742626,0.0019474397396005104,0.003923557837078249,0.007704620083454021,0.006074434677870345,0.007243077761367384,0.008326581969916402,0.00810522089505155,0.007500286783578772,0.004539246332754986,0.0022888914380762558,0.001217037812414861,0.0026070419707767533,0.0014697658412079324,0.010968575689356027,0.011009800828804542,0.007563020691435209,0.006481308880253517,0.004273075323706964,0.0024439338103500194,0.0017296634594703107,0.0017601342147148655,0.0026482671102252683,0.00305245271655745,0.0010700612282940679,0.0007286095298183226,0.0016337702003183297,0.005529545878203014,0.00013801459728415952,42.61294254290999,1.2476353596810406,43.72312036234576,80.63413584938127,1.0063356870703926,71.83202870057606,85.66470697887839,0.9131711328521815,64.22796478777211,25.781255825291442,4.8491515790622195,15.829012060666138,150.00098940334675,0.1739880685526368,45.44215020451843,89.14843918037253,0.9310642277700024,67.85640021626931
436_Leptophobia_eleone_denigrata.png,Dataset_pieridae,78602,9.951683445996567e-05,0.000532641238984589,0.008130977724626742,0.010117921794469464,0.03255783709207286,0.026072279755392145,0.008962169466991228,0.0017946956396359718,0.0003234297119948884,9.951683445996567e-05,7.124500648838451e-05,6.10671484186153e-05,4.5234924754529855e-06,9.046984950905971e-06,2.827182797158116e-05,2.3748335496128173e-05,0.0030358642273733494,0.016613763008574846,0.024841925141853897,0.010320189053713647,0.002380664614131956,0.000948608177908959,0.0007299432584412611,0.0006496335971094883,0.0006607656293732984,0.0005558064680288034,0.0005518307422202998,0.0004961705809012493,0.00034350270985471107,0.00019242512913157425,8.189995165517418e-05,9.700770972748785e-05,3.1805806468028805e-06,3.1805806468028805e-06,1.3517467748912241e-05,3.816696776163456e-05,6.36116129360576e-05,9.541741940408641e-05,0.00021230375817409225,0.00043732983893539606,0.0011513701941426426,0.003943124856873871,0.014646573878527264,0.025394551029235896,0.011559025215643368,0.0034159436146662934,0.0013748059845805451,0.00014789700007633393,150.96453016462686,-1.3388604735445493,31.778711515115184,181.35154321772984,-0.777153185254568,20.268867220949826,162.8208442533269,-0.05030203619828419,20.588027164651944,53.73451057225007,0.3819351037699615,13.792037440813678,46.20809903055902,2.8835643029793627,33.94507249094597,181.65484338820895,-0.7218529774654705,20.087393947502857
437_Leptophobia_eleone_eleone.png,Dataset_pieridae,58568,0.00019123070618767927,0.020489004234394207,0.05260210353776807,0.014900818042465359,0.000628329463188089,5.615504864241375e-05,3.035408034725068e-06,1.517704017362534e-06,3.035408034725068e-06,0.0,0.0,0.0,0.0,0.0,3.035408034725068e-06,1.0623928121537737e-05,6.40281382324819e-06,3.521547602786505e-05,0.0009294751400081956,0.009625563447616446,0.01580427878705095,0.014365779948094523,0.011143030323726266,0.00612642569321131,0.0024810903565086737,0.001111955333970769,0.00046953968037153395,0.00021662853435323043,9.497507171151482e-05,5.2289646223193555e-05,1.920844146974457e-05,1.814130583253654e-05,0.0,1.280562764649638e-05,0.00012912341210217184,0.0017757137003141647,0.007081512088512498,0.008437841483403907,0.005155332263352001,0.003467123685288895,0.002836446523698948,0.00317152711378227,0.004352846264171561,0.002026490575058052,0.0014288946182215545,0.001819466261439694,0.003265435049856577,0.017539441333151207,109.6114943313755,0.18682718736251094,57.88877641428256,155.4542582980467,0.041715469765964894,72.05050895753021,157.48751878158723,0.134686763237979,69.93419117580741,28.138898374538996,1.916599476501063,6.901470426411439,88.1089332058462,0.9442664687678627,26.038130513649776,160.35427195738288,0.059213019465282964,69.61473954813107
438_Leptophobia_eleone_eleone.png,Dataset_pieridae,25752,0.0006558282420351386,0.0020158089123606367,0.021383452417935177,0.026775050912981945,0.018045631838735286,0.009568188878533706,0.003641572607089848,0.0024093058575817197,0.0026647336992164576,0.0008180594387490939,0.00029339684512098304,0.00015532774153463808,6.903455179317248e-05,0.0001001001001001001,0.00010700355527941734,0.0001863932898415657,0.0003446334265299783,0.004346749767008388,0.009581780055917987,0.007776095060577819,0.006582013047530289,0.009894862534948742,0.009491981205343274,0.0040312402920161545,0.0035701110593351973,0.0022910841876359117,0.0014343546132339236,0.0010630242311276794,0.0006261649580615098,0.0004368592730661696,0.00028638552345448896,0.0007426607642124883,0.000529085119602361,0.010521027493010251,0.004409851662006834,0.0016188063063063063,0.0010970021745883814,0.000970798384591488,0.0013227127990059024,0.003528852127990059,0.007727555141348244,0.00919588769804287,0.0059461401056228646,0.002366321062441752,0.0028468662628145388,0.008387698042870456,0.001873640882261572,0.0001577547374961168,90.72588536812675,-0.3181842607816145,53.91210574090349,126.84513824168997,-0.31464907539135556,68.97585030472969,114.78153153153153,-0.09443979725065649,64.85790347183286,46.197072072072075,1.8368458275178092,20.582742852334892,87.27372631251941,1.0000184785318225,46.51982657586226,127.44159676918298,-0.30884172290778894,68.69358798908911
439_Leptophobia_eleone_eleone.png,Dataset_pieridae,66712,0.0001865398195893459,0.016255612849928713,0.03427136214041119,0.008440926836417902,0.01691516435490533,0.007217758590824906,0.0034909594808863304,0.001389721655940627,0.0005369681949607601,0.000158558846650944,7.994563696686253e-06,7.994563696686253e-06,0.0,1.3324272827810423e-06,0.0,7.994563696686253e-06,0.0004843581364672023,0.007794699604269097,0.012895918275572611,0.008487978174841109,0.009654372526681856,0.006983376304113203,0.004832339009473558,0.004653398189231323,0.0037858631130831036,0.001829693308550186,0.0007298162249670224,0.0002220365151696846,8.057021225566615e-05,2.0610984530519248e-05,1.8737258664108406e-05,2.623216212975177e-05,1.8737258664108406e-06,2.5295299196546347e-05,0.0002482686772994364,0.001567371687252668,0.003481382659791342,0.005476900707518887,0.0036518917136347286,0.0021763325938361916,0.0015739297277851062,0.0014408951912699365,0.0034111179398009354,0.010028180837030819,0.008036410241036095,0.0047929907662789305,0.0035310363952512293,0.013056121837150738,132.82427449334452,-0.6350940004853047,57.807922126323646,171.37891233960906,-0.5978268900267917,64.43288207374715,167.52896030699125,-0.24855906732715388,58.64832814992983,37.4853399688212,1.0024737869301001,17.11949305757649,71.99934044849502,0.6959812927514128,38.30468613966339,175.73923731862334,-0.5306802215762026,60.21628356215464
440_Leptophobia_eleone_eleone.png,Dataset_pieridae,46167,2.3104526321109594e-05,0.00015788092986091556,0.006228595220732461,0.0028322298515293513,0.0020312729390642185,0.011309665634183147,0.02645853339205734,0.015168121529808449,0.0166795426266477,0.006821611396307608,0.0010358529300630802,9.626885967128999e-05,2.1179149127683796e-05,3.850754386851599e-06,3.850754386851599e-06,1.73283947408322e-05,0.004283362574999458,0.04450148374379968,0.007651569302748716,0.0012278792210886564,0.0008285138735460393,0.0008637121753633548,0.0009138020664110728,0.000840697901098187,0.0005834795416639592,0.0003452141139775164,0.00016245370069530184,9.747222041718111e-05,9.882600125630862e-05,5.27974527259731e-05,2.301427426516776e-05,2.572183594342279e-05,0.0,0.0,8.122685034765092e-06,3.1136959299932854e-05,0.00011101002880845625,0.00026127970195161045,0.0005618190482379188,0.000661998830333355,0.0007161500638984556,0.000885372668789395,0.0015135269781445622,0.0078086078800875085,0.026758832066194466,0.016544555634977365,0.005439491411614357,0.001198096042627851,186.9987653518747,-1.8942001992748518,34.31848256710247,198.64628414235275,-2.0675145280530653,24.267596398778334,182.9269824766608,-1.4768539121732682,24.409190546641693,75.95726384647043,-0.6061631126985555,20.618187081320993,32.27580306279377,3.6162086786663656,26.50539309782695,200.7535252453051,-2.011333264141439,23.73846511855055
441_Leptophobia_eleone_eleone.png,Dataset_pieridae,124408,2.6436313491808314e-05,0.00019005565915732465,0.006581213069541795,0.031182703506026765,0.03575547124515036,0.012812323609056937,0.0013296751191420343,0.00042083753099121885,0.0002114905079344665,0.0001814817196464679,0.00010645974892647131,4.787116226895019e-05,2.4292828614094125e-05,2.8579798369522502e-06,1.0717424388570938e-05,5.001464714666438e-06,0.0021230547874734745,0.015449167256125008,0.015309505819561442,0.009468844447302425,0.008130003697511413,0.004796717252909781,0.0023380731142691787,0.0011700413156710179,0.0007606022120763938,0.0007083547681821105,0.0005310148865024757,0.0004747484084624783,0.00038582727798855377,0.0003009251816603434,0.0002331039804514179,0.00032001559385248535,0.0,1.5071378046427882e-06,1.105234390071378e-05,4.370699633464086e-05,0.0008977517522988875,0.007143330814738602,0.008932303388849592,0.00247019886180953,0.00134587405954601,0.0021130072021091893,0.003764327856729471,0.01065747379589737,0.016026401035303197,0.007565329400038583,0.0014654403253810044,6.229502925856858e-05,130.25443701369687,-0.36067273401970873,52.69777901592358,162.54476400231496,-0.529771821080376,46.857648179264224,149.32212558677898,-0.39871967570510414,43.844924654838586,46.720082309819304,1.3365064151859165,11.65521266519372,56.70788052215292,2.0395239792183726,40.37892864930665,163.03416179023856,-0.5268849019767632,47.066416679341906
442_Leptophobia_eleone_eleone.png,Dataset_pieridae,59444,4.037413363838234e-05,0.0006325280936679901,0.004215358619503697,0.026063746271000155,0.030265646845957728,0.01919416219934355,0.005414619922391943,0.0013338417483495205,0.0016448721111933546,6.878556101354028e-05,7.476691414515248e-06,0.0,2.9906765658060997e-06,1.4953382829030498e-06,1.4953382829030498e-06,1.4953382829030498e-06,0.00014719736222326896,0.005492564430388264,0.019059955588452998,0.014511557095753988,0.007528093667990041,0.004343373595316601,0.0035085542695646324,0.002912404952560393,0.002415088150191777,0.0013584213713747392,0.0005204478164322724,0.0004005871071933248,0.00017453401520759035,8.306136868313034e-05,3.4696521095484824e-05,9.462687571495862e-06,0.0,0.0,1.0514097301662069e-06,3.0490882174819998e-05,0.0006581824910840455,0.0011229055918175088,0.0008558475203552923,0.0007696319224816634,0.0013552671421842406,0.004358093331538928,0.011597049323733262,0.02737765796379786,0.011986070923894757,0.002089151133840253,0.00027021230065271516,2.8388062714487585e-05,135.2917872283157,-1.0110086365357547,35.95495090468518,176.59111096157727,-1.9877383729420413,25.62668916871007,154.17493775654398,-1.3974665638372146,24.88805088288426,50.95399031020793,0.7768009165056955,13.271810688241686,65.02568804252742,1.3563001253529148,35.53826816798907,176.81244532669402,-1.9285645304686385,25.22534865312562
443_Leptophobia_eleusis_eleusis.png,Dataset_pieridae,46123,0.0010734581686167664,0.018241080010696038,0.010711455118800695,0.027079283172772323,0.029813999763916292,0.0017634007617313126,0.00015803154367428156,1.7344925525226027e-05,3.854427894494673e-06,0.0,0.0,0.0,3.854427894494673e-06,9.63606973623668e-06,0.0,1.3490497630731354e-05,0.0001395724475858032,0.01587196192788847,0.024732779741126986,0.0035719706003512347,0.0017886954447889339,0.001631507057216573,0.0019309780369880538,0.0027941590963293803,0.003917514038549097,0.0035760358172712095,0.0016301519849099147,0.0005542245734232379,0.00022223185829195845,9.756520607939639e-05,2.1681156906532534e-05,1.8971012293215967e-05,6.775361533291416e-06,0.0061086659584155415,0.007851288944778094,0.0015529128634303925,0.0010176593023003707,0.0010732172668733604,0.0012683476790321532,0.001603050538776749,0.0025759924549573964,0.0041465212583743465,0.01768098345727728,0.01654407779199098,0.0010705071222600437,0.0,0.0,0.0,109.15848925698675,-0.7829641096167425,58.13133358748557,129.13927975196756,-0.832352161518972,62.93288417276224,124.25087266656548,-0.8422349721874086,55.46787942773442,36.857142857142854,-0.14417946530350703,13.252991274839578,62.31047416690154,1.2500069999346497,46.051010576220456,131.42432192181775,-0.8320799817135279,59.94870188104481
444_Leptophobia_eleusis_eleusis.png,Dataset_pieridae,114820,0.016979620275213377,0.019752656331649538,0.0034813911629797364,0.024638371170334242,0.01740308502196675,0.0008028024540827188,7.973833439780139e-05,7.354506570671003e-05,5.5739418219822336e-05,6.502932125645939e-05,6.425516267007297e-05,8.515744450250635e-05,9.289903036637054e-05,8.980239602082488e-05,0.00018347558497358184,0.0050413207145483755,0.01505182024037624,0.013926689601114789,0.003944217035359693,0.0035539322417697267,0.007503048249433896,0.009944913778087441,0.004104794460895314,0.003071111304650758,0.001064709980839575,0.00022480839574986935,5.225570458108343e-05,2.449486152238286e-05,1.3608256401323812e-05,8.164953840794287e-06,4.8989723044765724e-06,6.531963072635429e-06,2.17732102421181e-06,0.0005982189514021947,0.008022339313708413,0.004018790280438948,0.0010837615398014283,0.0008192170353596935,0.0007958108343494165,0.0014958195436335132,0.003594212680717645,0.005879855425883992,0.008131749695175057,0.0032654372060616616,0.007618990593973175,0.016503004703013413,0.0006580952795680195,1.2519595889217906e-05,127.8436509318934,-0.21904099658238352,66.77663119925212,139.26005922313186,-0.24845821774657909,68.84074863756418,149.72608430587005,-0.771234778455213,62.100403197698355,37.7394966033792,2.564820867984572,39.24465189477362,51.48062184288452,0.5267531812530465,37.90502114227817,152.74720431980492,-0.737820295022153,64.06799294106604
445_Leptophobia_eleusis_eleusis.png,Dataset_pieridae,104583,0.001942104463546763,0.028623305041078483,0.019262106545890716,0.037829815128228826,0.000639152103539241,7.309452247922171e-05,3.144764339222329e-05,7.649426771081342e-06,4.249681539489634e-06,2.5498089236937805e-05,0.0001827363061980543,5.0146242165977684e-05,2.2948280313244026e-05,2.719796185273366e-05,3.654726123961086e-05,0.00013089019141628074,0.01295382614765306,0.011922946367956551,0.00525659045925246,0.0044283009666963085,0.004793441572722144,0.008752019926756739,0.009554014514787297,0.003187659562261553,0.0009567759578516585,0.00035677404549496573,0.00014701242075671955,9.502022317202605e-05,3.884474532189744e-05,2.5099681592610655e-05,1.0159394930342407e-05,2.1514012793666274e-05,0.0,0.00013924347169234005,0.005499818326114187,0.010957206238107533,0.00537969842134955,0.002444828509413576,0.002002596024210436,0.0019308826482315482,0.0017390493674880238,0.001510761787288565,0.0014049845577197059,0.001526299685417324,0.0015460208638115181,0.0025804863123069714,0.00851476817455992,0.015323355612288803,129.3228918657908,0.04700197543440987,86.12088057165742,147.37791036784182,-0.08377624828726012,87.16569375974457,149.62768327548454,-0.06738407315613529,81.90437402561534,27.701261199238882,3.7604110064794343,13.115387942199966,57.346471223812664,0.4002400039287841,40.04768327851512,151.4542229616668,-0.07323525881083447,83.19059206792328
446_Leptophobia_eleusis_eleusis.png,Dataset_pieridae,101723,0.0,0.00020447686363949156,0.08212192806827256,0.006542385803713134,2.0098153263710706e-05,0.0,0.0,0.0,0.0,0.0,0.0,0.0,0.0,0.0,0.0,0.0,0.0,8.294584312299087e-05,0.0007932080257168979,0.0022776314107920527,0.010247805314432331,0.024838286326592806,0.018418278068873313,0.004281234332451854,0.0008693953186594969,0.00020767181463385862,0.00011059445749732116,7.557287928983612e-05,6.942874276220717e-05,7.065757006773297e-05,0.00010260708001140352,5.468281509589768e-05,0.0,6.144136527628953e-07,1.8432409582886859e-06,6.1441365276289535e-06,3.133509629090766e-05,0.00012411155785810486,0.0003643472960883969,0.0007962800939807123,0.0022499827964177228,0.004198902902981627,0.011544832535414802,0.032876045732037,0.010108947828907916,0.00019415471427307492,2.4576546110515813e-06,0.0,113.88695771851008,-1.3587033305366623,17.31548068931587,175.6296019582592,-1.7027367978319057,17.723184928292948,175.4992676189259,-1.6945897064220419,17.96576910419098,30.14817691180952,0.12086055769505828,2.6984027063285096,91.6950050627685,1.5850864088772854,19.502513396605128,177.82579161055023,-1.751214033622974,17.565049110616062
447_Leptophobia_eleusis_eleusis.png,Dataset_pieridae,98661,0.000741484026672703,0.008848255924608283,0.016182911405947863,0.04972808122989046,0.011634902454983337,0.0006378744725203812,0.0001783886236709541,7.117525893942107e-05,5.49581113329707e-05,5.2255253398562306e-05,0.00018739815011898205,0.00014415242316844772,6.306668513619589e-05,9.369907505949102e-05,7.838288009784346e-05,0.00019190291334299605,0.019458043198426936,0.029632402874489414,0.00870911505052655,0.0009122145528628334,0.0006740251973930935,0.0005695006132108939,0.0004865144281935111,0.0005371930144636685,0.0005257903325528831,0.00040099431386262047,0.0002521259666940331,0.00015900406442261888,0.00011085940746596933,6.27147505093198e-05,9.502234925654513e-06,0.0,0.0,1.2669646567539351e-06,4.4343762986387734e-06,1.7737505194555094e-05,6.588216215120463e-05,0.0001228955717051317,0.0002578273076494258,0.00043266843028146886,0.0010002685965072318,0.0038572738974873557,0.009611193886135353,0.017258592554302104,0.018505919258876354,0.009049295060864982,0.002190581891527554,0.00012416253636188566,168.90968062354932,-1.339343296534057,30.387610295791948,187.39963105989196,-0.9524818641205126,22.30797276091719,184.5000760178794,-0.6846123357199073,23.044501277489726,36.92791477888933,4.204985266987403,14.26050740456304,27.041536169307022,3.639104352310722,27.133490152245177,188.32530584526813,-0.8763201723987809,22.372121408336387
448_Leptophobia_eleusis_eleusis.png,Dataset_pieridae,77834,0.00025695711385769713,0.002879061706823354,0.021643783208138118,0.0569371283043971,0.006894444872706302,4.910735953724879e-05,2.7408758811487697e-05,2.2840632342906413e-06,2.2840632342906413e-06,1.1420316171453206e-05,4.6823296302958144e-05,1.3704379405743848e-05,1.827250587432513e-05,1.4846411022889167e-05,3.768704336579558e-05,5.367548600583007e-05,0.0006054551995271989,0.011335020685047666,0.02348909217051674,0.014306890305008094,0.0039868502196983326,0.0011739728139373538,0.0009732250687360279,0.00089934989850194,0.000986072924428913,0.0010503122028933372,0.0012366061104401675,0.000981254978544081,0.0005733355602949867,0.00033083228409178507,0.00026579001464655547,0.00030593956368682066,0.0,8.91319988693887e-05,0.000756417503918596,0.0010382673381812576,0.0007371457203792687,0.0007797042423619498,0.0014726854587969267,0.0030401238533288794,0.007814708225197215,0.013727130816866665,0.014844894262147648,0.010588239072898733,0.005391281445126808,0.001864545057429915,0.000351710049592723,4.014954904026518e-06,123.54805098029139,-0.8977201623636116,38.72192632806479,156.71816943752088,-1.228579641731723,33.56016009675968,151.99177737235655,-0.9690365614591959,34.321023600935725,35.85851941310995,5.317348822259958,8.502751652800898,57.47142636893902,2.331972708711025,42.58924129355368,157.68071793817612,-1.1512315071149302,33.51979519410642
449_Leptophobia_gonzaga_sotara.png,Dataset_pieridae,12918,0.0,4.816707092601194e-05,8.257212158744903e-05,0.0010871996009014122,0.0018372297053207412,0.0064543875040856,0.07303504154409868,0.006344291341969,0.0,0.0,0.0,0.0,0.0,0.0,0.0,0.0,0.0033770707539866854,0.05433310109924137,0.00462532899829695,0.00010644062548382102,4.354389224338133e-05,4.838210249264592e-06,0.0,4.838210249264592e-06,4.838210249264592e-06,0.0,0.0,0.0,0.0,0.0,0.0,0.0,4.838210249264592e-06,4.838210249264592e-06,6.773494348970429e-05,0.00015966093822573153,0.00026610156370955254,0.0007450843783867472,0.0010111859420962998,0.0014756541260257006,0.0018965784177117201,0.0028545440470661093,0.00830236878773804,0.04230047220932033,0.0033819089642359496,2.9029261495587553e-05,0.0,0.0,164.8110388605047,-2.6555723965422167,22.12758005711351,174.87412912215513,-2.660187723838729,22.69009995247435,157.75336739433348,-2.752563473404338,20.19736230097601,71.44573463384425,-2.8493506738268475,6.25372754598479,25.131367084688033,1.2466786206117382,5.6079814374287675,174.8763740517108,-2.6581774542581402,22.680869881848693
450_Leptophobia_helena_helena.png,Dataset_pieridae,70745,0.0003681453734461014,0.016217243464398737,0.05129659732529193,0.019633582271224508,0.0007614201239192405,0.0002638584587838952,0.0001683668260811522,9.80045704054468e-05,8.795281959463174e-06,1.256468851351882e-06,2.512937702703764e-06,3.769406554055646e-06,1.2564688513518819e-05,1.2564688513518819e-05,1.0051750810815056e-05,3.0155252432445168e-05,0.00016078874832143615,0.004436709308078309,0.01291875750936462,0.012658138384338116,0.008467912926708602,0.007327372959219733,0.0041813909110184466,0.0015274931090536433,0.0004399604212311824,0.00023588239451551347,0.0003047918580818432,0.00038695314156477487,0.000560993709802813,0.0008799208424623648,0.001936532617146088,0.006076401159092516,8.83454661106792e-07,1.766909322213584e-05,0.00014930383772704785,0.000331295497915047,0.0007332673687186373,0.002874761467241501,0.004524171319527882,0.003754682309703866,0.0029851932998798503,0.0023146512120997952,0.0016405753056753128,0.0014744858293872357,0.0015911018446533325,0.002081419181567602,0.003752915400381652,0.034273623577637996,131.10376705067495,-0.2736396274028163,75.55825220940096,200.02049614813768,-0.8414910476387258,65.8027288763857,201.18449360378824,-0.8698155694742,60.56897630283711,29.7654392536575,4.29422985656074,7.905106952924257,90.81670789455085,1.4522134706215555,68.78122417553358,204.66681744292882,-0.8799576719731993,61.82887584605697
451_Leptophobia_helena_helena.png,Dataset_pieridae,66136,0.00021907718774780586,0.017922664408693195,0.018832573955351265,0.040927113154039484,0.010949827291910273,1.2096286440062901e-05,6.7201591333682776e-06,2.6880636533473114e-06,0.0,0.0,0.0,0.0,0.0,0.0,4.032095480020967e-06,1.2096286440062901e-05,0.0,0.01320385266723116,0.015044756259828233,0.0033510493528486757,0.0026498427482762794,0.0028898784323212775,0.00385285623563566,0.005964036228377888,0.004894270896334825,0.0025250997943631307,0.00230963469214951,0.003178110257650901,0.001386347828716584,0.0007503477682351518,0.00029295693722027337,0.00020695990081045118,0.0,0.0014326539252449498,0.006216357203338575,0.009184672493044636,0.007547893734123624,0.004300796842869239,0.0023946867061812025,0.001716160638683924,0.0015592869239143582,0.0016528441393492198,0.0015659020805612676,0.0021300804403048264,0.004743067315834039,0.008661130095560663,0.009300910245554614,9.355721543486149e-05,103.19146909398815,0.13094350019933165,75.41671483283605,129.06007318253296,0.11581794710500844,76.3814705417087,126.34353453489778,0.07059573282128831,72.16250587649611,33.18490685859441,0.2759951878378323,9.742323802877392,83.91429781057215,0.6964061951547993,57.20004203034919,131.9068283536954,0.10976212667267443,73.97539773142236
452_Leptophobia_helena_helena.png,Dataset_pieridae,126879,0.01909991233992842,0.020291598907445498,0.004004515238052703,0.008556183450373978,0.022491420084402376,0.013546414738101305,0.0008308878712964495,2.2418559765165587e-05,0.0,0.0,0.0,0.0,0.0,0.0,2.1017399779842737e-06,4.3435959545008324e-05,0.0009157346763451793,0.024376078783723075,0.0074283372346881675,0.001359563048258577,0.002365442665846988,0.005208210184506498,0.007318981076458673,0.005470763483318752,0.003927462385422332,0.0022831792495211973,0.001158091567556491,0.00047239889973912154,0.00012167104091299585,6.403738995420834e-05,2.857052782572372e-05,1.4777859220201924e-06,7.14263195643093e-05,0.005104765169965085,0.0061707414150489834,0.002639325656728064,0.0012866589427722476,0.0009551423009323845,0.0010925763916802623,0.0017856579891077325,0.004464883865730342,0.007588923304881028,0.010043525721356568,0.013406966479874527,0.007880047131519007,9.359310839461219e-06,0.0,0.0,108.8927639719733,-0.36948326865362163,60.52286676939688,124.17401618865217,-0.4152787627730263,63.43492726826207,129.62760582917582,-0.9163410838617607,55.09712144871297,33.0725730814398,0.22259350896594676,20.797670497570305,66.55480418351343,0.6005508097052337,47.452630726241644,135.78336840611922,-0.8243844098510034,59.62958652772307
453_Leptophobia_helena_helena.png,Dataset_pieridae,104420,1.702526123135202e-06,6.810104492540808e-06,0.0011568665006703696,0.004603630636957586,0.020345187171465662,0.025989912532720424,0.03136819255570453,0.005007129328140628,0.00039753984975206963,1.0215156738811212e-05,0.0,0.0,0.0,0.0,1.702526123135202e-06,0.0,0.00011671614633212029,0.007616476728596055,0.029344234820915534,0.021107666155908828,0.0024312871097490903,0.0008906339781651025,0.00041838249377513885,0.00018973855583221606,0.00014664336334035624,7.182532081976633e-05,3.950392645087148e-05,4.01024707910362e-05,4.6087914192683395e-05,3.6511204750047886e-05,2.3941773606588776e-06,1.7956330204941581e-06,0.0,0.0,1.1970886803294388e-06,5.386899061482475e-06,1.077379812296495e-05,2.15475962459299e-05,5.746025665581306e-05,0.00018016184638958055,0.0006290701015131201,0.001900976824363149,0.004750047883547213,0.01851776479601609,0.023078074123731085,0.009798170848496457,0.0029765610036391497,0.0005728069335376364,166.39273127753304,-0.47230713483096626,24.62466951293628,194.27032177743726,-0.5599945957202526,19.051157107145198,164.86467151886612,0.07113987782389947,21.84348845026836,63.3063110515227,-0.3930687560923434,11.720896153316216,46.307393219689715,3.187597275424594,16.5319026356378,194.32588584562345,-0.5552617816510347,19.07804298402635
454_Leptophobia_helena_helena.png,Dataset_pieridae,56198,0.0005282908446722106,0.001233733110312348,0.009257743454689965,0.0378629528136628,0.02927427231494992,0.005004527642343935,0.0017335531909004273,0.0010723987805022718,0.0015753822793219212,0.0004507870979987425,0.0003147601140412273,0.0001977136394731327,6.959520109454271e-05,0.000155007493346936,8.541229225239332e-05,7.275861932611282e-05,0.015170691127798142,0.022989029858713834,0.016127130858749422,0.00343873447453646,0.0013123242820029183,0.0005772002562368767,0.0003514359941634934,0.0002680255525107655,0.00027914694473112924,0.00023466137584967438,0.00026246485640058365,0.00026246485640058365,0.00028581978006334745,0.0003314174881668387,0.00030250186839389303,0.0003069504252820385,0.0,0.0,0.0,0.0,0.0,2.224278444072743e-06,3.558845510516389e-05,0.00016126018719527386,0.0003303053489448023,0.0008641321755222606,0.0022420726716253247,0.004194989145521193,0.0064303889818142996,0.010223895868180363,0.015774582725363893,0.022240560162283356,195.72299725968895,-1.7926631648172566,42.13447872743091,223.15822627139755,-1.292627666627223,27.228481605502843,214.52644222214315,-0.7528578955651477,26.2122279907552,45.82652407558988,2.531507887591941,16.58001067654003,34.18509555500196,3.626774855055063,36.51109243913788,224.32141713228228,-1.1304111327179474,25.962477489958978
455_Leptophobia_helena_helena.png,Dataset_pieridae,97530,2.7342014422912607e-06,1.0936805769165043e-05,0.0008603620538409834,0.007347710675917382,0.04320129418868269,0.028504050035886394,0.008495163881198947,0.0004201556216320904,4.648142451895143e-05,0.0,0.0,0.0,0.0,0.0,0.0,0.0,3.844970778222085e-06,0.004653696298574797,0.028492515123551727,0.018738465087665333,0.00560404490925869,0.0019103096483133394,0.0011624628319491439,0.0006446734338152364,0.0004184609863631703,0.00024031067363888034,0.00018199528350251206,0.00010381421101199631,7.305444478621962e-05,5.767456167333128e-05,4.357633548651697e-05,0.00017110119963088282,3.9731364708294885e-05,0.00014610888957243925,0.00013201066338562495,0.00011791243719881062,0.00011534912334666256,0.00016789705731569773,0.0002653029836973239,0.00048510714651901977,0.0011631036604121809,0.003195170716702553,0.006562724289962063,0.0118559673946478,0.028898159540654157,0.009265097918589153,9.035681328821901e-05,0.0,153.86197067568952,-1.8693166099326328,29.615975361426027,189.2582282374654,-2.729760799613851,24.643768039965448,162.8201579001333,-2.0976572743554187,24.32433315270494,55.30487029631908,0.13937479792372773,9.492010156404266,52.197344406849176,3.547177775316684,24.946576099774273,189.2846303701425,-2.7245563440596383,24.64310590249807
456_Leptophobia_helena_helena.png,Dataset_pieridae,84997,5.1243638664371155e-05,0.00027713396420527264,0.010019700041700818,0.034786064344754654,0.04120616021741944,0.0021281796873876594,0.00015268512744894265,0.00013908987637472172,5.856415847356704e-05,3.13736563251252e-05,1.254946253005008e-05,0.0,2.0915770883416803e-06,1.0457885441708401e-06,6.27473126502504e-06,1.6732616706733442e-05,0.0008088520771321341,0.006491405579020436,0.02177870983681777,0.021430168123580833,0.007049513512241609,0.0009551807710860384,0.0006742885043001518,0.0007389966704707225,0.0008448827605680201,0.0006926715060531548,0.00044854524277327437,0.00025368542419144203,0.00011691589114909938,0.00011985717142957987,7.206136687177195e-05,2.4265562313964024e-05,0.0,0.0,1.1029801051801828e-05,4.70604844876878e-05,0.00012941633234114146,0.00038163111639234325,0.0007882631151687707,0.0013191642057954988,0.005759762109250915,0.020605874324976174,0.026797269315387603,0.005603138934315329,0.0009566514112262786,9.41209689753756e-05,6.617880631081097e-06,0.0,125.13920491311458,-1.5768565362301328,22.18170921440059,158.08852077132133,-1.2854235938856557,17.239599279178872,145.41688530183418,-0.7536812330101889,15.848617539356745,43.288951374754404,1.2182928065371412,8.12438549434031,54.02382437027189,2.690502908322233,28.284107931930862,158.52099485864207,-1.258880069726433,17.031271576067237
457_Leptophobia_olympia_olympia.png,Dataset_pieridae,50259,5.482710669841333e-05,0.0007622736447424563,0.024445815122111907,0.03049802025507869,0.02753558787701926,0.003876807028481355,0.0007870342735739978,0.0004598402497286279,0.00017863025085612086,0.00012557176050281762,4.952125766308301e-05,4.2446792282642575e-05,1.5917547105990967e-05,1.2380314415770753e-05,2.1223396141321287e-05,2.2992012486431393e-05,0.0018926958355717383,0.02557253427246861,0.016938508525836168,0.005413209574404584,0.003366312501243558,0.002128971925426292,0.002028243697646193,0.001923784794763127,0.0012460454843908554,0.000646650351180883,0.00046757794623848465,0.000351927018046519,0.00020518713066316482,9.202331920651027e-05,7.461350205933265e-05,0.0001517141208539764,0.0,2.1140492250144252e-05,0.00013927853717742096,0.0004887184384886289,0.001028422770051135,0.001514654091804453,0.0015867804771284744,0.0017882369326886727,0.0022085596609562465,0.0028440179868282297,0.005327404047036351,0.017578941085178774,0.018723014783421876,0.007819495015818063,0.001320658986450188,0.00011067669472134344,147.7052667183987,-1.1717156366728676,41.03638847523384,178.3107901072445,-1.6315685026922448,35.47594309978823,171.83600947094052,-1.5466263181700604,35.07357071957092,41.27189160150421,1.8632216785772138,11.921768579080604,47.69692990310193,2.1768942511156864,37.09360010234351,179.54772279591714,-1.5980290847112981,35.571461065497274
458_Leptophobia_olympia_olympia.png,Dataset_pieridae,46450,0.0007788542040425787,0.010209305107044613,0.00982657576844875,0.011950723597655782,0.012191843080971177,0.008372204281784475,0.006100705657218037,0.011468484631024997,0.012966869991627796,0.0035689510824064106,0.0008439181916038752,0.000334888171271379,9.376868795598612e-05,4.0186580552565485e-05,7.080492764023442e-05,7.080492764023442e-05,0.01902179763186222,0.029079655543595265,0.0054965016146393975,0.003853606027987083,0.002820236813778256,0.0011907965554359527,0.0004507534983853606,0.00024219590958019375,0.00014666307857911734,0.00011706135629709365,7.40043057050592e-05,2.691065662002153e-06,0.0,1.3455328310010764e-06,0.0,2.691065662002153e-06,0.0,2.691065662002153e-06,4.7093649085037676e-05,0.0005018837459634015,0.0028269644779332615,0.00375,0.002909041980624327,0.0027031754574811627,0.002969590958019376,0.0036746501614639397,0.005182992465016146,0.008720398277717976,0.01396259418729817,0.010994348762109795,0.0038684068891280945,0.00038616792249730893,160.5908288482239,-0.857157319856917,50.37394658955466,169.6076856835307,-0.8913703256943475,48.466304221727555,164.01102260495156,-0.7347813360431801,44.43485049802746,58.81752421959096,0.2099652633272731,28.835446930526555,27.0459418729817,2.4249637226533376,21.632683660818987,172.11750269106565,-0.840821526303744,46.79599512509994
459_Leptophobia_penthica_penthica.png,Dataset_pieridae,49380,0.005952927411007606,0.03684982674047072,0.007281400477026237,0.008897889383916115,0.0034255884073624053,0.0014148778182800053,0.0018415012825705416,0.013468340758741731,0.008048242653345934,0.0007182395031726745,0.00021421178164799062,0.00010620584132127268,8.640475226137438e-05,8.460465325592908e-05,0.00032041762296926334,0.00017820980153908467,0.022990076954232483,0.005622215471850951,0.004589408667476712,0.004540046577561766,0.0049488659376265695,0.0052501012555690564,0.005409578776832726,0.004378037667071689,0.0026465674362089915,0.0011872215471850952,0.0004923552045362495,0.00025693600648035643,8.353584447144593e-05,3.037667071688943e-05,2.025111381125962e-05,5.4424868367760225e-05,1.7719724584852165e-05,0.00011391251518833536,0.0022301539084649655,0.010455903199675981,0.008957320777642771,0.00568296881328473,0.00411350749291211,0.0030364013770757393,0.0022668590522478735,0.001831460105305792,0.0017276731470230863,0.0016605913325232887,0.001798552045362495,0.002187120291616039,0.003359153503442689,0.013060702713649251,123.88590522478736,0.3858499620977237,87.8794019723009,133.661482381531,0.3653914743899634,81.93332170082535,135.83631024706358,0.3920404853278273,75.64151317568168,40.797954637505065,0.9220906387172005,32.67643797745803,53.324848116646415,0.6744171808498284,47.48147303654924,138.92737950587284,0.38358649374796794,78.03619404911339
460_Leptophobia_penthica_penthica.png,Dataset_pieridae,51524,0.0008436198017752245,0.012566312139326657,0.011103347738702135,0.01206428072354631,0.011619180705431772,0.008035953040222895,0.004468252119831966,0.008379266620086432,0.016468700670237816,0.002052980703706579,0.0005123825789923142,0.00020184768263333593,0.00014491628496752322,0.00011386279533162539,0.00015871783591681114,0.00015526744817948918,0.028122816551509975,0.020143525347410915,0.00456947247884481,0.002279277618197345,0.001512644592811117,0.0013731464948373573,0.001240926558497011,0.0010941502988898377,0.0007654199984473255,0.0005507142302616256,0.0003238781926869032,0.00022683603757472245,0.0001273678285847372,6.186437388401522e-05,5.2160158372797145e-05,5.579923918950392e-05,1.2130269389022592e-06,2.1834484900240666e-05,0.00023654025308594053,0.0005786138498563776,0.0012530568278860336,0.001984512072044096,0.0022877688067696605,0.0025643389488393758,0.0029221818958155422,0.003394049375048521,0.004035740625727816,0.00571335688222964,0.009148649173200839,0.011640206505706078,0.011953167455942862,0.004764769816008074,174.9227544445307,-1.1092010729502244,56.33837924321961,185.04137877493983,-1.0537545422848886,51.177276331337914,181.08353388712055,-0.8955531757519809,46.794863681246774,56.825945190590794,0.36891762826124186,30.138737719168226,29.767331728903034,2.6739224109351074,34.84425649199441,188.24846673394921,-0.9874783927093358,48.12790887119557
461_Leptophobia_penthica_penthica.png,Dataset_pieridae,58074,0.00022806151538458594,0.003959698928187408,0.012122464441918931,0.013317874129941492,0.013412772210168634,0.011370932871087846,0.006872457745481818,0.010559707346565493,0.014320426429115343,0.002129084348321873,0.0003581637221476048,9.183685183271917e-05,5.0510268507995544e-05,4.2857197521935616e-05,3.3673512338663696e-05,1.8367370366543836e-05,0.023639020904363397,0.029992983090539656,0.004144496676653924,0.0016272342184109928,0.0010127165340772118,0.0006586424217377828,0.0004703051279402142,0.00027012948996108416,0.00017111788407893377,0.00010869752384888246,7.963976994868616e-05,9.040190102283294e-05,7.31824913041981e-05,5.703929469297793e-05,4.520095051141647e-05,5.919172090780728e-05,1.0762131074146779e-06,2.3676688363122913e-05,6.242036023005132e-05,0.0001689654578641044,0.00037559837448772256,0.000641423012019148,0.001068679615662775,0.0015379085304955747,0.0021524262148293555,0.0030316923235871474,0.004421083445259496,0.008242716189689017,0.0137260219719668,0.016085081103419774,0.009110143954265248,0.0018510865447532458,182.7987567586183,-1.4962662912508757,40.50599500829533,193.2266590901264,-1.3471208732660986,35.756794124181965,185.8572338740228,-1.1892197139921197,34.20779566903397,60.09623928091745,0.19097710371827673,25.834712388603485,23.341392017081656,4.529557990461534,23.70467366506727,194.64944725694804,-1.3515275587327413,35.15621602034628
462_Leptophobia_penthica_penthica.png,Dataset_pieridae,23819,0.00135092899692589,0.0023473324283601795,0.002552584071539527,0.0033586632520256937,0.002321209491955535,0.002339868732244567,0.009045999692122535,0.030754159844381936,0.030735500604092903,0.003395981732603757,0.0002089834912371543,0.00011941913784980244,5.2245872809288574e-05,2.985478446245061e-05,0.00010449174561857715,0.000171665010659091,0.0007425794533775557,0.0060665854989714095,0.012629098618749737,0.01670147781183089,0.012545132037449095,0.007118791720895083,0.0029178387001973214,0.001217515428859314,0.0007084680297241698,0.0004854317981443386,0.00040671312817498637,0.0002256601872454763,0.00019417271925773543,0.00011283009362273815,7.609471430370712e-05,0.0003516100591964398,0.0002781393005583778,0.0016321004240312355,0.002395671522733952,0.0011597884042151224,0.0007215878080523952,0.0009446240396322263,0.001288362231831731,0.0018498887442797768,0.002781393005583778,0.004935660607078383,0.008572463159662454,0.01095501490406818,0.012403438431504262,0.007874490952600864,0.0033088080943784372,0.0013985683697888241,160.10109576388598,-1.2692205684569775,55.45413446704481,164.8700197321466,-1.299513597211582,53.61734637328325,133.68012930853521,-0.6001889574047156,47.48690168559597,80.678953776397,-1.4055465205283553,22.633572396279213,63.82085729879508,2.1375394414717914,33.16654322240103,168.74675679079726,-1.2928697911618816,53.15433062293746
463_Leptophobia_penthica_penthica.png,Dataset_pieridae,77455,0.023666214791384244,0.0067812851906841965,0.0033556401925132155,0.0039719120062545275,0.004172745465108773,0.0039983072608467994,0.003442859294644202,0.0040706073060343285,0.005394960514707465,0.007953004970628107,0.004761474404492931,0.00517002704079071,0.00370336898127228,0.0018660297376971574,0.0020198107861912652,0.004560640945638687,0.017907978826415337,0.018877896843328384,0.003460073591117423,0.00211574462591182,0.002273900974759538,0.001998741204570396,0.0014992576334645923,0.001986637402362662,0.0036884319927699954,0.0034689497127364274,0.002247272609902524,0.001349977406235879,0.0010974114001678394,0.00040910851462139307,5.8098250597120906e-05,6.0519011038667614e-05,8.069201471822349e-07,1.2103802207733522e-05,0.0003453618229939965,0.0018914208249951586,0.0034132722225808532,0.0039095281130979275,0.0032994964818281584,0.0028193789942547284,0.0030025498676650958,0.004143534955780776,0.00590342779678523,0.007284068168614034,0.009393357433348395,0.00975969918016913,0.005741236847201601,0.001580756568329998,143.81035439932865,-0.4284589193470158,71.25106228253581,147.4274352850042,-0.4101558761417756,66.99544379568793,161.13237363630495,-0.656018483652502,49.229496694775925,67.78738622425925,0.32344683907022825,55.67217562719994,56.624646568975535,1.0859903916667628,59.159092369005045,167.11325285649733,-0.6103549179396598,53.21861067508563
464_Leptophobia_philoma.png,Dataset_pieridae,176711,0.033144890055891635,0.018568422138092393,0.005005033328114517,0.018371238915517427,0.012723348040334531,0.0007188133292337332,8.400407696433411e-05,7.545276374041985e-06,2.0120736997445294e-06,0.0,5.030184249361324e-07,1.509055274808397e-06,3.5211289745529265e-06,0.0,3.018110549616794e-06,0.00025503034144261914,0.0002956805179077703,0.02164020632558245,0.0038006971835369617,0.0010101238745748708,0.0007674960811720833,0.0008594541369807199,0.0026706741515808295,0.003509614568419623,0.0035333114520318485,0.0026363667230676078,0.0018904454165275507,0.0017380072547832335,0.0018080368511298108,0.002184711195115188,0.002645562528648471,0.011509611738940983,0.002503027542145084,0.012159330771712005,0.005162737463994884,0.002512223347725948,0.0015381753258144654,0.0010776776771112154,0.0009284226788371974,0.0010985450820831754,0.001497147885530612,0.0031492097266157737,0.007221183174788213,0.009044782158439487,0.008841767066000419,0.005536582329339996,0.00022565092156119314,3.536848300332181e-06,88.78105494281624,0.08775663610071946,74.68508579609127,104.83901964224071,0.02941872360964762,79.4067288719121,118.96134366281669,-0.3144762307308182,72.77830106626318,23.65705587088523,1.9232568763634523,18.466010620114112,119.2226233794161,0.3119701336598873,90.76251416465998,122.20469014379411,-0.28336222633040653,75.82538412816781
465_Leptophobia_philoma.png,Dataset_pieridae,133971,0.0028477141404566,0.03120277273937394,0.017876505611911037,0.013580385141394613,0.007598327664610666,0.004651752991319017,0.004929093278064325,0.004236406054710016,0.0013395933945903715,0.00018577818250881825,0.00010151450687088996,7.829223405728769e-05,4.047310404656398e-05,2.056829877776202e-05,8.492716914688834e-05,0.00011478437705009128,0.01612335878660307,0.021542442021034402,0.006209832724992722,0.004280310664248233,0.0032903576147076605,0.0026269677766083705,0.0023535877167446687,0.0022098999037105044,0.0020176941278336356,0.0010781251166297183,0.00040400534444021466,0.00015954945473274068,6.811175552918168e-05,4.525233072829194e-05,2.565853804181502e-05,6.484612341476886e-05,8.86385859626337e-06,3.452239663807839e-05,0.00014508736965462675,0.00040867053317509015,0.0009754909644624583,0.0017438475490964462,0.0033477394361466285,0.0044361279679930735,0.0038357181778146017,0.003761541676930082,0.004729101820543252,0.006768255816557315,0.00904440140030305,0.01084283165759754,0.007829119734867994,0.004588679639623501,157.92180397250152,-0.67041729597191,58.61986821239354,174.4453426487822,-0.6888393834763044,53.559264132389,177.91772846362272,-0.5826148749547799,46.14585142910202,35.36840808831762,1.4731906675828481,22.97288273213655,42.70958640302752,1.5722204463594134,40.54895274313147,181.5697725627188,-0.6505202026445813,47.76501857773178
466_Leptophobia_pinara_pinara.png,Dataset_pieridae,132539,0.029369636274773632,0.0033191069127661375,0.0015921519116805032,0.003732905450890346,0.007972160814720363,0.022939327711507973,0.018881821786627163,0.000844363629657015,0.00012273117095094023,1.4754566999566584e-05,1.3413242726878712e-05,5.3652970907514854e-06,1.3413242726878714e-06,0.0,2.6826485453757427e-06,7.71261456795526e-05,0.005647394351851153,0.030469805113966453,0.003280166592474668,0.001202004692958299,0.001653758516361222,0.0028826420902526803,0.006482054338722942,0.004479341929545266,0.0031792528991466664,0.0014651347905144901,0.0010449754411908947,0.0005606840250794105,0.00010185681195723523,3.5838507910879064e-05,1.0374304921570255e-05,4.7155931461682975e-06,0.0,0.00010421460853031937,0.00046165656900987634,0.0010180965602577354,0.0009982910690438287,0.0012868853695893285,0.001800413463207056,0.0027817283969246787,0.006586268947253261,0.010783618406657662,0.0041652834260104575,0.026616222394917722,0.0058930767547665215,4.2440338315514675e-06,0.0,0.0,133.0840507322373,-0.6777084362965542,50.18937538564673,145.75472879680697,-0.7247485620218292,49.9440292680475,152.43913112366926,-1.762626777894792,29.105286830804605,41.87499528440686,-0.1876858014321284,28.14248824816178,55.854012781143666,0.9403889220854225,47.517624712856794,161.2220780298629,-1.4155745336221128,34.24687290739421
467_Leptophobia_pinara_pinara.png,Dataset_pieridae,116961,8.055866675406522e-05,0.003790057274552106,0.01227455685608403,0.03999433809370455,0.03194075138056465,0.0006292695855883584,0.00010335828942031009,1.6719723288579573e-05,1.0639823910914274e-05,1.1399811333122436e-05,6.8398867998734625e-06,6.8398867998734625e-06,3.799937111040812e-06,3.799937111040812e-06,9.119849066497949e-06,6.8398867998734625e-06,0.0004440582758355349,0.010555334684210976,0.03410164499277537,0.01211889005736955,0.0019157026701208096,0.0008133052897974539,0.0005552064363334787,0.0004435239096792948,0.00037245321089935963,0.00030939800446302615,0.00025489265652653447,0.00020466223783996375,0.00014962252374723197,0.0001245073144039466,7.90861911235369e-05,5.7711544873932333e-05,0.0,0.0,0.0,1.9771547780884225e-05,0.00010633886509178273,0.0002399304041518113,0.0006652858645189422,0.0019846359042757842,0.009257359290703739,0.021871606774907876,0.019612841032480913,0.007196843392241858,0.0013957644000991783,0.00014908815759099187,5.343661562401142e-07,0.0,129.7249083027676,-1.2524590652903054,24.09477258078394,156.1508366036542,-0.7639565301150113,19.118111412514388,148.09474953189525,-0.018105683556955722,17.09784489378305,40.136840485289966,0.3155790536959807,8.572730092218357,45.388437171364814,3.8804105481970215,25.57061563481855,157.12516137857918,-0.5069469807021064,18.161875410898787
468_Leptophobia_pinara_pinara.png,Dataset_pieridae,555753,0.00034355789952250973,0.0014985074304592148,0.005861436845345164,0.012822802775893448,0.019805601089372835,0.024644041507648182,0.01838674535070236,0.004638191586710083,0.00047791015073242975,0.00013739117117776342,9.356674637833714e-05,4.5903685830056e-05,2.8789768116411427e-05,1.375511143339657e-05,4.7503117392078855e-05,4.318465217461714e-05,0.014989797625923746,0.03603106955787913,0.008141094155137264,0.001259102514966181,0.00048369059636205295,0.00037674110621085266,0.00037426698551334855,0.00031095198766358434,0.0002068139983050024,0.00013573925826761168,8.693160450775794e-05,5.218145471099571e-05,2.3841526721403212e-05,1.2932903646044197e-05,7.309902060807589e-06,7.5348221242170535e-06,0.0,0.0,0.00018038589085439034,0.0002718158966303376,0.00024954881035280064,0.0003653826430086747,0.0005497046349727307,0.0012012980586699486,0.004804967314616385,0.011605200511738129,0.015188289581882598,0.02177766021955797,0.0047616702024100635,0.001129773478505739,0.0003292829728314557,8.50197839687775e-05,154.84416998198841,-1.4291870476123378,28.29366368136417,168.07274274722764,-1.3834823482843661,25.144288449014756,157.65739636133318,-0.9657196064369628,23.121781852218707,56.48822228579963,0.0625565205933415,16.453727370107966,25.180315715794606,4.378939257243145,19.24303256485873,168.41274810932194,-1.2980703417680464,24.663168243965007
469_Leptophobia_smithii.png,Dataset_pieridae,132257,2.553950095479088e-05,0.00034142280223773075,0.006919188482357162,0.033743729590452264,0.03360527861159208,0.012047923529357404,0.001250763454654364,0.00039653435692964793,0.00019893927059521318,0.00017138349324925461,0.0001014859116887743,4.5702264866467894e-05,2.2851132433233947e-05,2.688368521556935e-06,1.075347408622774e-05,4.704644912724637e-06,0.001998003886372744,0.014520497969861709,0.01437353032353675,0.00911482946082249,0.008153632699970511,0.00566794196148408,0.003428457472950392,0.0016034122957575025,0.0007480700454418292,0.000695142790173677,0.0005287999879023417,0.0004697293905048504,0.0003799420824606637,0.0002910999039748369,0.0002235231405521069,0.00030338658823351506,0.0,1.41769433753979e-06,1.0396425141958459e-05,4.489365402209335e-05,0.001721080925773305,0.00870606092683185,0.00910915868347233,0.0024129157624927225,0.0012910469767195686,0.0019946959329184845,0.0035470712325245545,0.010030660002873193,0.015077179279735667,0.007116353009670565,0.0013784714608678559,5.8598032618311315e-05,125.75447802384751,-0.23075897224354533,54.19328057935686,158.10679964009466,-0.3961290762498476,48.85686307951488,145.42539147266308,-0.2802209720224912,45.39234754705336,45.94836568196769,1.3322886577359998,11.760347412291644,59.09184390996318,1.8306013035053457,40.6332202234015,158.62022426034162,-0.3942461019829746,49.03008520329578
470_Leptophobia_sp_x_angelopolis.png,Dataset_pieridae,43621,6.113263489297968e-06,8.966119784303687e-05,0.0033908234820639394,0.0047051751322630024,0.0064943235801308745,0.014977495548780024,0.024536601891545613,0.016815550104562278,0.015923013635124775,0.0018462055737679863,5.909488039654703e-05,2.0377544964326563e-06,4.0755089928653125e-06,0.0,1.2226526978595936e-05,2.6490808453624526e-05,0.004215286215354989,0.04051947456500309,0.011541172829600422,0.0020632264276380643,0.0015760757433346325,0.0011175809816372849,0.0006748469773732835,0.00033384149836088124,0.00013325004011829165,7.163980651521057e-05,5.8744641342472665e-05,3.868549551821371e-05,5.1580660690951605e-05,3.868549551821371e-05,3.725269938790949e-05,2.8655922606084225e-05,0.0,3.438710712730107e-05,0.00022351619632745697,0.0005287017720822539,0.00031091676027601386,0.0002679328763668875,0.000495747461085257,0.0007608147451915361,0.0013826482657435639,0.0024529469750808096,0.004398684120033929,0.010857729075445313,0.01813060223286949,0.015408289585291488,0.0058859265032896995,0.0013611563237890007,180.9344123243392,-1.5933679438427342,37.83358913797127,193.72208340019716,-1.9093246755785158,31.98174090247992,176.4709658192155,-1.5344008834374747,32.253831994429596,72.46702276426493,-0.47808450041669137,17.992447141831136,31.309254716764862,3.986064009853093,21.244745723987627,194.5265583090713,-1.8913938048790078,32.15889036386889
471_Leptophobia_tovaria_pseudolympia.png,Dataset_pieridae,77268,0.013050105548940772,0.024161791858639196,0.004439382696876096,0.033572040747067926,0.005748534681598822,0.0006672303612822327,0.00045210608962744384,0.0025285729898247367,0.0003025544569262538,0.00019211632816229805,0.0006074097082017566,0.00045900847267519115,0.00018981553381304894,0.0002323802292741569,0.0005349346862004108,0.0017509044997785486,0.028752200134596468,0.007054181549930113,0.00482816301703163,0.0038502355438215044,0.0045539550654863595,0.0054445242532484344,0.0051598009525288605,0.002328745405601284,0.00028634104674638916,0.00013993503131956307,5.1767872858104264e-05,2.2648444375420613e-05,1.1324222187710307e-05,8.088730134078791e-06,4.8532380804472745e-06,3.2354920536315165e-06,3.8825904643578196e-05,0.0074084679298027645,0.012373330486100327,0.004138194336594709,0.0033616762437231455,0.0025309636589532537,0.0018895273593208055,0.0017067220582906249,0.001846657089610188,0.002107923072940933,0.002160499818812445,0.002033506755707408,0.002235725009059378,0.004555572811513175,0.00622023347310659,0.007892173991820677,117.34179738054563,0.19923147023083407,86.98631190901699,123.10349691981156,0.1896311400714692,87.17132617047868,124.64595951752342,0.2157437597897035,84.52035716827262,33.32498576383497,2.655459201198264,31.584411363639678,39.2323600973236,0.8494336187720724,38.495053700156255,125.9376326551742,0.20336033997444844,84.75204039330167
472_Leptophobia_tovaria_pseudolympia.png,Dataset_pieridae,167096,0.04231180479085875,0.02611778724671912,0.010511588813882106,0.008523643095386285,0.0001984221977519244,4.202507673566227e-05,4.1493113739008314e-05,2.4470297846081824e-05,9.202959842113382e-05,3.670544676912274e-05,0.000213849124654889,0.00013618252714341192,5.6920040641972945e-05,9.043370943117196e-05,5.8515929631934805e-05,0.0004330178792763175,0.013034423325513477,0.00835298271652224,0.001846618111744147,0.0013095017235601092,0.002088619715612582,0.005986827931249102,0.006739763369560013,0.003260850050270503,0.008470804208359266,0.007373755206587829,0.0035092102743333174,0.00037441051850433283,7.705151529659597e-05,2.730466318762867e-05,1.383934983482549e-05,3.403731986403026e-05,1.3091276870780868e-05,0.0030887932685402402,0.007056198233350888,0.0036498479915737063,0.001953218509120506,0.00150063436587351,0.0012836932063005698,0.00123357231770958,0.0014598643893330779,0.0018926245990328913,0.0022292574328529706,0.0032514991382199456,0.005032660865610188,0.008607701560779432,0.009371110020586968,0.010876232824244745,120.33323359027146,0.37997065585251405,84.34629823299534,136.2186228275961,0.14842719959632072,81.58738734857333,164.9297709101355,-0.5938869371406289,80.06625821701691,16.35255781107866,5.092300677639024,18.416451503849206,81.55959448460766,-0.08588086978413137,58.47102654779535,165.2033980466319,-0.5932127758668141,80.2017658905742
473_Leptophobia_tovaria_pseudolympia.png,Dataset_pieridae,74037,0.006480843662252957,0.02925624274949612,0.011931571751661705,0.03624373999186593,0.0014563288926107516,0.00025812919366142756,0.00017288652970811892,0.00016088052070061066,0.0003385694540117329,0.00014647330989160076,0.001081741411576494,0.00041180610895753323,0.00014287150718934825,0.00015487751619685654,0.00015247631439535488,0.0004994499747123435,0.0208054756405581,0.012133291462376919,0.004473270121695909,0.003161426043734889,0.003548901225063144,0.005193349271310291,0.005797776787282035,0.0034214311763037402,0.0019762078420249335,0.000865276821048935,0.0003292272782527655,0.0002608493050771911,0.00017136701919310616,0.0001316909113011062,6.58454556505531e-05,0.00016461363912638276,0.0006812472142307225,0.014122161892026959,0.006287396842119481,0.002519010764887826,0.0021771208990099544,0.0019508826667747206,0.0019044531788159973,0.0016807474641057848,0.001533861447654551,0.0016478247362805083,0.0017102935018976997,0.0015726933830382105,0.0017820481651066359,0.0026498575036805923,0.005444068506287397,0.014836331834082958,122.30113321717519,0.10000163111269544,94.78761448600426,131.73849561705634,0.04092592385238331,94.88682235414423,132.42378810594704,0.05506995532085844,92.92926987797689,30.023677350513932,3.578976839612025,22.208661623374287,49.75462268865567,1.0144599025568084,47.418813279209395,133.6107486797142,0.04508411985290858,93.36483093256835
474_Leptophobia_tovaria_pseudolympia.png,Dataset_pieridae,80069,0.00016319257973331335,0.0004140872941532373,0.012158402266933658,0.04600365518073995,0.02297351867347746,0.005239925009124075,0.000983596092814392,0.0005206620401015235,0.00019982764865303674,4.440614414511928e-05,2.4423379279815603e-05,6.549906261405094e-05,3.441476171246744e-05,2.220307207255964e-05,2.775384009069955e-05,1.3321843243535783e-05,0.007669947170565387,0.01922872772233948,0.014155759407511022,0.007826843097828124,0.004624136682111679,0.0029966341530430003,0.0019233411182854787,0.001371473354231975,0.0008890769211555034,0.0006096304437422723,0.0004347812511708651,0.00033798973385455044,0.00020216937891068954,0.0001131836291198841,4.761518190560641e-05,6.869075422448138e-05,0.0,1.5611535051018496e-06,8.586344278060173e-06,7.961882876019434e-05,0.0005206446939514668,0.0013535200889233036,0.0016009629194819468,0.0018507474802982428,0.001868700745606914,0.0022082516329665664,0.0028272489977394497,0.004752151269530031,0.012303450773707677,0.02207158825512995,0.008074285928386767,0.0029786808877343292,162.98536262473615,-0.8406192098359716,46.72511924917174,196.44343004158912,-1.4979852614425289,37.85985218477799,187.43287664389464,-1.3485924051364586,37.5374375473185,42.268480935193395,2.5598233676762345,10.930621808313969,46.530280133384956,1.9003800382625884,36.225262461200714,196.80503066105484,-1.4714524322621687,38.0227037833061
475_Leptophobia_tovaria_pseudolympia.png,Dataset_pieridae,101047,0.004072912165186057,0.01802021721465149,0.02807230518691522,0.023974762019434298,0.010096071904933128,0.0008867160826150207,0.0003052484927256073,0.0007292536036585834,0.0004398393266939587,0.0001521844070361097,0.0005436414077937329,0.0004697484009091479,0.00017065765875725597,0.00016977798010386804,0.00025158809486894437,0.0005339649426064658,0.02789667184577474,0.01670076795946441,0.007213846032044494,0.00411256642948331,0.002254520173780518,0.0015382693202173245,0.0008399556641958693,0.00043420388532069233,0.0002981285936247489,0.00026101715043494613,0.00023256504398943065,0.00020906112996922223,0.00018184607163003355,0.00020225736538442507,6.494502558215484e-05,5.937830910368443e-05,2.4740962126535177e-06,5.6285688837867525e-05,0.00024493552505269826,0.0006061535721001119,0.0010787059487169337,0.0013131265648658546,0.001451057428721288,0.001863612972181262,0.0023015280018209346,0.002885414708007165,0.0045084218235078724,0.00793442655397983,0.012822003622076856,0.014963333894128475,0.007435896167130147,0.003032623432660049,170.6085386008491,-0.9954854748696907,50.66233839962068,186.46834641305531,-1.2725117860814852,43.69957142736627,187.51235563648598,-1.3118394147030075,42.16460779239361,33.890842875097725,3.3059818506906695,22.57977655143454,28.852118321177272,2.8865914211742116,33.150663535749686,189.1533147941057,-1.3064468595931935,42.58113497754643
476_Leptophobia_tovaria_subflavescens.png,Dataset_pieridae,106994,0.001993050492966376,0.034673595404103655,0.004980549272752574,0.04305620460545036,0.0033007042970218474,0.0006596423890851617,3.3231354613862045e-05,2.2431164364356878e-05,0.0,0.0,2.6585083691089636e-05,1.3292541845544818e-05,8.307838653465511e-06,9.138622518812062e-06,2.076959663366378e-05,9.138622518812063e-05,0.000223727498738247,0.011361034263603567,0.016965320485260855,0.003092463128773576,0.0035778875450959867,0.0053040357403218875,0.007524370525450025,0.0074612828756752715,0.004473381684954297,0.0017553554404919902,0.0003639222760154775,0.00019335196366151373,7.184982335458064e-05,4.7315737331065294e-05,2.9791390171411483e-05,5.490962110024861e-05,0.0016858421967586967,0.02418651980484887,0.0047999186870291794,0.002161336149690637,0.0016099033590668635,0.0011659532310223004,0.001662476400545825,0.0021963848440099444,0.005597860627698749,0.010661228667028058,0.006708904237620801,6.308764977475372e-05,5.841449053217937e-07,0.0,0.0,0.0,66.12029646522235,0.28435892107713107,55.809432996688095,78.15552273959287,0.27597913197161417,61.3915925982703,77.83944894106212,0.2576783531947773,57.753284221452915,29.615006448959754,2.083154976217369,12.713403453743682,71.86036600183188,0.5057985163344572,42.64403530625833,80.41860291231283,0.26326259686906683,59.957296086378015
477_Leptophobia_tovaria_subflavescens.png,Dataset_pieridae,119884,0.008222763486184793,0.03232754625767872,0.005431176062786619,0.04053696350916998,0.0020264033009687143,0.00014977441156080508,9.638947278665673e-06,1.186331972758852e-05,5.190202380819978e-06,8.156032312717107e-06,1.7794979591382782e-05,5.190202380819978e-06,1.4087692176511368e-05,2.4468096938151323e-05,2.5209554421125605e-05,7.266283333147968e-05,0.00020280020686663775,0.010660304961462747,0.01595292115711855,0.002353316539321344,0.0024356878315705184,0.004848958159554236,0.0073352157085182345,0.006915539187881619,0.005421907844249441,0.004250462947515932,0.0017355318474525374,0.00016682793366921356,8.654199059090453e-05,6.15178005405225e-05,2.1896166294084282e-05,5.0569717393480365e-05,0.0015963347902972873,0.022582246171298923,0.003948608655033199,0.001511878148877248,0.001164146174635481,0.0012845750892529445,0.004187381135097261,0.004396437389476494,0.005278540088752461,0.010106123419305328,0.0063900311968235965,5.161239197891295e-05,2.0853491708651696e-06,0.0,0.0,0.0,65.3018417803877,0.3405962169091244,54.419110502464186,77.80598745453939,0.3101241791788488,59.65377278405926,81.59715224717226,0.09226521073689889,56.40930808476669,27.53897934670181,1.7673989178163758,13.236687399401445,78.61828934636816,0.3481562916235843,46.93643884167104,83.83047779520203,0.11658762012367749,58.536187389182814
478_Leptophobia_tovaria_subflavescens.png,Dataset_pieridae,110718,0.0009296892405330058,0.018833834105063715,0.033848556191806614,0.032421908713026686,0.0022198538428961664,0.00015494820675550095,7.626984270348493e-05,4.4156224723070226e-05,1.685964943971772e-05,3.693066067747691e-05,7.626984270348493e-05,5.539599101621537e-05,1.766248988922809e-05,2.4888053934821398e-05,3.291645842992507e-05,9.874937528977522e-05,0.006830980509040987,0.02382911992629925,0.01375228056865189,0.005360465326324536,0.0036652802615654186,0.0028778066800339602,0.0023912101013385356,0.0013265683989956466,0.0007400558174822522,0.00040530898318249966,0.00024442728372983614,0.00018967105619682436,0.00013547932585487456,0.00013604382304593652,0.00020942845788399358,0.0004058734803735617,3.0482848317346772e-05,0.00048377409274011454,0.002335889376614462,0.0038481773514694993,0.0033937571126646075,0.0037810021857331236,0.0051978901352986865,0.008115211618706986,0.011178737874600336,0.013171977456240177,0.010010793186293105,0.0009015020141259777,3.838580899221445e-05,5.080474719557795e-06,6.20946910168175e-06,1.1289943821239547e-06,105.43177261149948,-0.7197494528924387,41.00432564985307,121.42927979190375,-0.77931850943645,39.230244718317365,122.96230061959211,-0.7877606136657879,37.19290918154531,29.348768944525734,5.334805318705045,10.809675649944115,45.32653227117542,2.487398319747684,38.43992868343817,124.17651149767879,-0.7773707617745431,37.80042773900056
479_Leptophobia_tovaria_subflavescens.png,Dataset_pieridae,107763,0.0009122900356440626,0.030966720179158583,0.02918668229767587,0.018493257322911287,0.0047338449498745706,0.002163595627029273,0.0008380530526350521,0.0006095681160406529,0.000289524233735141,0.00013692599088328608,9.650807791171367e-05,0.00011300518524704933,2.639537173653707e-05,0.00012867743721561823,8.908437961081261e-05,0.00010475663157938151,0.021914989374831807,0.019251737609383555,0.009372419104887578,0.004316184590258252,0.0022363891131464415,0.002519997587298052,0.0016871514341657155,0.0005254586453606525,0.00018153262251422103,0.00010381578092666315,7.887679444707367e-05,8.873639375295788e-05,8.931637018271578e-05,7.713686515779999e-05,3.885842079377894e-05,1.739929289273684e-05,0.0,0.0,1.1599528595157892e-06,1.8559245752252627e-05,0.00011541530952182103,0.0005196588810630736,0.001607114686859126,0.0035036376121674417,0.003555835490845652,0.0032293087608919573,0.004223968337926746,0.005920399394968589,0.00686228111689541,0.00877678331152622,0.012047270398930988,0.012118607499791208,177.71358443992835,-0.7131472989679556,52.15960555502099,194.4740959327413,-0.7958112028031069,46.45302993591124,198.1165335040784,-0.7283155780508884,42.6392587518471,29.897655039299202,3.620918889187218,16.12877943969321,31.800850013455452,2.3012896685306568,29.208099275991152,199.45095255328823,-0.7585078044405974,43.11942008019907
480_Leptophobia_tovaria_subflavescens.png,Dataset_pieridae,90369,0.0006668953586591272,0.015948438562388038,0.03455560596615604,0.03505725291735981,0.0019515050023299534,0.00022524931730522142,0.0001475432209422848,3.836123744499405e-05,2.459053682371413e-05,3.4426751553199786e-05,6.295177426870818e-05,4.0328480390891174e-05,2.2623293877817e-05,1.8688807986022738e-05,5.8033666903965345e-05,3.639399449909691e-05,0.007717663136695105,0.02545881330987396,0.013533401940931071,0.0048633934203100625,0.0029213557746572386,0.002466968761411546,0.0020250307074328585,0.0012960749814648828,0.0006597948411512797,0.00037623521340282616,0.00021716517832442542,0.0001500791200522303,0.00011480706879571534,0.00015077072890039726,0.00016114486162290166,0.00038730095497349756,0.0,0.00013555533424072414,0.0020381712755480307,0.003517522601777158,0.0026350297115161174,0.0030105733160707767,0.005120671911828171,0.008374691542453717,0.01182305325941418,0.014168298863548342,0.010790481249100908,0.0008582865805751973,2.7664353926678395e-05,0.0,0.0,0.0,109.06871825515387,-0.8646367653351787,39.34479810481054,125.13075280239906,-0.9040273720828687,36.95569585771318,126.42208058073012,-0.9114203992793135,35.15982569431196,29.857495380052896,4.857842437734506,10.074019686796376,42.72059002534055,2.6596163678467284,37.155952787135384,127.6549923093096,-0.9009973739409014,35.69863869258847
481_Leptophobia_tovaria_subflavescens.png,Dataset_pieridae,99859,0.000910617303731595,0.015583750866499541,0.05573814634189763,0.01399039312096723,0.0017580343840370477,0.00013085116681187142,4.9848063547379586e-05,4.628748757970961e-05,3.2045183709029735e-05,6.231007943422448e-05,0.00023410786987430052,0.00011838915092502651,5.162835153121457e-05,4.450719959587463e-05,3.2045183709029735e-05,0.00010592713503818161,0.008309215994552319,0.011376040216705555,0.015154492834897205,0.010980482480297218,0.005880791916602409,0.003645139646902132,0.00349805726073764,0.0018163109985078962,0.0007485554632031164,0.0003611341992209015,0.00019339769074394896,0.00015396709360197879,0.00010765178902252176,6.571766190328363e-05,5.75811894771628e-05,0.00015146356362471085,6.25882494316987e-07,1.1891767392022752e-05,0.000191520043260998,0.0013137273555713556,0.0030968665818804516,0.0025855205840234733,0.0019352286724281236,0.001687379204678597,0.00158911565307083,0.0016498262550195776,0.0018438498282578437,0.0022957369891547083,0.0044694268919176034,0.015121321062698406,0.016901330876535916,0.007806632351615778,161.2235151563705,-0.8653834985626625,59.433346585943895,190.2750878739022,-1.251239039335576,59.029003126321406,192.94066633953875,-1.2357263577877324,55.278160391365546,28.725593086251614,5.932175030815952,11.87256406526184,50.72627404640543,1.5687374424518215,35.01693135151115,194.051432519853,-1.2386302607698652,55.73956481833378
482_Leptophobia_tovaria_subflavescens.png,Dataset_pieridae,108339,0.0003134195031849616,0.008355665498522642,0.05878256624525281,0.02067584157136396,0.00044059233824692245,6.645806219366987e-05,2.7075506819643278e-05,0.0,2.9536916530519942e-05,4.922819421753324e-06,6.563759229004432e-06,1.9691277687013295e-05,3.0357386434145494e-05,7.876511074805318e-05,2.8716446626894388e-05,2.8716446626894388e-05,0.0038842199023435696,0.01739274407184855,0.019393985545371473,0.009022028078531277,0.004553992560389149,0.0028833107191316145,0.0019279760750976103,0.0010003322903109685,0.0006201598685607214,0.00042055492481931717,0.0003934409584729414,0.0003005612014140799,0.00027748548537461117,0.00019729737213745744,9.576422156379513e-05,0.00013614672463286537,0.0,4.038250306907023e-06,7.672675583123344e-05,0.0004315158899380648,0.0011480168729635682,0.0016579901974358264,0.0016158770156637962,0.0016591439832377998,0.0018200971026130941,0.00214950294907651,0.002966960189774689,0.0037682644292452395,0.005206458431405127,0.012151095173483234,0.018096553411052346,0.009747759347972567,167.424233193956,-0.9937665718969705,52.16361274452086,199.64796610638828,-1.4061185813063208,47.70119155020423,200.74541947036616,-1.3967643716921112,46.304780812714306,29.610057320078642,7.931959212203901,8.128184639612014,48.36799305882462,2.3404440234078208,34.99889391106821,202.39872991258918,-1.3985741295355756,46.6224868438448
483_Melete_leucadia.png,Dataset_pieridae,88462,0.01298636702765029,0.02190519972166329,0.02347272777514011,0.027901999351887443,0.0025582861693281985,1.4067559454279176e-05,2.009651350611311e-06,7.033779727139588e-06,2.009651350611311e-06,0.0,0.0,0.0,2.009651350611311e-06,1.0048256753056554e-06,1.0048256753056554e-06,3.516889863569794e-05,4.239108317695734e-05,0.0015211333679998192,0.01006434966426262,0.016259099952521987,0.010397826185254685,0.0007870611109855079,0.0005701600687300762,0.0012328740023965093,0.003957914132621917,0.004752040424136917,0.004076609165517398,0.003352428161244376,0.00216618435034252,0.0012484173995613937,0.0008633650607040312,0.001208145870543284,2.826072211797156e-06,2.9673758223870136e-05,0.0003186396418801293,0.0007376048472790577,0.0009262451674165178,0.001613687232936176,0.003459818905292668,0.005801219732766612,0.00838495625240216,0.008738921796929755,0.02863588320408763,0.0038130779317673124,3.1793312382718006e-05,4.239108317695734e-06,1.413036105898578e-06,0.0,96.41242567430083,-0.575241853068233,45.33066261026231,130.20351111211593,-0.7288954045237704,46.52592428811618,145.41460740204835,-1.4286350194694908,26.525824104069336,25.95202459813253,0.6541913868959611,12.251230729487222,97.36161289593272,0.8147254046483519,60.42738773631938,148.64625488910494,-1.369499680640962,28.327758203078183
484_Melete_leucanthe_leucanthe.png,Dataset_pieridae,118261,0.01271612976570655,0.040447635127199816,0.03571760766440331,0.0,0.0,0.0,0.0,0.0,0.0,0.0,0.0,0.0,0.0,0.0,0.0,7.516331579209451e-06,0.0,0.0,0.0,1.056984128326329e-06,5.760563499378493e-05,0.0007050084135936615,0.0016309265100075258,0.0025351764317907,0.002543632304817311,0.0025689999238971426,0.0020019279390500674,0.002383499209375872,0.0044430327834197245,0.009652379059876037,0.01586744573443485,0.018109309070614997,0.0,6.870396834121139e-06,0.00010199896838349075,0.00017968730181547595,0.00031498127024124603,0.0005559736514996491,0.0012017909539070361,0.002714335241542013,0.005905898817023364,0.008364972391574568,0.01837408359476074,0.022545471457200598,0.002233407463153533,5.284920641631645e-07,0.0,0.0,26.471677053297366,1.220212104239127,24.239579614701043,123.34147352043362,-1.158827202576084,25.593627296047778,164.07299955183873,-1.6119696982603589,23.779551799386002,19.970083121231852,0.20846449686446492,5.676832978942763,211.28492909750466,-1.2460256437828399,42.76862281941491,164.07311793406112,-1.611972466436682,23.779455069424714
485_Melete_leucanthe_leucanthe.png,Dataset_pieridae,129472,0.00014486186631515352,0.015165183720547043,0.07344427967265338,0.00012907123633767233,4.805843906189927e-06,0.0,0.0,0.0,0.0,0.0,0.0,0.0,0.0,0.0,0.0,6.865491294557039e-07,5.165209466139397e-05,0.00012261338358872961,0.00020998748764211567,0.0005343819513099358,0.000843811789421651,0.0015804575506673257,0.0027071490360850224,0.0028133496045477015,0.004012933298319327,0.007828430085269402,0.015123443678942165,0.019519664483440436,0.005158451248146317,0.0008896711258032625,0.00044555965768660406,0.000658443524468611,0.0,0.0,4.827298566485418e-06,3.282563025210084e-05,0.00016461088111715275,0.0004204577051408799,0.0005464501977261492,0.0010127672392486406,0.001513840830449827,0.0022224882600098863,0.003718950815620366,0.006355621292634701,0.013431475531389027,0.029663266961196245,0.003374281697973307,3.81356586752348e-05,70.2504788680178,0.47047355917312084,21.985599223999053,173.20704862827483,-1.9454851316557709,25.1171671462031,198.6115608007909,-1.9226877504497932,27.42021587833544,23.998138593672763,1.6380727967112743,2.362161149648024,162.95381240731587,-1.0999264174951393,33.83795337749409,198.65981061542263,-1.9297689443804322,27.38695580894648
486_Melete_leucanthe_leucanthe.png,Dataset_pieridae,102428,0.013643838707297918,0.02367928908328018,0.035187427049027394,0.015151239027522856,0.00017356365229993534,1.0413819137996121e-05,7.810364353497092e-06,8.678182614996767e-06,5.206909568998061e-06,1.7356365229993535e-06,0.0,2.5166729583490626e-05,0.00010674164616446024,0.00015533946880844215,0.00020046601840642534,0.0005319725942993018,0.0038758933104229313,0.046258103253016755,0.0026909145936657945,0.0004777746319365798,0.0005308607021517553,0.0031394003592767603,0.002501757331979537,0.001962964228531261,0.0008206984418323114,0.0002239377904479244,1.4034248447690084e-05,1.8305541453508805e-06,6.101847151169602e-07,0.0,0.0,1.2203694302339205e-06,0.0,3.661108290701761e-06,1.4034248447690084e-05,4.5763853633772015e-05,9.152770726754403e-05,0.0002068526184246495,0.0009573798180185105,0.0018281134064904129,0.0024797906822353263,0.0036751425391494514,0.008058099347834576,0.018794299410317492,0.02199837934939665,0.004318277228882728,2.8068496895380168e-05,6.101847151169602e-07,160.35049010036317,-1.4609791210957652,35.97438800035665,172.348166516968,-1.4404306471961328,36.2472315154412,181.50146444331628,-1.5156463462058076,24.623061177712426,24.172657866989496,5.5509092810847775,17.81086044993401,33.06688600773226,2.1005281106294857,30.683891197388416,181.89787948607804,-1.5020087989579058,24.78598554950149
487_Melete_leucanthe_leucanthe.png,Dataset_pieridae,100825,3.173816017852715e-05,0.0030001377524313303,0.02021632641816128,0.05768763258671516,0.006503677989916522,0.0012950932583960107,0.00014634818304543076,1.7632311210292862e-06,0.0,0.0,0.0,0.0,8.816155605146431e-07,1.7632311210292862e-06,1.7632311210292862e-06,1.7632311210292862e-06,1.7356806347632035e-05,0.004212124969005703,0.018343664765683113,0.028132903545747583,0.00734998760228118,0.0017369204066451773,0.0006502603520952145,0.00040354574758244484,0.00032296057525415324,0.0002281180262831639,0.00016612943218447806,0.00013575502107612198,0.00012769650384329283,0.00012893627572526655,0.00013637490701710886,0.000407265063228366,6.198859409868584e-07,1.8596578229605754e-05,0.00010290106620381849,0.00034031738160178525,0.0007246466650136375,0.0009837589883461442,0.001322216712124969,0.0021392263823456483,0.003866848499876023,0.004851227374163154,0.014458839573518473,0.030336598065955865,0.003315150012397719,3.905281428217208e-05,0.0,0.0,131.39778824696256,-1.729806031367941,29.430096698556362,166.16039672700222,-1.8620293162687735,28.00050300000377,160.5318423010166,-2.0335609578214635,24.69353301931246,36.05269526407141,0.8498568155540497,7.108269721845271,55.70988346144309,4.146023719192191,27.865504404934782,167.60470121497644,-1.9717785198131206,26.85500440898006
488_Melete_leucanthe_leucanthe.png,Dataset_pieridae,89157,9.969928204054522e-07,0.003062761944285549,0.07193303199225336,0.008779518776490412,0.004722754990260626,0.0003848392286765045,4.98496410202726e-06,0.0,0.0,0.0,0.0,0.0,0.0,0.0,0.0,0.0,4.626669807194051e-05,0.004044130017833709,0.0056361250378545715,0.021788109738999743,0.02172782282939085,0.005449656224413114,0.00127934430274684,0.0005860448422445798,0.0004192043249548549,0.00022642641632176946,0.00024395168074295906,0.00020960216247742746,0.0002039940778626468,0.0002495597653577397,0.00020749913074688471,0.0001822627499803717,0.0,0.0,0.0,7.010105768475835e-07,4.9070740379330844e-06,3.575153941922676e-05,0.00017244860190450553,0.0004192043249548549,0.0007122267460771448,0.0013361261594714942,0.0036221216505714637,0.006295074980091299,0.03651073387395269,0.012585242886144666,0.0005762306941687137,0.0002292304586291598,146.26223403658713,-1.6768996390060398,26.52980422299369,193.76203775362563,-2.0296929710015905,18.84393969431285,195.1892952880873,-1.944363497093429,17.11070575968846,30.692082506140853,1.9638359084709307,5.91489923538704,65.99452650941598,2.9028789797420553,28.123318471653242,197.2471931536503,-2.049541887808378,17.442433621518507
489_Melete_leucanthe_veronica.png,Dataset_pieridae,93107,4.105193188720743e-05,0.0006425104688393163,0.004102329100449543,0.07696568941588114,0.007099120128215685,4.773480452000864e-06,6.68287263280121e-06,0.0,0.0,0.0,0.0,1.9093921808003456e-06,3.818784361600691e-06,5.7281765424010365e-06,5.7281765424010365e-06,9.546960904001728e-06,0.00012284253600695972,0.01936615936503163,0.04091327719720322,0.0012700441427604798,0.000516207159504656,0.0002154778910286015,6.712706885626215e-05,2.148066203400389e-05,4.698894819938351e-06,1.342541377125243e-06,1.342541377125243e-06,0.0,0.0,0.0,0.0,0.0,0.0,5.370165508500972e-06,4.766021888794613e-05,0.00022890330479985392,0.000411488932088887,0.000544400528424286,0.0007041629523021899,0.0013150192788941755,0.011351858614282492,0.04109519155380369,0.0067952731803194175,6.712706885626215e-07,0.0,0.0,0.0,0.0,127.86578882361154,-3.2719896261719046,14.16125904984616,147.18574328460804,-3.1142849508827877,14.843099035027098,140.5539325722019,-3.2446570595328272,13.221306530336161,39.95842417863319,3.0332443470849433,5.0678238593541645,34.0249497889525,3.511186720998404,7.838129412885503,147.30677607483864,-3.0674703227048874,14.526316523053996
490_Melete_leucanthe_veronica.png,Dataset_pieridae,118730,0.018614784244363962,0.00466792067903834,0.005305782494361623,0.04434112879830053,0.008088566963324818,0.007434234537746708,0.00037807537175851835,4.5668510252019053e-05,2.2459923074763467e-06,3.743320512460578e-06,0.0,0.0,0.0,7.486641024921157e-07,2.994656409968463e-06,2.994656409968463e-06,0.002005600943316769,0.04344310620736124,0.0015523667143940033,0.0004937673713467531,0.00045112861113450685,0.0006190516297481681,0.0017671397287964288,0.005425650635896572,0.0058525646424661,0.0008890971110923945,5.264044470647688e-07,0.0,0.0,0.0,0.0,0.0,0.0,0.0,0.0,1.5792133411943065e-06,9.317358713046408e-05,0.00023424997894382212,0.0004374420955108229,0.0014434009938515961,0.007838688621241473,0.013779689210814452,0.02206371599427272,0.014370841404868188,0.002176682388612819,6.001010696538364e-05,5.264044470647688e-07,0.0,135.22018866335384,-0.8823776109977082,37.64644899283576,150.79575507453887,-0.7993269108805139,35.24918682618554,158.46523203908026,-0.6923790044549333,16.996347965555337,33.86705971532047,-0.35378171334152175,16.30828756066516,46.30593784216289,1.2808915574286845,43.99434998848106,162.75573149161963,-0.7304648203761278,18.997953611580826
491_Melete_leucanthe_veronica.png,Dataset_pieridae,97387,0.0037559199665024878,0.003489400250774972,0.010687258052922874,0.06849009050945655,0.0023512150264180824,9.401209150662363e-05,0.0,0.0,0.0,0.0,0.0,0.0,0.0,2.7382162574744747e-06,0.0,1.825477504982983e-05,0.00011359319005616766,0.04160912134063068,0.016472296097015,0.0007367513117767259,0.0003112581761426063,0.0003183176399314077,0.0004113742080565168,0.0006764249848542414,0.0006854097569490795,0.0004871030014272952,0.00027981147381067286,0.0003125417150132975,6.032632692248452e-05,2.117839136640414e-05,2.56707774138232e-06,1.92530830603674e-06,0.0,8.98477209483812e-06,0.0001732777475433066,0.0008310914187725262,0.0006988869150913366,0.0012103771550617639,0.0009568782281002598,0.0015197100228983335,0.0059171141938862476,0.025525095751999755,0.020805523324468358,0.004853060470083276,0.0,0.0,0.0,0.0,133.0261225830963,-2.7136041416674876,26.235648578009958,150.1056917247682,-2.657809012605979,28.144740438631562,147.60652859211189,-2.457020483508948,21.14394283467793,36.009354431289594,-0.713273826715063,9.307781255127507,34.83523468224712,4.151738924998084,25.21346127661137,152.1319272592851,-2.3588589069756454,22.66252677475601
492_Melete_leucanthe_veronica.png,Dataset_pieridae,50001,6.933194669439945e-05,0.0023501752187178476,0.007434517976307141,0.02791588612672191,0.03544640218306745,0.008904710794672996,0.005294116339895424,0.0011039779204415911,0.00018844067563093182,6.933194669439945e-05,1.0666453337599914e-05,2.3110648898133147e-05,2.3110648898133147e-05,1.5999680006399873e-05,1.7777422229333192e-05,2.133290667519983e-05,0.002391202175956481,0.04148417031659367,0.015539689206215875,0.001011229775404492,0.0003512429751404972,0.00027874442511149775,0.0001887462250754985,0.0001874962500749985,0.00016624667506649868,0.0001387472250554989,0.00011999760004799904,9.99980000399992e-05,0.0001612467750644987,0.00018374632507349854,0.00015874682506349872,3.874922501549969e-05,0.0,2.49995000099998e-06,1.124977500449991e-05,6.749865002699945e-05,0.00014749705005899882,0.0002624947501049979,0.0004512409751804964,0.0008262334753304934,0.001509969800603988,0.0027961940761184775,0.004501159976800464,0.00500989980200396,0.009884802303953921,0.029433161336773265,0.006924861502769945,0.0006712365752684946,178.02821943561128,-1.8170414648847575,32.86373172891758,200.05817883642328,-1.7076531980623129,28.98167759814067,190.9002419951601,-1.532744322393554,27.78158260097507,46.99186016279675,1.0623616145861514,13.069456665361978,30.52062958740825,5.698462464723364,24.119515426125872,201.25207495850083,-1.7054146317329437,28.507513454841927
493_Melete_leucanthe_veronica.png,Dataset_pieridae,95753,6.498200810650551e-06,0.001143683342674497,0.008917388141015599,0.05868617983538665,0.019888207738196773,0.00021351231234994667,1.021145841673658e-05,8.354829613693566e-06,7.426515212172058e-06,1.8566288030430146e-06,0.0,0.0,0.0,0.0,0.0,5.569886409129044e-06,0.00033680406880202187,0.025904540849895043,0.019166501310663896,0.004809248796382359,0.0012923877058682236,0.0005378421563815233,0.00042949045982893484,0.00042361597025680655,0.0005841853518949798,0.0010920023393522918,0.0030083913819932535,0.0029261485279834572,0.0012825968899146762,0.0004640846761981348,0.00021605067204160706,2.6108842542792392e-05,0.0,0.0,2.2845237224943345e-05,0.00010900441761615824,0.0005430639248900818,0.0007258258226896285,0.0009020605098534771,0.0037883930529591762,0.004514871596712374,0.0020541131870541914,0.002310632565037127,0.0025802063642914584,0.0046832736311133855,0.03240694808517749,0.0076270456278132275,0.00023171597756728248,157.71792006516768,-1.349394715863404,57.13421513017797,194.72919908514615,-1.3450926896729822,39.588925091545505,184.40005012897768,-1.4370993467894588,42.3737419404264,39.949703925725565,0.12317914231928812,6.104972045539387,57.18804632753021,1.767396457677258,53.60655595396875,195.5328919198354,-1.3857334910483832,39.25715624292542
494_Melete_leucanthe_veronica.png,Dataset_pieridae,80123,2.218810800616275e-06,0.003093022256059087,0.06651772899167531,0.019262605965550187,1.3312864803697648e-05,0.0,0.0,0.0,0.0,0.0,0.0,0.0,0.0,0.0,0.0,0.0,0.0,4.680304032549954e-06,6.708435779988268e-05,0.003997759694469753,0.015063558528762028,0.020342161426806286,0.015973877663092995,0.0035710719768356153,0.0014891167330229771,0.000613119828264044,0.0003213808769017635,0.00021295383348102293,0.00011544749946956554,8.814572594635747e-05,0.00011778765148584052,0.0005218538996293199,0.0,0.0,0.00013494876627185703,0.0007355877837824345,0.001629525853999476,0.002691174818716224,0.019256330891254697,0.03231827939542953,0.00462648053617563,0.0005889382574292026,0.0002535164684297892,0.0002574167217902475,7.800506720916591e-06,0.0,0.0,0.0,72.47746589618461,-1.0031207285419221,16.977947912913947,110.49375335421789,-1.6264656465987561,14.59134504572567,110.68889083034834,-0.2319824793462562,15.687498993582928,30.076956679105876,-0.3647972012050077,3.8235084044056484,92.00131048512911,2.8061139036413643,25.99908429136696,112.88200641513673,-0.5476775021243918,15.401289282121748
495_Melete_leucanthe_veronica.png,Dataset_pieridae,118718,7.187901862677381e-05,0.008126821543489614,0.0272099522491207,0.04734431360216835,0.006058053538637781,6.888405951732489e-05,0.0,2.2462193320866816e-06,1.4974795547244544e-06,0.0,0.0,0.0,0.0,7.487397773622272e-07,0.0,4.492438664173363e-06,1.6846644990650114e-05,0.00045485941474755304,0.008060066712714163,0.01744259505719436,0.021934331777826447,0.006806571033878603,0.0020505525699556935,0.0014282796206135549,0.0009176156943344733,0.0006454370862042824,0.00042853653194966225,0.0003437768493404538,0.00027481089640997994,0.0002405911487727219,0.000263228827978908,0.0011919001330884954,4.738118903620344e-06,8.002156370558804e-05,0.0004569652453713843,0.0007733662966020317,0.0011545216395154904,0.0018152259977425496,0.004200605636887414,0.007622580400613218,0.014215936083828906,0.01608064910123149,0.012624981047524386,0.003201915463535437,0.0002674404892265705,1.052915311915632e-06,0.0,0.0,100.8904546909483,-0.9859844872648562,31.906572733665463,137.44987280783033,-0.9859374637874162,29.873680889053666,133.77390117758048,-1.2404977469190488,24.42936222189973,34.01245809397059,0.17088292313244782,7.647298785404228,74.54954598291751,2.8183533802616574,38.237526845947215,140.3427197223673,-1.047089229252709,27.76462918340667
496_Melete_leucanthe_veronica.png,Dataset_pieridae,103126,2.3272501599984483e-05,0.003187470774694171,0.018546459886180228,0.05901734016855325,0.007560977186483848,0.000547334759851487,2.585833511109387e-06,8.619445037031291e-07,0.0,0.0,0.0,8.619445037031291e-07,0.0,8.619445037031291e-07,0.0,8.619445037031291e-07,4.121172158330586e-05,0.0028593662122064272,0.020725253573298682,0.028750024242189167,0.006731449876849679,0.0009824147159785118,0.00037211760370808525,0.00027454279231231695,0.0002206039214165196,0.0001636347768748909,0.0001230291100207513,0.00010848379652076101,0.0001345441498749103,0.00017999825456238,0.00019151329441653898,0.0006418119581870722,0.0,7.2726567499951514e-06,9.696875666660202e-06,1.5151368229156566e-05,0.00011878672691658748,0.0003678752206039214,0.0008296889242286135,0.0019763444718111822,0.00539025076120474,0.005077526520954948,0.019672536508736883,0.028451845315439366,0.0005812064852704459,1.8181641874987879e-06,0.0,0.0,131.36995520043442,-2.30171701777554,26.312819708563907,165.79126505439947,-1.7123510939671396,21.613527442418317,159.6428349785699,-1.8071412476057125,17.603511400999245,36.48884859298334,0.09813246127099395,6.760988247591563,55.36003529662743,4.47821473571649,30.092810565493128,167.4099548125594,-1.7863861646713648,19.741352904269466
497_Melete_lycimnia_eurymnia.png,Dataset_pieridae,82797,0.001145505808718244,0.039033083592669084,0.04838285874555305,0.0001717721924975811,0.0,0.0,0.0,0.0,0.0,0.0,0.0,0.0,0.0,0.0,8.588609624879055e-06,0.0001470799398260538,0.0,6.793724410304721e-06,0.004182669661944274,0.018673683829124245,0.013731626749761465,0.004886952425812529,0.002688050291677235,0.0038007113784315856,0.004257400630457625,0.004125300433590589,0.0043879911107890385,0.0008031691969515803,0.00046801212604321413,0.00026344553546626086,0.00010492529922581736,0.00011926760631423844,0.004482348394265492,0.012642366269309275,0.0008326086693962342,0.00031628561421307534,0.000503490464630361,0.000561614551251857,0.0007050376221360678,0.0021739918112975106,0.009586700001207774,0.02417811031800669,0.006441960457504499,7.548582678116356e-05,0.0,0.0,0.0,0.0,79.33536239235721,-0.6469655407730395,47.99285989269018,103.23947727574671,-0.7382308030205517,59.2443908083088,109.6880321750788,-0.7822133900340704,59.444001643477975,22.159981641846926,10.494282737705095,8.35537253751224,89.9364469727164,1.0275301983498337,42.34553530313803,109.6947232387647,-0.7821044558121938,59.438688694659405
498_Melete_lycimnia_eurymnia.png,Dataset_pieridae,71427,2.1156020988017292e-05,0.0017646610447652072,0.006119067952828295,0.00766096854130791,0.0361631066994585,0.027680786755086388,0.009036109905529032,0.00040445334241797764,3.4845211039087304e-05,0.0,0.0,0.0,0.0,0.0,0.0,3.7334154684736395e-06,3.850084701863441e-05,0.021066088453945985,0.03454313494896888,0.002229549050079102,0.0007770170943760763,0.0007953924986349699,0.0005285116272557997,0.00018287902333851344,0.00016537863833004327,0.0001601285228275022,0.00022400492810841838,0.0002161297548546068,0.00022487994735884189,0.00027388102538255843,0.00039725873969227325,0.0006772648998277962,0.0,8.750192504235093e-07,1.4875327257199659e-05,6.300138603049268e-05,0.000328132218908816,0.0011506503143069147,0.0013282792221428871,0.001931167485684685,0.003158819494028869,0.0065127682809021795,0.026403705881529394,0.01851103224270934,0.0030004410097022134,9.625211754658603e-05,0.0,0.0,140.88358743892366,-2.425268806369328,32.28919459261393,164.71251767538885,-1.7390675860919864,24.673335257878097,150.26376580284767,-1.2274797613589248,20.422681043919365,52.93197250339507,-0.6029032803538039,12.276264004492162,42.223290912400074,4.4034009888749805,35.844162006556,165.85578282722219,-1.768464931756632,22.941186334218077
499_Melete_lycimnia_eurymnia.png,Dataset_pieridae,81693,0.001725702052535441,0.028939784042424418,0.04677457744917625,0.010854731195519269,0.00034709896264741843,6.637315586674773e-05,4.8963803508256525e-05,1.958552140330261e-05,1.6321267836085506e-05,1.3057014268868405e-05,1.740935235849121e-05,1.4145098791274106e-05,6.528507134434203e-06,1.0880845224057006e-06,2.176169044811401e-06,4.134721185141662e-05,8.721677499908193e-05,0.0007199209234573341,0.0029546595179513547,0.002566009327604568,0.0025996719425164946,0.0029669004688284185,0.002018991835285765,0.002806237988566952,0.007841859155619208,0.024749672554564037,0.009544881446390756,0.001880516078488977,0.0008017822824477006,0.00047127660876696904,0.0002539997306990807,0.000236403363813301,0.0,0.0001032830230252286,0.0009417881581041215,0.007229046552336186,0.009104972274246264,0.0031007858690463076,0.00048275250021421665,0.0005118247585472439,0.0005531379677573354,0.0005202404122752255,0.0005707343346431151,0.000847685848236691,0.0021720037212490666,0.00741419093435178,0.028304138665491536,0.0006434149804756833,82.87428543449255,0.6284829509422686,51.398636643801595,160.17076126473503,-0.584396768995984,81.67801780191657,167.60651463405677,-0.6090487802196132,73.60631488994352,25.773444481167296,2.710873721406989,9.331872771176313,134.69141786934009,-0.9841472869990555,41.27673546046188,169.58973229040433,-0.6061207199326994,75.05528329997796
500_Melete_lycimnia_reducta.png,Dataset_pieridae,61588,0.00015876108621448623,0.012213057377699841,0.06320278842198697,0.011155131230470582,0.0013422528198133836,0.00029875949860362405,0.0002742236943704762,0.00016886406442813537,3.608206504874687e-05,5.7731304077995e-06,0.0,0.0,0.0,1.443282601949875e-06,1.0102978213649124e-05,2.164923902924812e-05,0.0,2.9429434305384166e-05,0.00037547898941352214,0.0008575128271741248,0.0015719377151393128,0.003382355328960187,0.005389645710203286,0.005031418458141196,0.004118091186594791,0.004020669610963174,0.015545844969799312,0.017382647593687083,0.003177364096901994,0.0009234753523413652,0.0004414415145807625,0.0002526872117945054,0.0,0.0003196645450412418,0.0071615006170033125,0.006320224719101123,0.0020346901993894915,0.001419716503214912,0.0011974735338052868,0.0020651344417743716,0.0016805221796453854,0.0018570987854776904,0.011959513216860427,0.021822432941482107,0.004657969084886666,4.059232317984023e-06,0.0,0.0,50.71914983438332,1.112767254185101,22.6035036917604,137.75933623433136,-0.798430739950378,58.590147900096156,133.15464051438593,-0.7335074504836703,54.490925363756276,30.682275768006754,4.1343117975656645,7.400008658478288,153.41728908228876,-0.7504234995784693,38.506929945215,139.759255049685,-0.7998167375545542,56.93569218567251
501_Melete_lycimnia_reducta.png,Dataset_pieridae,48379,0.00847199542501223,0.0104765382592539,0.05388931377480129,0.005809683264777417,0.0026953843609830714,0.0010913826246925318,0.0016903569271332142,0.0022158374501333226,0.0012199967387135375,0.00019292117103150816,6.246971252448836e-05,1.4698755888114908e-05,2.756016729021545e-05,7.165643495456018e-05,0.00018924648205947942,0.0007698473396400183,0.0003048843506480084,0.0034234895305814508,0.003052719155005271,0.0018758138861902892,0.0025553442609396637,0.003533299572128403,0.004529341243101346,0.003548802166229149,0.0028318071890696375,0.004069430951445875,0.012895574526137373,0.015463837615494327,0.0029170714566237417,0.0006239794125550342,0.000377229789784824,0.000497374894065607,2.196200830939044e-05,0.0017595444304346927,0.009355815539800326,0.0022491680274499266,0.000822929370181277,0.0008603939725914136,0.0011536513776638623,0.0029106120424150974,0.012634614192108146,0.020356197937121477,0.008671117633684037,0.0015205461047148557,0.00016019347237437731,2.196200830939044e-05,1.2918828417288494e-06,0.0,55.367060088054735,1.4928865974712597,37.7456261833689,118.97614667521032,-1.0298638711769998,49.99697844758545,119.65609045246904,-0.9841864674002558,45.5289401663305,32.58277351743525,3.3242396575829534,22.632054943885663,137.88176688232497,-0.7206322113807332,54.61684167453353,123.06449079145911,-1.0030117382854664,47.14999810642153
502_Melete_lycimnia_reducta.png,Dataset_pieridae,52788,0.00020375001052427743,0.01663172606568833,0.05577025081457907,0.005583760618995899,0.00816515538043158,0.0023826964040648967,0.00010945248499238043,2.0206612613977924e-05,6.7355375379926416e-06,0.0,0.0,0.0,0.0,0.0,0.0,1.5154959460483444e-05,5.919906039251345e-06,8.643062817306964e-05,0.0035057683564446466,0.004110782753656134,0.001523783814503296,0.00145274494203228,0.0017795237553989544,0.0019227854815488368,0.00228863567477457,0.003941473440933546,0.007990689171781466,0.01210265590664545,0.011670502765780102,0.005394218382965826,0.0022436443888762597,0.0024804406304463136,6.038304160036372e-05,0.0034181537470637266,0.005887938546639388,0.0021702375539895432,0.0017333484882927938,0.0030830870652421003,0.002717236872016367,0.011732069788588316,0.01593993900128817,0.012263677350913086,0.0031020307645677047,0.00036585019322573313,2.367962415700538e-05,2.367962415700538e-06,0.0,0.0,45.236152155792986,1.0418726409756016,35.84570499133991,109.65494051678412,-0.9350306877682479,44.62916411455817,109.98942941577631,-0.9231909977836206,39.54241713084934,30.686273395468668,1.7309995876091464,10.159056874083154,161.941122982496,-0.8571520152705554,56.733633247957805,113.72529741607941,-0.9347909028867073,41.673444520600114
503_Melete_lycimnia_reducta.png,Dataset_pieridae,86838,0.00034393545068595163,0.016604098052311965,0.0623505838457818,0.00940704402322588,0.0001607079338026619,9.212556714802277e-06,2.047234825511617e-06,2.047234825511617e-06,1.0236174127558084e-06,2.047234825511617e-06,0.0,0.0,1.0236174127558084e-06,0.0,0.0,5.118087063779042e-06,2.950897072710104e-05,0.0001813722103226698,0.0030840473064787303,0.002859491236555425,0.001425067366820977,0.001961986687855547,0.0015200718579423754,0.002034679518183284,0.003949883691471476,0.00341008544646353,0.0027911167921877518,0.003942686381538036,0.004510554135286396,0.005315213385844906,0.008783597042769294,0.0167006379695525,3.5986549667196386e-05,0.0004253610170662613,0.0020685068748704486,0.005053231304267717,0.003117874663165895,0.0009644395310808632,0.0005894596835486768,0.001225701881664709,0.0015301480918491904,0.0019591077638821714,0.0021167288514244917,0.004265125866556116,0.02121191183583224,0.01463716921163546,0.002899076441189341,0.00040017043229922386,46.37812939035906,1.3568082262097068,52.666118182512804,161.47088832078123,-1.2100452048509607,61.12886421211829,169.7697436606094,-1.188986944637739,58.508152497829315,27.34002395264746,0.7627124857954315,5.954326797296074,183.44533499159354,-0.7971859009368799,67.26822226556493,171.1145005642691,-1.1999029654325908,59.162528885820684
504_Melete_lycimnia_reducta.png,Dataset_pieridae,62389,1.994653615933008e-05,0.0018735496463942183,0.07211100247372668,0.013932655507292061,0.0007650921369685896,6.8388123974846e-05,4.559208264989733e-05,3.561881457023229e-05,1.2822773245283624e-05,1.994653615933008e-05,2.849505165618583e-06,0.0,0.0,0.0,1.4247525828092915e-06,0.0,0.000166295340524772,0.00037566718492041865,0.0003365977976886951,0.0025365048325826666,0.00375967718668355,0.0030414015291157096,0.004059209155460097,0.009318549744345959,0.017777572969593997,0.0169330731378929,0.002429314462485374,0.0004317668178685345,0.00019735049447819328,0.0001843273654009521,0.00023842344002949237,0.0007142685409286893,7.012454118514482e-06,2.504447899469458e-05,6.51156453862059e-05,7.813877446344708e-05,0.000106188590937505,0.00020937184439564666,0.0005299411755277372,0.001353403644873295,0.0023631970379393804,0.0036334530125502894,0.01551755918511276,0.024643767330779463,0.009843482024074757,0.0033379281604128935,0.0007533379281604129,3.3058712272996844e-05,88.43709628299861,0.26149262549880714,26.02219130734413,176.16224013848594,-1.490205989520807,24.036223647006928,171.10673355880044,-1.106763020229027,22.07785466978129,32.32266906025101,3.6033237902744712,4.447624229182339,127.95980060587604,-0.2555644077459814,34.06089822688533,177.7708089567071,-1.3879886907204173,23.067737183394318
505_Melete_lycimnia_reducta.png,Dataset_pieridae,55331,1.2851947572086374e-05,0.0005799441341903976,0.0047086322917231456,0.07396777775769661,0.005524730962550629,0.0026362557457242173,0.0011197259322180252,0.00027792336624636783,2.731038859068354e-05,0.0,3.2129868930215936e-06,1.6064934465107965e-05,9.63896067906478e-06,1.6064934465107968e-06,1.6064934465107968e-06,1.6064934465107968e-06,8.81061249570765e-05,0.0005659124179935299,0.0024647123673889864,0.0021958757296994453,0.0017722885904827312,0.0015836511178182213,0.001633352008819649,0.002104380907628635,0.004748694222045508,0.01429691312284253,0.01943191881585368,0.006131282644448862,0.002961721277403264,0.0018897634237588332,0.0004710288988089859,0.00016039833005006236,0.0,1.129565704577904e-06,4.518262818311616e-06,9.036525636623232e-06,2.2591314091558078e-05,0.0001186043989806799,0.00045747411035405107,0.001973351285897598,0.0024138819106829805,0.002471489761616454,0.003079196110679366,0.007238257034935208,0.016954781225714338,0.019735771990385138,0.006147096564312953,0.0018728199381901646,84.2810901664528,1.140324907442011,37.61700756793203,197.12915002439863,-1.294670939706718,30.046918632286626,171.4676763477978,-1.0074742857611838,29.439589528170053,38.485478303301946,3.2036136647391356,7.87003957680175,147.8794166019049,-1.1505426185513976,43.039857081980095,197.93074406752092,-1.2310918189411175,29.386446221758142
506_Melete_polyhymnia_polyhymnia.png,Dataset_pieridae,136679,0.0,0.0026267548213128734,0.08623481945938212,2.7314608193894698e-05,0.0,0.0,0.0,0.0,0.0,0.0,0.0,0.0,0.0,0.0,0.0,0.0,0.0,0.0,0.0,1.8291032272697342e-06,8.139509361350317e-05,0.0064000321922168,0.030086004433746222,0.022024231959554868,0.0028186480732226606,0.0007028329150783954,0.0002126332501701066,0.00010608798718164458,4.115482261356902e-05,1.2346446784070706e-05,5.944585488626636e-06,6.859137102261503e-06,0.0,0.0,2.2863790340871678e-05,0.00012757995010206395,0.00020897504371556713,0.0002547026243973105,0.00047739594231740063,0.0009803993298165775,0.0017586827530198495,0.005387623555923002,0.02296804922482605,0.027189162197557782,0.003117706450881262,6.859137102261503e-06,0.0,0.0,98.02858522523577,-1.405971789025171,15.181776781340492,163.00321922167998,-2.1812772656436796,19.607706464736065,171.7256125666708,-2.436859386956938,18.230310274468696,26.388852713291726,-2.4463630639279716,1.496556127729967,110.11425310398818,1.6226994961381733,12.388977640471905,171.7282611081439,-2.4304956645810623,18.21911241200621
507_Melete_polyhymnia_polyhymnia.png,Dataset_pieridae,172427,0.0017388356940747226,0.02587684450037794,0.061266506985564906,6.701708871322678e-06,0.0,0.0,0.0,0.0,0.0,0.0,0.0,0.0,0.0,0.0,0.0,0.0,0.0,0.0,2.537305642387793e-06,1.9935972904475517e-05,0.0003990819303241372,0.002216155242508424,0.007619166371855916,0.008010998857487517,0.009132850423657548,0.011942010242015461,0.007109892882205223,0.006273306964686505,0.006263882686586207,0.002610887506017039,0.0006151153821617264,0.00028417823194743283,0.0,2.8997778770146205e-06,0.00010874167038804828,0.0012965631832601622,0.006061985651899065,0.006417570914067983,0.003258262917060553,0.0020776908488809756,0.001926177454806962,0.002800098012492243,0.01042361405116368,0.024050395239724638,0.004044827666200769,3.1172612177907175e-05,0.0,0.0,65.66588759301038,-0.23744975658399703,33.13744887909837,133.22677422909405,-0.7739257514009713,54.02499248592323,148.93782296276106,-0.7830749604387479,44.45592628985727,23.422897806028057,-0.9426129588381534,5.889492388099321,150.11076571534622,0.2067355871359422,35.57069258554007,148.95597557227117,-0.7832736700973758,44.466067354731486
508_Nathalis_plauta.png,Dataset_pieridae,64402,6.901096929356921e-06,0.0016755863344478604,0.018130561852806502,0.06176619773713032,0.0072737561635421956,2.898460710329907e-05,0.0,0.0,0.0,0.0,0.0,0.0,0.0,0.0,2.7604387717427687e-06,4.140658157614153e-06,6.793267289835719e-06,5.1434738051613303e-05,0.0003648955001397472,0.0016352364833390268,0.005389001894351107,0.012403535604484333,0.015907891059283873,0.012062901773236856,0.0070504409800937855,0.0038440188192913264,0.0019108490419552189,0.0009394118195087109,0.0004095369709015248,0.000228059687587342,0.00011839694419427968,0.00017759541629141953,0.0,4.8523337784540855e-06,0.00013489487904102358,0.0007074702648986056,0.0023378544144591782,0.004853304245209776,0.007198922393714481,0.0086235675910686,0.009190320176392038,0.008661415794540541,0.007847194186515947,0.005979045681811124,0.003918744759479519,0.0020874739914909473,0.0007647278034843639,0.00019021148411540014,82.78152852395888,0.17430548163672802,32.93390492352174,140.4647681749014,0.09325371286515427,39.288410686796865,126.7771808328934,0.14328806688577797,40.08699557773215,37.212710785379336,0.2344231799694917,6.036529837392919,110.36110679792553,0.8903159923067065,29.807644479125205,141.41121393745536,0.10260101304893077,39.11371879217173
509_Pereute_callinice_callinice.png,Dataset_pieridae,116919,0.0253052683196629,0.013308358778299506,0.00902809257311092,0.0013046068930912284,0.0003018233896021082,0.0001239224496351225,0.00031170677515582963,0.002148495967293596,0.003428774526714126,0.018843814948810714,0.001261272048740296,0.009194589606669764,0.0007480962603739911,0.00038925333873118237,0.0005663940182709588,0.0026244189947266434,0.013103623021065866,0.004482804334624826,0.01238250412678863,0.008576984921184751,0.00404446668206194,0.0018768335343271837,0.0018362071177481845,0.002260111701263268,0.0026893618659071666,0.003177947981080919,0.0006542991301670387,0.00046185820952967437,0.00041214430503168863,0.0005404382521232648,0.0009659465099769926,0.005034468307118603,0.002156941985477125,0.02486978164370205,0.00804082313396454,0.0023942857875965413,0.002043615665546233,0.0015395273650989146,0.0016095544778864,0.0013043217954310249,0.0031715332837263404,0.006398660611192364,0.0020596524089326797,0.0014539980670378637,0.0007858004259359043,0.0004041259333384651,0.00047575672046459513,0.003791620694668959,45.74988667368007,1.7376213640952072,42.74731229471693,61.18399917891874,0.8209716885891511,49.648384912554285,75.39075770405152,1.1399841394940127,70.85231990501151,57.142970774638854,0.4029939544807783,53.751883494238214,75.59732806472857,1.166071865558178,74.46213444716672,79.6445915548371,1.0381127086214454,71.76908247119368
510_Pereute_callinice_callinice.png,Dataset_pieridae,131281,0.009403408634066536,0.06146002341034372,0.006780366795905983,0.005076811487487823,0.0009716223639030443,0.00011781344342796495,0.00012864686351329508,0.00031890880376190514,0.00033651311140056654,0.000708234838078456,0.0004069303419552123,0.00027489803466525155,0.0003398985551772322,0.0004976602351698519,0.0003459923539752304,0.0017211596160568213,0.0026284268096678116,0.00566151994576519,0.011709615252778392,0.013705810437153892,0.01207476710262719,0.0059657338076340065,0.003039282150501596,0.001644849597428417,0.001173056268614651,0.0008655098605281801,0.0006660331654999582,0.0005927171487115424,0.0005489179698509305,0.0005189250538920331,0.00046988901668939143,0.0012349464126568202,0.0014906003153540878,0.0076062987027825804,0.014731282516129523,0.015570132006916461,0.011720565047493544,0.0057514986936418825,0.0021318774232371783,0.0009002635567980134,0.0005293987705760925,0.000410855340833784,0.0003361110899520875,0.00030373778383772216,0.0002975487694335052,0.0001870986662197881,0.0001485363457012058,0.00038419497109254197,42.27086935657102,0.8382780899634911,21.152619012204656,52.973065409312845,1.4576575110221859,27.84877264369343,60.2423046747054,2.2929592643800296,35.059019094623736,24.910367836929943,3.7748441670414183,30.385515926903594,70.55592202984438,1.871755161654327,48.08453444289151,60.54091605030431,2.3169063308094464,34.911387092086926
511_Pereute_charops_charops.png,Dataset_pieridae,91119,0.004529363920928797,0.001399878790982732,0.0013393962230099589,0.003923562715911183,0.004351818318170012,0.002326627816371997,0.0011959940053970937,0.004945913219709025,0.02263511330116539,0.032256719235285725,0.0027451281657319914,0.00460935699469924,0.0007209131892238598,0.00032875202269071825,0.0004945913219709026,0.0010857596476402654,0.009387449379383005,0.013567422820706988,0.017683606053622188,0.010312750359420099,0.005287728135734589,0.002655867601707657,0.0013732042713374818,0.0007483345954191771,0.00046024978325047466,0.0002880848121687025,0.00015981847913168495,0.0001220930870619739,7.407895170052349e-05,6.927753816437845e-05,3.909722450860962e-05,0.0002709369066824702,0.0013375366279261185,0.008163774843885469,0.01596812958877951,0.0114733206027283,0.0061883361318715085,0.003688171511978841,0.0024233420033143473,0.0016578595024089378,0.0014294494013323237,0.0012662013411033923,0.001284035162809074,0.0013841789308486705,0.0015042142692522965,0.0016585454186283871,0.0016763792403340686,0.0013965254227987576,77.04782756614976,1.38338684233556,60.506361323540816,75.487000515809,1.4169876667834793,61.78921164216142,70.40965111557414,1.4771948255598433,59.94167938174752,89.55885161162875,-1.039595028996145,33.104208326774874,43.976942240366995,2.317768308427552,32.74171486316914,78.91460617434345,1.3921670081205124,61.37581750085564
512_Pereute_charops_charops.png,Dataset_pieridae,61918,0.0077407036546543635,0.03306308343292742,0.01234464219702761,0.009473461316221095,0.003425318790802172,0.001422670126439628,0.0010752572398620398,0.0029027638704953863,0.005400691236797054,0.005153769681047694,0.0012633195875548665,0.0020126977974453666,0.000769476476056146,0.00017370644328879416,0.0003833026475876697,0.0022840243906815825,0.005434607060951581,0.011376942084692658,0.01587078878516748,0.013418957330663134,0.007360541361155076,0.0034905035692367322,0.001578700862430957,0.000750993249135954,0.0006429874995962402,0.0004703801802383798,0.0004098162085338674,0.0003573274330566233,0.00022105849672147032,0.00017967311605672018,0.0001403065344487871,0.0007964162279143383,0.0010689541005846441,0.003902338576827417,0.011608094576698215,0.02241068832972641,0.009458073581188022,0.004913756904292774,0.004050720307503472,0.0012344956232436448,0.0003805436222100197,0.0003341112439032268,0.0002957540618237023,0.0002644626764430376,0.0002473028844600924,0.0003108950547498304,0.0005844423269485449,0.0014353661293969443,55.748425336735686,2.1220347808630624,31.158106200264932,64.8999321683517,2.686976534930166,42.66520305046604,66.03254304079589,2.3985465201505787,44.039027994731086,44.495671694822185,1.4136011791005967,41.39060070365754,53.66436254400982,2.3925831223008664,41.168729844853075,68.53218773216189,2.5272399123342164,43.46135217875775
513_Pereute_charops_charops.png,Dataset_pieridae,82638,0.007202497640310754,0.06616487975668982,0.011567452154107205,0.0006486120186838984,0.00010111033127079015,1.9361552796534283e-05,3.226925466089047e-05,3.0117971016831106e-05,3.65718219490092e-05,6.991671843192934e-05,0.00015381678055024456,0.00042595416152375426,0.00036894514495618104,0.0002753643064395987,0.0002635322463972722,0.0015284870291041787,0.0006103426994844987,0.0022825455601539245,0.00823697935574433,0.02237998862508773,0.01778842663181587,0.0049901377090442655,0.002466329049589777,0.0015133776228853555,0.0006799232798470437,0.00040613882233355114,0.0003153815435997967,0.00025790193373508556,0.0002004223238703744,0.00013386698613228782,7.033689101865969e-05,0.00016790096565744573,2.4958251651782472e-05,0.0006474019216341151,0.004476602773542438,0.014757133522108473,0.028580979694571504,0.008693790992037561,0.0011836261768193809,0.0004273155207047605,0.0002700029042329195,0.00022840581814661536,0.0002034475664948329,0.00020193494518260365,0.0002518514484861686,0.0003153815435997967,0.000540005808465839,0.001697161112321208,55.75764176286938,2.361638151251011,23.499775628714044,69.87120937099155,3.289757673780827,39.15446803633027,76.71361843219826,3.2163931357024884,39.529535390963936,22.958953508071346,4.861306154076801,26.406461835675792,66.45516590430553,2.3538046182403263,28.588825344074987,76.83433771388465,3.2247608673668564,39.602001499337035
514_Pereute_charops_charops.png,Dataset_pieridae,102140,0.013783260448621718,0.05849835737440985,0.009386680590910081,0.0012340360724930922,0.00025846876835715685,0.00016360986010486697,0.00010878315166547005,9.137784739899485e-05,0.0001409829645584492,0.000504753823727781,0.0005882992842068621,0.0007527794095250527,0.0006596610316994104,0.0003672519200226269,0.0006257206883797837,0.0017248656528076932,0.0015267035441550814,0.00428456040728412,0.009299123751713335,0.01788048267084394,0.015151997258664578,0.0064415263364010185,0.0026623996475425887,0.0013474153123164284,0.0009050078323869199,0.0006761552770706873,0.0005445956530252594,0.00044791462698257295,0.0003181907186214999,0.00022579302917564127,0.00019213824162913647,0.000595995692187194,0.0004442431956138633,0.0010316722146074017,0.0031011356961033877,0.006111709418445271,0.012427183277853925,0.01579755727432935,0.011024696495006854,0.005256265909535931,0.0024439494811043664,0.0010316722146074017,0.00046260035245741137,0.0003438907382024672,0.0002753573526532211,0.00029310260426865085,0.00040079792441746623,0.002054165850793029,70.47500489524182,1.5673040681550263,34.61487561919787,84.44334247111807,2.0379044021388295,42.771213562891276,93.87861758370863,1.8389551788158445,43.28820758822568,24.666741727041316,3.60110173182654,32.277020656798676,68.11648717446641,2.1803127704435705,37.792355194890916,94.21745643234776,1.8527129790989554,43.21530279297323
515_Pereute_charops_charops.png,Dataset_pieridae,67602,0.002794131666058532,0.04808536236600495,0.02010985868268197,0.010419152622046029,0.0022458244167661047,0.0013385534287282757,0.000691629767692606,0.0007836717519862989,0.0007047786225917051,0.00040104007442251873,0.0004247080132408969,0.0002209007623048628,8.809732782396313e-05,6.968893096522456e-05,0.0002090667928956737,0.0003024236626792764,0.0020182465015827935,0.004462700807668412,0.005941946983817047,0.006471702020650277,0.009721420963876808,0.012348931984260821,0.009273948995591846,0.004503380077512499,0.0022771145824088046,0.0013211517410727494,0.0009873968225792137,0.000697094760510044,0.0005029436998905358,0.00034577379367474334,0.00023298127274340997,0.0013932649921599952,0.001414529155942132,0.006893287180852637,0.019244068222833643,0.016403915564628266,0.0056766072009703855,0.004465474394248691,0.0033449454158161,0.0013655291263572084,0.0006471702020650277,0.0004909248247093282,0.00042713233336291826,0.0003614907842963226,0.00031896245673204937,0.00026256619626638264,0.0002792077157480548,0.0009041892251708529,42.71394337445638,2.0708097389735016,30.744474606174816,56.59456820804118,2.612866444868209,40.3463280543777,60.996775243335996,2.3693988834346444,41.37977393857301,27.229534629152983,3.801717708098278,20.562619639948533,85.8763646045975,1.2314177658864065,47.16586109609141,61.78913345759001,2.418458212924312,41.25949853074894
516_Pereute_charops_charops.png,Dataset_pieridae,49939,0.011318697700082989,0.03514865914193093,0.031179372167377532,0.007053939139083015,0.0019205653119027436,0.0005731436797337196,0.00028835178918280304,0.00023851320833639264,0.00022783351244073325,9.255736442904788e-05,0.00014773579322328796,0.0001317162493797989,8.899746579716142e-05,7.831776990150205e-05,9.255736442904788e-05,0.00030793123165817854,0.00026407216804501493,0.0008422775786459481,0.0023165762229920505,0.007664350507619296,0.013188590079897474,0.01042396724003284,0.006892158433288612,0.004102505056168526,0.002747101463785819,0.0016945673721940767,0.0013616612266965698,0.00147805322493442,0.0019311059492580949,0.002832205290454354,0.00235036744828691,0.0024104407376999938,0.0006820821402110575,0.005824606019343599,0.01584683313642644,0.018518842988445906,0.008099881855864154,0.0023816556198562244,0.001160165401790184,0.0007659344400168205,0.000650793968641743,0.0006195057970724284,0.0006620577104066962,0.0006670638178577865,0.0008835779651174433,0.0013391337431666634,0.0022076933859308356,0.0021901720098520196,36.3007268868019,1.9102166400399359,22.280242658284333,56.84196719998398,2.0486871338917325,32.966619931365095,75.1014637858187,1.8105076858131819,60.47890548969291,24.36606660125353,5.091322365084139,16.692693217621176,109.90502412943792,1.0468400487024292,58.792101801983215,75.69815174512905,1.824984209072326,60.24037001419436
517_Pereute_leucodrosime_leucodrosime.png,Dataset_pieridae,142092,0.007811527429802913,0.0010115512015689365,0.00018454397307534712,0.009681364499369734,0.016299924618478796,0.0004773120388355588,0.00044353110817091905,0.0007926007250388637,0.002796310371684073,0.03128989981451767,0.011787042510798951,0.0030903295830244566,0.0008620393047384012,0.0005486273369053539,0.0005448739001648384,0.0012674104727140789,0.00019441629366889057,0.002086676237930355,0.003492015736283535,0.003308595839315373,0.002944395180587225,0.003797715564563804,0.004890757396616277,0.0054159453030430986,0.006122353827097937,0.005968844129155758,0.005229446414998733,0.005355245193255074,0.0048045456464825605,0.003822787349041466,0.0028674204036821214,0.0021988394842777917,0.00015438940967823662,0.007485467162120316,0.01027283379782113,0.006354597725417336,0.003635848605129071,0.002370383272809166,0.0024152485713481407,0.0020928342200827632,0.0013595944880781465,0.0009047835205359908,0.001170896320693635,0.0027776898066041718,0.006198009036398952,0.01027283379782113,0.0011585803563888186,0.003876009909072995,62.44421923824002,1.6759614844991693,44.176579291947114,97.67911634715536,0.5212401462945628,76.23519824969806,83.23492525969091,0.9072494606993167,66.15243236367817,82.3862638290685,-0.3643277361134838,40.92906673741281,138.4581468344453,-0.12397960237709668,60.24816219059421,122.16024125214649,0.20340758984332075,80.67806240950353
518_Pereute_leucodrosime_leucodrosime.png,Dataset_pieridae,133324,0.05745402178152471,0.003117551561942669,0.0005993752896036056,0.00040336156864313836,0.0001993472876434684,0.00020068071431666884,0.0002233489677610766,0.0003080215615093057,0.0021414832371599345,0.006449118104934012,0.0013447607999226613,0.0035882511775824307,0.0003573583484177226,0.00020268085432646952,0.0008793948909757016,0.011420132742625317,0.027542865500585042,0.002015297320812457,0.006179963847469323,0.006982988809216645,0.003092091446401248,0.001638864720530437,0.002027954456811977,0.001557296510755753,0.0013144670126908884,0.0006272314061984338,0.000509566919684378,0.0005916039122738592,0.0005587891152380667,0.0007270821457502025,0.0011461739821787525,0.005987762893402538,0.015945178662506377,0.023128337733641355,0.009334403408238576,0.002710971017971258,0.0013838468692808498,0.0006037922654585821,0.0006525456781974738,0.000773022861600312,0.0009295963217425219,0.0010027264408508595,0.0006366070624943746,0.0004603447241306891,0.0006342631484203894,0.0006956736971588011,0.0009403783264828538,0.002668311781824728,23.768976328342983,2.988307430418306,24.15480617031419,29.47861600312022,2.147974985506325,25.71667162679992,48.558954126788876,2.234208594693019,63.511167277417066,44.76451351594611,1.0558454492000235,65.22691947017927,63.06595211664816,1.307750396462663,82.40640491013247,50.27985959017131,2.1355220670387776,64.06212200649932
519_Pereute_leucodrosime_leucodrosime.png,Dataset_pieridae,144007,0.02404451018198961,0.010608743556447487,0.0007153973225066992,0.000532690154722417,0.00024258080047034748,0.000777122717028416,0.00032158930545814516,0.0004826925851598263,0.010890828609411735,0.02532654662620567,0.007887888165930204,0.00474483107688438,0.0005907120255728309,0.0002246804360590496,0.00043022599981636697,0.0010678493252257028,0.011895255091766373,0.0011449096224489088,0.002569319546966467,0.00453493580173186,0.004327914615261758,0.0031087898504933787,0.0025970959745012395,0.002083666071788177,0.0022841771580548167,0.00206413577117779,0.0018553785579867646,0.0021166505794857193,0.0018510384911844563,0.003756327817397765,0.002985965959988056,0.013324439089766469,0.023944582555014686,0.0081345872075663,0.003965519037269022,0.002871388196407119,0.0018887970723645378,0.0012334469852159965,0.0009591547633101169,0.0008358968661245634,0.0008723534272639525,0.0008350288527641018,0.0009387564493392683,0.0010828466671759013,0.0011965564173963767,0.001525099474331109,0.002661328963175401,0.009554657065281549,60.34733728221545,1.3526752469256098,86.33556861342237,61.56047969890353,1.137037054585384,79.16689479008569,65.6013735443416,1.045144714640649,84.59539795644032,67.46865082947356,-0.22611468964962467,51.69596984285755,128.69802162394885,0.024510116542695276,94.72867167665183,83.57409014839557,0.8219274176197149,96.70724195889389
520_Pereute_leucodrosime_leucodrosime.png,Dataset_pieridae,103642,0.04578495633473345,0.021072538160205323,0.001465729251761941,0.0019863247203514662,0.0003859439223480828,0.00036793320597183895,0.00030875513787846626,0.0003156163631646544,0.00028817146201990187,0.0020266344189078214,0.0011749848302597188,0.00203606860367633,0.001551494567839293,0.0006766883438503053,0.0009914470538541862,0.008455602512066108,0.005850668647845468,0.009189083576156384,0.01068220412574053,0.010317969549024527,0.007423390131413905,0.004403981976418826,0.0027830175025568785,0.0017970513884332606,0.0016812682117288357,0.0013737191486077073,0.0013025607379247796,0.001165671252966944,0.0007121871442079466,0.0005246425194419251,0.00037689836166804964,0.002915685725864032,0.0038377298778487488,0.007823806950850042,0.012126478647652495,0.013902423727832345,0.010715974218945988,0.005572668416279115,0.002490544373902472,0.0011867775612203547,0.0006711806024584627,0.00048122382817776576,0.0003817226606974007,0.0003690588757453542,0.000379913548561394,0.0003781044364253874,0.0005180091082765674,0.0016643831651261072,48.12400378225044,1.8321686271632716,33.41385973078696,53.3028116014743,1.7995344369930184,38.44440524492917,65.09353350958106,2.133486939669124,48.94590207982807,37.67640531830725,1.6013228047040722,57.325392001490556,73.61525250381119,1.4767778027792018,62.03241189193875,65.68066035005114,2.1446092189035717,48.82648902121076
521_Pereute_leucodrosime_leucodrosime.png,Dataset_pieridae,105295,0.018531638623760754,0.049200183611124305,0.007227102690325065,0.003187657955690626,0.00034358495444017075,0.00011480971450580644,0.00011227714727406071,0.00012240741620104362,0.00016461687006347247,0.0002363729416296015,0.0004102758915428083,0.0008425006990940795,0.0007631469258327134,0.0007867842199956736,0.0006466488331724097,0.006198880394236299,0.001999145258559286,0.012314212450733653,0.01994990265444703,0.011701054181110214,0.004327722114060496,0.0018400683793152572,0.0011865473194358706,0.0009010399354195356,0.0007164395270430695,0.0006339332351963531,0.0006066289947290945,0.0007657058739731231,0.002154660715133672,0.0020080488152333918,0.0007182202383778907,0.0006766703072320623,0.00015967044968896908,0.002938767272899948,0.010680706586257657,0.018846455197302815,0.017261622109311932,0.0036130632983522484,0.0011491523814046252,0.0007876679804359181,0.0006196875445177834,0.00042024787501780713,0.00034842585118001804,0.00035198727384966045,0.00038166579609668076,0.00043627427703119806,0.0005745761907023126,0.003930029915950425,49.33276983712427,2.819558514835804,21.625433782321775,60.85110404102759,1.9166967647730913,29.27032850460373,77.54431834370104,2.2526809031064126,55.94413181724352,32.03354385298447,2.3934371051650176,46.874699893746445,65.15920983902369,1.8450990622708703,56.63508694974019,77.86592905646042,2.2522095851456756,55.906692726912645
522_Perrhybris_lorena_lorena.png,Dataset_pieridae,140327,0.024187948308039237,0.060624113677339365,0.0032381508904202327,9.311584133250669e-05,7.601293170000546e-06,1.266882195000091e-06,3.1672054875002276e-06,0.0,0.0,5.067528780000364e-06,3.800646585000273e-06,8.868175365000638e-06,1.583602743750114e-05,2.4704202802501778e-05,9.564960572250688e-05,0.0005795986042125416,4.899270988476915e-05,0.011690996743320957,0.017342528522664918,0.0019013625318007226,0.001638583451509688,0.002378818759041382,0.004738931210672216,0.007421504770999166,0.005885806010247493,0.004406671559999145,0.00241400443250408,0.0010773942291932416,0.0005482729624377347,0.0002970739772103729,0.00019107156855059968,0.0005179865599635138,0.0006569477007275863,0.012721625203987829,0.005343323095341595,0.0013967376199876004,0.0007540423439537651,0.0006395775581320772,0.0009326430408973326,0.0015713298224860504,0.0022986488701390324,0.004783024649568508,0.007917221917378694,0.008824032438518602,0.012833863048451117,0.0017860069694356753,4.0084944451174756e-05,8.90776543359439e-07,96.8664619068319,-0.09205193406736842,67.40184856645175,110.69238991783477,-0.18871804976140152,71.15870848206322,126.8216309049577,-0.4699235894312118,71.85623455851966,16.65836225387844,8.686988342766904,15.143184276148835,82.71815830168107,0.6188679767284732,54.467922173404446,126.82724636028705,-0.4699342664141807,71.8541889178652
523_Perrhybris_lorena_lorena.png,Dataset_pieridae,38081,0.01730580137659784,0.02221697025930108,0.04331352176209192,0.0024719238815507296,0.00013771813882105103,9.336822970918714e-06,2.5676263170026464e-05,9.336822970918714e-06,9.336822970918714e-06,0.00010503925842283553,0.0004668411485459357,0.0005718804069687713,0.00033145721546761435,0.0003618018901231002,0.00037113871309401886,0.0011811081058212172,0.00033481263622278824,0.02588232977075182,0.010567934140384969,0.006302355505370132,0.0036927864289278117,0.0024799112418266325,0.003051062209500801,0.004112943462619154,0.002269832724980962,0.0013113494918725874,0.0009059636038969565,0.000841955305795541,0.00048580657020561436,0.0001871011790656758,5.580210603713138e-05,1.805362254142486e-05,0.0,6.564953651427221e-06,0.001838187022399622,0.003961949528636328,0.004749743966807595,0.0037354586276620886,0.0020006696252724454,0.0016543683201596597,0.001683910611591082,0.002015440770988157,0.0023321997846695204,0.002924686851710827,0.004188440429610567,0.008303025130642577,0.022015572070061187,0.0010897823061369186,140.94251726582812,-0.4143100647594565,70.25625425018501,160.19973214989102,-0.5385212224893322,73.47735851373417,172.98327249809617,-0.7214311194849361,67.24376681861317,26.217378745306057,4.2860902136318,26.351229456956734,57.6609857934403,1.3244772013477915,45.13039772350319,173.28912055880886,-0.7150731986778058,67.06805239277
524_Perrhybris_lorena_lorena.png,Dataset_pieridae,79857,0.03785989678773029,0.0291910679228009,0.012767265932298428,0.0010719160499392663,0.00020369744251182322,0.0006133185290929759,0.00011131007787531324,7.23515506189536e-05,9.795286853027564e-05,0.00015026860513167286,0.0005699075987216038,0.00037734116399731183,0.0006177709322079884,0.000504234652775169,0.0010897256623993165,0.003590863112257605,0.00045863230524562657,0.00027236184680115707,0.0008241293812690184,0.0028167536972338054,0.004135517237061247,0.002936498991948107,0.002917715416306648,0.002833189325920082,0.0032229485204803587,0.003425654607611105,0.003120421503437394,0.0032769513004495534,0.003543051955370224,0.0040885582979575995,0.005236704359041787,0.019390911253866286,0.01741080932166247,0.013256508508959765,0.006485812139198818,0.0037160173810686604,0.0019801019322038143,0.001151276657024431,0.0008116069975080457,0.0006488160086154,0.0005799428979300499,0.0005736817060495636,0.0005987264735715091,0.0007059493845248382,0.0009712673904604481,0.0017726999511627033,0.007316202712348323,0.004520580537711158,32.80294776913733,1.9178773512078533,52.622250839071995,56.87425022227231,1.4171972520751115,74.54579775912245,81.22108268529998,0.9386181316652492,89.96568364177317,25.04543120828481,2.9052041313038224,40.67555697364481,179.2606033284496,-0.5137789849684326,71.40043721787728,81.53172545925842,0.9395699115247078,90.07234319811106
525_Perrhybris_lorena_lorena.png,Dataset_pieridae,86489,0.02583963792441171,0.04232060339079729,0.007384368725117259,0.007985601251796953,0.0006947575863854235,0.00014696795096614726,0.00010277479088541768,5.75538828958339e-05,0.00010894127833854274,0.00019938309431771027,0.00013360722815104298,0.0001017470429765635,0.000290852658205732,0.0004141824072682332,0.0007666999400052158,0.0023412097363698144,0.00030350680433349905,0.001561614771820694,0.005404589022881523,0.005377128883441825,0.005015088623986866,0.007076044352461007,0.009914555608227635,0.00837389725861092,0.006261634427499451,0.00410023239949589,0.002491646336528345,0.0017552810183954029,0.0011945160656268428,0.0009820613025933935,0.0008050156667321856,0.0018831874573645203,0.0008584906751147545,0.0024750257258148436,0.006271028685728821,0.012373683358577392,0.016173299494733433,0.006231283747066101,0.001840551977708148,0.0011923481598816034,0.001018915700262461,0.0010926244956005965,0.0012956850004046758,0.0020638462694677934,0.005980529315866757,0.00334796910589786,0.0002789372058874539,5.781081987304744e-06,57.98461075974979,1.3077867040471716,48.16899889207736,77.32952167327637,1.1996704415965211,58.2330183201083,93.68774063753771,0.9730505270421754,57.25784322962028,23.73685671010186,3.7311958276770674,32.76594556014144,110.09021956549388,0.6942441381117429,51.751608339515684,94.73859103469806,0.9861846544121845,58.69446313605144
526_Perrhybris_lorena_lorena.png,Dataset_pieridae,101221,0.030785882156645142,0.03995394016832256,0.009404284793779069,0.00671007004475356,0.0001650952975282907,3.688299200100111e-05,1.9319662476714866e-05,1.9319662476714866e-05,1.229433066700037e-05,1.8441496000500554e-05,4.390832381071561e-06,0.0,1.317249714321468e-05,1.4050663619428995e-05,0.00011943064076514644,0.0016123136503294769,0.00014263344562887148,0.0008039339662718211,0.003858512561622588,0.005749795003013209,0.0045951433003032964,0.006074579385700596,0.007305796228055443,0.006774162476166013,0.005849206192390907,0.004659976684680056,0.003873949081712293,0.003410853479021152,0.002363022495331996,0.0019888412483575544,0.001452885270843007,0.0035967091809011964,0.0018270665178174489,0.009997925331699943,0.017766199701642938,0.013745294948676658,0.0036924156054573658,0.0015047519783444147,0.0009527420199365744,0.0006909386392151826,0.0006637703638573023,0.0007391005818950613,0.0010089309530630995,0.0016307139822764052,0.004080798450914336,0.004000528546447872,0.00019017792750516198,8.644451250234635e-06,46.564497485699604,1.5316965837129237,52.53812777232484,61.74103199928869,1.4778247127688842,62.896812766168644,74.41617846099129,1.3222296804243883,61.47262039735275,18.62767607512275,5.3976265254477145,24.023216252616482,125.42922911253594,0.47264225620778977,59.25069192474545,74.9888659467897,1.3302914381372046,62.53213267526279
527_Perrhybris_lorena_lorena.png,Dataset_pieridae,41349,0.009551218489765976,0.004854074127817145,0.0065609540469875665,0.028786938284144987,0.027245587022123336,0.0030977505837841038,0.0005116340311871037,0.0007180074219180364,0.0004944362486261928,0.0004578909606842568,0.0004191959499222069,0.0005589279332296092,0.0007395046501191753,0.0008297930085639582,0.0010404658449351188,0.0030225102850801175,0.023309209412561368,0.01297189774843406,0.005264637597039832,0.003592892210210646,0.003592892210210646,0.003089554765532419,0.0026391206558804324,0.0015765193837819537,0.0014480398558610848,0.0009159834578828992,0.0007482043096568237,0.0006711165929043024,0.0005184526832571525,0.0006423976396043435,0.0005698444944255,0.0009492369827565359,0.0008298265979830226,0.005801228566591695,0.003945077269099616,0.0021871750223705533,0.001585588526929309,0.00124549565890348,0.0012923528984981499,0.0012893298507823648,0.0014480398558610848,0.0015039662386031102,0.001653607100534475,0.0017684829137343105,0.0022808895015598925,0.0036185881157948198,0.006767092311785049,0.02528325957096907,152.70485380541245,-0.4981518808357598,89.30095965519212,168.1521923142035,-0.6365343884714358,90.91999987500392,170.86623618467195,-0.7866042661737614,83.69098416380557,47.93327529081719,2.186060355776134,35.582978640374,49.5115480422743,1.7888279424279776,56.343289278533106,176.11371496287697,-0.7963270055323599,85.89445720884736
528_Perrhybris_pamela.png,Dataset_pieridae,89106,7.681238574781097e-05,0.019796646690458556,0.022075081613159856,0.01571760973821441,0.0166174119712602,0.01164356060322662,0.0024679719784426535,0.00038106923838524405,9.676365477321641e-05,5.985380707621634e-06,0.0,9.975634512702724e-07,0.0,0.0,2.992690353810817e-06,5.985380707621634e-06,0.0029873128633313133,0.022779049671178147,0.009758040984894396,0.00797294794963302,0.008115334545372927,0.004866395080017058,0.0020558379907076965,0.0010710558211568244,0.0005604280295378538,0.00035701860705227484,0.0003079197809350661,0.0003079197809350661,0.0002784604852647409,0.00035210872444055394,0.00043136825802976233,0.00029880142751329876,0.0,1.4028236033488206e-06,3.5772001885394926e-05,0.0005597266177361793,0.003468481359279959,0.00639336857226225,0.004125704217448881,0.0032138688752721477,0.0031023443988059166,0.003607360896011492,0.0048720063744304536,0.006245370682108949,0.014979350436558705,0.011748647678046372,0.00014238659573990528,4.208470810046462e-06,132.61023949004556,-0.3622939572599051,55.30538090638462,156.7225214912576,-0.52784696508357,51.108818753571924,155.888234237874,-0.6535882325135536,44.916769872694935,38.01759701928041,0.5418835363023917,15.992027312962676,51.73906358718829,2.1306856299771946,40.95015316989012,161.92532489394654,-0.6214417636640693,48.809028573671974
529_Perrhybris_pamela.png,Dataset_pieridae,60817,0.0001490811231508734,0.03326993731650324,0.01788681161882734,0.013576613264200616,0.02159922390121183,0.001989209888317046,0.0003522406929349067,5.5540026271894e-05,0.0,0.0,0.0,0.0,0.0,0.0,0.0,1.023105747113837e-05,0.0002600013154216749,0.019633696170478648,0.007858616834108883,0.0032320321620599502,0.0028096584836476645,0.002951477382968578,0.002815824522748574,0.002708946511666146,0.0031210434582435833,0.003054244701317066,0.00289084466514297,0.002978196885739185,0.003088157916372067,0.002119062104345824,0.001285619152539586,0.0016925777331995987,1.0276731834848808e-06,9.249058651363928e-06,0.0001397635529539438,0.0009207951724024533,0.002061512406070671,0.003951403390499367,0.004331642468388773,0.002466415640363714,0.0025486294950425046,0.0031076837068582798,0.003606105200848447,0.003784920334774816,0.004391247513030896,0.00901166614597892,0.017826019040728745,0.004341919200223622,130.3586168341089,-0.3440546353417763,75.1302983307085,170.31703306641236,-0.6025732086611525,65.98301770013398,177.15411809198085,-0.825325415900353,52.15040087867305,32.237680253876384,0.6400609487524499,13.517429706271416,92.20436719996054,0.6740559376771978,70.91596011628985,182.79102882417746,-0.7512458780691839,56.006354063639
530_Perrhybris_pamela.png,Dataset_pieridae,114789,0.011095139778201743,0.07653152983106203,0.0006032324041889419,0.00015642226655477055,7.8985500933597e-05,3.871838281058677e-06,1.161551484317603e-05,2.5554132654987265e-05,5.498010359103321e-05,7.046745671526791e-05,2.323102968635206e-05,2.0133559061505117e-05,3.0974706248469414e-05,1.5487353124234707e-05,2.4005397342563794e-05,0.00014325801639917103,0.00026134908397146067,0.00019982315378651265,0.00015735392764115028,0.00026026012945491294,0.0011537473102823442,0.003012592670029358,0.00513659845455575,0.007463694256418298,0.011365418289208897,0.016844492939218914,0.011725862234186202,0.0031176767808762163,0.0009305116343900548,0.00038657885337445226,0.0002123461307268118,0.0002716941518786643,1.633431774821629e-05,0.00020962374443544242,0.0004154361480629677,0.002066291195149361,0.006217930289487669,0.015845921647544624,0.02049303504691216,0.009437968794919373,0.004493026335276028,0.002100048785162341,0.0007132652083387781,0.0003517323088449242,0.00011161783794614467,2.0690135814407304e-05,4.900295324464888e-06,2.1779090330955055e-06,46.95966512470707,1.4007777844833593,21.55225736321703,72.40001219629059,1.070699571839887,23.792865725917522,101.67049978656492,0.45477638055768144,23.748930737391653,14.468267865387798,13.299548159285084,9.241298328793627,141.00950439502043,-0.5844868198422439,31.281923454120584,101.69342010122921,0.4674770744345821,23.749320762853774
531_Perrhybris_pamela_bogotana.png,Dataset_pieridae,93097,0.01210302754713423,0.0671452594844326,0.0072784300245980005,0.0011209336021091503,0.00011839503122788298,6.206191153074512e-05,5.3468723780334254e-05,5.1559126502465166e-05,0.0,9.547986389345402e-07,3.819194555738161e-06,7.638389111476322e-06,2.0050771417625344e-05,6.492630744754874e-05,0.0001584965740631337,0.000699867402339018,0.00018999001041924014,0.0016024952468930256,0.003059309107704867,0.006603327711956346,0.01353762742086211,0.0180376381623468,0.010733428574497567,0.004771233229857031,0.0016394191005080722,0.0008680462313500972,0.0006277055114557934,0.00044442892896656174,0.00022557117844828513,8.794590588311116e-05,4.296593875205431e-05,2.886774009903649e-05,0.0,0.0,2.6853711720033943e-06,4.69939955100594e-06,6.0420851370076374e-05,0.0003269439401914133,0.0023429863475729613,0.005191493818275562,0.007182696542316079,0.00841729593864464,0.007801674597462861,0.005928628204990493,0.004276453591415406,0.004000531703492057,0.006189109208674823,0.01077438048487062,120.28718433461873,0.5702681226859837,37.38279848488784,153.83523636637057,0.2625231841039163,44.95972751229462,181.80800670268644,0.08262272391155759,45.90738642787142,18.063632555291793,7.897535263313114,17.026942317186222,86.01314757725812,0.7784449015050919,29.0032716915687,181.935583316326,0.08259344325567361,45.99074769648489
532_Perrhybris_pamela_glessaria.png,Dataset_pieridae,52403,0.0030227277064290214,0.031779351054965044,0.03520239511308725,0.017334037279460254,0.0008040252148413895,0.00018828438575399628,1.357004582010784e-05,8.4812786375674e-06,1.865881300264828e-05,6.106520619048528e-05,0.0001865881300264828,3.731762600529656e-05,3.053260309524264e-05,1.526630154762132e-05,8.650904210318748e-05,0.00010007908792329531,0.0003232162280785451,0.01968875827719787,0.010408516687975879,0.004671726809533806,0.0031689502509398317,0.0023149915081197643,0.0020824189454802205,0.0016602102933038186,0.0016840638894719767,0.0019858118809991795,0.0024247180504932925,0.0024223326908764764,0.0019905826002328112,0.0018414976241818216,0.0017317710818082934,0.004100433181306414,0.0017914050722286892,0.0010006583592542411,0.001796175791462321,0.0009207488120909108,0.0021146213003072345,0.003742629238784039,0.002502242238039807,0.0022947159513768294,0.002060950708928878,0.0022374673205732497,0.0026513272140907965,0.004222086521764021,0.013192231360799955,0.01855094173997672,0.0031200503787951073,0.0003017479915272026,122.5708833463733,-0.5426253253169891,71.30457899186518,152.76818121099936,-0.7847926781901204,68.42094139353277,165.55346067973207,-1.1449224339213824,62.52729999038244,25.722592218002784,4.726901856242523,12.641168450841542,89.7361983092571,0.9244750278170794,76.39733563491312,166.74236207850694,-1.1089069636289588,62.01746862551819
533_Tatochila_xanthodice_xanthodice.png,Dataset_pieridae,52433,0.0019953506803391417,0.0034159996778958123,0.007701680663365098,0.008637478093736557,0.004241603570270631,0.0038720313966819028,0.004673901296257446,0.00973602290330305,0.03232569819261407,0.007416872749773786,0.00071541035437818,0.0005509676899831954,0.0005102808451844364,0.0006950669319788004,0.0008103463255752844,0.0015901775175514996,0.012638748498083267,0.02378988423321191,0.00977437873095188,0.006576249690080674,0.0035807602082657867,0.001811836057444739,0.001084717639654416,0.000699702477447409,0.0006448705967615814,0.0005089828924532261,0.00040408712070642535,0.000318263307459043,0.00018356760055690118,0.00016687963686991017,8.701581065359601e-05,0.00023005549939923332,0.0001704556290885511,0.0014494688459557913,0.003990807316003281,0.0032267369786203345,0.002670074189918563,0.002926353632254496,0.003127801193904602,0.003010985448095665,0.003627248107108119,0.004189870882840959,0.004722693723418458,0.004082591116281731,0.004195830869872027,0.0057919153967920965,0.011679190586081285,0.003637976083764042,148.71424484580322,-0.31092712578500303,72.75667028773516,154.14963858638643,-0.38546211836557587,69.26634341091383,145.03680887990387,-0.3321841125871888,65.13812142189941,76.37491656018156,-0.005401108775563924,34.41482165382043,39.094329906738125,2.5933016774530424,37.01090045267528,157.9052886540919,-0.43366497566091206,68.35056250479548
534_Tatochila_xanthodice_xanthodice.png,Dataset_pieridae,57906,0.007114979449452561,0.016535611354801076,0.019232702809534225,0.010576528243091294,0.007070462857427939,0.004041799544856223,0.004239821626620922,0.005443304666183124,0.006943053300943675,0.002321003004869962,0.0006324426177291165,0.0005664352571408835,0.0005556898728590781,0.0005464795434746736,0.0010085310675923048,0.002060043672311831,0.003952526508479259,0.012619590370600628,0.011262865678858841,0.008031335267502503,0.00547007218595655,0.0036848513107450003,0.0028850637239664283,0.0024382188374261734,0.0024090767796083306,0.002370220702517874,0.002328126619003212,0.002022674679653231,0.001463578903740545,0.000864547715262667,0.00042849618346976135,0.0002687545332089939,0.0,1.2952025696818983e-05,0.0003734500742582807,0.001185110351258937,0.0020194366732290262,0.0049055797326701895,0.006506234241702069,0.006892636341657168,0.006937968431596035,0.006893715677131903,0.0063821106621075535,0.005870505647083204,0.005613623804096294,0.006252590405139364,0.0024770749145166305,0.0001770110178565261,111.7019997927676,0.07908154695088127,52.97601975769802,141.4339792076814,-0.07849148794484388,51.37114539494788,141.2386108520706,-0.0815217586134104,41.343225849708645,49.255552101682035,1.3554578812698161,38.94304174645659,73.79421821572895,1.0481185359311933,56.570200443497036,149.86251856457017,-0.05330403064787613,46.473967220711096
