filename,dataset,fg_pixels,gabor_f0.1_t0_mean,gabor_f0.1_t0_std,gabor_f0.1_t135_mean,gabor_f0.1_t135_std,gabor_f0.1_t45_mean,gabor_f0.1_t45_std,gabor_f0.1_t90_mean,gabor_f0.1_t90_std,gabor_f0.2_t0_mean,gabor_f0.2_t0_std,gabor_f0.2_t135_mean,gabor_f0.2_t135_std,gabor_f0.2_t45_mean,gabor_f0.2_t45_std,gabor_f0.2_t90_mean,gabor_f0.2_t90_std,gabor_f0.3_t0_mean,gabor_f0.3_t0_std,gabor_f0.3_t135_mean,gabor_f0.3_t135_std,gabor_f0.3_t45_mean,gabor_f0.3_t45_std,gabor_f0.3_t90_mean,gabor_f0.3_t90_std,gabor_f0.4_t0_mean,gabor_f0.4_t0_std,gabor_f0.4_t135_mean,gabor_f0.4_t135_std,gabor_f0.4_t45_mean,gabor_f0.4_t45_std,gabor_f0.4_t90_mean,gabor_f0.4_t90_std,glcm_ASM_d1_mean,glcm_ASM_d1_std,glcm_ASM_d2_mean,glcm_ASM_d2_std,glcm_ASM_d3_mean,glcm_ASM_d3_std,glcm_contrast_d1_mean,glcm_contrast_d1_std,glcm_contrast_d2_mean,glcm_contrast_d2_std,glcm_contrast_d3_mean,glcm_contrast_d3_std,glcm_correlation_d1_mean,glcm_correlation_d1_std,glcm_correlation_d2_mean,glcm_correlation_d2_std,glcm_correlation_d3_mean,glcm_correlation_d3_std,glcm_dissimilarity_d1_mean,glcm_dissimilarity_d1_std,glcm_dissimilarity_d2_mean,glcm_dissimilarity_d2_std,glcm_dissimilarity_d3_mean,glcm_dissimilarity_d3_std,glcm_energy_d1_mean,glcm_energy_d1_std,glcm_energy_d2_mean,glcm_energy_d2_std,glcm_energy_d3_mean,glcm_energy_d3_std,glcm_homogeneity_d1_mean,glcm_homogeneity_d1_std,glcm_homogeneity_d2_mean,glcm_homogeneity_d2_std,glcm_homogeneity_d3_mean,glcm_homogeneity_d3_std,haralick_angular_second_moment,haralick_contrast,haralick_correlation,haralick_difference_entropy,haralick_difference_variance,haralick_entropy,haralick_info_measure_corr_1,haralick_info_measure_corr_2,haralick_inverse_diff_moment,haralick_sum_average,haralick_sum_entropy,haralick_sum_variance,haralick_variance
001_Dismorphia_altis_altis.png,Dataset_pieridae,124110,0.005796643777739094,0.006865955913806037,0.00644077653247848,0.00859156097951484,0.006706324516951565,0.008828396410079561,0.006712169809970583,0.008744609105847753,0.004520854190942924,0.005427672134351241,0.00465570761726256,0.005813740257644139,0.0046250474260508614,0.005796513382675938,0.004855052178914708,0.006228144522464431,0.004091091260385744,0.005376268019024705,0.004001738071741514,0.005200018825154635,0.0039263881285406645,0.00490619465335887,0.004369519426441955,0.005872768865770904,0.003643879122429791,0.0055690519544103435,0.0032918468786233574,0.004598944711353163,0.0032257352403860856,0.004334003324337658,0.0037767076213057133,0.005506876952295445,0.03213639979975669,0.0023803705672512067,0.028726810931445478,0.0011394328874498288,0.024615578672183034,0.0002566632768343482,2.9266210438823337,0.6899308535403155,4.349925824167039,0.7760584739876732,7.575613522171765,0.4254152665501469,0.977498456320516,0.005297737334829932,0.9665739843105242,0.005953620523723021,0.9418567422825941,0.003252161931360675,0.8477971113291503,0.11640105558902133,1.058486374646422,0.09469003041951629,1.415860956866041,0.02076574806089779,0.1791436850771649,0.006628717578102702,0.1694563226518454,0.003371297192349806,0.15689140376363936,0.0008161478160971242,0.7128416693024864,0.027128886427821793,0.6690606173344442,0.016924865356429612,0.6114942409999515,0.0038846435637766635,0.0021171065484609486,178.362616323623,0.9785430841730118,4.126656092335651,0.00041245191789143233,11.848093904529389,-0.37964981006929654,0.9978933861714934,0.32859648883230874,173.11933886600815,8.269560357087713,16445.494830814365,4155.964361784496
002_Dismorphia_altis_altis.png,Dataset_pieridae,82137,0.011284972234971246,0.009493675569997686,0.012782671286404522,0.011220101646327559,0.00839327588826871,0.007709291128726615,0.00870115827220766,0.007402842116471973,0.009874147779186507,0.009394357961404599,0.011310607670975449,0.01136315166692728,0.00695175535321099,0.006907195057905122,0.007234832388954169,0.007383099864103161,0.008283231409799932,0.008519589931712826,0.008728408996623636,0.009578660078425984,0.005625512924274304,0.005648985947309102,0.005400091825624495,0.005782909951284614,0.006675930674387889,0.0075741408011034276,0.006203904124427054,0.007193994968067027,0.004583807611043945,0.004698155925869842,0.00401915878151406,0.004395742527331448,0.009370890694663308,0.0011130977025160006,0.007729580338861936,0.00074477797778274,0.005992914574265477,0.00029655834855299006,5.441900949130551,1.818655429074786,8.401012675615359,2.2563259458198752,13.736869761101705,2.007865317615792,0.9427291950578877,0.019147847336063093,0.9115400309872439,0.023745047141783944,0.8551058854676864,0.02111631353046351,1.448701705715384,0.24818370316863886,1.840497300799531,0.2554596056264293,2.440508171297105,0.18401469118163916,0.0966334398447533,0.005733149085254423,0.08781606670624335,0.004233056473348194,0.07739029106606947,0.0019124390119756706,0.5572819276529655,0.03678795288898345,0.5009414713535225,0.02828573890616688,0.430115630330629,0.012768306701971557,0.00024988883318512287,338.6804020988644,0.9442154598376986,4.966180952558481,0.00018735589194973835,13.107440344526431,-0.28269943160587024,0.9927303680050887,0.1884656074062736,276.4246915312034,8.603478818207213,11804.449742837216,3035.782536234021
003_Dismorphia_altis_sophia.png,Dataset_pieridae,68158,0.008319102175061007,0.006021646854843822,0.010276856261994082,0.006850960221043214,0.007619341105851043,0.005435319194581832,0.008395817066333834,0.005942070574206919,0.00995719847185959,0.0072194214953593475,0.011171966613473375,0.008814311268848901,0.008399687412662555,0.0061766313326632166,0.009057480818737128,0.0067034086412535296,0.01010847455681251,0.007934469108939662,0.010511390959347118,0.008761147973755962,0.008507613690082327,0.006296522428706656,0.009366667962828581,0.007418349628143312,0.009455700821127006,0.008949436748616193,0.008754852145995588,0.0077706502975643495,0.007610436909800453,0.006084855777467842,0.008646458210485288,0.00789820627455067,0.009533159118006868,0.0010176425137674446,0.008118824992389072,0.00047861523156387284,0.0070146937101171975,0.00018785169683574473,7.717503156214142,1.6699031962434925,10.299042270460049,1.2089806465045905,13.244996139752246,0.679970710457729,0.771794995186372,0.049634955594447444,0.6947465267769289,0.036245865150387774,0.6046873906436461,0.020979203348507426,1.9056233109050065,0.2287046382984699,2.2545413553461335,0.15117608184326994,2.62846034848026,0.08126636545429604,0.09749747944022595,0.005234560230772405,0.09006589096761329,0.002638233613436802,0.08374633048490696,0.0011161722223471992,0.44403947285691886,0.032820456938044404,0.396103428315768,0.01804351529160788,0.35154814999310924,0.008870891953984945,0.00016558766239352894,483.20887245042513,0.7757163489076928,5.394109416487101,0.00011426230142251901,13.117691998365624,-0.13681493939640563,0.9208164997458098,0.0948817133863304,271.7439470076027,7.949010765279025,3826.75975922796,1077.4921579196007
004_Dismorphia_amphione.png,Dataset_pieridae,33542,0.012408941310935433,0.011571179889500235,0.01801338803221261,0.012990251831098434,0.007312335809045869,0.007825590721458484,0.011912637193855052,0.010054599532043497,0.009084474707825406,0.00917075998030863,0.011563374809985191,0.009817935205937458,0.006612725298366713,0.006231378233530808,0.009467174855903829,0.008155461944100858,0.008176637798939602,0.008264606685494462,0.009178781609621555,0.007952172344431848,0.006809818842699392,0.005944410400823612,0.008472895486674781,0.007290439014002651,0.0073265309546258804,0.008127211120494748,0.007224941439022321,0.006481586847823531,0.006097982863625278,0.005581254414591271,0.007502019543179106,0.007408180503960791,0.007171728588524368,0.0009468020364457289,0.005916310102046481,0.0006660111143942639,0.004673503734873016,0.00045522761127506165,7.18935453922955,2.1429693854806215,10.700525696113658,2.236348030016469,18.175076544203243,3.1886597461809627,0.9167998203890801,0.024829258090238008,0.8760462430449265,0.025978024131761344,0.7890522819104006,0.03711377024443923,1.763084652078855,0.2919900455259043,2.1893346194385153,0.2643083988875665,2.900038688708235,0.3070597603288393,0.08449168953140208,0.005734369071966586,0.0768020724389466,0.004213285075719302,0.06828338500372017,0.0032989494247017193,0.47794631964805884,0.04314481766089289,0.4208394842056519,0.031875574155133014,0.3550669401416495,0.025738959856037368,0.00015396805314657773,450.13617838400603,0.9184161124472128,5.2756439600269145,0.0001295654868519233,13.328731527290943,-0.2371969405087889,0.985032651138896,0.1135013065474535,305.02539985360715,8.517567026279153,10585.892354600936,2759.0071332462367
005_Dismorphia_amphione.png,Dataset_pieridae,45126,0.010676393225584096,0.009507377588098106,0.017209989772357402,0.013104270134320944,0.009119224109542539,0.008946608838333453,0.013167755468618803,0.010048442495422876,0.00848459300233432,0.007248943811907089,0.01111684278368102,0.008954093139378748,0.007742725044520786,0.006509633733822757,0.009964515364634326,0.007878334057070084,0.00764194595459413,0.006509283976580846,0.009062131481477127,0.007279652369302164,0.006977614776452773,0.005517889404203781,0.008782324169353511,0.006890988912924861,0.006323823167327981,0.006215672081869003,0.006947008481238197,0.005807220050046333,0.005894702654823279,0.004904035280251286,0.0072800956512571935,0.006073271141220989,0.00723914392995628,0.0008965185634022326,0.0059437601838898645,0.0006298504144315503,0.0046883170915810405,0.00036867655893320464,6.304209750385731,1.7850718375360843,9.740993789664198,2.162221915462972,16.919086473141807,2.305230516181879,0.9338862520892094,0.01870183405248426,0.8979004209584346,0.02261870919538132,0.8227788462864659,0.024109976136078605,1.7072598943805033,0.2613564855014608,2.1471457003246335,0.25986645687478094,2.851383798679414,0.23741533431363704,0.08491557295012306,0.0053375463003715205,0.0769911740964809,0.0040148841994795655,0.06841934299204835,0.002666570103613204,0.47321941469508266,0.04096643307217021,0.41333890193736617,0.031361969395058885,0.347240336402563,0.021533201603053564,0.00016060505150658464,393.50249168112316,0.935321918804566,5.2389078649914715,0.0001268323110041009,13.414028750864114,-0.2377371854445996,0.9855896141843671,0.10822706391259614,270.9350654885907,8.576805621810427,11773.43493132963,3041.73435575269
006_Dismorphia_amphione.png,Dataset_pieridae,45211,0.007760187872607235,0.007560072939469533,0.012178875125295582,0.011276976355440492,0.007372477272733047,0.006917830413798803,0.010348752920925536,0.009124245771881997,0.005050245673989629,0.005672025144958665,0.007370804665868883,0.007640823136528288,0.004895291557020698,0.005086224343512341,0.007216970797187443,0.007538203676284011,0.004035011602936284,0.004778047167877312,0.005580810920541314,0.006393031634560618,0.004060717961828422,0.0040791014628980314,0.00565352656841892,0.006104651604007356,0.0033108505011561306,0.0043417540888856035,0.00407070267647623,0.004836363768882753,0.003302645039289364,0.00347908511159932,0.00449645774741116,0.005259885984952731,0.01648240469847923,0.002133609660612003,0.01349801100270314,0.0013828030919112394,0.01040611272863358,0.0007480841092208047,3.3940359899011194,1.025292739213966,5.38161812240023,1.3968129127352993,9.974468934173354,1.510257048132736,0.960946324357968,0.011790175468488864,0.9380898718131042,0.01607207104536632,0.885286452041034,0.017375291442128425,1.0876691045658822,0.1859827660497432,1.39891105924692,0.19613062375298804,1.9519009707751334,0.17326261077357585,0.12811371339377334,0.008323529235686635,0.11602998140677985,0.005920677110387257,0.10194523373739141,0.0036444542612321515,0.6206114492942965,0.04280675894340918,0.5585925972675291,0.03365623971818859,0.4759143388977245,0.022527469787442914,0.0003491508254492372,207.30680899887443,0.9626299030043118,4.570045895354037,0.00025533338762472984,12.429978063262684,-0.2953404811776924,0.9926230809960932,0.1859488451922119,165.26867527741842,8.266106976934934,10887.01933008944,2773.5815347720827
007_Dismorphia_arcadia_arcadia.png,Dataset_pieridae,76042,0.0070479357105357925,0.0051069455612438985,0.00950950828671318,0.007963881356113119,0.006020078369453615,0.004916157221779433,0.007177557379229132,0.0060569445589293966,0.005593936466413817,0.004928856281264115,0.006922319098405994,0.007148772545398805,0.004861197603477319,0.004316088631043775,0.0058020459856555654,0.005674332432554371,0.004095725352004509,0.003995070321958969,0.004853099415222532,0.005463736543746943,0.0037527179546305513,0.0036412330387115663,0.0043798626677576035,0.004812525097607834,0.003165720206867829,0.0033231224170935437,0.003381733320474999,0.0038951147396097184,0.00288376857692463,0.002965804996202989,0.0034262794585692567,0.0040066203811959895,0.01915565775348798,0.002141783525401702,0.015696622883095483,0.0015033329104531797,0.01189357390646352,0.0005682756922645513,2.1649332502776772,0.6160957277410715,3.4290792038763227,0.8054370138593533,6.020066860291513,0.6890715192693614,0.9549410738260342,0.012829939513354417,0.9286621260277722,0.016724707438967784,0.8748308595643048,0.014333809452776248,0.9040716877750168,0.14058027862022318,1.17060486531805,0.14952941403515832,1.615146276395291,0.0969538239518823,0.13818420424777805,0.007796374150612789,0.12514449163378233,0.005956433229514971,0.10902701713357721,0.0025852352732741155,0.6525062006084676,0.0360683629466395,0.5895498220673191,0.030887602400251995,0.5043144643454956,0.014342727345585723,0.00041760553434734045,128.69232546387744,0.9580177868888506,4.346296417020531,0.00028502386806749947,12.160100161137155,-0.2949031069803596,0.9918504081643379,0.20780555281455543,303.1838743654032,8.112672346261462,6002.291175636241,1532.7458752750417
008_Dismorphia_arcadia_lucilla.png,Dataset_pieridae,98825,0.010077924941587296,0.007763073427751547,0.0138335584799288,0.010893938107154886,0.011083043979763658,0.008026846931525458,0.015191588157924154,0.010100423871693095,0.008834513237801966,0.007058042247337064,0.010722562192293,0.00914697520578438,0.009416323679219912,0.007173015647917248,0.01215234596923706,0.009118421098498478,0.006213913107376231,0.005109383077688866,0.007643078974159215,0.0067219462000384506,0.006984907579599321,0.005445841626582113,0.008581430785857398,0.006625647915669682,0.004469746453844335,0.003990200338751523,0.0051844922491396115,0.004582297165759548,0.004839550508446463,0.003872886322503863,0.005999907293993231,0.004840996362360266,0.010438056700272414,0.0015646939027756347,0.008319209122520214,0.0008745140159904672,0.006278999540609965,0.0003669340671718071,5.228567029383825,1.484406398357596,8.52095721104719,2.306552069539286,15.442594942557273,1.8888399483489446,0.8885495971701497,0.03160171957322078,0.8184837871951132,0.04903180707796322,0.6712835906896848,0.04006588142322955,1.5830768747831363,0.25008694919708385,2.047831146457643,0.2805787573437999,2.816347708223959,0.1839498720392037,0.1018891487680641,0.007527155079557972,0.09107842074514871,0.004891870510334332,0.07920620615644451,0.00231871665211085,0.4932354366928875,0.0430763452124553,0.4281942263963462,0.03166668055447737,0.3505131653357838,0.016578598853133487,0.00018849788676657253,324.1534943361542,0.8916540118039984,5.125794300303873,0.00016032963986006865,13.006458256761226,-0.19104033141509444,0.9643675319797161,0.12045461382890846,258.902266126824,8.151723823919347,5658.8176706378,1495.7427912434914
009_Dismorphia_crisia_foedora.png,Dataset_pieridae,69654,0.007905765840656692,0.007996393507317338,0.008620726755783781,0.009112692018238012,0.007753398240984596,0.008355140867589893,0.008536801967227664,0.008820320999402267,0.006699262250308099,0.006721652358123094,0.007055149453695176,0.007326866962004828,0.006419788665097495,0.006117051252202553,0.00713835836823123,0.006623853512767429,0.006120371494723594,0.006091610082442933,0.006330367760425694,0.0061422968086423104,0.006095498850859407,0.0056111632674701465,0.006808598730359964,0.00608259094515349,0.005571847335081591,0.006265704320911814,0.005227384617457815,0.005192179131538727,0.005143183510229809,0.005019479381212076,0.005957661570981524,0.006050016015960835,0.009412369216767837,0.0010568714072556862,0.007913618055766264,0.0004533718261285594,0.006548481812494298,4.713986211527832e-05,4.410055241136931,1.027579904247102,6.497285381214036,1.1023013207207786,10.722226510533568,0.5239516319102066,0.959998234838467,0.009300081748993513,0.9411476786807571,0.009933127677716707,0.9031756902963544,0.004704142717207842,1.2938190145733892,0.16873156006245965,1.5870912833772532,0.12963794287884575,2.0243230815535087,0.045062163795581235,0.09686425066507667,0.005448500698451559,0.08892195355768859,0.0025503394382976486,0.08092216809005902,0.00029073028485421016,0.572039092714331,0.03480077453414596,0.5196195337192786,0.018642900264098396,0.46286560749689964,0.0037022591078078745,0.00021716880634634812,272.1685950096797,0.9613636757530669,4.840936485684454,0.00019317461261258247,13.1057783181832,-0.29127605884273355,0.993900732523135,0.17384127838669,248.27577947220507,8.643359837971737,13814.645761906297,3521.703589229
010_Dismorphia_crisia_foedora.png,Dataset_pieridae,74408,0.004551864225725509,0.00480075838066347,0.006952128884381218,0.006985387855677968,0.008784717950271194,0.009570400546387817,0.014283486753204544,0.014737889169065687,0.0047490023166826744,0.004671264042941709,0.006974465952885743,0.007827989892760994,0.007997026327698864,0.009728969205436845,0.01232147727913035,0.014079805597459649,0.004601355838546077,0.004829295869516855,0.006354908852961661,0.007083465434028103,0.006888822720461589,0.007970877091044559,0.010263614958715453,0.012179985016205156,0.003998301451004248,0.0048074033347412694,0.005284429111692107,0.005921252362095797,0.005463448213268317,0.006096434099267407,0.008162774856425458,0.009985068896849305,0.013049162702429491,0.002416042168792932,0.010645691270925947,0.0012274168452110442,0.008299696279880158,0.0008567909603704061,5.889565983253039,1.9365303651349788,8.589083393163445,2.9485022331773076,13.198621342680061,2.9928192474614947,0.8427075805700757,0.05179503405949154,0.7699524730884095,0.0793213411186711,0.6454761947278878,0.08035134279124025,1.4796515418039022,0.2926065333582846,1.8399375400675773,0.31909824281246724,2.383887587153171,0.31181153739268785,0.11378020129025126,0.010160142557040995,0.1029935573592767,0.006165907346638333,0.09098176268788283,0.004692029207702235,0.5459774582277547,0.0539912872290316,0.48708243915360605,0.03865232824147113,0.4135251900162751,0.03250576909758964,0.00025863762591950176,367.709459793818,0.8459018248601285,5.000104170503752,0.00017552299221260115,12.814038009220585,-0.20456011771237237,0.9687933680737288,0.15513958391144528,323.5993606026358,8.07122713547671,4405.958835199759,1193.4170737483955
011_Dismorphia_crisia_foedora.png,Dataset_pieridae,54127,0.004226671562275262,0.004446067173891683,0.007886976266602737,0.0071226108999592926,0.00404484765870564,0.003537370778008942,0.006036753684369029,0.004864518340326811,0.004420636627144981,0.00477495893984485,0.007067375855924337,0.0073140293648070506,0.00422391757456771,0.003948911877893593,0.005965548550182669,0.00512379651434247,0.004104029565094912,0.005001608017189417,0.0056109068688389345,0.005877091650155172,0.004094917953807948,0.003979146076477256,0.005424773891110805,0.0048965759113472765,0.0035988155265537516,0.004855574050809629,0.004173852656493476,0.004506663059253038,0.0034710810588037097,0.00361423893533688,0.004396674154108602,0.004496995752221811,0.02599018437433343,0.0035180055448787158,0.02157349157818696,0.002161718134603988,0.01733477793618855,0.0012084752928616439,2.375792215009702,0.6325164590274799,3.456364703223742,0.6831031810574656,5.162268963397874,0.7107612166071022,0.8963489219262677,0.02761873686513178,0.8490051869115306,0.029863070235253326,0.7738103301326129,0.030920596218709812,0.9467136144679582,0.1496931986073413,1.1799060451652015,0.14127998473864511,1.4945003323506685,0.11953112314538882,0.16085362608023954,0.01078403223158726,0.1466920790931618,0.007411174637837686,0.13158160015007608,0.00458916529818312,0.6407561121002423,0.040577189692105955,0.5832850026794458,0.031796700207036656,0.5167914544872182,0.021365386679616783,0.0005168775272647332,141.96367211794492,0.9025735993715819,4.4004457545110345,0.0003082076072121531,11.725753676071609,-0.24896468944455027,0.9801867145322343,0.19005313224029272,299.06871876456114,7.661699519061397,2772.502305834565,728.6164944881302
012_Dismorphia_crisia_foedora.png,Dataset_pieridae,40577,0.005229611143126044,0.005363893782532575,0.010209277539328635,0.007820000651380483,0.0039122172548729205,0.0037410880252232506,0.008655309368018935,0.007830369252466716,0.00560502533553379,0.005877320455646576,0.009575167104988774,0.009362783157693035,0.004376476230262242,0.0035624805009190803,0.008799885675537224,0.00926067494349381,0.0049298869750049506,0.005384652920191975,0.007572093031644615,0.008011167551460327,0.004440098243998159,0.00370505376229968,0.00740927698060362,0.008074590646008977,0.004130276792159474,0.0050025290928010545,0.005545342708409512,0.005885488443863494,0.00401844444772048,0.0036647894375853216,0.005835832798125126,0.006536637237764711,0.021272244646036383,0.0032248472160839995,0.017552990976800707,0.001867688432189009,0.01418634690989511,0.0012453672307660784,3.7181013116177706,1.2599529005882202,5.473143855963137,1.3753819023820526,8.219077440099557,1.464901815873508,0.8389299128335497,0.05523195455918904,0.7613776222396766,0.06004653706506458,0.6354630262213901,0.06536402626471075,1.2345938984462852,0.22745117717399502,1.53488460706857,0.2119507699746343,1.9483924957404182,0.20295556769997408,0.1454337120109478,0.011012722495054665,0.13230201613828757,0.007011954260047476,0.11899182241885758,0.005224280556609672,0.5704698714196424,0.04826272253993216,0.510244294739088,0.03389126936612484,0.4417924967107606,0.027195379523934075,0.00038947711507161456,227.4394939462329,0.845074852924972,4.756771273520092,0.00022042368575631743,12.122834677072204,-0.19608652421289557,0.959226922155582,0.1425258370289157,282.7916061563717,7.657677029115554,2711.82029173258,734.8149464196977
013_Dismorphia_crisia_foedora.png,Dataset_pieridae,101130,0.008601128451405243,0.013769483678995009,0.0060052370829061195,0.00847041289892617,0.00568154140257679,0.009019909984466983,0.005679055041329612,0.0077497989137907735,0.005034584425003466,0.00937803240398955,0.0028204216207838965,0.00453106762346229,0.0033278643455580243,0.005694372693718409,0.002887028297132832,0.00432838859226582,0.0033840299318366614,0.005906855979141535,0.0018737891283743299,0.002612868943707401,0.0022985915435658143,0.0037685616249033536,0.001991981797163719,0.002560000776295299,0.0026288409213235608,0.003849516904141922,0.0015753287394018533,0.0019638571587530878,0.0017702679269178696,0.0025188229496306207,0.0017817517513397906,0.00214215388028438,0.03654516225954153,0.0027264996785841744,0.03237375464769798,0.0015481873777880943,0.02625021264287234,0.0006702876569107868,2.0099457774266676,0.6959173925677464,3.473939423563672,1.3984046783531587,7.653304372551171,1.7316738784876173,0.9871347882422474,0.0044507747753996735,0.9777790614968251,0.008936873289913855,0.9511101125241923,0.011047878470077753,0.5764982634200886,0.10993640969805418,0.7670058605269178,0.1079950144272436,1.1668373621444619,0.07336387777989443,0.19103460038786457,0.00713748654572552,0.17987529866705873,0.004316431064478834,0.16200605931846188,0.002061404127130504,0.7987246240118077,0.026593939141561065,0.75679860983421,0.016177716493324917,0.6879214555510177,0.004206921546833303,0.0013883119123407866,120.69544168019989,0.9879128800963279,3.486189361684657,0.0006091076077982486,11.245885582158623,-0.46941203682765936,0.9994307881105873,0.4160625756844727,242.1221596279927,8.323878633854786,19847.331851198396,4992.006823219659
014_Dismorphia_crisia_foedora.png,Dataset_pieridae,67926,0.007970235088479143,0.008896072672191144,0.009372990294598078,0.01112066508532331,0.009391946555837142,0.012227304044227939,0.009374607429133146,0.010530837663278534,0.007089155939955162,0.007884158234658977,0.007558416018579888,0.008389858275700489,0.007502779196614235,0.00945286371833601,0.007494362409397707,0.007990835090043242,0.006770964914854037,0.0072064817810774335,0.006937034128748715,0.007101450519334932,0.00698437820309064,0.007637539276300109,0.0072747682020851,0.0072785780694763665,0.006239279766407723,0.007101270501075417,0.005949297435482281,0.006243683155858324,0.005935445552442861,0.006366912167407599,0.006568947346962688,0.007172639239216327,0.01629170237572697,0.0012800155039185577,0.014465724116795368,0.0005843727204511223,0.012434788514188359,4.8065267053205214e-05,5.9555940249707495,1.3474632368969528,8.831121945693317,1.5811112770961073,14.668934778536006,0.7256767957588671,0.9562031238533018,0.00988580949562505,0.9351453844026778,0.011547370983835337,0.8925767169525521,0.0052339329002354645,1.422013433468814,0.17451693051507142,1.7395992325113399,0.15038629593765027,2.2164048966071053,0.058293536487219855,0.12754067346543627,0.005007892541771518,0.12024894692142386,0.002432052853857019,0.1115111742124718,0.00021573118486387688,0.5773134001779812,0.029422082692511325,0.5327861364632779,0.016493115621051154,0.48292336262868985,0.004254555731588419,0.0011637964507822248,372.20498941066086,0.9570067093732701,4.912426713234158,0.00021060717174937018,12.799114181886022,-0.30630259480112665,0.9948365424127845,0.22551318184955765,292.6355357944235,8.502114191648758,16940.025435745247,4328.0576062889895
015_Dismorphia_crisia_foedora.png,Dataset_pieridae,79965,0.01575678480185743,0.01404619494212782,0.010032780581210102,0.009773745704487356,0.009858866335460383,0.009630606209225198,0.007829071564527198,0.007973318066485538,0.012229836931407164,0.014026293591469662,0.008404401536568755,0.009388311994315966,0.008539840278797067,0.008990933494021677,0.007240591673801265,0.008638547346870857,0.010694833592861441,0.014314357772017177,0.0075284689058459555,0.009648520712444788,0.007594906020229873,0.009270974961357708,0.006700689280316991,0.008999769553084387,0.009675729703648757,0.014448998740353046,0.006706398189996264,0.009717843915656795,0.006685992387917651,0.009444404154848948,0.006304267537761118,0.009838922639507,0.014583065528124587,0.0021632896020600334,0.011910729828084417,0.0012134938959736266,0.009181696343857395,0.0007028006706706637,10.856558349026656,2.5290741837897577,14.450589464751332,2.743590002529414,20.92460436640222,3.055779055442962,0.8928635697024778,0.024931756334313677,0.8574733307130895,0.026986123983296435,0.7938594714235194,0.030047303207138228,1.8611631749559905,0.2784850285773833,2.2457734307532413,0.25940015253369025,2.862878561875223,0.25346024323607313,0.12044323979990584,0.008745942752326041,0.10898630325436207,0.005719749210642732,0.09575069646394864,0.0036742986441180496,0.5289272616549625,0.041409516036607225,0.4737369992852326,0.02921859510156986,0.40318278947073294,0.01993332201455918,0.0003041414919363949,683.4632199942719,0.894347283851088,5.248174961603489,0.0001644922823771444,13.123806699975427,-0.23192842313786716,0.9824759054576409,0.15176015657156727,232.5036902946532,8.384762066784377,12253.58461820778,3234.261959550519
016_Dismorphia_crisia_foedora.png,Dataset_pieridae,47216,0.005717736110558815,0.005563086419378865,0.010656961880830465,0.00844325019395065,0.004479245723002553,0.004677099511632249,0.008343617118687013,0.0072076823081328656,0.00527292943186181,0.00484386383317099,0.00907825182435962,0.008155617333782238,0.004566645543036267,0.0041145218422751605,0.0074348943811498175,0.006862679980353638,0.004866012449054638,0.005026035875020331,0.0072198193123042135,0.007128908546558842,0.004559819884080934,0.0039775869692103005,0.006443165684358005,0.005928886055612803,0.00411907218064613,0.005202437422451888,0.00530329579346509,0.005657053937626245,0.004007929576714353,0.0037946234706583643,0.005192099868501595,0.005181284521834959,0.014313745073849192,0.002104256741212173,0.011660215882888255,0.001473054992915801,0.009270123438781658,0.0009169442464586525,3.2556715772023024,1.0184342680586569,4.864786737638822,1.1889017279265086,7.598899813336418,1.3687771171799032,0.9128384962095155,0.027376800503347714,0.8696845366575463,0.031843623245522375,0.7960252019240163,0.03687445154624398,1.1656037223068516,0.2038942655612598,1.460648256258267,0.20353122093924653,1.8765683140726264,0.19976232009617817,0.1193105605764733,0.008873286244502973,0.10777288109610836,0.006724729223719297,0.09616472432914058,0.004740172305101854,0.5804467385691356,0.0468693374621077,0.5184062924625221,0.03750847822805519,0.44805891893178046,0.03022440852322567,0.00026702890826765514,197.82219718378173,0.9169621580014313,4.689366134385775,0.00023056039279049635,12.489843829742355,-0.24217325181958413,0.9820901443827481,0.15059695981085552,274.5657634032885,8.069501013411625,4568.383977146372,1191.5515435825428
017_Dismorphia_crisia_foedora.png,Dataset_pieridae,107692,0.0061820383232632885,0.006984641906773034,0.015543180058994625,0.014698305173105306,0.007980204199289381,0.008987109090650152,0.01675713998809533,0.01700817070858495,0.005957095283146711,0.0070704828554820414,0.01231029660844073,0.01347933583492794,0.007087281240217383,0.008303009960269147,0.012843081389553332,0.013454879150544167,0.005561727769110483,0.006955735575429181,0.009796290313250735,0.011479486482113062,0.006622916750838326,0.007561798365604812,0.010511956164527853,0.011568736153268191,0.0050277024228782925,0.0073870761807711596,0.007821330673500331,0.00983313443500295,0.006114167378906481,0.00730270602109111,0.009238595882873683,0.011659617547043179,0.007862528955363525,0.001212625216255613,0.006595474507133184,0.0007529806295416681,0.005198063343036625,0.0005304788586176095,10.143349306335098,3.0093185237493283,14.613311910655199,4.3219951999999004,23.099193820712067,5.038637309226572,0.9070311621062724,0.027606367651436012,0.8660232606850645,0.03965262769288486,0.7881240485255223,0.04627131763385475,1.8638858336487996,0.34802921662504577,2.3135505247315233,0.39744124344951787,3.0509233309190638,0.41268478019692856,0.08842113253391136,0.006650735055917341,0.08107382013019247,0.004744491187722986,0.07200255388052944,0.0037007536689275355,0.5192895322680255,0.04779003170831501,0.4665838425027856,0.03805357277830955,0.39950557127403524,0.030747443047035045,0.00026023991138950217,639.7505084680386,0.9084534894960137,5.283910829736981,0.00015884371240074623,13.603243857697425,-0.24653491632517976,0.9875851021380078,0.17249513820807144,246.18965684216897,8.72374515717272,13337.975416272659,3494.4314811851764
018_Dismorphia_crisia_foedora.png,Dataset_pieridae,142789,0.004399311784800616,0.005836404179169027,0.004836629425535665,0.007201990154175703,0.005482675694299815,0.008427600940262155,0.005577858963478622,0.007863047435443816,0.0034520068277721135,0.004345924377767095,0.0038418353451844874,0.005256000799709604,0.0041508737908799755,0.005833911616203415,0.004530964529669622,0.006345782917216397,0.0031285177361403075,0.004293099417301569,0.003393640134008344,0.0046024715669757636,0.003580243222657215,0.004984503462621256,0.0040171755330834615,0.005597165876012149,0.002823251724845909,0.004462197026365325,0.0027971709318740487,0.0039010394679162403,0.002866360547144746,0.00406952842526964,0.003460395465650524,0.005191521812706865,0.0346806303968064,0.0027487355809366404,0.030620630079169955,0.0013718954368549358,0.026133663507454073,0.00019712173739143215,2.261189093372568,0.5484877807249888,3.378560661500214,0.6624200520463154,5.828760940132243,0.412868371555465,0.9792287476097714,0.005032803626776171,0.9689818415722642,0.006073056339914973,0.9465467395008671,0.003790034920795269,0.7047319310944995,0.09899057009251859,0.8786044264087234,0.08337120969619602,1.1561885027716088,0.028751260168693102,0.18608137699362265,0.0073723492160695,0.17494354098069628,0.003922696560452634,0.16165794317844395,0.0006106674783024721,0.7505455691906842,0.02581295913133005,0.7096152635308108,0.016051499709665316,0.6563601053357476,0.0015581401572146176,0.0009880821887089163,136.1192207121485,0.980464052873181,3.8574248662861055,0.0005246340308862475,11.556628078561841,-0.3896572972814866,0.9979787634042269,0.3375478135486391,172.62273061285075,8.13950470152368,13798.022599588334,3483.535455075118
019_Dismorphia_crisia_foedora.png,Dataset_pieridae,95111,0.006116883650558505,0.008143453593617303,0.010572996210864022,0.011475359901572047,0.004233200126119836,0.004167902925950448,0.006485920279705057,0.006985289917540868,0.005235251772792118,0.00566440345151354,0.0074935081060306845,0.008369824174124615,0.004018289686831607,0.0038645419584090453,0.005219708500769305,0.005311699812419024,0.0043582278053783275,0.0052742599215298384,0.0052347652396429216,0.006357673433054996,0.0034422951053909626,0.0035025107930330805,0.004007065518755363,0.004193943101706829,0.0036904304908877317,0.004878187300523343,0.003726579197143556,0.004988556628353475,0.002897187059194184,0.003243690244584467,0.00327688720823914,0.003672204156463258,0.04504315259994325,0.005163058181347128,0.037220880289242246,0.004174893075820931,0.029310398612295712,0.0023406165309196696,2.2832533695256565,0.838550190232213,3.6269685184627245,1.0326734235635437,6.471040226735675,1.5081004694070805,0.912977401812205,0.03255417098964259,0.8607891046859056,0.04022868453242265,0.7474465803113042,0.06049615167593389,0.8589262301445562,0.15447639318478132,1.1063772968329713,0.16627449571325084,1.5098045525750055,0.17359135379214374,0.2118723342360416,0.01238008825955312,0.19263385173200787,0.010633882458116908,0.17106944153803488,0.00675609237359709,0.6738868557136317,0.03853147749703099,0.6129503749128951,0.03652349155600484,0.5327083655021009,0.028416151738671708,0.0008887478491161713,136.11893070316975,0.9184263717020971,4.2401121736194956,0.0002999681352490317,11.25580613142949,-0.23682225646246965,0.9726594528832865,0.2084675457211098,375.0598062467346,7.348713984367305,3208.745574893772,836.2161263992184
020_Dismorphia_crisia_foedora.png,Dataset_pieridae,132008,0.0061427932118698824,0.006166045401686654,0.007356298633473182,0.0070807689008727,0.004512891375202431,0.004493626642292638,0.004765135995604232,0.004653496867164542,0.005298440790135408,0.005625209769882899,0.0058451856182494925,0.0060281909174158994,0.004095981046049404,0.003942246131311785,0.00437233663229938,0.003963914473456455,0.004549195645490596,0.005623261624295562,0.004496475125409672,0.005003803593063722,0.003613223856678857,0.003746758413348071,0.0038894369355373655,0.0037531190056938695,0.003771293704383566,0.005327686862572851,0.0033006313612148914,0.003835095529861121,0.002902499190675467,0.0032180767906416466,0.00317823276969793,0.0034919017191572975,0.017632295766978313,0.0019747643010661095,0.014661913203301591,0.0011806671082320469,0.011661040645727818,0.0004192612123035305,2.209187123334564,0.6436215014425872,3.3080492924598124,0.7549764871793538,5.487545870939717,0.8546219676059658,0.9617368703245454,0.011132197043395126,0.9427432120630622,0.01304724254590256,0.905188557649772,0.014762439518626711,0.8424414096517561,0.1327574717289883,1.0620753531928742,0.12079147565072364,1.4027440457011224,0.09749178621366843,0.13257595949284923,0.007477347894054076,0.12098945286127438,0.004844120109065591,0.10796892275018136,0.001937102447777642,0.6811248946934654,0.03396816147447343,0.6263017126225889,0.025048045996277187,0.5571457976104841,0.01157337951828521,0.000403454039265039,131.4334722698742,0.9643211673112702,4.226557623971889,0.0003450721504036172,12.218194889901593,-0.3181630493198658,0.9946077910135289,0.23928289948471154,248.87667652027795,8.240769778515945,7235.20062770902,1841.6585249947238
021_Dismorphia_crisia_interrupta.png,Dataset_pieridae,105671,0.006428383077057613,0.008340717607179728,0.006888898995625779,0.009852594892810066,0.006210037756628369,0.008483569839449347,0.007229129042688152,0.010447606692710503,0.00453021879920768,0.006663211079310073,0.004782668995769777,0.00701702598720313,0.004728218265607763,0.006555808299738455,0.005202384644984626,0.007665463443734467,0.0040477342193701756,0.006069378298700016,0.004205268563713937,0.005887322654966262,0.00418637775613836,0.005689960993803895,0.00472374578341891,0.006799681312582349,0.0038092522301645215,0.0061205110580295026,0.0036065816054891226,0.004980630971482278,0.003597105028521093,0.004993541297142071,0.004437357353488306,0.00683231236308834,0.02833243640744669,0.002334345699611845,0.024990225968757288,0.0011332571541480838,0.021024975570035277,0.0002807761984064809,3.5544445304953856,0.8517875751078506,5.233428298171315,0.9080655129763189,8.920680506018812,0.6092363628422518,0.9754450316811466,0.005883456293030071,0.9638402591434417,0.00628555915274064,0.9382875424598607,0.004254662993862122,0.8621433753117643,0.11713669524580507,1.0677330362695419,0.09193195504801657,1.416734638423417,0.03648446718265515,0.16818031393593058,0.0069150858171486045,0.15804207453051794,0.003595642758603983,0.14499667266297422,0.0009697869361783905,0.7244386599784532,0.02579900435447762,0.6830923419567014,0.015984109352489898,0.6270576651070843,0.003260317715765203,0.0010796500986240166,218.41068790698642,0.9763992384252023,4.068319457485691,0.0004301708332451334,11.808080973003262,-0.3819640084108988,0.9979413091503748,0.3363069533553756,275.73733638196643,8.261351487149671,18290.22410320248,4627.158697777362
022_Dismorphia_crisia_interrupta.png,Dataset_pieridae,81866,0.006773282606746178,0.006819516932028124,0.011409623865117713,0.011201576033264696,0.005224630056237758,0.004540939716047344,0.008983595268886542,0.008511748871645472,0.00685744074952683,0.006447444622974949,0.009735739680561625,0.011268472906212926,0.005385017017689556,0.004367988562019612,0.008087742737915763,0.009613361322766445,0.006354227359793331,0.0062283865132490976,0.007992227466043883,0.009192148123902693,0.005315142297760146,0.004324746087702811,0.007261720078031914,0.008677614623391392,0.005563026362605279,0.0063558636045911,0.006142299946747389,0.00713637383912136,0.0047400566632846445,0.004287155784824056,0.006150343184511603,0.007502986371806645,0.02131419367790544,0.0023736190861994937,0.017891645409369612,0.0013448770924423033,0.01478329865134889,0.0006990340624861095,4.990035421437135,1.5101483923278158,7.202554494910456,1.5352478479889795,10.749065368696927,1.692028944848262,0.8085946871903185,0.05815069830117195,0.7227184692746969,0.0594914563182026,0.5828114000787897,0.06592673329882791,1.3586747567225324,0.20735964557896636,1.6692267528555136,0.18141756479840307,2.091083022937765,0.15595799836422905,0.14576379568045084,0.008192041670622636,0.13366705994155828,0.0049761929172288015,0.12155286763478708,0.002863393285740255,0.5632500872358566,0.03600376971174611,0.5093602657249815,0.023737744516478105,0.4502424420192463,0.0132839193960615,0.00045159362026709395,309.0547795274773,0.8135219873201722,4.897955058330684,0.00018905296784734257,12.211715653961901,-0.18411899668641207,0.9539014302652862,0.16335587465527024,330.0862061540454,7.668833413983775,3006.671826015274,828.9316513856802
023_Dismorphia_crisia_interrupta.png,Dataset_pieridae,108485,0.005236272590658783,0.004969546752639573,0.009102769587129087,0.00925323001845366,0.0069256459427066595,0.006607309981469302,0.00972557469313543,0.008153034200142675,0.005634709032350575,0.004336790296576649,0.007623768946034734,0.007198821745159521,0.006428185807235082,0.005843344094840876,0.008367709232637533,0.0075761630729850316,0.005383212100688995,0.004715260450884777,0.0064997892571957115,0.005834622138159144,0.005899042222335867,0.005191277999959273,0.00721406488384783,0.0063917442387966625,0.004571966288306093,0.004936110891551458,0.005095072974549658,0.004974820403592188,0.004759191536016355,0.004420217080959218,0.005932800917937256,0.0057923458869430355,0.018854176363726525,0.0024943835087647605,0.015564842697497954,0.001271776945656745,0.012767473785678886,0.0006026260842413495,3.6644669874136504,0.9420034453386621,5.393245940516588,1.3208188556870575,8.373767005768572,1.2924180139872115,0.8677598076420318,0.034075342487572935,0.8049110318567625,0.048049840062413675,0.695188129647734,0.04746007378712907,1.2583700120259533,0.18577069016600384,1.5598712500711707,0.1837003909499693,1.9751455283742079,0.14427361789489462,0.1370172924350782,0.00896871994694803,0.12465191143586855,0.005171428514669375,0.11296169048125619,0.0026702564101147284,0.5552386484582243,0.04133424130830939,0.4949876406763716,0.027665300594020198,0.43172078787784907,0.014709571675664104,0.0003266554093369825,224.21531139926338,0.8728497725035557,4.796540394643269,0.00019969425003563596,12.348292969209673,-0.18611408096696633,0.9563248860260949,0.1291978353444798,316.3222384450184,7.7598588759024185,3303.140710175423,881.8390053936682
024_Dismorphia_crisia_interrupta.png,Dataset_pieridae,125267,0.0037988373213132184,0.003933159163484597,0.00697062653773651,0.008385625518505675,0.004496732113995497,0.005575494521601729,0.006757329409545905,0.0068725523897047785,0.0038032817042486173,0.004024391562568562,0.005577262399032223,0.007158647813579123,0.004050620442347688,0.005243048578730791,0.005699570822187414,0.006115980977413668,0.003208760364958944,0.0034436541762393937,0.004452623631748135,0.005749433338994973,0.0035977305695241873,0.004348496846988819,0.004828539575552259,0.0051247135657488474,0.002607376007260401,0.00284941770798294,0.003405094969909064,0.004632888792597468,0.0029643211371532495,0.003464957426147432,0.0039645326812624065,0.004707985802635857,0.027670225328792653,0.002901083557754025,0.023541220050220864,0.0018106674816610652,0.018971303624942794,0.0008985195382573798,2.1763936272789564,0.5923562024002579,3.27011941327576,0.8271144114146779,5.217468114483877,0.7419932737938164,0.914553898468529,0.02331635354898133,0.8714525727176143,0.0326233929152713,0.7943250578903782,0.02945593058662335,0.8175059527570403,0.13064864008811267,1.0335837100253875,0.1370435247520417,1.3622381193231954,0.10600376685437873,0.16611736621785725,0.008674443476958981,0.15331805226975573,0.005898720067040547,0.13769797113889012,0.003251517980294193,0.6961669806252665,0.03346230685598461,0.6460014335485968,0.025854145423357646,0.5801862406094853,0.015863494411573583,0.0007862663464235125,130.51977294721627,0.9194872997461017,4.1646672745236515,0.00035339356539746335,11.705416603864567,-0.29287247588104776,0.9900167484673017,0.29121061918014546,258.04924201346364,7.820475514236298,3112.306864124781,810.7066592680039
025_Dismorphia_crisia_interrupta.png,Dataset_pieridae,76087,0.00798047258438035,0.0060561814061196725,0.011503153524933361,0.010172702401796742,0.006978709925023837,0.00511844669743493,0.00926790255027141,0.007380002496704044,0.00795157020223082,0.00586309596132607,0.009901227546908184,0.008965190594321,0.007356990496410767,0.005605996399095859,0.009201185122106206,0.008302690128959128,0.006743063874604517,0.005217975512582089,0.0078993133368597,0.006564904725700978,0.006790875687583425,0.005069711581277403,0.007980582875137997,0.007068898139517111,0.0053192027720844436,0.004728251264638058,0.005775849939497905,0.004787667611551002,0.0053172369017226015,0.004171716827202054,0.006257728154976244,0.0056542195652464974,0.014106059743663373,0.00163896444508393,0.011600561167271824,0.0010150353228679187,0.009453593690855418,0.00040313975541590995,4.444174786122155,1.1846586997839783,6.763406677952437,1.4099592333616302,10.755376075020058,1.1922200186122454,0.8647930254581844,0.03611047391272871,0.7939152606078284,0.042857293760781665,0.6705964454511526,0.03614860537504465,1.4458761447702884,0.20454004121716274,1.8118055532782336,0.1948232672904533,2.3227174574841105,0.13236303611221817,0.11856567488265725,0.006945536932692562,0.10760438541712955,0.004675190506670553,0.09720782877359799,0.0020571135064144396,0.511246099603915,0.03726159815807948,0.4508666714707739,0.027098982869908632,0.38649239160441606,0.013367020688275371,0.00024819647027135263,274.69790737891486,0.8690275495471089,5.004764011509328,0.00015856208101537882,12.683689686861726,-0.17323443646225786,0.9507359183491507,0.11770320960669907,315.6848127487811,7.885464020426035,3920.4856793656727,1048.7958966861434
026_Dismorphia_crisia_tolimensis.png,Dataset_pieridae,116196,0.004756181164055508,0.00516457387752469,0.007179283728688254,0.008471472927108566,0.0073743264912544855,0.008883382906136897,0.016443612062387373,0.016468912747703846,0.004334954481997875,0.004781286137350934,0.005447335401329553,0.005918972704883095,0.00556208055658447,0.00613928643478749,0.009463139159015308,0.009760392109723386,0.0036008499396814053,0.004277558764877334,0.004417495668142482,0.004835412526941922,0.004510592918599822,0.005077402118505078,0.007185329526348886,0.007408434709140247,0.0028762175422946757,0.003591334552435813,0.003388477768795357,0.003911475140854685,0.003452784432007729,0.0040736761767565625,0.005749143737188028,0.006457074311250184,0.019835121629563537,0.003646968891153732,0.016506686554866912,0.002098098628434113,0.012833833485325002,0.001756655234277187,4.016768210658785,1.3955580869498345,6.418075447593238,2.8049250721911747,12.437167335459968,4.261403960042272,0.972071058874912,0.009694459459629745,0.9554323867715007,0.01945357229899101,0.91385108825612,0.029522763374720443,1.1300750919497415,0.24733442345640289,1.437121282104579,0.29305995608261837,2.0042169457435555,0.3553220989598876,0.14028848271377242,0.012420275658418849,0.12819995140491272,0.008453343400390934,0.11302875089721287,0.0076377323821147395,0.6304656686134372,0.05522671091365427,0.5754851260727697,0.04152645428757163,0.5014924763929071,0.039887340275272014,0.0004619254657493671,247.23036394680724,0.9731334617528038,4.57283991306957,0.0002588917783064329,12.407124604495108,-0.3117338828202984,0.9938934150380564,0.21091824826225236,193.43158500305785,8.336924164799228,18153.877063163978,4600.276856777702
027_Dismorphia_crisia_tolimensis.png,Dataset_pieridae,72639,0.0040924032000295655,0.0041639278080081105,0.008795655822615753,0.006650920331311371,0.0034778097489023777,0.0043103084779999665,0.007235605907647705,0.006435828494893405,0.004413358543282131,0.004442483420489102,0.00786165387366323,0.00731774739162145,0.003985908993916544,0.003733481256381343,0.00647672760190382,0.005881958788484077,0.004143644879416499,0.004358005833496566,0.006267909124571348,0.00614810548706753,0.004069431435399148,0.003645535686979599,0.005590645904852789,0.00522534669265253,0.0035169281986668754,0.004129850759653658,0.004536589276058677,0.00477715704583967,0.0034872793997885814,0.003428004626684982,0.004609574704664568,0.004779428782785865,0.017599806918046527,0.002559104021828735,0.014455476436350593,0.00187816463625729,0.01161781262488283,0.0013206580565014731,2.5734889882466883,0.7614900985105487,3.7648401600925485,0.9021583017764786,5.742335698404721,1.0624836409071197,0.9267826725196393,0.02171921500136415,0.8927747641839037,0.0257604881340177,0.8360338829720639,0.030542070356443157,1.0101547969248954,0.176919912700082,1.2595238875436319,0.1809988220200498,1.6056818781594169,0.18999440748167928,0.13230636139172594,0.009738257201806768,0.11998346615364126,0.007710012069291049,0.10761380638628087,0.0060894416771066434,0.6185079422987007,0.04636481777268161,0.5579171305451782,0.04030028207769103,0.4890282645064093,0.03591684986476874,0.0003218546752271998,154.3484485972915,0.9310700071492509,4.486359032279758,0.00023667061107257562,12.32404587119012,-0.2598637940481301,0.9858113596719208,0.16676046937154085,267.5964411984149,8.048863586221426,4324.959358608223,1119.8269518013794
028_Dismorphia_crisia_tolimensis.png,Dataset_pieridae,83200,0.00903760592697511,0.008097073335441188,0.015135790079298344,0.013609459847922062,0.007184337852021656,0.006858056631120689,0.011056079832149828,0.009633021414458959,0.00771421536074618,0.00710147857924556,0.011371788714349627,0.012000750401511481,0.006596821197213521,0.006093720790220206,0.008924837987534165,0.008941487873663828,0.0067757636423202644,0.006990937324527877,0.008674271451334105,0.009352434518414977,0.005996128167566705,0.005390238358546411,0.007226959947681441,0.007107924789797045,0.00552112872226866,0.00633703389424603,0.006244191410074989,0.006728139946217733,0.004912199236651472,0.004659045277805492,0.005640715617971098,0.005724907608274786,0.008391595392794118,0.0010197909083272212,0.006927248501449684,0.0007373917661767346,0.0054915710660166026,0.00042194763297138336,5.534196084004206,1.7168860126338223,8.548349848953826,2.0364961366720262,14.267652106865768,2.3829453416154514,0.9472755155099346,0.01635438932101562,0.9185668966180777,0.019391011755191638,0.8641064134877993,0.02267682724184871,1.4800210433936563,0.23258044273899547,1.8685020282398976,0.24198628255952156,2.4630495483262473,0.22339122664290495,0.09143226637368193,0.005633476596755116,0.08311505055944675,0.004374571059006153,0.07405107887509947,0.0028299794081229793,0.5406589383307402,0.03777314646297161,0.48327549559806515,0.030719474369089048,0.4155031500775819,0.020972974568837698,0.00022432731366095677,344.7103398264154,0.9486813417746862,5.028024179524529,0.00017574636980239,13.30798349976921,-0.27067536670232617,0.9915615257714631,0.15409496406242365,218.83536072752364,8.675252423773578,13089.157647719996,3358.4669968866037
029_Dismorphia_hippotas_diana.png,Dataset_pieridae,96410,0.0095282183142272,0.007004227380555845,0.013154351866617666,0.010374296563771519,0.008569373094649986,0.006850143676421696,0.011642932913892534,0.008590935977172205,0.007226564380732519,0.006007384229740457,0.008963601378441577,0.008077742445846631,0.006295283432865788,0.005253023115247181,0.007969151218721894,0.006536737236038918,0.004909547248695562,0.004283953247085994,0.005539724499839209,0.005172137544905074,0.004308234398197921,0.0034394897944352324,0.005138655963563548,0.004179948318679682,0.0036374474380321954,0.003385769456963524,0.003614728297371282,0.0032967863783863348,0.0031000158764819194,0.0024039511739778158,0.003709376607703298,0.002923921077632357,0.01290241184756087,0.0017217755774023992,0.010201001576876539,0.0012779702187564375,0.0072749083494904965,0.0004974313647564748,2.982815485656483,0.9116906765077032,4.9812591820261565,1.3143862410053635,9.708699842631423,1.2286519027860434,0.9330801175480659,0.020421609811692283,0.8883260596129889,0.029412565376669586,0.7826143908418903,0.027448754301823457,1.1521663773876183,0.1905399389204412,1.5209640549344376,0.22002093408590687,2.192259703288933,0.15621776222773945,0.11333240881225412,0.007627382275261633,0.10080295262983247,0.006306054074006308,0.08524321930503904,0.0029158038348823497,0.580316596594517,0.04153574569584333,0.5096208010672113,0.03724038929800464,0.4134457758208534,0.019849716960409516,0.00025276787753547803,181.182754172457,0.9365108393184163,4.692530917967482,0.00019613017953305464,12.58810601871523,-0.24354492453923687,0.9830930751907744,0.16094397567338709,376.5514126659916,8.14991793048998,5525.432010950899,1426.6536912808479
030_Dismorphia_hippotas_hippotas.png,Dataset_pieridae,91324,0.006875326547555627,0.00730785912987921,0.006898884661358865,0.00613472625112074,0.010656258412404643,0.011000754135152042,0.009996936467497428,0.009360845460453057,0.006267783672680273,0.0070443808402330535,0.006043340681646546,0.005569640668651734,0.008168477911885599,0.009022928220849715,0.007714798781312223,0.00794328298708773,0.005141548372956161,0.006249095737434953,0.005239942638709696,0.005527167997820835,0.006369685643375014,0.007469508911890677,0.006401464480278643,0.0073526253973791545,0.0038680636151710726,0.005186310117542545,0.0040383771896490605,0.00472298464199891,0.004517016627329077,0.00560758977816478,0.004983408500021582,0.006182125269783766,0.02372846923830027,0.0029962345316303356,0.019540166737380328,0.0017554037173158762,0.015230189433583386,0.0009239741708678374,4.22640801849594,1.2116824037334648,6.569162312859713,1.5612382107975153,11.23322769234392,1.7505466924008541,0.9461295897864924,0.015448948408830545,0.916333953969793,0.019813683738503684,0.8571180534356132,0.022235358441383014,1.1962729608263736,0.18716550703771365,1.5171827603934143,0.18763482943802193,2.029217252212802,0.16205179873346173,0.15373793671520036,0.009649665945167384,0.13964125948992398,0.006362812699431163,0.12335379804447269,0.0037456563626193052,0.6031231259844406,0.03876205383415688,0.5436246717304936,0.029722626335417585,0.4677486691670169,0.019631814115912485,0.0004711682911801812,260.57244466326813,0.9479922646804465,4.691464554980529,0.00022207905034211624,12.30032816002842,-0.26054411840384595,0.9863147875819867,0.1741993716228316,118.62733464017938,8.049722406110051,9759.564237112983,2505.034170444063
031_Dismorphia_hyposticta_hyposticta.png,Dataset_pieridae,74041,0.010711995820947038,0.010926970618546233,0.0073925068888591955,0.008015187668774265,0.008639076299013658,0.00914450811667089,0.006997288768948834,0.007220812638701018,0.007020580960268801,0.007625849106734279,0.0050517799231038826,0.005264293228490453,0.005862246871573763,0.006168913181638828,0.004893212254259352,0.00500305123520948,0.004774574454491323,0.005132091179134593,0.0036186057763233897,0.003630565632712808,0.003996226711331185,0.004063130769535662,0.003746997570891533,0.0038044653575248985,0.0034393274282321852,0.0034255691708377574,0.002604946665933379,0.002495882666106953,0.002753740006724034,0.002682632038389377,0.0029283748940040883,0.002925096555284756,0.02389079367284119,0.002568719569702518,0.020053417806007248,0.0015359871850248131,0.01575492559914181,0.0006205881369134858,2.6205452704014767,0.795736518312965,4.4316540270099365,1.4445934986575133,9.258294474442863,1.7102881999555397,0.9808653014443824,0.005802753346988249,0.967669282047229,0.010564555830599797,0.9326163105277743,0.012576121592302968,0.9063899869047821,0.15579553088249493,1.188447000737845,0.16618229905374074,1.7248345533795573,0.12913664353492044,0.15434443210818222,0.008281904976750338,0.14150455503403547,0.005466142206975297,0.12549410156887542,0.002481142995192601,0.6730029754683517,0.0377299829909596,0.614156352605427,0.025769643711252083,0.5331505472817061,0.012651197637981242,0.0005654626424870552,158.24895302090735,0.981930389295018,4.307779367893439,0.0002979315146560387,12.0778947828187,-0.3377657902425985,0.9959204832120827,0.23629974323454436,289.24493910840863,8.255118584591985,17355.592867504103,4378.460455131261
032_Dismorphia_hyposticta_hyposticta.png,Dataset_pieridae,82586,0.007829934463779973,0.010591240482477947,0.009844752828240716,0.011503955133827008,0.005750896605883457,0.0086942900684791,0.008669606929323137,0.01176014990504684,0.005453248086959299,0.008706294861120073,0.006470132613637523,0.009431535315738676,0.0041504569852448435,0.0066633886000214086,0.005922312976266551,0.00900844743325965,0.0043685214899074785,0.006862424973582076,0.004879245324205929,0.007393839279106382,0.003642909004686854,0.005540827410103538,0.004868804083247148,0.007703852599381498,0.003606233262345301,0.005803664200914538,0.0037409504179892602,0.005768563226897477,0.0031062340997387236,0.004616953894021917,0.004129559379386849,0.007082520552236739,0.06870175080823687,0.002276948933614198,0.06571829062901488,0.0007125930838612309,0.06113737053019827,0.0005740759819376409,4.032019036035918,1.1361845677085232,6.161039502997667,1.2712881142086752,10.762693273812165,1.1887811459400033,0.9734450336933833,0.007464864869490841,0.9594448647768539,0.008352122535182527,0.9292511753282866,0.007744553269480054,0.9650904033143383,0.1560007638922832,1.2187941710987018,0.13559724101909926,1.665307120237975,0.11502156851270794,0.2620741945094855,0.004343659798054028,0.25635202131432383,0.0013898910300214483,0.2472569993204673,0.001160524552391177,0.7128051509508506,0.02585535216217448,0.6761670876862187,0.01641004121221761,0.627409904161076,0.012184493183224156,0.012776361744439323,250.72520092010097,0.9740233963911369,4.040658519990499,0.000589733043198436,10.899458887443876,-0.4353253997764868,0.998744188349793,0.4393107234489611,195.98739895499108,7.823760893987372,19049.842866304203,4825.142016806074
033_Dismorphia_hyposticta_hyposticta.png,Dataset_pieridae,57455,0.004629441424123294,0.0048236112649154995,0.007357013345474309,0.007433697744165431,0.009492647333030471,0.009284140778761503,0.010472685058292842,0.00837518042693418,0.003984280148512205,0.003627342502783835,0.005477022852318865,0.005075267832240069,0.007097049573426585,0.0069275233624365475,0.007959447994056432,0.006797010723664481,0.0034827065117060676,0.0031509768479517403,0.004701250728981149,0.004200793946965904,0.005369279475244198,0.005160825453225191,0.0064221072613311996,0.00545258815947254,0.002956643524752422,0.0030707998359373267,0.0037511871643799216,0.003609883448428396,0.003951590561557349,0.0038708756696553756,0.005044505392349196,0.0049026218281307205,0.01762920294820185,0.0032813565893840303,0.014246663443319055,0.001838051768737523,0.01092727584630735,0.0011602228972840897,2.7616779387011463,0.8000132597726455,4.302182602004301,1.2638151910828626,7.574578724379155,1.286869668767245,0.9252305645835495,0.021666632068706372,0.8833820650660643,0.03431198876680815,0.7941278711285189,0.034930354803990794,1.0868483723622815,0.1947297821210974,1.3917159996687543,0.22656358441248345,1.8972447265684218,0.20223574105561568,0.13224267993309397,0.011877565083598584,0.11909068963887728,0.008004441558014004,0.10438508959314327,0.005570360575295332,0.5939999816908668,0.05232385124016362,0.5276176649254689,0.04367314099746284,0.44414316687663463,0.033789088819381356,0.00034329193595162855,166.83483447781347,0.9290924015366808,4.5958192610289075,0.0002296699038538675,12.394477339343457,-0.24782948007809355,0.9829597681671091,0.1572319751369327,261.3329439822662,8.041451449422258,4539.034489116952,1176.467330898693
034_Dismorphia_hyposticta_manuelita.png,Dataset_pieridae,100248,0.007574745922445082,0.009876434076782114,0.007135001930351113,0.00963633852474901,0.006605783576097633,0.008787912312859898,0.008088902029784422,0.01228522396898907,0.005668690604157674,0.008127558982063833,0.005388694181598883,0.007555436715079682,0.005031924642446827,0.006898707180873582,0.006136550640573452,0.009450819913517228,0.005189118492800957,0.007654889924127936,0.004931392600032595,0.0070038438415568,0.004513798116359442,0.006123869846402058,0.005356733867968855,0.008256713947852696,0.004828758879310525,0.007688771280882414,0.0040874661560209215,0.005912184106850126,0.003824633423837031,0.005291578299420895,0.004434498524781913,0.006736619325436553,0.03728068918802093,0.003242110934945302,0.03269637069750285,0.0013591751963373875,0.027948397969357705,0.0002598993197409519,4.200743077440956,1.0365030581009451,6.277123275962209,1.0645495710433919,10.770298764570164,0.25431868140931885,0.9801805027256575,0.004883886345743915,0.9704074034326134,0.005006831253233472,0.9493112579214539,0.0012044037975540189,0.9402020931987933,0.13556530975273348,1.1624224777603689,0.08942747099924733,1.5256646244030556,0.018460895694247716,0.19289904385951312,0.00840524039552531,0.18078233236039584,0.003757526292419594,0.16717593929894464,0.000776716726533468,0.7069219572100526,0.02898237882748907,0.6644024861252794,0.014316444915309697,0.610678687786884,0.005539713519463786,0.0013251646138908735,259.85461600814364,0.9808005611687574,4.200196228419897,0.0003723744654887558,11.587865080402134,-0.34765189223661386,0.995876413437349,0.30882584472774166,230.09961075045254,7.95667353423288,26806.712237527103,6766.641713383811
035_Dismorphia_hyposticta_manuelita.png,Dataset_pieridae,70913,0.015675782497545133,0.015836892431633044,0.010478937763772551,0.010833121428733347,0.009890836810249753,0.010553991009277619,0.00884126043631501,0.00948365473074682,0.009810517276691768,0.010620053909996667,0.007244311270815069,0.007617534608249745,0.006834502581822066,0.006929899087239272,0.006656236950559697,0.007706898665697124,0.007333360655693551,0.008010137564572759,0.005605962902073659,0.005978382217798922,0.005309774657971852,0.005149974966324827,0.005480310080271158,0.006043231951969893,0.005952845873553118,0.007130581399030779,0.00426649963336546,0.0046970734489668675,0.004089691553987632,0.004125855987423502,0.004359169422758305,0.004866151049662252,0.017321680331334213,0.0022673018904320716,0.01461515077770702,0.0011237464535167416,0.011907793849869812,0.0007230555071002182,5.17657810577305,1.5643976669220039,8.327268635164756,2.469517836702135,16.23661893052006,2.879207270504013,0.9734431406217869,0.008013434838015084,0.957335213125809,0.012625851884366957,0.917032154783052,0.01470134935958614,1.3027830349868084,0.2192389561342334,1.6636633737415591,0.21281028827714982,2.326262569010782,0.18305455930936496,0.13133979558274983,0.008458039229969015,0.12079959997093143,0.0047547265504930885,0.10907329173627574,0.0032879902194341984,0.5854279971088879,0.042102299945868615,0.5261491136362713,0.02676438650333441,0.45290315483650256,0.016323855320692027,0.000374659959144114,321.72753172323314,0.9741968734731464,4.80974897848449,0.00020103902517788628,12.70196223550127,-0.2853284194624779,0.9920068206717101,0.16946104304216017,244.73906103943807,8.379824681411236,24611.160181430176,6233.22192828835
036_Dismorphia_hyposticta_manuelita.png,Dataset_pieridae,67643,0.014202502374132191,0.013145421947129005,0.009079113730086952,0.009130260192877037,0.0091369548670546,0.009559292631440954,0.00724661043631161,0.007902641860891107,0.009612360661680546,0.009230547959184994,0.007514874058264309,0.007307888015891139,0.006904510486420258,0.006318585517755009,0.007507780805104065,0.008064990229010843,0.0063759795738037636,0.005803534156550202,0.005817023757317005,0.005655981305116328,0.0050438690539845454,0.004288539688822298,0.0064198973899750825,0.0065935019262944984,0.004420852257433614,0.0039553757489019774,0.004092322592221429,0.004027475593950799,0.003660413219314008,0.0031916395191513617,0.004923137592639358,0.0051826254506264,0.01587252635983891,0.0018993255375687637,0.013274127528806395,0.0010818264253869142,0.010692417027542082,0.0007278765707216658,4.2917573678949505,1.233522338399383,7.070426253645243,2.1333006453574956,13.919924600964405,2.8749479781235934,0.9719900133196752,0.008040627605788116,0.9539012748946845,0.013903384953132451,0.9094500694903187,0.018783389969295565,1.2607135666826408,0.20248128067351093,1.619078244137183,0.21548676413039664,2.247045888149981,0.21664423491575485,0.12576407942554158,0.007478147236112757,0.11511361561856806,0.0047940617462608566,0.10334459487038967,0.0035088087176581534,0.5850411454631015,0.03970724614770572,0.5262354227387988,0.0272375731838872,0.45633497797350897,0.02030769054912122,0.0007558210215672593,263.6800963820997,0.9729748798039985,4.785149863182889,0.00020365363913862948,12.572274524216354,-0.28934180654018116,0.9922798740682577,0.18160833407229,273.8439658683234,8.325604285135427,19247.89256588436,4877.893165566617
037_Dismorphia_hyposticta_manuelita.png,Dataset_pieridae,122881,0.0061986859091890875,0.008429195216539181,0.00583006926903579,0.008026844365186773,0.005564336897503907,0.0074152122667715484,0.005134012557531676,0.006296071625913386,0.004982738959481628,0.006900312339474034,0.00462407758100308,0.006168792201887881,0.0043643134749771,0.005752627314279098,0.0044511454131684865,0.005470446399869511,0.004653187000540023,0.006847009705764143,0.004236954516819219,0.006022248799112441,0.0041219681390209624,0.005786260385171965,0.0043063943894153705,0.005696744339623885,0.004293913481892606,0.007043792426807195,0.003621298734970752,0.005680885065143637,0.003613618522468434,0.005626625144748112,0.003973859408603935,0.006186150556354249,0.030435933816202205,0.0024706684379528997,0.026794571392683406,0.0011792895781402104,0.02297449130218805,0.0001457853680736593,3.340269646663084,0.7338533255933781,4.69640863008557,0.7226623577311444,7.347714843379913,0.5295445244761003,0.975215359082943,0.0054415674449739574,0.9651723463071279,0.005353229966811821,0.9455716736329982,0.003946805443889425,0.8359194593651972,0.10854736969644745,1.017175751319868,0.07670753987782916,1.2913331802368524,0.02781389236603516,0.17431499857940697,0.007086260400489557,0.1636507862672728,0.0036043788350843247,0.151572625430903,0.0004801272448322932,0.728166623796032,0.0257680009242958,0.6880377717942658,0.0144511083689734,0.6385620642032799,0.0010272828083432075,0.0009366564980070817,204.97548556062074,0.9762141121906105,4.050157789961864,0.00041623074477753925,11.771713642150752,-0.3815515698857057,0.997908569317784,0.32627150723730847,183.17530106179566,8.232926670757351,17029.45721054055,4308.608174025292
038_Dismorphia_hyposticta_manuelita.png,Dataset_pieridae,74223,0.007548235026599498,0.007975038005911027,0.011540551155351141,0.010239212537453192,0.0064485071151002184,0.0070307249757262935,0.010087433229999585,0.009016010276167066,0.005626761227275672,0.006057217891305938,0.007273783393654059,0.00798563092639881,0.004912283318071923,0.004993137828216487,0.006413966150388552,0.0058563568411792695,0.004613789078638855,0.005198793278794782,0.005190580666371987,0.005780037647088842,0.004069571260872693,0.004002614102846914,0.004930663919882869,0.004677703579420002,0.003823753923913746,0.004834732147437114,0.0037140827972588484,0.004239598773811455,0.0031860791662335053,0.0032696465349407243,0.003841365130636212,0.003926827771028857,0.02050689106470355,0.00251175360893916,0.017079990786035296,0.0016789027587066703,0.013273589571037867,0.0011659427237130078,3.009497237368202,0.9030716998392924,4.902759563874561,1.201231060971899,9.373089539750477,1.167950448057319,0.9540341052122784,0.013813480656151548,0.9250857896584956,0.01835508364574364,0.8565465342593399,0.01793886305834357,1.0476849863784548,0.17617206138374372,1.3639409115693213,0.1878431949487452,1.9426378314077946,0.16403836146502776,0.14293330200458298,0.008772812705752978,0.13053085099919068,0.00645660309004489,0.11509959178211451,0.005066906613355094,0.6284670655102261,0.040972241186835005,0.5671404770434765,0.03486119118708446,0.4841763478639062,0.02746430642820629,0.0005024274629443048,182.63939587751895,0.9562733544525563,4.533566485329677,0.0002489109057095406,12.295039983057206,-0.28370544162286315,0.9904593147931983,0.20604638949852777,293.02676413760133,8.144215845195475,8172.147654188753,2088.6967625165717
039_Dismorphia_hyposticta_manuelita.png,Dataset_pieridae,92955,0.005552773490186813,0.006160785119698082,0.009065733772314635,0.010435090733670872,0.008745934213221057,0.009310349337255124,0.011281194985623244,0.009160290886143336,0.004354188226555227,0.0045530611860346995,0.0056532769109936005,0.006333822695334292,0.005621052943780376,0.005886718776963082,0.006783311128037493,0.00586914432476207,0.003640191435912491,0.003982461719420964,0.004326059830053277,0.004657120886894727,0.004413171783883415,0.005055433512870753,0.005156978629806696,0.004608974686431194,0.003056647158053388,0.0037011457203473676,0.0033015618117648313,0.0037414645360815536,0.0033695837919683032,0.004048920840733025,0.0040494678879475195,0.004031569067770708,0.024286224707619243,0.003342502794768697,0.020370261860509054,0.0021673740739079368,0.01593015170330949,0.0015661812938308189,2.813191146657182,0.7784306043542787,4.595801622127081,1.3883338369521194,8.94447038845694,1.5284073843800134,0.9607297587320788,0.010862567829669809,0.9358764165731517,0.01933719877067345,0.8752364729575766,0.02128074825152216,1.023243069127557,0.17453733642866381,1.3333667643550258,0.224976494319208,1.9051302826631136,0.2117010716260516,0.15549066252246158,0.010434489730945353,0.1425082798236647,0.007851881443904963,0.1260620617221225,0.006205505432860495,0.6318245650351653,0.045080962757469006,0.570962651903977,0.0399542772036122,0.4880041657807842,0.03241797274163384,0.0005733908852509441,170.34198458779434,0.9628123929273238,4.502346129766082,0.0002834509505529176,12.165367315904867,-0.27947730423065453,0.9891941229737571,0.2051178621126214,253.00356945415263,8.051707238274568,8990.430643112277,2290.193156925017
040_Dismorphia_lelex_valeria.png,Dataset_pieridae,117575,0.006367554884960813,0.00603500519532257,0.005543823340760699,0.004983877424875226,0.0059543454953955455,0.006321249207363597,0.005303758250086827,0.005357231972170878,0.005066784279008807,0.004333673542823833,0.004785756777846271,0.003776098170628794,0.00503443458005232,0.00481628563399108,0.004654304506303734,0.004113416781506621,0.004224924738848565,0.003973504465331525,0.0038708055476179117,0.003231141558055744,0.004031379551068254,0.003885894205895872,0.0039896858183732856,0.0037989189099065022,0.0034437438644374305,0.0038192415485365245,0.0029062028090685987,0.0028300036306976215,0.002992707475314073,0.0031386727450492024,0.00318590059224526,0.003533994414553561,0.019124268310391095,0.0021154149046068616,0.015757019745415178,0.0012584833668105506,0.012568125150714574,0.00021934367966180786,1.7051128656226138,0.41248697836093634,2.5844121023445026,0.48511240516960896,4.462772284438291,0.20566598675935488,0.9752188526172872,0.005989015897910867,0.96246076071195,0.007037526380381679,0.9352690514470011,0.0029986727022224095,0.8168838003907875,0.11682001413909739,1.0351025767020277,0.10470009823377412,1.3768547569021476,0.032545776804186737,0.1380782501534134,0.007659317525895353,0.12542657952930902,0.005019252234457293,0.11210335660914293,0.0009811155272968055,0.6670865078533199,0.03585102475596522,0.6061456191363905,0.025944289567973258,0.5311917619253155,0.007192391343161672,0.0003660605818467084,99.15438135289261,0.9774319582220883,4.206106562089121,0.00030754604969843966,12.164553188160594,-0.3091865546295754,0.9936862916899859,0.19603541837610106,209.65685239998632,8.173226832884744,8687.395522992985,2196.637476086468
041_Dismorphia_lelex_valeria.png,Dataset_pieridae,85508,0.0033719857705964574,0.003471316017956389,0.00606549094048361,0.006873724508565723,0.004041565891990271,0.003915886671775659,0.007788644595757338,0.006575245328572158,0.003470957379919502,0.0035009909415363934,0.004929761483565325,0.0051100161930797755,0.003946598456068764,0.0034975192186712826,0.0065313717730662,0.005829402590386368,0.0031355975016050318,0.0036327829390848743,0.0040732370822078685,0.004669409875725444,0.003618770865824862,0.0035621812178863645,0.00567487573655513,0.005340021579751376,0.0028438658602175063,0.0037107805357574236,0.0032785598862641314,0.004261668766219879,0.003022328619972526,0.003518461828256794,0.004651718944833969,0.005112187829321584,0.04385845333660385,0.00803146886122593,0.03628077702902399,0.003961803920176134,0.029356544050394305,0.0028073728477060315,1.7745522388930177,0.49773246763937806,2.532755311537709,0.6309573374540032,3.8831745023089264,0.6826917537088345,0.8832912355804965,0.03362153968779427,0.8305371713112928,0.04468405722731709,0.7308990772547024,0.05142671444548916,0.8141392222020637,0.15502623999659595,1.0135214303586921,0.15057356033014774,1.3110467899885274,0.14487893093485724,0.20861092152949995,0.018437373869850997,0.19017256960052598,0.010731765957059236,0.17114570479520463,0.008105046609796513,0.6710833992412583,0.05183779168224412,0.6120392918110029,0.04038871773453821,0.5368037457953168,0.03496483361398828,0.0008325313209685699,103.07486026637997,0.8929666359792684,4.171042168539483,0.0003635912139492413,11.124088098698426,-0.2197721579244078,0.9621512066937681,0.19470648249982137,300.3326574769156,7.210041534200433,1828.0278732837432,482.7756833875328
042_Dismorphia_lelex_valeria.png,Dataset_pieridae,106258,0.004403675120056067,0.006550415793417677,0.004324471734077622,0.007294199337918002,0.00456258970485488,0.007334827678697233,0.005357818557554859,0.008570517358325548,0.002731871959449775,0.004425265443001044,0.0028640264579392247,0.005120215670733298,0.0029462451459254533,0.005311447222672316,0.003452558195900587,0.006332405717099716,0.0024142270161584076,0.004189696067291662,0.002344426878440997,0.004196145839950597,0.0024076948330583672,0.0044842133521913775,0.0029026791306277326,0.005338128337810712,0.0022401480569610053,0.004297116964233582,0.0019485992449226495,0.0034686354120996936,0.0019745754489839144,0.0036845374625343943,0.002513484372609723,0.004671585296066153,0.19299523096992743,0.0032465261286349816,0.1879977318054012,0.0018393145194317809,0.1809891013837326,0.0003577752669491295,1.6449740883646684,0.42989252223699753,2.5387796776534346,0.569779505802934,4.693094247949011,0.4322865769595087,0.9892828518185866,0.002797012680749438,0.9834728113499439,0.0037033282956488293,0.9694972228976644,0.0028103549948922417,0.4446726653988272,0.06510290103960216,0.5592843919961719,0.05431361106441461,0.7685572433155272,0.023031772605854692,0.43929669579220887,0.003693783422847321,0.43358186097868695,0.002121705837242363,0.42542793095774,0.0004206480108326755,0.8531593534509073,0.014770099199872811,0.8302912808693945,0.008223579695371618,0.7979202704287142,0.0004038126151382263,0.09853417845599127,100.94871429519533,0.989960458554958,2.979608352098243,0.0013487722080772172,8.002312618898479,-0.4564788126840316,0.9953728781185917,0.5857225326945386,148.79283678346133,5.949512041590182,20006.997173433803,5026.98647193225
043_Dismorphia_lelex_valeria.png,Dataset_pieridae,82610,0.003172683265031848,0.0030160678002968,0.004241976625157098,0.003974438832101445,0.003322826593187513,0.003959699864430764,0.00457628002733064,0.0041295465998050325,0.0039720502554374025,0.003809469175247049,0.004071283812207504,0.004095960418483839,0.0038707881015657523,0.0037134391457047857,0.004254835818539192,0.003976453885439281,0.0033976642493392484,0.0035302282254703974,0.0032668338241231888,0.0033561190751048835,0.003267431321031924,0.0031794536364041803,0.00362721155338095,0.003238411129416127,0.002790879710016157,0.003270875470078197,0.0024778913921223627,0.0027675845990750647,0.002489407976559909,0.002767300782773188,0.0028719061852064674,0.0028620395168438054,0.05832784098344304,0.0063883064580423305,0.04915274802450909,0.0033052426393730136,0.04120065916252409,0.0012734578674601143,1.1521717220594958,0.25066356251189886,1.6880248142096461,0.2893728134884836,2.620013075622456,0.11399902088153822,0.8633663645883797,0.030208835708570227,0.7985978371261533,0.0351503145737679,0.6837241849368965,0.01473814699623249,0.6423367558212905,0.09224342139616001,0.8076270667953649,0.07769400849645744,1.0368906244333906,0.03538665732882676,0.2411513128854963,0.013186556678849364,0.22157763801097916,0.007489883709683087,0.20295523587145625,0.0031355055231403885,0.7217397270387322,0.034034079604917465,0.6663008163324058,0.023968746188781122,0.6001888171709985,0.011567811174500708,0.0011480495758758112,63.55205086848867,0.8800820935601499,3.8572372440140787,0.0003908153401574691,10.523708992687085,-0.22276264589513645,0.960683761705118,0.22322519265301374,285.40190979233046,6.870000831534039,997.4047731084684,265.2392059942349
044_Dismorphia_lewyi.png,Dataset_pieridae,96075,0.007846610974232742,0.007431835670269835,0.015793351985690145,0.015308689779429008,0.008088207335086334,0.006700725132107203,0.013281356296956858,0.009956068692433064,0.007776527836286077,0.006207784564133974,0.011512775742314378,0.009500171926523937,0.007725278888522366,0.0053229351387147905,0.01047409305882353,0.0077176031154897904,0.00763983230583358,0.005726240405360448,0.009516832489370311,0.00696252173531791,0.007823219408385502,0.0051194553682859505,0.009793180185216441,0.006633686273437924,0.006783921059733166,0.006199033040062452,0.007508645515033764,0.005678971463116459,0.006703527510384349,0.00479453101748059,0.008723158154502713,0.006759843308582168,0.008564576208298922,0.0011582925169940474,0.007094328219955479,0.0006658755945273949,0.005883071093289963,0.0003897988774781591,6.353076096249762,1.7470021041877037,9.330138392026502,1.9796017730663347,14.759678255984802,2.3705159681301633,0.837890128843734,0.04470784148998524,0.7615933581194331,0.05064613723143553,0.6214677836086457,0.06094230177705598,1.8258514585127337,0.26962559046973916,2.244123511845509,0.25324336516604945,2.838587225612228,0.2463415635337055,0.09233612086220536,0.006214257189650862,0.08413477119471144,0.003958345104842895,0.07665920295660396,0.002537261387434439,0.428817167491666,0.04145958561709677,0.371681046791768,0.0289056797376691,0.31503191677312126,0.02074028286202264,0.00014285495075654254,395.6812447222694,0.8414993687401965,5.308526778045379,0.00011804270260671718,13.259227123800704,-0.14768313192921628,0.9328325136559391,0.07842339707475018,264.58009483982045,8.09457823658584,4598.047373349702,1248.432154517991
045_Dismorphia_lewyi_dolorita.png,Dataset_pieridae,147056,0.004912187873171031,0.00650625056459675,0.00559927329742931,0.007241364358914803,0.005376584087693379,0.007031729748177806,0.007251789406935667,0.01024614791030719,0.004684133806759604,0.006081255066532229,0.004677697301588863,0.005687636115126867,0.004495117585455139,0.0055404722745335845,0.005479143943371241,0.007264817851775204,0.004880404131920813,0.006920639947734938,0.0046543533315027835,0.006238934073089389,0.004520499889599794,0.006013602106051977,0.005204296914709496,0.00698537669968815,0.005083172711509114,0.008531472296393764,0.004354027006655219,0.0068846951805239245,0.004276665296137117,0.006682312503061609,0.004902936717242275,0.007523548775625744,0.03445909607183352,0.0030306392476038882,0.03062990133117119,0.0015287306799876387,0.026261315875720684,0.001212364387573325,4.786557847748817,0.7475730256644812,6.156971206334198,0.9000826219384681,9.243473918786297,1.0697006306424597,0.9646880330653655,0.0055039701279803385,0.9546183504757773,0.006603892361605814,0.9319997421029391,0.007836076185246593,1.0077758240934327,0.11127512220657525,1.1834948819610323,0.07871885882846406,1.4720050791215231,0.0650024251146419,0.18545407127085414,0.008116866445770568,0.1749578754194665,0.004432060455097355,0.16201093699473595,0.003711087415890356,0.70006067930391,0.0259112989838244,0.6621905929405262,0.01257632465343622,0.6137757390347559,0.004411088320057055,0.0015463776370373034,297.57343210859096,0.9656767530585513,4.266092155957082,0.0003755765953007872,11.923302537478865,-0.34567625184576145,0.996308749299264,0.31340802814972973,182.78681720236006,8.163321089483874,17040.98550237395,4334.639733620637
046_Dismorphia_lewyi_dolorita.png,Dataset_pieridae,33782,0.004904622783874988,0.005500968056399827,0.006452110678626455,0.0070054649502978485,0.003497430512290509,0.004046875692101102,0.007311155213062524,0.010317580180325438,0.004009342775179974,0.004584900954272827,0.0044789375680047245,0.005098117359188118,0.0034337783982354795,0.0037198289317717805,0.005317924719674697,0.007863072262362337,0.004119781021993039,0.005291059498127523,0.004050761025667905,0.00508967549440135,0.003616663438106473,0.004442530645126216,0.004928775873156074,0.007400455247908438,0.004100130239686029,0.0062724886379308,0.003532432964646812,0.005047730411886621,0.003279465177407544,0.00451750215038414,0.004605517545260672,0.007664033151061129,0.02536633991580075,0.0023770270706209833,0.02198744759934394,0.001425334548064187,0.018284000009272612,0.001025295264801447,3.087877440303842,0.7784696772414965,4.143453975644968,0.743879741114202,6.42820347240151,1.1889450027252242,0.9718051349443515,0.007081622062702793,0.9622280264224787,0.0067365093070196076,0.9416225673211162,0.01074242271529526,0.8641046142252903,0.13088431373270484,1.0393043793814556,0.09064524379227416,1.3325553246276485,0.12013982857949185,0.1590911386699785,0.007506631234476281,0.14820480791505794,0.004773102785895064,0.13516552644248964,0.0037789510181063545,0.7109830376914574,0.030870550176416732,0.6682635189786426,0.017656707442603437,0.6102702113008504,0.017044140015932033,0.0007076514504994384,188.78636434540144,0.9730110563776128,4.131379420155555,0.00044232203924687093,11.808755975756352,-0.37715763793275436,0.9977479616545641,0.28761894608992455,183.61840742172888,8.243055044028367,13797.559116390645,3496.586370184013
047_Dismorphia_lewyi_dolorita.png,Dataset_pieridae,108037,0.007175613961172092,0.010586917234380894,0.006894679883089676,0.01001976721231044,0.00709321621719801,0.010907106348324836,0.006350512846130706,0.008724696190193195,0.004713302460627307,0.0076817013581747876,0.004377574147763771,0.00634948889789576,0.004557407476633776,0.007307662466838009,0.00445357554359332,0.0065654285467893715,0.003952801680164449,0.006567690096055033,0.0035784520989625298,0.005037839637914746,0.0037474113186890296,0.005858008962752906,0.0038123411171960644,0.0054998482936864145,0.0033558354161970245,0.006005102673437043,0.0028398525460923574,0.004103948025763816,0.002942233311086896,0.004539289772175407,0.003255703529543638,0.005009505990657471,0.07648176401365975,0.0031277328232545993,0.0721440915717316,0.0014178088352969004,0.06722260572331885,0.0007863711682824637,3.143179840621586,0.816543676355278,4.952222642822205,1.0030702439697665,9.414840072237382,0.32934743846090425,0.9735881442149152,0.006845560560377083,0.9584379343770685,0.008394856101861754,0.9212034034721417,0.002767561657194885,0.7841850873631832,0.11254222738671969,0.9934257483412768,0.09894255647062902,1.3725691810505,0.031265388986668044,0.2764956764452048,0.005648444101553173,0.2685834895676696,0.0026458842350235885,0.2592687954542884,0.001515726558860714,0.7477030467286402,0.024051078471390507,0.7098032756355295,0.01463434514339319,0.6596287612118009,0.004361346820301656,0.007806556993083222,193.20650032569395,0.9745370956132795,3.928954286039055,0.0005021739612011208,10.997193088467924,-0.38916919875820705,0.9973362076729673,0.3900775953127755,144.36999793478594,7.745775344309938,14979.714975741512,3793.230369016801
048_Dismorphia_lewyi_dolorita.png,Dataset_pieridae,85471,0.011138488836040912,0.011886082187084259,0.014823934244450611,0.013480181320544507,0.007814507740332714,0.007295332359203817,0.013059005736032024,0.014789259387582226,0.008093468795051536,0.00750148481917354,0.009874630832142111,0.00936136527593354,0.006656751478745241,0.0065470543378216405,0.008648718571396131,0.009998568680411556,0.006831682684466089,0.006229447408731467,0.007249096535152069,0.0069108957272275935,0.005935001527438435,0.005553751995441618,0.006883012196087586,0.007011170871545443,0.005664760570499604,0.005849866159533078,0.005231092266545936,0.005109410179109773,0.0046893115129438365,0.004594277455502994,0.005250910849411682,0.005421034914543732,0.008528225420408994,0.00114752681650466,0.006870145376099171,0.0007467227410208811,0.005229271844260668,0.0003975730810467616,5.217156377438707,1.5189615261640244,8.267336966692287,1.87419476606477,14.995311943632242,2.0308175248292883,0.9170560543565629,0.024186610419844396,0.8683958047372983,0.029941079929934014,0.7605756692526925,0.03247867364591576,1.4850697154754924,0.24071644667181963,1.8952175987654265,0.23023700856449117,2.595579584000102,0.21222972688637745,0.09213178073024766,0.0063214238809434714,0.08276840690475096,0.004419976758846588,0.07226213716582325,0.0027304535316344074,0.5289683744493349,0.0401050192817106,0.46904578254728596,0.028927743162613713,0.39631989364817183,0.019487104326274447,0.00016740658400760707,324.0941255403723,0.9191819519830283,5.036889495047528,0.00016377272209114243,13.214432653713072,-0.23110365013258766,0.982570295524883,0.15039889550708582,249.11076579275527,8.438012496188641,7697.33256491803,2005.3566726146041
049_Dismorphia_lewyi_dolorita.png,Dataset_pieridae,71439,0.010304742452720318,0.009606570870382258,0.012456647166567227,0.009657193532153246,0.006517777515238025,0.005377499207608397,0.0105619152970718,0.009016590533263067,0.00781680547184436,0.0073959729602874145,0.009055749664283274,0.007216012201460356,0.0063959133477633915,0.005511236994228452,0.008284561529163263,0.007106390286627631,0.006247551664768392,0.0060332129876850054,0.006639466951220524,0.005282140522406921,0.005573145456995943,0.004966108874611768,0.006793206977983883,0.006075262246257443,0.004897994860152761,0.005414966066818844,0.004659341091208435,0.004062638860401945,0.004286960918914351,0.004134022775001641,0.0053862894172031555,0.0055579838441555006,0.0129832688833317,0.0018191551764650642,0.010394579386589607,0.0012161786123312621,0.007948724556134792,0.0005788141759972908,3.997031725496681,1.1212124748423955,6.129424902420195,1.2271417228031085,10.512877206405904,1.2891804452251925,0.8719155299691769,0.035947026878068104,0.8033301140297053,0.03949141887785707,0.6616598422246062,0.0414448313949486,1.354018354446434,0.21946195475163488,1.7193273099569955,0.19901170275747596,2.316581337167121,0.17468566123732027,0.11365475803506273,0.00811571680894825,0.10178586561212494,0.00584952546622774,0.0890973035409853,0.0032241367620373814,0.5310003952725391,0.04586856895199007,0.4634517100479283,0.034936467764149985,0.38224146778507645,0.02296104608513974,0.00022406213370459267,245.1951864132016,0.8765721361370926,4.90108230011335,0.00017642845226827083,12.702563068798492,-0.18944554088968266,0.9609938629499488,0.11911037781241482,283.58044804799727,7.967304566595613,3728.1707622856084,993.3414871747145
050_Dismorphia_lewyi_dolorita.png,Dataset_pieridae,86227,0.008227816453902958,0.0064385501183205195,0.0121038769380695,0.010794616214378418,0.013016552376503012,0.01131821569394481,0.017072751985786613,0.014274335560692587,0.007450704100340164,0.005801489699040887,0.00901658520840004,0.007100614502359505,0.009636103367733953,0.008393395651043151,0.011901135990123846,0.010513819850353838,0.0065573139988890075,0.005221330244399695,0.00782541115192333,0.006122860000968545,0.007798309063535742,0.006226157736736028,0.009681491119801947,0.008027442294945923,0.005370778763378412,0.004972569315302749,0.006119286789402456,0.005093041970871697,0.0060130790950720155,0.004877519596675087,0.007938427693633565,0.007179993000896801,0.008527417112290093,0.001310554618618478,0.0069008450798854325,0.0006851484530620233,0.005394385966575615,0.0003839530606718809,6.264205413060638,1.7637626288899837,9.666011444977048,2.6684753562692696,16.806780068376987,2.8715426318536004,0.8916274972513232,0.03052012550454762,0.8327110769642718,0.046347187800122834,0.7089588171186766,0.05005055197005553,1.7228236242675898,0.2753706437710587,2.1701372700263293,0.2942625153484234,2.8968056634981076,0.2613441544923804,0.09208312808778807,0.00693647128287212,0.08296356415763109,0.00422990569020917,0.07339958509020895,0.0026242856477128405,0.4690663880425263,0.0453585359136752,0.40816832793417024,0.030588934221720133,0.34149712768909923,0.019769711832512946,0.00014790177483941247,390.25376610626927,0.8942020558308943,5.238558227856247,0.000130229615336291,13.315390923982957,-0.18566365785265904,0.9636581335485457,0.09828593954616198,270.6411336560443,8.296982767804604,6987.358108437329,1844.402968635899
051_Dismorphia_lua_id_ae.png,Dataset_pieridae,47033,0.007629289308249232,0.007003677098268967,0.011162556028474633,0.009564093057203026,0.005477135967071024,0.004400343990344296,0.007949010385542006,0.006636470916481178,0.006746357188108065,0.005827772577991708,0.008965673946696912,0.007192211501693395,0.005531103976423952,0.003953525738546798,0.007213985425244315,0.005942574656954768,0.006338301282942782,0.005889887986217973,0.00765469479283249,0.006269893574608357,0.005773879888262448,0.004428993518771828,0.00739507736473252,0.006105616990658209,0.00562181486796153,0.006447863062747945,0.006145559610828156,0.005708872676009779,0.005310939912082783,0.004965206987223496,0.006987243658173078,0.007133576471932979,0.0141353331331022,0.001658563808386425,0.011961570818809017,0.0009836511650233028,0.010163365971037867,0.0006430488589519735,4.990575677998278,1.2769021751548602,6.897272869504896,1.2025804630158992,10.520674834246293,1.738937393051583,0.9389665357863759,0.015581077907580876,0.9158061207212046,0.014616700599853793,0.8721236573926662,0.021136635303893092,1.4275390876276364,0.20065221344098685,1.7189768202099995,0.16183436206048868,2.136736937509821,0.1763392067488096,0.11868380479817423,0.00703474318870809,0.10927933544389745,0.004426924863734897,0.10076385413242661,0.0031641225350672354,0.5322534913764282,0.03847865504835304,0.4779279930154211,0.025669047688266982,0.4212245179703955,0.01956286501978893,0.0002574346068674757,308.7595612640887,0.9408951540794372,4.973695334172247,0.00016579574436190376,12.723530688018766,-0.22835351981738405,0.9798661695401611,0.12495104318498439,142.33648348912126,8.130668041854051,10137.510643734153,2611.567551249559
052_Dismorphia_lua_id_ae.png,Dataset_pieridae,46740,0.0038155248702180897,0.0038111709323529136,0.007274342971921951,0.005904939545321851,0.0038978346094737924,0.004251518312121847,0.005959788476795379,0.004660955397248916,0.0034784174397549145,0.0032296389852787886,0.006063675702788091,0.005961333025028834,0.003610457228112297,0.0035781826802836476,0.005759677771855698,0.005138460277555534,0.0029232629014074043,0.0029786167431433185,0.004647717761833003,0.004866248690845446,0.0032506185682150295,0.003320173243337811,0.004731322377752497,0.0040810480594872765,0.0024738980534622585,0.002795455408890992,0.0032573878777811607,0.0035842225799456915,0.0026386743960902215,0.002908574710916703,0.003542254807676997,0.0032432748063593356,0.03805955463657143,0.005381950073779959,0.031352619086389116,0.0033720302108813786,0.024963077399651586,0.0018263491420334457,1.6270972962321282,0.45516705601435026,2.4744022836612176,0.6242034998013738,4.001076598723807,0.5912234852674392,0.8659259612150346,0.037466662989125404,0.795503211964128,0.05156766014097524,0.6679489399566556,0.04829353140134878,0.8090319622133015,0.14146241042141416,1.0322024949990487,0.14965261274788175,1.3694802498376175,0.12518185926079603,0.19460946914854266,0.013664155820754299,0.17680885058372797,0.009552457361855591,0.15789149233674732,0.005775296297718791,0.6684776411742899,0.04433576504144651,0.6064511622328863,0.03698012620517678,0.5281123528419245,0.02576059045718241,0.0007856027223695869,94.15940872154033,0.8770286454829891,4.196697758119915,0.0002905219989830679,11.167658166635293,-0.2216933788551977,0.964870056705703,0.20672011502849136,225.4491980248149,7.22973249265776,1437.3075948675705,382.86675089727987
053_Dismorphia_lua_id_ae.png,Dataset_pieridae,118819,0.004126221498766041,0.005651431998130177,0.005646779546161954,0.006783425119200858,0.0026930924571601754,0.004118188468257836,0.00451206118941038,0.005997278470483196,0.003640162274259462,0.005279965875592206,0.0047483823315249965,0.007109185074561588,0.002716522750998928,0.0036901097630739894,0.0038224432488190786,0.005037396282048307,0.003156270997315756,0.0044963185059529375,0.003711307717628732,0.005498715412797437,0.0026510402690062837,0.0034420265717436333,0.003436453314447143,0.00453980709570849,0.00275315305733279,0.004332408650326876,0.0027351476637374147,0.004141251890758782,0.0022539643481324146,0.0030290437683013435,0.002845601960150091,0.0040930321541564,0.05966707251995851,0.0031088324249844055,0.05574040047612677,0.0019443178450661344,0.05009080192704324,0.002147194571421657,1.6207822581043247,0.49490606216395827,2.4106334915927823,0.5645573703374402,3.868964284831791,0.6932606656398584,0.9861213448377361,0.0042384024411280625,0.9793658167864051,0.004826216821449716,0.9669012143770681,0.005935599239339408,0.6319993086868783,0.10357323060630554,0.7918422210477083,0.08933992051596581,1.0317048033617273,0.08543521076458893,0.24418570124522682,0.006357344361866188,0.23605769747919153,0.004142938202442769,0.2237586412017517,0.004782511326592399,0.7602085882388898,0.027157054258482964,0.7209594899282596,0.01838753732350104,0.6709505118504533,0.015017152198512861,0.005309177296178713,96.3570657244014,0.9870669997322227,3.7232195056187543,0.0006597827454795967,10.248859123907211,-0.422762223459072,0.997729187637774,0.4216265095502291,201.00072790038735,7.383464390986823,14804.393627786376,3725.187673377694
054_Dismorphia_lua_id_ae.png,Dataset_pieridae,104600,0.004369402355873377,0.00466179815761435,0.011213784170839354,0.010689772446645365,0.007788818004104569,0.007893999546184916,0.018178534875661505,0.016666839969040698,0.0037991409304008674,0.0035704858586841585,0.006550876503313426,0.0061016799549819065,0.005482282147620253,0.0049780291315690535,0.009263177755626361,0.007890335180586685,0.0030044785436171735,0.0028180378271705237,0.004346755708913668,0.004035733783659902,0.0039239774966428175,0.003306632693900352,0.005959401965390092,0.00487424904223128,0.00253182730050585,0.0026122619502171166,0.0030721895700328294,0.0031026733972342076,0.002862838380435667,0.0025661802213257463,0.00428706335057727,0.00382204692558466,0.012691941035306867,0.0030806134155722835,0.009925978199046077,0.001687947170424261,0.007131046545792028,0.0012023574558444846,2.887022924529158,1.0696595844960248,4.892079296046218,2.4122842943490252,10.219992867171229,3.612356077890823,0.944260540136374,0.020654055662378563,0.9054769811151233,0.046634123303444644,0.8022748235049548,0.06983141553018074,1.1267814590384493,0.2639252084418885,1.4876791521544388,0.36521806098050075,2.2006400468467766,0.43048451511459673,0.11190637279678696,0.012996336513549082,0.09923325867951803,0.008873475693883285,0.08414705671259315,0.007093616313253796,0.5840498012619102,0.06869422540049279,0.5118814427857279,0.056754521950667845,0.4130988182638455,0.049336187130944495,0.00023085182180784862,174.36793302654596,0.9472114717716557,4.623268299830598,0.00021956873066931066,12.734533671026677,-0.25850828638449086,0.9858817821894432,0.14990487249349035,285.3235675541947,8.291415510692477,6432.488112526713,1651.7140113883142
055_Dismorphia_lua_id_ae.png,Dataset_pieridae,76622,0.0042042741082958125,0.005364722837382691,0.005572677735007636,0.005205236882838323,0.0045302343785959195,0.004813212311772087,0.005968883521683175,0.004888912858350891,0.004230306008425153,0.004314805043591951,0.004682620648364271,0.004341867174049341,0.004100398298929798,0.0036998546530019774,0.004935509151285192,0.0041615203007552195,0.0033587429994355253,0.003517188545755663,0.0037050502193543356,0.003759708974646161,0.0033170370934723727,0.0031150276600476552,0.004229746893495915,0.003786983680016346,0.002632541267658587,0.0031523877775282497,0.0027016908290074457,0.0029178654112168847,0.002498575295091673,0.0026241553177712164,0.003336774189864965,0.0034155731251158646,0.03597702515188462,0.004418742325114787,0.02977954370653358,0.0023910839463516438,0.02365797535522317,0.0010316876513193976,1.5570658509979336,0.3800498099676391,2.3160209608288853,0.4479270712796713,3.7970357484768256,0.23618828908320358,0.9174788960085781,0.020136266094610125,0.8771208262965458,0.023808340480165776,0.7980585725599465,0.012122164792941738,0.7612228067027531,0.11589939171262396,0.9625718320632295,0.10353471064626242,1.2807698352846641,0.05647200742166009,0.1893236242991192,0.01155813281333027,0.17242587320955033,0.006990132649503992,0.1537749821542967,0.0033511518421135613,0.6846718957690526,0.037764122242975526,0.6248136877894681,0.026603338330016147,0.5462786880262143,0.012613562862961622,0.0006939721415329691,89.48381597414422,0.9252763021686432,4.100388087529066,0.0003301207806336361,11.36464954523274,-0.25271776450708794,0.979441020033115,0.20597262569312672,199.89315604235412,7.467291305428591,2305.568600886385,598.7631042151315
056_Dismorphia_medora_medora.png,Dataset_pieridae,95090,0.006849502336982617,0.009055262710902474,0.005416536070190285,0.0072377884263455,0.005687762701538147,0.00756056454158756,0.006011607007475421,0.008053208970405791,0.004705369860755288,0.0065365887152215255,0.004100014651779529,0.005388850849648671,0.0042730840035200435,0.005669875724269911,0.004539471124693005,0.006114134257612848,0.00392582173277317,0.005900162817815815,0.003439019838010718,0.0048551305355890055,0.0036762587956335464,0.005461044695449783,0.0038286728459767977,0.005314731947801147,0.003583749926952685,0.006400650905940229,0.0028388177365045552,0.004501569926360565,0.0029921504292554878,0.005009271070398602,0.003213209851951316,0.00496079817381179,0.09158293919185082,0.007788381756529495,0.08012362474391255,0.0036804328268413553,0.06746896304369158,0.0007262947386924405,2.9653846566692934,0.6662216002960123,4.29829424257275,0.6965511650175396,7.37428807225464,0.3647959883444376,0.9638059994572948,0.008108264644953478,0.9476310871782136,0.008446904971333024,0.910510844191229,0.0045288837688588724,0.7894371581629934,0.10701941095757732,0.9719532032150747,0.07788548674744357,1.2800987938968922,0.026338956026361774,0.30235251466079,0.012880064834759473,0.28298646481537193,0.006502728289788352,0.2597441303978649,0.0013963407709221987,0.7372911256324162,0.026432531343578588,0.6960080458208838,0.01499772806500773,0.6405731741517839,0.002959424081116093,0.002943249931364228,180.87453493187155,0.9654002852819408,3.977642024138863,0.00048419637604278886,10.389017366651142,-0.2862268583454204,0.9830991016969461,0.32295396608262106,88.25548167023985,7.014730455667648,10272.882538140897,2613.4392682681937
057_Dismorphia_medora_medora.png,Dataset_pieridae,38758,0.00850212144629423,0.007263244814354464,0.010385825808497732,0.00752600037940863,0.006550733447066928,0.005351836773715714,0.00807643736529149,0.006033822565292617,0.007986143965388845,0.006890652045395636,0.009491020241641793,0.007688121959603228,0.006484362772174749,0.005416472925608678,0.007467591292368044,0.0056678144697824215,0.007707686027580311,0.007060031968951293,0.008378964403966809,0.0073596099169707,0.006378267670546052,0.005247769327283502,0.007159552540519377,0.0056775972276090336,0.0068584488763992375,0.0072951589899071445,0.006515555345139212,0.00629586210689952,0.005494073682359951,0.004851411367255656,0.0063398206399304345,0.0059219920198702305,0.012978052167393605,0.0015271341222566875,0.010955297975846533,0.0009284177184215707,0.009267132325419675,0.0006201758712919371,5.063103946384393,1.2572641151759143,7.127128127087694,1.1521410909751282,10.374271826906673,0.9213424643446495,0.8986959866592513,0.025152424119604336,0.8572931658960264,0.023169630428249793,0.7921215790446511,0.018540111648903825,1.4955945032907494,0.2098805012347313,1.8127562398829031,0.16221485297899316,2.220730865397373,0.12853664273914853,0.11371811226774947,0.0068002286471214365,0.1045768076471222,0.004357668893265753,0.09621296141067627,0.0031934905679200636,0.517301082195041,0.03875809712621523,0.4643884865259836,0.025091813925746578,0.4120725716225055,0.020101550546586553,0.00024124241776897124,313.74953578272823,0.901421028973286,5.048903642811119,0.00015433144186981402,12.752617656593824,-0.2161910178649274,0.975655632369254,0.12657225078861262,247.46245407880056,8.096375402439522,6051.628417922326,1591.3444884262613
058_Dismorphia_mirandola_discoloria.png,Dataset_pieridae,70479,0.009528786296305778,0.01091792902037115,0.009839449445348439,0.01171846086917903,0.00883556446822269,0.010025704403752698,0.009281761029224088,0.01118469382518721,0.006516988380606281,0.00846849511212536,0.006685031009473272,0.009022941208046524,0.005887077873143506,0.0074798740474674935,0.006321143433467378,0.007717401825945709,0.0060619404927622755,0.008041119984201869,0.0056112688504642,0.0076032144021323305,0.005433565714422236,0.007065766860900893,0.005478493258713248,0.006766108522231906,0.005762508548308028,0.008211269243995284,0.004771546642099279,0.006338916891467142,0.004841537331253645,0.006520772111207647,0.004915837698519607,0.006459856940585715,0.0582614696967428,0.001956349262024329,0.055159829358904615,0.001162591162732602,0.05192316593808495,0.00043933859651306345,5.490598752355574,1.318894654200371,8.199146073790288,1.4678581685211103,14.071424303384136,0.8632713419807186,0.9693927333455812,0.007336304828679929,0.9543592960471853,0.008142824018649464,0.9219149473629042,0.0048494940553524025,1.1591993486560743,0.14930117900755194,1.4369204914821645,0.13108699659303621,1.9096300779688908,0.043214978441420804,0.24134008615828312,0.004053703227331306,0.23484826158693667,0.00247454814024164,0.22786452263752396,0.0009619050152124667,0.6685961991486264,0.02540642371784469,0.6257267646614046,0.018848596305367362,0.5700658781780061,0.006739219783375624,0.012905149440230313,343.6830725084731,0.9705509353541325,4.502821731214394,0.0003274858271277925,11.299875904940594,-0.3285298953435492,0.9937918857955836,0.311157875057119,276.2227267221232,7.6831154234577665,22993.842842359933,5834.381478717097
059_Dismorphia_mirandola_discoloria.png,Dataset_pieridae,49364,0.006531150416012367,0.0045599472947091225,0.009596153602713459,0.007035683683196268,0.006793512321238054,0.004937870363152751,0.009470897275108218,0.005972752613252102,0.007416950176283929,0.005831429617698718,0.009833556783862905,0.00795502649773348,0.007149084234191846,0.005118418586060284,0.009512257874660117,0.0064539699927723725,0.006523366928580884,0.0055148814357248175,0.00896056881529913,0.008040432315690368,0.006724412369861124,0.0050620659514569715,0.008834094267973948,0.006449017913599268,0.005359061492193693,0.005360868841322615,0.007057343594508358,0.006903321553390869,0.005745188907630195,0.004826539532693158,0.007702500758808388,0.006709838968988093,0.01335358816039911,0.001921980987609245,0.011011317582538361,0.0009840209575792574,0.009044480559626906,0.000506393208531288,5.046103084088234,1.257369692000174,7.132940033721731,1.311391991798303,9.896756376984978,0.8153045547895442,0.8284076329076345,0.042874859565018235,0.7570645508578153,0.04487960018486535,0.6618421840416048,0.02796086141474794,1.5275391830590133,0.21720778089715564,1.8622323051814709,0.19006953867065404,2.2639668459664204,0.11251785278738409,0.11526863737253946,0.008168806441403272,0.10482690688089165,0.004757854172127477,0.09506517843890855,0.0026631575254543226,0.502189022841091,0.042098866414732115,0.44571336060681715,0.028018323169025937,0.3882427018259315,0.017051388425489398,0.00024255998085863622,312.5071435867503,0.8330754331992026,5.078800156434703,0.0001469917666099303,12.687028966193349,-0.17438003473146146,0.9515353711241326,0.11771812327786055,267.39111923004737,7.889281158696612,3432.383737438173,936.2227202562235
060_Dismorphia_mirandola_discoloria.png,Dataset_pieridae,53876,0.0058828463409245,0.003951516829817526,0.006374458210684707,0.004580293686741893,0.007542854927460558,0.0051607005448979166,0.008684764180771631,0.006289660728386233,0.006562789938556029,0.004859526187419436,0.007075652974982159,0.005021945924491903,0.007471807036918329,0.005565594316651566,0.009226052599803667,0.00772265854042098,0.006238866580904183,0.0048967749255463995,0.0066787410447249375,0.005157820636262294,0.006668587726562242,0.0050210891103855135,0.009002424499698418,0.007851820741339706,0.005101433118891676,0.004786556590131886,0.005423666357828956,0.004622313530827738,0.005328319380383209,0.00428936424841196,0.007879278397228877,0.007841155341239409,0.016001013321789093,0.0021364436429660966,0.013300299514067887,0.000872880451397941,0.011135233523093256,0.0003171886758628702,4.238038924394902,1.0856129745497534,5.828215290101124,0.9321020254009904,8.133482715761032,0.6212428186486135,0.8119805492304122,0.04831356229118597,0.741142019920353,0.041795528448887516,0.6377468330225555,0.02799343122080256,1.400079074242452,0.21002436022565504,1.692486875844379,0.13991140920325207,2.0524022160366124,0.08114813909526121,0.12621976680102343,0.008341689905789628,0.11526384007949317,0.0038140115622415675,0.10551291258863195,0.0015029305230011753,0.5198305051071195,0.04378311740809685,0.4626238088831122,0.021877416161220423,0.40501976054855326,0.01128672518718662,0.0002791586421668238,260.395429863544,0.8180659453543048,4.950507239336133,0.00015790903375962373,12.400965548565766,-0.1644808380477069,0.9400656935428837,0.11751883788875359,295.84257432760506,7.6856343938667955,2602.9233594755424,715.8296973347688
061_Dismorphia_mirandola_discoloria.png,Dataset_pieridae,60672,0.009184553728944172,0.005844313697349619,0.012128624292733462,0.008082004283903673,0.008712685213312246,0.005581248423333378,0.01309247648427683,0.008475132238249805,0.008908049951176516,0.0068555371358925985,0.011075007068852892,0.008577235054081927,0.007581775525275232,0.0052116939788273255,0.011366338282004286,0.008540281132410095,0.00658443905766335,0.005521195793003785,0.007835633209843845,0.006513216799638227,0.0057199257893452765,0.003987923764333093,0.0081419624346123,0.006166821344749568,0.004637989314070056,0.004092697643881195,0.005189255837907103,0.004505440629706285,0.0041744648125596326,0.003077287328525416,0.005544975407033482,0.004164787495151468,0.011686705933415172,0.0018495346345094419,0.009257391492479037,0.0010324697491411964,0.007013757203200516,0.0004783775427430674,4.289754579500126,1.3316945029563654,6.89204090684883,1.8050317974784107,12.07139020473542,1.6023183614312724,0.8748163234966625,0.038994175983646795,0.7986011638316991,0.05300988194097006,0.6461749817190686,0.04793496700978007,1.4674299222781009,0.2508561839356495,1.8903725155079758,0.2565605299305619,2.5693070643811247,0.1944896539601091,0.10776899315613443,0.008517631568001845,0.096064558681717,0.005384427338723121,0.0836994728460933,0.002855774586098736,0.49827195278701475,0.04938859005509343,0.4286755116911716,0.03497111274908921,0.345968702880104,0.02326290960653091,0.0002026386343918143,264.1199454165792,0.8790129006026476,5.00824042998553,0.00014594627158725078,12.78415004156093,-0.18098151223253173,0.9559086735605699,0.10799318235505619,354.0435336939613,7.983921858273099,4103.069224505038,1091.7972924804099
062_Dismorphia_sp_x_gris.png,Dataset_pieridae,43997,0.008292868078299112,0.005651574031649194,0.011321888923780603,0.007917667713856416,0.009270775498006251,0.006086642173447298,0.014206621514083192,0.009082955360127378,0.009433011315997717,0.0066223608574263486,0.010961423758364692,0.008182824013228491,0.009970194994996065,0.006839992764031505,0.013882019497231028,0.009567958086903366,0.008755027423822028,0.00658601955127859,0.010115299979764146,0.007867693615066904,0.009067987575695505,0.00658734579766236,0.01209019609030677,0.00878991085296695,0.0071009336617253,0.00617689935709066,0.007934966494805266,0.006546014374494934,0.0072932807797580846,0.005690119190201001,0.009597967369400667,0.0077965556834870345,0.00794870750873097,0.0011247367150379079,0.006571806978785875,0.0005277242584839035,0.005500165944701237,0.00027243891812856494,7.460357797386245,1.8896374746361455,10.90126930636136,2.2954774199593424,16.1148473690212,1.8106552452328157,0.8278926461338845,0.04360878440854673,0.7483061352929843,0.053316034416963615,0.6267227594875252,0.04245858243728189,1.9566409657185326,0.28446259872133084,2.4081392936483907,0.2607395839245098,2.987142968252396,0.18440567386451687,0.08893985518914119,0.006197553361252091,0.08099879403185584,0.0033169781685850226,0.07414056353953671,0.0018283278538484514,0.42508001918613403,0.042263637778631916,0.36823618591610485,0.02658727846989769,0.3125725172847603,0.0167752035405864,0.0001429333424396979,467.28336401088416,0.8310171099566359,5.419338384493994,0.00010886444735327574,13.218233455982256,-0.1592131309974742,0.9443084319055164,0.08721750642298232,300.2926404358028,8.110053812922791,5063.5808259678015,1382.716047494674
063_Dismorphia_sp_x_otra.png,Dataset_pieridae,43341,0.004371412944753447,0.004243773190935163,0.009355154170865463,0.006730636432853518,0.003688754028773874,0.0035174502312614398,0.008239063151464105,0.007417428068916804,0.004351173534085996,0.004413272316699335,0.008230980019345493,0.007621045753116736,0.004076185617351789,0.0037785726417590205,0.007834082754137665,0.007865080039037475,0.004140679288530087,0.00492007984246598,0.006293933483484257,0.006090849246297661,0.004044299672253404,0.0038504289606096243,0.0062945975510149054,0.0061685183278795686,0.0036832486875490217,0.005064703564320641,0.004485671980990153,0.00440024628693533,0.0034860873455380245,0.003378376367198586,0.004826987123403985,0.004913401817796468,0.020600739275687223,0.0036029031605436038,0.016765857769046807,0.002302681991282332,0.013177029954499292,0.0015806270378311148,2.776767797059998,0.8643231826072018,4.114705805067089,1.0488001846426735,6.391155578271032,1.205291948209872,0.885032033280123,0.03590128895626263,0.8290699685755101,0.0440046553880078,0.732300296525108,0.0509749381848313,1.077969462044145,0.20112959264354763,1.3533699416842506,0.2025650684207818,1.7530791473029463,0.2043559301052958,0.14298998227984092,0.012433995467990521,0.12917456363693663,0.008932518024264948,0.11458408023630065,0.006893367167089545,0.6003265896239369,0.052404716929329735,0.5380559608487093,0.04203905851523213,0.4627579506327377,0.03594992533829528,0.00039197534419042716,167.06450156855453,0.8911999048144443,4.574892775646117,0.0002464476385758466,12.075220305850914,-0.2258266770897117,0.9731817262835627,0.16378811409618246,283.6570261808116,7.762603333311364,2905.185307575055,768.0624522858998
064_Dismorphia_thermesia.png,Dataset_pieridae,51314,0.003650166247678704,0.003838436262230267,0.004966961018069103,0.0038932694878540306,0.0033028038934653147,0.002689886554302892,0.004985927567794574,0.0034650352320475955,0.003731402031473222,0.004027979095447924,0.004630530613046166,0.0037709001183572305,0.0036761849940541917,0.00309561146991194,0.005116490372171212,0.003997462117128617,0.003111559844569093,0.0038680374319895483,0.003810275878953023,0.0035945099758598878,0.003354167221735385,0.003023509963947567,0.004611656613118368,0.003799332717601983,0.0027057855512453,0.0038516833471128583,0.0028731796519908654,0.002994965347596632,0.0026515070930026303,0.0025754838301451964,0.003583043781878504,0.00325824434878149,0.03387294317534762,0.0050226314111966415,0.02811003461104819,0.002684392209366303,0.022588108174182144,0.0014601060382436351,1.3894436209963361,0.3210852728971528,1.9671276484477929,0.33659077946048477,2.8824539177288777,0.2306275405422301,0.9101836907494534,0.02080758483340141,0.8727855659395269,0.021580140361783892,0.8131363056305714,0.014405202213618783,0.7226057851013533,0.11687676620055604,0.900155865498837,0.1019350548486399,1.1472817188066444,0.07054141464766837,0.18356194600269862,0.013339983322702408,0.16746089040973405,0.00817831243150017,0.15021498938355107,0.004854393750178761,0.696993005348994,0.041854062392641604,0.6407072588743898,0.031205812214902408,0.5711821575389767,0.020767093285895315,0.000697613431097118,79.35888405677925,0.9189338787791356,4.042122164347029,0.00042571581086186725,11.208770214990157,-0.2637673931346464,0.9812938610698418,0.22558591761133612,245.65083643168492,7.416440018610352,1878.7317360336747,489.5226550226075
065_Dismorphia_thermesia.png,Dataset_pieridae,44251,0.004360183156689177,0.004656206775110789,0.006758859778355239,0.005178473515844206,0.0036820814683864726,0.0031781666387969616,0.005563140358322507,0.003864291086437857,0.004860103384501502,0.004956605975305731,0.006924026943986746,0.0054792100397707735,0.0043392449254585725,0.0036530726883286695,0.005884485438131674,0.004596935746583746,0.004643380839301867,0.0055423992163546165,0.005673131266491044,0.005193594588787839,0.004404796494640014,0.003927836467923972,0.005886991640497228,0.004759122489895902,0.004155580814982217,0.005502446083059091,0.004312943940821152,0.004535293352745128,0.003713074435389916,0.003574601993090743,0.004854998749850747,0.0043355090833181375,0.01814154019658186,0.002718304920254453,0.014989431166687881,0.0015539620715939305,0.012185620116820678,0.0010127622284330522,2.5261493678454223,0.582218372946582,3.482017445927233,0.5473362546766898,4.832398595931315,0.49812444585207094,0.9238901366796219,0.017564150613199388,0.8950588098594581,0.016377355861600926,0.8542690367575436,0.014718465930565158,1.0017695693239173,0.15286895348597745,1.2285892998349623,0.13152043656332293,1.5210171570252746,0.11881844312366661,0.13431917821333839,0.009994926746870155,0.12226547488905912,0.006370621385762521,0.1102931599591778,0.004586827121213449,0.6187058309620069,0.04560221839442393,0.5587227429366564,0.03458694178671593,0.4904406302437315,0.02949701942315404,0.0003504447590356373,151.84224023518098,0.9282179279703788,4.478653800803321,0.0002368796045410116,12.092340518632854,-0.25656250325633234,0.9842670425523004,0.16851490138626957,334.1090560294398,7.88969491040721,4079.099604639563,1057.7354612186882
066_Dismorphia_thermesia.png,Dataset_pieridae,46649,0.004471591751872626,0.007111994642831085,0.005686356562740097,0.006190510235712887,0.00431907733746882,0.0066290930542219784,0.007367726460724724,0.011464256447026424,0.004106924709626991,0.0055319510878102055,0.004882861830175127,0.006259752375940405,0.0039508087191697915,0.005635500849352899,0.0058119664317422505,0.008434615501811977,0.0037833190418415635,0.005474690057015546,0.004007622735130235,0.005886466979053571,0.003444452258932336,0.004949871429572325,0.004712052551184894,0.006690039016843778,0.0035783909372285243,0.005543519354961843,0.003312087734884328,0.005307155279846783,0.0030091762255610895,0.004600863030677781,0.003920263690634335,0.005950733426412606,0.07864907973336185,0.008583767587934842,0.06833607062149555,0.0050892161140959555,0.057141852543565144,0.0033818853663570665,2.131424475570268,0.541166706134193,3.2760532929706208,0.7938956593034263,5.734745490082465,0.9772901401265085,0.9630564284026977,0.009578383560186704,0.9425200849075028,0.014760404800383355,0.896573637481065,0.019737303749662965,0.6995218466524694,0.1101375135476758,0.8823544703512333,0.10229037163277253,1.1700838921739773,0.0841565713650956,0.2800358889781771,0.015132105523156346,0.26122518122777677,0.009872958726275359,0.23893927292965378,0.007062322239431645,0.7397084778989498,0.033389350009291344,0.6917115248352832,0.024988525376853834,0.6289574548747783,0.018098746570969344,0.002045965593398745,127.25564290310112,0.9655204095159501,3.8878892776612193,0.00040961762818130654,10.417449184301587,-0.30622931965074,0.9870890033260021,0.2875565130593344,410.7032697773843,7.121869731079123,7266.968728847467,1848.556092937637
067_Dismorphia_thermesia.png,Dataset_pieridae,48734,0.003304980336152454,0.0032839373606193705,0.00502666149511287,0.0035565037253031144,0.003191091283040976,0.0036004384720275118,0.004751754301745195,0.004181090634931044,0.0035645029877871734,0.0038683668292534665,0.0041567155239147875,0.004032894446446177,0.002899802282219906,0.0029920291039067025,0.003886416474959886,0.0037444385353103235,0.0032022639707014328,0.0038807317693955,0.0031851323149345496,0.004144704252456822,0.0024915348483443996,0.0028022813224246974,0.002977661210429649,0.003176653376767247,0.0029007331964442527,0.003840381355654078,0.0024396741504548853,0.0037567450774072275,0.002096479637744162,0.0025936268707135814,0.002437889713206309,0.0027773015850232037,0.03623869269219967,0.004226706463038711,0.030204405303124078,0.0029433599069444757,0.023537747649488888,0.00171473032765145,1.0502549574196354,0.2583938806644737,1.5302293397446485,0.28120898049191273,2.414884627333773,0.23475650560580874,0.9618893630267886,0.009411680913596936,0.9443474574355166,0.010326414163198185,0.9119813456078901,0.00870687617809026,0.5823997708928195,0.09338117483521413,0.7426990931197751,0.0878566525540677,0.9999333312481877,0.0709484544454347,0.19003438046803134,0.011208342086641593,0.1735899103171491,0.008423083711337823,0.1533184674987579,0.0055852639437366505,0.7483376084371126,0.034373459789891064,0.6925525356750216,0.030021778250526193,0.6123155219365919,0.022752600433566413,0.0008066125872012858,57.572040015300445,0.9671780646896331,3.729681295253482,0.00043319393337978244,11.223608549965451,-0.35646539949180783,0.9957264226381685,0.26472198472206265,308.6681556785363,7.803917444075564,3451.382725290212,877.2386913263754
068_Dismorphia_thermesia.png,Dataset_pieridae,100297,0.0049499801806675925,0.006850984835128454,0.006409389232819156,0.009730029964725648,0.004229258741699566,0.005772351733583257,0.005552387050105033,0.008005054945253012,0.004242517234753577,0.005898789112508814,0.0046329853963418075,0.00680846708185628,0.0037228100083441826,0.005199982322659856,0.004680788822292889,0.00711270459165237,0.003646858245207873,0.005209514283772309,0.0037059938841969018,0.005795404512404343,0.0031931084002296485,0.004468138236584666,0.004000043471575412,0.006327945298772901,0.003263359285320468,0.00491831305846572,0.003029216725280405,0.005020983410958954,0.0027551593169378996,0.00403325284394157,0.0035029450444845167,0.00596826685763208,0.07579262503616033,0.006144232778326661,0.06681513168711369,0.0037622718978150547,0.0567853914121351,0.0018594523035124775,1.6664734071781893,0.4325906334138115,2.531841667112375,0.5025029102820987,4.286671265439888,0.46891752567678446,0.9845237211343176,0.004052320772717611,0.976408499943074,0.004717821717468021,0.9597540662598043,0.0044200814818557525,0.6147797166401051,0.09159593819175064,0.7796562414442094,0.08203895649856528,1.0346239500096817,0.04641355609937501,0.27507857826017,0.01115351148848824,0.25838339650895303,0.007290548375180529,0.23826491590658616,0.0039014433434982985,0.7674051851872076,0.0266062456428159,0.7244990803524979,0.01933216546284134,0.6686024034907896,0.010901292801600836,0.005063453428346962,98.57767784391727,0.985871685260465,3.7250063560275275,0.0004931273714934049,9.967790040426543,-0.34707225513321355,0.9917235243685979,0.3815563796514278,396.6690734696383,6.939313475071047,13864.373311658994,3490.7377473757515
069_Dismorphia_theucharila_avonia.png,Dataset_pieridae,81032,0.007998340972314597,0.009410270136351621,0.01319575907173494,0.012989233686515044,0.006220824065402122,0.006599488641705995,0.009117875059422067,0.00974234736670759,0.0064820049470209005,0.007311624184808317,0.008495265686115715,0.009288194564768548,0.0053183597373255495,0.004843418773127526,0.0066812381208769785,0.006782052030331122,0.00658190377123048,0.0072355511031597436,0.007481558708335285,0.00824769225271962,0.0058338747263986255,0.00556570066133073,0.0067870296539419015,0.0066315487535023995,0.00659268576621307,0.008303984485629749,0.006414757586236559,0.007327611917557119,0.005565597019836869,0.005915322259174401,0.006467712901195237,0.007350814219280342,0.02404988219832713,0.002437589588493407,0.02089367200647566,0.0011515430716824708,0.017953948683526913,0.0008874504013359882,6.196457560066233,1.5748751980379532,8.838988408937261,1.6228378273095532,14.729065952478098,2.4046145973687993,0.9654640615381345,0.008764063863884957,0.9507865386965516,0.009013486169921195,0.9181774830237939,0.01334606164442534,1.4074136208389034,0.19181388551357276,1.7063266464009024,0.16372995849800753,2.2084518144952954,0.19921256093599474,0.1548799330210237,0.007879628527433163,0.14449195747151514,0.003968152281038976,0.13395138442761068,0.0033128980445177323,0.5847053565642875,0.03274270770978298,0.538700108211426,0.01993736916519665,0.4864698853425068,0.017875429899208043,0.000613924153440706,386.87725059176114,0.9662414852076938,4.894073338305578,0.00020609767245771142,12.375171590464745,-0.26405947572405514,0.9876361296418834,0.1893604520267826,255.06005340816134,8.086704169461692,22531.20380666112,5729.520264313223
070_Dismorphia_theucharila_avonia.png,Dataset_pieridae,64586,0.0061322832423247545,0.007632937130590415,0.008681743268946126,0.008897360916285907,0.004261686644738267,0.005498290203004814,0.005595129926015726,0.005938476018644046,0.0043257476987325315,0.00501334838324326,0.0052445991168032745,0.005612766469884902,0.003666560898403631,0.0038868492433255537,0.004662483415939719,0.006576300116420156,0.0036843182008736387,0.004399376497927245,0.004090408528416985,0.004537212049237421,0.0034414797260322013,0.00385127582897371,0.004092128863498405,0.004730122203010589,0.0031175003230231274,0.004065815043546409,0.0030736604183395763,0.003621486025792607,0.002787287433685418,0.003268369009616385,0.0034929909466090534,0.004399856943798437,0.03473222557118004,0.0034407274749906954,0.029833872508551264,0.002289122228276052,0.02423310669355667,0.0017682269247827444,2.32438231223403,0.6602631067046675,3.626300289332032,0.8021015480321458,6.7692765318353825,1.1195654428122201,0.9763414528013714,0.006702474157149469,0.9631487749963361,0.008124490808648068,0.9314385358354018,0.011336520822180464,0.8437497063364952,0.14015102545615107,1.0788698298915407,0.13596173564243966,1.5067767790218243,0.1620708253135093,0.18613172607567463,0.009338421669108045,0.1726010515310135,0.006538311627606435,0.15556746304849325,0.005645452525029444,0.6918167200901151,0.03464832185423324,0.6400751181470852,0.02804631254088019,0.5688719614757517,0.027037274971144398,0.0009054457562966544,139.4081056819124,0.9778149938646362,4.194589551320912,0.00043527629447729483,11.653609670518891,-0.3374666770570821,0.9951289549360297,0.2640321537653919,153.97477488550766,7.995138916322286,12425.61364979931,3141.255438870304
071_Dismorphia_theucharila_avonia.png,Dataset_pieridae,80107,0.007897601256295916,0.011510447070876773,0.01322425423182438,0.012286469146920163,0.006276670787043114,0.006833161924216454,0.00961309427951958,0.009330948016216286,0.00605843541478298,0.007235202561367868,0.00815186011389483,0.008260432859716142,0.005528545509986916,0.005633776973634717,0.007317260386501633,0.007980529605330253,0.005890211211156277,0.006742773830319541,0.007099967721438469,0.007473502654928121,0.005767492848726629,0.0058928519241627,0.007116597162155192,0.007665117933613829,0.005506729746915124,0.006993278439555082,0.005950672155861751,0.006698000886965899,0.0052728814993345755,0.005747314567390723,0.006654264611817123,0.007926518483393302,0.019045361707102,0.002265832425103391,0.016221763649749667,0.0013235595641705826,0.013428227685587102,0.0010105414466367478,5.768128959662427,1.5378670293866383,8.503578396908836,1.6782525779800619,14.603732493111714,2.371986460396954,0.9673828218552005,0.008681767634764739,0.9519718290235866,0.009448811554205027,0.917734392150954,0.013342963918490615,1.362284628921052,0.20289755798946785,1.6844980725083345,0.18530521315361068,2.23813721583427,0.218220125993064,0.1377633844120334,0.00816159435676101,0.1272577663565507,0.0052177151791964,0.11579828396256461,0.004357191401849647,0.5924203018143739,0.035321516360825575,0.5423988701451451,0.026468271068282024,0.48111388805690225,0.02395798016471256,0.0006353228353073374,359.80534974411376,0.9681250245731184,4.844806149304535,0.00021393543359170467,12.554077049254257,-0.2899848476845255,0.9923415429320599,0.19624820192935039,249.60542792185808,8.322709322363778,22213.42580733932,5643.307789270859
072_Dismorphia_theucharila_avonia.png,Dataset_pieridae,69923,0.008505281660825568,0.00994387927423696,0.014047412520494233,0.01353240532420038,0.006456200177964418,0.007039400916146829,0.00965710912475606,0.01016143860319386,0.00666879234540088,0.0075680547124382215,0.00881353166344618,0.00962486391309066,0.005288692181571967,0.00482329655150203,0.006841028015726187,0.006904577047487588,0.006815160754246167,0.007475909962640896,0.0075795440725064615,0.008303921866139307,0.005884093440998713,0.005514598917211782,0.006896188895250597,0.006739124225893901,0.007042750736766115,0.00878210092493757,0.006528981853836512,0.007410341616676234,0.0057231318097471584,0.0059998888110424356,0.0066037902513833915,0.007496574620831906,0.023248718987732113,0.0023312475350573004,0.020230029580485007,0.0011146902487032886,0.017351698655809517,0.0009343426742983094,6.6284295160821145,1.6755898004260945,9.410067120465392,1.729495440840014,15.824808587623492,2.6445436501086914,0.9630579950666246,0.009326233619765522,0.9476129389117669,0.009603477804045238,0.9121095207332712,0.014679248059905815,1.462368637463824,0.1958578644846558,1.767522101882153,0.1702798537992305,2.2950420365324073,0.21254529593466734,0.15228180566450217,0.007679235071992036,0.14217895349678944,0.0038954798218955996,0.1316782413951004,0.0035411013686679317,0.5761025279996395,0.03195370675059217,0.5312267270853857,0.01975918573980181,0.4789669430567184,0.018506786166005144,0.0006623203987950937,414.1817661123715,0.9638416929557816,4.945676572810694,0.00019855667346453272,12.392132532993426,-0.26211457344094313,0.9873572523695461,0.18454457350336764,255.29345244170392,8.08447421229106,22493.267896444268,5726.862415639161
073_Dismorphia_theucharila_leuconoe.png,Dataset_pieridae,83265,0.010821666074342717,0.009362275039299015,0.00959041436253585,0.007255512697540671,0.007726918659992365,0.009155141331413721,0.0088795038371205,0.0096961859976079,0.007284915746409966,0.006430394767060671,0.00701136195954399,0.005578034793783932,0.005933466763106175,0.006468005925336251,0.006432836340591915,0.006906549933368934,0.005591586542964876,0.005329395036709612,0.005027503307328311,0.004431429593555866,0.004661516885149031,0.0050083622618520085,0.004772551730236552,0.005266603172057877,0.004339515185373112,0.004873180203184697,0.0035067890672475107,0.003385779514688702,0.0034019675810227795,0.003700927238435957,0.0035259151398841677,0.004111719957434502,0.010689367026479142,0.001582277880001389,0.008469608353365382,0.0009319597064514545,0.006185240564824413,0.0004393146769902626,3.31469334575809,0.8762576558254092,5.327317674943112,1.193497287296589,10.15179097081485,0.6923696844589656,0.9567775666993201,0.01140709776647736,0.9306100807742483,0.015463765776977213,0.8680860982609641,0.008714628694776213,1.1608430476325764,0.18561836510639462,1.5063786628744076,0.18513257760229565,2.141288181008708,0.1230269828749214,0.1031070372230376,0.007635830116384209,0.09189031290109834,0.005077277646891593,0.07859660866502838,0.002795294471213793,0.5829525653028689,0.04554308389773028,0.5130677149800099,0.03336620229074625,0.4203632878534054,0.021130712065837273,0.00019503772177481858,201.62388869189328,0.9588326574460111,4.683536456798633,0.00020172634662985448,12.923079742091778,-0.2812448418192228,0.9919634380169848,0.14850400564409902,201.33321164125272,8.499230341828078,9592.271785100727,2448.4739184481577
074_Dismorphia_theucharila_leuconoe.png,Dataset_pieridae,106768,0.004929521736660784,0.007167991586809312,0.0059581543277161175,0.006646735258230955,0.0038767329967893485,0.005766408100728081,0.004463627765399028,0.005143172767470726,0.0034605669437219383,0.004821379725483481,0.0036393052758832466,0.003878316719593411,0.0028847541369624034,0.0035067521352780654,0.0031299450614223436,0.003378662881136286,0.00270310153761831,0.0038090076613765023,0.0024113809589267673,0.0025753888930151662,0.002221939157581132,0.0027538891953606055,0.0023483774280878356,0.0024964687790577284,0.0022256855779881897,0.0034397545000213344,0.0017079369031066816,0.0018932664257268563,0.001658438360801858,0.0020840481774047105,0.0018618273736132438,0.002057743491333248,0.035819112135761104,0.0034176748275887604,0.030592930597568065,0.0023822382182871553,0.024382240758734262,0.0011559083545393644,1.168075239643962,0.3203850602330163,1.8512843811713582,0.44475779309946706,3.5977661606874727,0.4417485354624636,0.9590656946422298,0.011202835962741397,0.9352018419615071,0.015549477167490094,0.8744341180668789,0.015462240155548451,0.5703047263121359,0.0982310362345748,0.7481807817786953,0.0982262946762741,1.0871119822360757,0.08632060026610255,0.18903978993273368,0.009114272211703153,0.17477868276895178,0.006733694908307974,0.15610449353856487,0.003691592583481857,0.7621932870233123,0.03218269176403225,0.709353389037522,0.02722894253114685,0.6311367607975168,0.019557752694353704,0.0011973755219288214,66.07012688405065,0.9636227623106196,3.7057316686752086,0.0004973353798659983,11.183643312944346,-0.3667066596395784,0.9962994800657968,0.335225448112359,152.91959125360026,7.825149542025516,3565.762955224882,907.9582705272339
075_Dismorphia_theucharila_leuconoe.png,Dataset_pieridae,83294,0.010847330862771978,0.009343580480308988,0.009602866818229439,0.00723611490018025,0.007756257676856998,0.009157069383969457,0.008883624761826192,0.009724518021135525,0.0073682197008797775,0.00645271068773885,0.007121237808353826,0.005638287919566978,0.006007504041930372,0.006463104316531689,0.006439429843181233,0.006924644518932345,0.005809170723112918,0.005442559832291045,0.005304678501082679,0.004627633050681075,0.004852499296778684,0.0051162089184541,0.004922709655151766,0.005413919932865592,0.004532264654685414,0.005030002607787491,0.003739054915020246,0.003584164880301757,0.003582905589161189,0.003833384139593149,0.003673055236636634,0.0042770211753373095,0.010451954291649577,0.0015412790500523024,0.008302626576328803,0.0008959573646184405,0.006114121679257433,0.00042841856848884553,3.4353766449005696,0.901434022653984,5.482430485706578,1.2093628542971688,10.281988360180062,0.7134907797027369,0.9552455837486634,0.011722469305545104,0.9286571796598909,0.01565098452846824,0.8665265174192707,0.00897196208734247,1.1861605898717442,0.18803378381317096,1.5326912643329331,0.18506026319732338,2.158221061756347,0.12393413939789183,0.10195837890357148,0.007512873152484843,0.09098495143956248,0.00493611060140061,0.07814475790968803,0.002741986596189763,0.5768000856151383,0.045411636251265576,0.5078174624584644,0.0325937763252691,0.41793711310793974,0.02070603284974367,0.00018955731811903638,209.52957970862067,0.9572588711213404,4.713757605571163,0.00019673037132885037,12.956298246320783,-0.27742348276515844,0.9915247770006126,0.1447067562047054,201.35396196657317,8.500800147909214,9593.535863013567,2450.7663606805445
076_Dismorphia_theucharila_lysionides.png,Dataset_pieridae,35004,0.015339046281365322,0.01310331251905115,0.017230797266945458,0.01172370882495954,0.007777075886392657,0.008846179633466874,0.01053916181675577,0.008950739709344832,0.009878207279644866,0.010132660067301423,0.011221543868880987,0.009069072341034235,0.0065776803234500825,0.0063891072988097415,0.00880465390019523,0.009830858576934734,0.008729573978153271,0.009384608610669165,0.009387356224385357,0.007910091234824517,0.006591313095381279,0.005774876632650744,0.008291908167782733,0.009394983155427077,0.007668071538284128,0.008991274236819927,0.007395000635123237,0.00677195201834872,0.005954145455172408,0.005426760382190854,0.007158367166159225,0.008955225932604546,0.007874553631434484,0.0010216020823452677,0.006528000812178671,0.0007208524610711623,0.005170268779201263,0.0005789930559207259,7.909868469960434,2.412508283426695,11.81270081316898,2.657374674529407,20.308660977042067,3.729184683735851,0.9281669345719048,0.02183277297627604,0.8928737671459824,0.023994328079186646,0.8164052808985583,0.03354683724395336,1.8412058007041883,0.3206590946454247,2.3027391028206967,0.2994949780714407,3.092774500544872,0.3641089051717162,0.08854219902380593,0.005901916931237024,0.08067850588393649,0.004356546856662473,0.07179365665598361,0.003992448266916051,0.4701641671607067,0.04465288608320688,0.4134365585950162,0.03301920722930783,0.34768960569081936,0.030340915360327937,0.00020487533935198326,495.962796391315,0.9296050686163232,5.336455186243068,0.00012430393970521946,13.346430094069614,-0.24979476246745547,0.9880056825653794,0.11549103983005107,267.9009674191959,8.571664973987481,13590.844609538064,3521.701851482345
077_Dismorphia_theucharila_lysionides.png,Dataset_pieridae,74407,0.011825240569172035,0.015670473964624378,0.014993224429912933,0.015465370116233732,0.006319440521062051,0.008595851750895025,0.010967230775131698,0.01267248565665517,0.006494167282762105,0.00862811566782203,0.008122094338731694,0.009791929384069725,0.004410872281079323,0.0062694960356045135,0.006339753539325133,0.007981147849753359,0.004804508043089802,0.0063418668943190735,0.005593381668228803,0.007028529871034545,0.003820908393333937,0.004798446380916629,0.004762819589519143,0.00592081383224653,0.003821765779540532,0.0052341762175265325,0.0039038864879939795,0.004798572130865663,0.0031587681502565188,0.003753585602883351,0.0037248851698566806,0.0047274874883595185,0.017168735634366664,0.0015505944835678856,0.014936011012200727,0.0010917783727411128,0.012199112849704888,0.0006932862802457054,4.745301157557314,1.7210380740557352,8.043723753344253,2.2981512897330543,16.81375291823983,3.269294879081701,0.9694939897750233,0.011058080308873404,0.9483503254954767,0.014738385692856246,0.8922736064519465,0.021078395444815382,1.202571404666589,0.23429458458407115,1.5869876571199772,0.2503966852567255,2.360254126075229,0.2819641122264892,0.13089213828907525,0.0059986472208539,0.12213384560840407,0.0043971319178808975,0.11040570724408308,0.0031133033322679284,0.6293359241650824,0.03937998651417545,0.5739596113078296,0.031527852586174895,0.4956706738522788,0.026033216863327376,0.0008345374870357593,294.73198067968366,0.9703501589947141,4.648707740515832,0.0002644657580989747,12.55762049140602,-0.3472580874863476,0.9971597577897009,0.25834253849882727,207.96061150372628,8.565599602377594,19584.03245233646,4969.691108254034
078_Dismorphia_theucharila_lysionides.png,Dataset_pieridae,55546,0.0063502222283276155,0.008675938264640448,0.013391908806823852,0.013200622525872212,0.00662010206330586,0.007513055697085663,0.013188146922642908,0.012637942087787414,0.004121392756260226,0.005481822296370748,0.007714301674265473,0.008506163520825418,0.004380906045800415,0.004850649163587164,0.00886467784722135,0.009109542488518647,0.003295639138583957,0.004175007590214278,0.005534015264775474,0.006337763777621262,0.0037805187359937625,0.003781095159527487,0.006654621764139513,0.006777452095312408,0.0027399839309391,0.0036441570665785533,0.0038894581226069343,0.004454268503137687,0.003100004431655419,0.0031275927641148385,0.005015092959845479,0.005296720564159868,0.027612970295967647,0.002778046334466849,0.02468105052832686,0.0015705000666394577,0.021188171221032306,0.0011064706392594676,3.7184837770442636,1.3230796141471695,6.079659908235027,2.0712012143459573,11.909646520720688,2.6397492611008957,0.9600508419958526,0.01423956419507846,0.934665677733429,0.022262803080323152,0.871756869660238,0.02857179894136766,1.132238675964392,0.2429612807824232,1.4692695125532351,0.2845719226534099,2.088985139775917,0.2968311461014211,0.16596579072031814,0.00826599095978248,0.15702208457342387,0.0050115351483739565,0.14551173779094875,0.0038085937155972168,0.6265875132925476,0.05186643400313711,0.5715398248075183,0.04206271047338191,0.5010586427027615,0.03553241279402338,0.002138147998285441,229.0316882387928,0.9614860533365572,4.594452735100479,0.000312693223844306,11.963687258363425,-0.31956907684061864,0.9939712092250921,0.2640736958082429,195.43407355875465,8.051523511924271,11666.50382221285,2973.8838776129105
079_Dismorphia_theucharila_lysionides.png,Dataset_pieridae,56014,0.00785626044786603,0.00940344713123695,0.01272029025091941,0.011202144575605187,0.009887323201678342,0.009828996281706345,0.014440861185130945,0.012318416371433842,0.006176202906021399,0.006812263971878934,0.009032214268189566,0.008605927550115721,0.007365546659248234,0.00756415854485822,0.01042942227514432,0.009381466882771394,0.005981434006040286,0.006394307686804133,0.007972052288718811,0.007816801173722568,0.00676961056392922,0.006350617792380158,0.009418532705171786,0.008864229906475483,0.005168945846501382,0.006160076878702432,0.006458690253070086,0.0066217887336788225,0.005772797943500338,0.005699078785068312,0.007803877307390922,0.007973016401474062,0.009294678642763043,0.001503851828541432,0.00767775924272421,0.0007836843987265138,0.006191638521567647,0.0005629886106979265,6.414972506096659,1.743343851325998,9.762422939107282,2.4668398848210287,16.73509101488105,2.38943449396907,0.9272191180014167,0.019759338722513488,0.8893190341043026,0.02792902122307422,0.8105000078974576,0.027025851728908867,1.6047406821465637,0.26155311375159407,2.0070026682385604,0.27128812565369376,2.6553764975405625,0.2473060843097559,0.09611008028889084,0.007584926474659994,0.08750315495545032,0.004577894228426309,0.07860514664183149,0.003587400588701272,0.517041037312204,0.04648199787899575,0.4612262503388554,0.031529052171570635,0.40000730401982304,0.025941661354119176,0.00019700088723097482,400.9063983022663,0.9288306002545003,5.130443833375421,0.0001530598671991254,13.176284232826587,-0.23685996964235853,0.9840415531084901,0.133134770564097,309.84239766407376,8.427994145779419,10864.095575949483,2816.2504935629395
080_Dismorphia_theucharila_lysionides.png,Dataset_pieridae,62062,0.006947134376272946,0.00894692631771236,0.012589056383496413,0.009933794564124753,0.005394212317341797,0.006981635077666338,0.009982452195436057,0.00971757636183213,0.004272008527806954,0.005362447063461097,0.0070955184060468275,0.006357684299277267,0.003624991759560389,0.004062446075684749,0.0060318635654728675,0.0064944178591906454,0.0032024867474962264,0.003933736618026225,0.00474938098329537,0.004614572479964556,0.0030936673264566304,0.00322085007117751,0.004653846179770805,0.004723712298411298,0.002483499475148844,0.002929156601155167,0.0031643895932833106,0.0031755424894249445,0.0024766179596301748,0.002612541993529679,0.003541010946203853,0.00379829749144853,0.015677343936148207,0.002329034712498024,0.012662772093305632,0.0020342152814334415,0.009428348799393612,0.0014411513794719436,2.683188564369483,0.9178633538441313,4.498254439709266,1.2705082258882325,9.29734254561494,1.724217083497185,0.9681827530317366,0.010851776768110367,0.9467333367809267,0.015008508167862708,0.8902110510820255,0.020285510861381723,1.0105618830951928,0.20759197214455832,1.334299926937611,0.23123664387443196,1.9515836674983253,0.27096949603371967,0.1248426964934248,0.009573143078363752,0.11218653116486302,0.008772361056229286,0.09682729241653386,0.007268028802684836,0.627135427361597,0.052416148817238134,0.55894568396494,0.05150353175819965,0.46683116287693194,0.049154139617267514,0.00030667652943770605,161.56504025834613,0.9700160013313548,4.478807759547137,0.0002680198976244524,12.539591338457521,-0.3047374238298123,0.9936193738889283,0.18055582315182328,164.32852139255766,8.382082976716802,10611.913503297666,2693.369635889004
081_Dismorphia_theucharila_xanthone.png,Dataset_pieridae,65797,0.00868547158039799,0.008021529050755094,0.008666936692525802,0.007015359603008989,0.005558222239167325,0.007519373889206065,0.0066698351896909295,0.006342675939359499,0.00413897332817006,0.004268874085829558,0.004065457463019353,0.003973660734709064,0.0033992711008055455,0.003921827042362077,0.0046446214017098475,0.0055908537615659585,0.003034679585090306,0.0033473204327913487,0.0026426098302346833,0.002844895828404508,0.0024691653164125443,0.0029210092211464974,0.003437173978360115,0.004468211744435273,0.0025039958010065954,0.0031269334561269454,0.001960570566311253,0.002255873677803174,0.001927709366286847,0.00254704871592378,0.002779741403736897,0.0038195008327688786,0.0204316379960451,0.0027021904294604066,0.016530494751452338,0.0020780921225508724,0.01178593487304946,0.0013475971980750655,1.8737829115969715,0.5448710499410425,3.1414161134574936,0.7929206649742723,6.866299987075299,0.9734159944830487,0.9804590517757874,0.005668178290093166,0.9672785784589397,0.008247793779368389,0.9287019730018061,0.010134220268082339,0.8217249587557863,0.1537710965886864,1.100817001229033,0.17290631413123106,1.6908086695794817,0.1938642843898601,0.14261948680298864,0.009556148810961776,0.12831771483780116,0.00806590418100039,0.10838520095319093,0.006211528586900546,0.6778817747507724,0.045062740202241464,0.6102757902816486,0.04276031315692143,0.5059020121034139,0.038945762590209716,0.00046230460246807095,110.23380212183565,0.9820164262556181,4.199629973481545,0.0003367393627963614,12.112920777353423,-0.35398052671532115,0.9969106558644127,0.22643293541406073,232.46264579703552,8.348561227239411,12146.291005049536,3064.13120179284
082_Dismorphia_theucharila_xanthone.png,Dataset_pieridae,95099,0.0043829160059257214,0.005115864686036584,0.007407072813510421,0.006927919125667247,0.003005702281848838,0.003238809327706553,0.007065239501309222,0.007609351156604405,0.0030836912329995094,0.003659576283332357,0.0037524618612039414,0.004162619757634166,0.0023289779693975417,0.0023740483661656335,0.0044752651678510455,0.006423195441615181,0.0024568754203731576,0.0030273759950903948,0.0025462621964174393,0.002900215378260649,0.0019880093882633136,0.002066964859547869,0.003293765741542157,0.0047540868225838745,0.002152316905376696,0.0028898698871081432,0.001853207124528185,0.002160547152128943,0.0016341446097577381,0.0017382798391201476,0.002649932126569348,0.004092325470483726,0.021809580978566872,0.002438835990107054,0.018225278884747207,0.0019249216310912108,0.013749030265525427,0.0012708614499954889,1.3479361047122178,0.46868010460008724,2.2020627861164064,0.6366998358008802,4.645760119969182,0.9954960824791337,0.9867058768006999,0.0046206694297695845,0.9782995429595324,0.006269660880813292,0.9543023139940551,0.009806892880303716,0.6581351823230065,0.13806493665989375,0.8793185751820489,0.1463765908885831,1.335508148675686,0.1786717620296225,0.14743961809186967,0.008434452886256872,0.13482072223423514,0.006975079998567858,0.117132381638078,0.005388454074878586,0.7297675789527631,0.04180606256823178,0.6679149684692033,0.03962140736628297,0.5720812580515547,0.03675422458004577,0.0006605172102582563,77.31799651142835,0.9880732371891363,3.9075589178474877,0.0004163816642936949,11.88963549649139,-0.4041160314472001,0.9985881327950297,0.29254051287798655,232.92128616763154,8.428566225116509,12887.289907972854,3241.151976121069
083_Dismorphia_zaela_zaela.png,Dataset_pieridae,138149,0.0038148544178811233,0.004833851696731317,0.005010620632552208,0.006414788328949274,0.006150923539803445,0.008221004724837817,0.009219709020661028,0.013281144485257274,0.003118365079375026,0.004282516835962792,0.0036712390262991375,0.004780818656399435,0.004083183469838067,0.005762420785230297,0.005963486247352915,0.00907218036816181,0.00259557268989092,0.003928802829480434,0.003004708699755989,0.003924559834184914,0.0031602520071373225,0.0044654584249419,0.004804486171922296,0.007649718161112722,0.0021604579693853612,0.003677355655889909,0.0023576418754315863,0.003278380918960391,0.002452616748631775,0.0035891491194949623,0.004046009265816598,0.007272590012491641,0.06265113408504802,0.007012998371800578,0.054965029687938496,0.0044638609537135734,0.04537147007122743,0.003734438311295088,2.720347601473978,0.901454526428256,4.077162590286855,1.3413639707497582,7.392058394997598,1.827664498399628,0.9682958222655074,0.010482004250802849,0.9525831660042116,0.015496036464158506,0.9144355823138309,0.020978170500606932,0.7524470373358753,0.14485284378730295,0.9477176600967687,0.1439559716628824,1.3029828200423543,0.1597556121850662,0.2499261222088407,0.013713771279252185,0.23424345461856738,0.00974852072355934,0.21282880501172963,0.008681579839327503,0.7404421454658033,0.03543962928304738,0.6966409203385721,0.025656046339205457,0.634686301299985,0.02303943203150041,0.0029157781315770136,165.2752420907718,0.9697652559093108,3.9376771091755325,0.0004703439505213997,10.80552827728188,-0.3497495048502525,0.9941198473301371,0.3470794085424648,90.18642278317614,7.516687919028295,10763.1350228786,2732.1025662423435
084_Dismorphia_zaela_zaela.png,Dataset_pieridae,148860,0.005649082632399285,0.008818873367288139,0.004342804769156633,0.006593283298711027,0.004071910757553887,0.006147658186162357,0.004161983524533217,0.006090771603870571,0.003144016272448962,0.005384253073561419,0.002396348562207108,0.0035753785793811027,0.0024241721248624013,0.0037525422209873623,0.0025541385281523526,0.003758705138604835,0.002233633956887588,0.0036294252215110577,0.001651416883735138,0.0022562905311425386,0.0017024775253770322,0.0024800784168614986,0.0019503849270635434,0.0028880474048845225,0.001831374051726787,0.0027352371127523797,0.001285137799579206,0.0015870807686621212,0.0013179762303237768,0.0017544344411620067,0.0016631116723843967,0.002411839884431499,0.05148525183884001,0.003705909250429567,0.04585612632134095,0.002174766313375981,0.038367443537290734,0.0010830470093625593,0.9992952545501925,0.2961190583678879,1.6812768613760638,0.528421014002146,3.623359617587429,0.6300127733668462,0.9922314253473341,0.002300604751309588,0.9869365791360873,0.004105211958350457,0.9718776394299353,0.004895112902814634,0.4225464827626837,0.07661916854179819,0.5605371051430307,0.0798006074950806,0.8413570714097376,0.06988033550175814,0.2267568757884495,0.008159112788881784,0.21407957790845517,0.005104962671619323,0.19585666265905158,0.0027588456551973675,0.8325847518650649,0.023799601861160907,0.7945309163148714,0.01833002361338716,0.7320479984518167,0.014586193283435741,0.0018059110962236505,56.408889861094366,0.9931418767244833,3.1771389185954844,0.000856685047436905,10.722726919944542,-0.4719660315220241,0.9992424853050885,0.4383853688847754,162.1443236190675,7.992974120740254,16392.866776510866,4112.318916592992
085_Dismorphia_zaela_zaela.png,Dataset_pieridae,119337,0.006016668195100069,0.007153757811681439,0.007266965791233579,0.010469915837855505,0.007155352692331917,0.01010753452541322,0.006918985891232862,0.008929201217988401,0.0046075201012808565,0.0058647850067005914,0.00466362702549914,0.006222743441845514,0.004747266875410382,0.0064160293693525244,0.0047112609766168335,0.00610746960778385,0.00388035395162414,0.005248716323433491,0.0035032716006750996,0.004338472918053641,0.0036164330906330875,0.004632381231236462,0.0037200588128334104,0.004666968769132832,0.0032696716026344398,0.0048395498652561335,0.002634495752514163,0.003233565335351577,0.002698244304678163,0.0034264556278114163,0.0029555604079521463,0.003796710865180086,0.033849080874002846,0.0028902020932268977,0.029491144568551033,0.0015519085022504488,0.02466633160999373,0.00032889308999679037,2.5047154304747425,0.6633437442307866,4.065331894072704,0.9227222267432567,8.01660624995202,0.4955227903136136,0.9813689432131318,0.0049241703058305105,0.9697887902719579,0.006841105016197251,0.9405529811517964,0.003644495477397898,0.7763949080732792,0.11356927006768555,0.9990521390237442,0.11006713219665001,1.3997572289985087,0.03623303785775406,0.18381359622844226,0.007851287510341073,0.17167006108627644,0.004531522391552168,0.1570516999088976,0.0010465016575725633,0.7261072319267319,0.028348129647565053,0.6783833737817307,0.019390910870344814,0.6140732331676655,0.0014159301022141377,0.0009674666426011365,151.19605606103968,0.9824208225074851,4.02183951936318,0.000402371334726719,11.827667167028174,-0.36906828827976923,0.9974278533533718,0.2966554251841392,185.92989129348956,8.232457314453281,17047.743097185547,4299.734788311645
086_Dismorphia_zaela_zaela.png,Dataset_pieridae,98037,0.005824335536440392,0.004449869039029932,0.010304801958925735,0.009037367808368613,0.006387078991841099,0.00517463924282786,0.009506498383573533,0.007865694515500125,0.005560540733916351,0.0037903480981442547,0.006922403252437989,0.0054381431958895375,0.0058944260794487335,0.004272800321982873,0.0071140354956860915,0.005401337324513961,0.004922926297209325,0.003743235733521066,0.005365922378251389,0.004100412065622958,0.005123609509544946,0.003726460982862292,0.0059796688587517395,0.004208438725508896,0.00390594618610555,0.0037545271506109327,0.00394007164068233,0.0033647441277010995,0.003826086108947614,0.0030578358245894593,0.004669665837958489,0.0037862083817225317,0.017977745194312927,0.0023719939687712006,0.014550196952566671,0.0015058712121182767,0.011342244382909183,0.0007331413918638028,2.473065914361025,0.6519427902726223,3.8235338471959968,0.9286145511260177,6.610405348549989,1.0247115269010818,0.9019272975855495,0.025989831223277107,0.8481092083684619,0.036959761226255654,0.7363563661524751,0.04099296568098838,1.1135646253672153,0.16815505823863952,1.4168785893606188,0.18157669623620815,1.8955685375505194,0.1555844657059264,0.13379332079399558,0.008780233779798594,0.12045923099596888,0.006306395200626304,0.10644399766616658,0.0034524981903409128,0.5648933104247912,0.04358447729506512,0.4952188559373899,0.03580892251845033,0.41430039340522345,0.021472860956681442,0.00030872746393278765,148.0030346531217,0.9076744123493921,4.614378345028432,0.00021223074723354906,12.279741669135438,-0.20125185871146808,0.9646059441569266,0.12446764346195972,251.7584051431125,7.788853444388278,3059.2360783231816,801.8097782440782
087_Dismorphia_zaela_zaela.png,Dataset_pieridae,82269,0.012510814855441204,0.009347655056766848,0.017568169521552403,0.013916432213360308,0.00929119023369815,0.007409493981075898,0.013676654523456191,0.011874620699832738,0.010774614863546993,0.008899913262461322,0.01282291349280165,0.01086100486814044,0.008659420298212914,0.007022680783307468,0.01052957706276246,0.00965729223428239,0.009740913667421823,0.00850689569537452,0.010466275372718124,0.0088553450484515,0.008148474148708887,0.0063757025541297885,0.008917909194258479,0.007818545204563593,0.008733339471696588,0.008901248192136026,0.008098898794746397,0.007251871927236574,0.006988388992528005,0.005821966689203272,0.0074019943986570755,0.006986877086663461,0.007773262876819893,0.0009428453644659899,0.0063737903424162775,0.0005946755996441732,0.005095608072548738,0.0002639469031132436,8.52777926891007,2.2569477670974174,12.623520028005741,2.3643164341810854,20.175703450405113,2.38447146200669,0.8275822802791184,0.04567571384856131,0.7446860353489644,0.0478372844961058,0.5913642497981446,0.04840480004572151,2.00037824616542,0.28687337290693105,2.4831645963383426,0.26200613081192214,3.2154886692584395,0.21599487558291475,0.08800064647234374,0.0053989903935337275,0.07975127388956522,0.003677588259692689,0.0713599932597628,0.0018328760229061529,0.43375384976715525,0.036436731227190024,0.3778387218876911,0.026539230680380298,0.3172954067471944,0.015621585585842415,0.0001335892820018503,535.5700627546354,0.8302204762415031,5.4586231052765966,0.0001078170548787313,13.500289653719662,-0.15777422825982979,0.9458945577733715,0.0897821369970426,287.3527160074756,8.263693929799388,5773.886888158508,1577.3642377282922
088_Dismorphia_zaela_zaela.png,Dataset_pieridae,84214,0.009383175854508536,0.007027700580112616,0.014591240603732594,0.01290955928449915,0.006990621346435041,0.005453969517521071,0.011037888165979764,0.010114367396967364,0.009272320559200855,0.006558698671878507,0.011747512773080034,0.009161298435247607,0.008000752130168603,0.00548272713363987,0.01003863554268118,0.008129842020703043,0.009769617871236301,0.006940385814840697,0.010739107080310293,0.007523573221351738,0.008771887304252613,0.0057773063757107805,0.009983514608216108,0.007009037632296714,0.010060016930312513,0.008371223771075988,0.00920354531531008,0.006702807238330245,0.008170437411704578,0.005813952775037265,0.0093769098825758,0.007530167889754896,0.0072573739044521175,0.0007781667572243641,0.006207761043564575,0.0004202113944382028,0.005372753807980834,0.0002762469234804796,8.37043857988401,1.925816244910923,11.361144254611197,1.603684247878075,16.14799636402207,1.9382834538093088,0.8037459097927939,0.0452420496946838,0.7332973813412819,0.03777325049140969,0.6196811535846606,0.04558001563688122,2.112600744382329,0.26367365311500507,2.5011315791891806,0.19217607377358445,3.0005811787469043,0.19471206084342713,0.08506498391756641,0.004617620118230261,0.07874536646334036,0.00263216719051153,0.07327518718337327,0.001871029455258518,0.3899341021415278,0.034149509100613915,0.3423493039130743,0.02038366489585941,0.29891007469822484,0.014963166478147136,0.00012201744918391311,524.7646470680138,0.8068405128437595,5.521626441573154,9.446617867559616e-05,13.482523463899142,-0.1309204293613757,0.9173200348635833,0.06882223878769567,301.3577282598671,8.133225934637307,4909.2892319407765,1358.5134697522008
089_Dismorphia_zathoe_othoe.png,Dataset_pieridae,110492,0.0022465989169221192,0.003949614697946455,0.0026278152706021877,0.005702511406181857,0.0017199517795227091,0.00301163583237632,0.0026934841602234373,0.005100885203223548,0.0016857461462658574,0.0031822921871905024,0.0017412036951470944,0.004214825397257981,0.0012671564938073771,0.0026953122473563633,0.0019042469146403047,0.0037960142878628303,0.0014803858669547609,0.0027393539415700883,0.0013250112147019009,0.0031016348584574295,0.0010863965407705658,0.0022284234726097263,0.0015653494245258472,0.0029262170559873403,0.001475468987933082,0.0026439909229263306,0.0011602856046745893,0.0024245651041124683,0.0010523537791670295,0.002015617672948687,0.0014548619054754782,0.0025808030157428706,0.053627176504577254,0.002720633864578034,0.05000388276590266,0.0022635105980505746,0.04340758840190868,0.002447899667384961,0.44130473930193503,0.15485310531819552,0.7224810950302851,0.21003002413500946,1.4269024064304885,0.2973276119710275,0.990631694358135,0.0032933936786521405,0.9846364141043868,0.00447452265512702,0.9695564605923241,0.0063342479474294755,0.2317521388795158,0.044767266843881055,0.3099107152599132,0.04354440199176797,0.468906442535302,0.037480542528808246,0.23150174586763475,0.005841075655588636,0.2235566634901661,0.005128447625481906,0.2082632326388899,0.005832180784945671,0.9008784341932686,0.016403778098183372,0.8748994790693074,0.014868344838125653,0.8254950240373304,0.015468576197291995,0.00412566457337292,22.71728754548663,0.9924325636962217,2.414983100508155,0.0015023450046418264,9.727839207864998,-0.6042307912479343,0.9998735008464109,0.5999775596597896,205.24246247746512,7.891534486727337,5982.713615037763,1501.3577256458125
090_Dismorphia_zathoe_othoe.png,Dataset_pieridae,134865,0.004223221775306519,0.004720117451041468,0.0062497284810272705,0.006843305905394492,0.0035768842194010986,0.0037754921514921874,0.004731266833430333,0.005656270296619519,0.00329333067127981,0.0038553504833913304,0.003978458031869553,0.005439702454688884,0.0029167198756624548,0.003212896496525499,0.0033455974779965014,0.004312366337388073,0.0025512577107084785,0.0032300294725035824,0.002681728495898118,0.0037130490969837808,0.002186647290445544,0.002502908175136424,0.002601466493292917,0.0035593410619663346,0.002146952750679678,0.002946154313753106,0.001963782073652357,0.0026838360091930194,0.0017196729249422465,0.002003220564877789,0.0021950955697640747,0.003240536544857853,0.04381871408857389,0.0039035391971394386,0.037560499410551604,0.0026444010024953995,0.029990416233120484,0.0011888206430885845,0.8980310500359423,0.2796037850499603,1.423576721689209,0.3568305341981703,2.610129063863237,0.4871479150422057,0.9896542947408907,0.0032234949761711295,0.9835947193211548,0.00411188749206845,0.9698880684888467,0.005610623749095161,0.49939907772381537,0.08577512065870767,0.6531932218362508,0.0887467417698852,0.9253216106974034,0.08113511020337406,0.20911945050783043,0.00936853819317353,0.19368629648201308,0.00679102095662637,0.17314363812791755,0.0034200597873749426,0.7861816739430294,0.027700349944432056,0.7384799552877661,0.023792644523255045,0.6666743034570592,0.01373351786521943,0.0014820223553671749,48.90390363131435,0.9911920208000304,3.5337470394138784,0.0006504785944042206,10.757993125106566,-0.4158109516896636,0.9980440340194328,0.36366904286811164,255.60329117896842,7.760294358881703,11056.48153318649,2776.346359204456
091_Dismorphia_zathoe_othoe.png,Dataset_pieridae,161372,0.006313080266881349,0.005617022261580878,0.006480135833609644,0.006123976094683902,0.009264538810900055,0.008375084492566917,0.009286316931503178,0.00873514808540755,0.005192020608422368,0.00502980873425536,0.004677779258624809,0.004487350864030407,0.007177797071182246,0.006734669080298023,0.006790734471064604,0.007357097985909887,0.004050595901324927,0.0041346600331296215,0.003723597969793703,0.0037045345852117616,0.005189982419276224,0.005050776335810347,0.00508875465712017,0.0054150189551149105,0.003145181765316411,0.003505190981571997,0.0029169306282162285,0.0032253555171612176,0.0035144500529215228,0.0035512385277656757,0.003833234436451474,0.004160197441929015,0.014611771639123902,0.0020501484717597167,0.011748653770124042,0.0014916076588837055,0.008799303174408442,0.0008405785557341073,2.3538300631134357,0.7351652984576368,3.7865723807873994,1.0448854265928824,6.961429030800602,1.057281483381414,0.9652504157824957,0.010834664833958877,0.9440655959361769,0.015416369676351764,0.897110921770497,0.01548261788517339,0.956360022268006,0.1649925778821495,1.2425534924293091,0.1779816711242399,1.7365052119849906,0.14173555819468492,0.12057800724203607,0.008527356487411533,0.10817539680494752,0.006836468109791226,0.09369835340546681,0.0044633780382898666,0.6371384583078811,0.041052220308657274,0.5713926171718261,0.035269133963443104,0.48334454783517694,0.021903043414684707,0.00027603674814524065,140.42418626447414,0.9675102946973027,4.415792438379761,0.00025718819723790666,12.627623950297929,-0.300304517579839,0.9935691310334577,0.18693387953498591,284.496595054953,8.41326110911,8502.727764769494,2160.78798775849
092_Dismorphia_zathoe_zathoe.png,Dataset_pieridae,45366,0.005963640809240942,0.005187339603399862,0.014384924237803479,0.009119163627054078,0.004944080594825002,0.004020119167853848,0.012666284328765839,0.01001795533496889,0.006385283777410682,0.005562249178678387,0.011430957255127215,0.009241569519671446,0.006014662754946591,0.0051107872138826385,0.01015990406124635,0.008531781123790567,0.00591229956815791,0.0056101047549490446,0.008688716630856559,0.00791853458755845,0.0058217344659120965,0.004730675981279046,0.0081063067883965,0.006686281011492564,0.00499622453322967,0.005297986891095371,0.006077426238494517,0.005989210553649085,0.004719695850891853,0.0039071166157479955,0.006126873738719305,0.005150372973441445,0.011535480958353887,0.002087922826333017,0.009267485744173362,0.0014419040324739898,0.0071425733152428094,0.0010305046257538923,4.51171081034537,1.5615700944818902,6.965496716297078,2.0740985203999918,11.328887085603153,2.783323194204554,0.8882981986070111,0.0389633420193086,0.8269464496839285,0.05199807630223885,0.7165229313861987,0.07046325738726539,1.4440270334899,0.27677594705080744,1.8267266636498571,0.30136303739253656,2.398404081228355,0.34314972947165484,0.1069627755036422,0.009718313377913207,0.09597732746217366,0.00747250676761486,0.08429340413852571,0.0060987977488998,0.5147606477850385,0.05587375623071737,0.44973386569608614,0.0471971520311084,0.3728684360661241,0.04384139298166509,0.00020942986249738023,278.5922617785491,0.8917748063221476,4.987821531006,0.0001555336922369365,12.817277511255238,-0.2117762218973219,0.9725853747303288,0.11872662764536823,324.0821952961316,8.123930407412981,4873.98709639594,1288.1448395436319
093_Enantia_albania_zoraida.png,Dataset_pieridae,116804,0.00440991041247425,0.007115794264675812,0.0042390023660829465,0.006732507867189608,0.005068983204191177,0.007743158654309917,0.005412263851560214,0.008359693019099985,0.0028224942824329365,0.004673737007703279,0.0026322139774958343,0.004568224549100017,0.0030440836150596026,0.00518787597973518,0.0037776651664989083,0.006211526522772839,0.0023840861634988344,0.0036456614183831854,0.0022113561014590753,0.0035747430206333145,0.0024003564271278424,0.00397667007507228,0.003204700266287362,0.005447659323134292,0.0022053927960931515,0.0032562733159495006,0.0019411766374393905,0.002896507943767488,0.0020264424281219817,0.0031338060278994235,0.0027911246022473838,0.004735309094889782,0.07490153515118601,0.005841852477267869,0.0671796659548517,0.0029758794289459064,0.056223615940339436,0.0017628412361954044,1.307556180713703,0.36854169299280387,2.0953905038115317,0.4801251225029016,4.139837363563923,0.2945050759550023,0.9826233502133104,0.004928718394451866,0.9720331424645161,0.006499120363966686,0.9441752229356383,0.004131658550886571,0.46050937675443526,0.07978129426456236,0.5937868116997422,0.0642707805822539,0.8515043716899807,0.03646660680364503,0.27347551793083374,0.010614906671668967,0.25912566625544436,0.005792671449662645,0.23708617602128904,0.0037095929617376616,0.8263105476961025,0.024155754180568357,0.7911165685827075,0.014483060719487162,0.7344676395983101,0.009208105735567814,0.003229054897680361,76.17091923445756,0.9841315451543104,3.2483022599582734,0.0007788646643649999,10.166837685209762,-0.43529642605622365,0.9980205941871148,0.4545489431341848,284.1131870247815,7.461254881139161,9530.216367090448,2401.5968215812272
094_Enantia_albania_zoraida.png,Dataset_pieridae,77709,0.006529182119469399,0.006181259786369836,0.007140953325362696,0.006676769236177497,0.004897303347237446,0.004423339626178511,0.005935333250668293,0.004939332887844028,0.005676370576767335,0.005967893636406251,0.006251734099595023,0.006806939637445447,0.0045245766065587605,0.004395418915509213,0.004876800452070306,0.0044625828056551195,0.0052708133621265805,0.005889491846079766,0.005721392558956104,0.006679873432270293,0.0042966653218806826,0.004369012435861837,0.004540064501803755,0.004346088244459783,0.004840882740740014,0.005977291695106641,0.004686354604336305,0.005872905391545326,0.00387149423733223,0.004226077521858479,0.003929242757050243,0.003970123145238708,0.06397596156162934,0.005297887686482719,0.056290289004096376,0.002697413671127678,0.04791618961880199,0.001069256216784159,2.895106502044987,0.7325254065352258,4.093706052497226,0.8183893580322569,6.074834362244923,0.6932810500341009,0.8718973656838853,0.032621045684301825,0.8183614777447173,0.03667634011017177,0.7292334964280528,0.031293048163068285,0.9486304588869467,0.1271575094256544,1.160708864826041,0.10999256667471176,1.4628419563105117,0.06106659815570296,0.2527170179541147,0.010491444038309369,0.23718761867939012,0.005685292366853795,0.21888404272765216,0.0024424287095697883,0.6701404083567024,0.02883166354996717,0.6247340037963469,0.017823604411997356,0.568445743511807,0.005423456953076504,0.0020147475826973052,175.66738710619921,0.8778433954121508,4.357977983579788,0.0003357787505552345,11.099655984354046,-0.22784244354769717,0.9686207636217401,0.2677979704262718,351.134523971288,7.2089152231932285,2701.8682627001144,719.3839124515789
099_Enantia_melite_citrinella.png,Dataset_pieridae,49750,0.01365315655306863,0.013745843051099837,0.007976761353777551,0.009083839750813904,0.006340183142165116,0.008559238603281387,0.0058646652965944224,0.008505595839595793,0.009183903874674396,0.009842301920380332,0.005841634624900306,0.006615262842412408,0.004392371058316771,0.0057420663433413715,0.00424320365172496,0.005338220858796968,0.0074858434762907905,0.008414697484806907,0.0049000456855614475,0.005828772200287034,0.00403442468783478,0.005003355339783508,0.0037389993430782236,0.004644673637945872,0.00668324734771243,0.008284135255756761,0.004173297431064311,0.005247450130277941,0.003717774273307472,0.004717090322600581,0.003422018093331823,0.004516250583101716,0.042797559856901854,0.0037704498237037735,0.039461587120997385,0.0026372673038987863,0.0349334075415204,0.0026107469532991633,3.930747987695881,1.2481110814627867,5.879846091412674,1.8640896924850339,10.580687055024995,2.4333115718131615,0.9643155833234579,0.011351669922461956,0.9464822234224348,0.017163172103213276,0.9031423243197244,0.022632896171066525,1.0848220394557877,0.2277453734135701,1.3477931655517243,0.227652705779998,1.8202994250938618,0.25588250430598375,0.20668241944235521,0.00894076900250723,0.19853631678126407,0.006702092205196335,0.1867772873669875,0.006903076513422068,0.65229924825598,0.05087330551259816,0.6053983896659993,0.03546791144889963,0.5439744018761914,0.03478298303642399,0.003155303262018917,242.29439402782097,0.9657387707192412,4.467973819440012,0.00032632393348237647,11.874390951346893,-0.35927539051927504,0.9967717720528949,0.29842209155593924,330.7646335743541,8.164391440391508,13906.8314187572,3537.2814531962513
100_Enantia_melite_citrinella.png,Dataset_pieridae,39313,0.0037176061768091086,0.003709626778989747,0.003956684632478295,0.0037024317991944983,0.00252117995342001,0.0029105651511094114,0.003564717201958945,0.003832614350040833,0.0028207016242075235,0.0034425108802281614,0.0029613875738646106,0.003459800971066672,0.0024167335080387147,0.0032582772288148906,0.003028897665381384,0.003703821676736649,0.0025577322466009324,0.003444471192341238,0.0024418179538141034,0.003219056386621255,0.0021999923076200583,0.0031330675063123486,0.002616542928245014,0.0033812538438378935,0.0023500923251724036,0.0033858096241461437,0.0020675899165253863,0.0031482120252480806,0.0019116012839519856,0.0026834395120061724,0.0022521569962257455,0.003168388134234066,0.06986386220162324,0.006519201363478874,0.06089020036772308,0.0034294577662195144,0.04934539584713712,0.002497851191958587,0.9780906897850169,0.20356545219483446,1.3626656025445505,0.20340926224197864,2.062366984096969,0.12521727665466695,0.9139350849802687,0.018166736103455497,0.8795125391690333,0.018235578406064937,0.8160574684604602,0.01102312325466008,0.4901456183563685,0.07681132116603936,0.615480310711064,0.05839160378299896,0.8258873325024522,0.04378568357641277,0.2640252772223718,0.012430413881805408,0.2466636684918093,0.0068727733765845634,0.22206600716226532,0.005664301381976051,0.793362909344563,0.029088763880734607,0.7500206164947526,0.01921834627806333,0.6823187281267357,0.016359382412276125,0.00242262931667822,54.0640644646135,0.9245372007052469,3.4957072258256274,0.0005807126812305372,10.17812815730391,-0.34948192162491387,0.992385758232933,0.3665613153470313,254.6884797347813,7.128391996664015,1379.7430762174536,358.4517851705109
101_Enantia_melite_citrinella.png,Dataset_pieridae,47978,0.003279324476140211,0.0036219932038231636,0.0038127973400614596,0.0032718357216607362,0.0025382835266430735,0.003644301069647793,0.0038073108510645777,0.0034696506961680016,0.002701104470140284,0.003287324181852534,0.003269071357443833,0.0033297232170007643,0.0024790816879945495,0.0031641581106385598,0.003492278864372804,0.0035127269762277695,0.0025042568958237414,0.003320597172667923,0.0026623394407947272,0.0033122330698106255,0.0023268026791657412,0.0030789521493730537,0.002884032582547894,0.0031783308623938027,0.0024606083641643727,0.003706161203231561,0.002236723611329585,0.0032251750248933186,0.0020962730577895653,0.002969585558017743,0.0024714907073077343,0.002837951263349191,0.1009192191999347,0.010681706063096565,0.08768433817151432,0.006361832142871067,0.07184349844707899,0.004946325365256364,1.0326870900580751,0.21169399331362068,1.4207583423456482,0.20251871738277535,2.0899709804470765,0.08906870369472802,0.8464668696915918,0.0319838803954303,0.7874287669694895,0.031076038726009718,0.6827070310553125,0.015336137937230826,0.516236756319654,0.08137632353887382,0.6449782392904958,0.06264557081200907,0.8529526603735915,0.050350823907482425,0.3172323733436238,0.01681786260814329,0.29592003324928196,0.010755096152902977,0.26787748976975084,0.009227617337970473,0.7822572104770132,0.03226502294939231,0.7369537480268261,0.02265549334051854,0.6683045902697087,0.02214222320432739,0.0028434743900177598,57.36057207197702,0.8629234459317511,3.5596311463575643,0.0006164279073467003,9.756303299958773,-0.2684394961521853,0.9721607627155135,0.33688538747917185,289.8031248845805,6.58532349049578,780.2154894544874,209.39401538161655
102_Lieinix_nemesis_nemesis.png,Dataset_pieridae,76031,0.007584486976265024,0.00896891588686465,0.010291842135972652,0.012005073819361944,0.009786634814252447,0.011361834724798191,0.01555550308773144,0.017535861056233105,0.006177916113473982,0.008378444220777529,0.007935028403704738,0.010468942951735295,0.007518537523493127,0.010198786995222283,0.009823070789797333,0.013105127054840354,0.0057767342861161424,0.007923151059427007,0.006603143236113026,0.008576817088227422,0.00657127814683021,0.009141335466508308,0.007686749179470777,0.01029483257621795,0.005365978565939049,0.007939556191257774,0.00557269124369374,0.007470148281931881,0.005703565709432285,0.008185065955812535,0.0064578658501750884,0.008795065805752515,0.038465105048901084,0.002872155611558092,0.03481029870980806,0.0014407906558913859,0.030353876034480424,0.0011819623960614258,7.785800232754315,1.8887756032455285,11.576970985812983,2.9609706496844628,19.38758325668624,3.133678401621442,0.9622711069073493,0.009147969156796222,0.9439235621712876,0.014350847945499524,0.9061543759641281,0.015241082852027693,1.4183518126696408,0.19213425229115455,1.7464461627176315,0.2067026045854383,2.2886944451153886,0.1848100927601673,0.19599074466514727,0.0072617528532813265,0.1865343535687937,0.0039030306788864276,0.1741909820719523,0.003373099359523809,0.630317073316047,0.027670672648077415,0.5903998302924032,0.017957891830831466,0.5395827973641326,0.012193063479568705,0.002239881910649262,489.59024144323234,0.9629904973031957,4.730395053133616,0.000299201744738127,11.951328288436853,-0.3110593683244281,0.9934427411182513,0.28708817828697325,185.58842214980086,8.012550531096984,25967.093849005512,6614.171022612189
103_Lieinix_nemesis_nemesis.png,Dataset_pieridae,53742,0.010727927739120385,0.007984064946928894,0.012101190588595835,0.007976736522676631,0.010818572167488463,0.00865769051291145,0.012807583681286585,0.008201030122454923,0.011511124146203793,0.00872072052071142,0.012170873685315511,0.008291500899210748,0.011554498553908051,0.009419932638209418,0.013280173803561784,0.009617439079448308,0.010895611567556432,0.008231566835273872,0.01137454677754944,0.008094783504595414,0.01082555194955403,0.008702008844136187,0.012429875563916067,0.009106767180713685,0.00976058857571385,0.00841144627828643,0.009407290205782782,0.007176770946818049,0.00910619110835788,0.007259951496147027,0.011034445487449312,0.008972053344829456,0.006407079247447587,0.0007489776437702359,0.00541102309746279,0.00030588777833080803,0.004655940978689247,6.031520641854277e-05,10.26954558986847,2.300489957793163,14.393765428024535,1.972855499063206,20.179233854838124,0.4972042444088481,0.8089851054524066,0.04289262215474858,0.7319067381799302,0.03688871792018519,0.6226879121439318,0.009137684003463964,2.294686863278722,0.28690886941228844,2.7580569072423997,0.195519725262397,3.317827530894532,0.044971352413202756,0.07990827971515711,0.004663269283646159,0.07353011607363978,0.0020844969800531735,0.06823302327036039,0.00044216973630501437,0.3793621736357586,0.03499489887191756,0.3310411599500801,0.016184701103265517,0.2870181294378008,0.0038884228835090306,0.00011248899327134055,645.961716788688,0.8118354416119846,5.647519089659893,8.723078578506179e-05,13.63000212627164,-0.1464988718907122,0.9375590948830543,0.0692415511176519,300.492327527767,8.273812972562556,6220.776204474525,1716.6844803158092
104_Lieinix_nemesis_nemesis.png,Dataset_pieridae,119099,0.00880094531735426,0.007204652120533053,0.010473596203797873,0.008357397009875119,0.009186728391270601,0.0069075277650781485,0.01001910417642572,0.007486806838032704,0.007651034277200997,0.0066452697692757036,0.008291978890608826,0.007119425092880613,0.007574866369389552,0.006205061589499682,0.00869540809823474,0.007293931140610471,0.005918648991276032,0.005210601306747296,0.006356306367295277,0.00574570436303177,0.005887660415958614,0.004784979723230594,0.006813644216300707,0.006084675583996704,0.004437923954323701,0.004573749092338477,0.004556403515890673,0.0044780628836847735,0.004246007965095822,0.003606296292401742,0.0050462830532515615,0.005008452920591183,0.012201692017358982,0.0011330586773836257,0.010495121166530664,0.0005940943448699539,0.008903994448543812,4.201508468856974e-05,3.726699037261077,0.9639527984797385,5.799216835945495,1.1804993601130696,9.851462968976321,0.45828896210308767,0.955729551642613,0.011439352717161285,0.9311217066573371,0.01402029179459963,0.8829710070281074,0.0053802651886634256,1.2769783699624075,0.1825675396152937,1.6234928349946958,0.17344723857619268,2.158391291320703,0.04975608518208796,0.11034219103827504,0.005127659722699565,0.10240462103882036,0.0029008199575727045,0.09436071720130226,0.00022248100968761737,0.5571711164830963,0.03690593139694873,0.4968048225951998,0.025036727616498354,0.42848841596944587,0.005363650890118646,0.0011399966106402986,228.93350168066263,0.9571742102724088,4.841303303456246,0.00018668184310682235,12.649041233439235,-0.2790412331875256,0.9911350449897335,0.18751024636510386,251.7588759792049,8.268923438945091,10461.969745259059,2672.725811734931
105_Lieinix_nemesis_nemesis.png,Dataset_pieridae,113486,0.01005222151082443,0.011263951549834141,0.00837893160382318,0.010018989128342306,0.007197743170869164,0.008933027136744988,0.006422909950178044,0.008098177188378136,0.008295371940225752,0.009348621617934679,0.00742878936018218,0.008443919946275491,0.0066472450754907035,0.00739650919936274,0.0063986833279205116,0.00762737846535006,0.006856808573967581,0.007867013866143658,0.006267040605303516,0.006891816510941447,0.005978432168461661,0.006582850091733147,0.006031298961762561,0.007297632495086864,0.005346560950887084,0.006626778527122297,0.004729393493368304,0.005243732799871278,0.004637635232780024,0.005216021406412217,0.004914757118898242,0.006301939332657108,0.03625599019008287,0.0029035393500643934,0.031917435081401616,0.0017544680111809066,0.02759700132391856,0.000840126065133934,4.6139161566780915,1.1800945504159834,7.044829568195829,1.5492628430211788,11.832849691766775,1.5626870639728976,0.969626721376026,0.007766910342750754,0.9536448686698183,0.01019858580414619,0.9222187281265644,0.010342763933744161,1.176520976841517,0.16834435674706838,1.4666682792830161,0.1517054791895607,1.8896111207026163,0.12155386145941952,0.19025855830733676,0.007594154389831965,0.1785860334560625,0.004946082877564551,0.16610409962113684,0.0025356287129650636,0.6288845761537347,0.03299960740785448,0.5794893269524685,0.02176768575311667,0.5259325442698486,0.013954833616307363,0.0018259980440927292,287.4699618904188,0.9705566239844049,4.672475125518776,0.0002671334350017703,12.010535787245226,-0.2756975600995989,0.9884773906281125,0.21397174407626982,177.90534130128023,7.961756189527737,19239.330331999052,4881.700073472368
106_Lieinix_nemesis_nemesis.png,Dataset_pieridae,59473,0.005689794132648368,0.004866354802618228,0.0071874137074063585,0.005952063727633437,0.0070669632984539845,0.006087288957139434,0.01037477879698123,0.007563780488281919,0.0054537691850348605,0.004506387993920887,0.006988384323757604,0.005716625877499573,0.006516012871344372,0.005576036104397005,0.009654360688228353,0.00841940865748414,0.004638901714582011,0.004015796607592201,0.005836907143802143,0.004877510635854623,0.005524053681776765,0.004956095813203707,0.007841592324077521,0.006505747678925223,0.0037362025605698797,0.003817339445303833,0.004454389099165006,0.004068088093200853,0.00428487828364121,0.004060451022265351,0.006130091928917378,0.005671120592900831,0.019348725377820754,0.0034418096478017373,0.015753788914605556,0.0015933826680206056,0.012590917383813014,0.0009940323259003535,3.2564615760534203,0.8824840026244528,4.8273162991000325,1.2042871827558943,7.60961557820294,1.0452738518014002,0.8641526127522805,0.036985264265358225,0.7977021419730056,0.05126741708175986,0.6774187261383231,0.04556603745430069,1.213617905837165,0.20607224845701247,1.514251963013304,0.1980233839115682,1.9517662575160548,0.1581190820396625,0.13858519211345832,0.011952819947468572,0.1253429109494196,0.0065531358395368375,0.11212336471007761,0.004389586529952049,0.5581619069025217,0.052524304563681005,0.4942395759276445,0.035065776858309736,0.4218490926595725,0.02479601958789013,0.000340266769269788,197.66896610334507,0.8703145131734717,4.7428155343702825,0.00020860568276868897,12.208083281499931,-0.18798387115347126,0.9548369457533291,0.13013673092518255,300.7385150887725,7.68776511679528,2852.201399742229,762.4675914613972
107_Lieinix_nemesis_nemesis.png,Dataset_pieridae,49546,0.006878427692603398,0.005401505639275702,0.009851516366341998,0.006935558946971758,0.007004908972715304,0.005433410476632696,0.011622353046956696,0.0079924540621737,0.006698251583237718,0.005258586962725039,0.00924222528617324,0.006463501282649744,0.007135427931009703,0.00523030387550483,0.011383695755806056,0.009793941713711703,0.005957648816807676,0.005107163658010143,0.007769112525441329,0.005735144594628711,0.006552208240156521,0.004732403777680371,0.009887480981176575,0.007818085829822323,0.004974501635411148,0.005088052631942169,0.006056427669303837,0.005209544410353498,0.005382879089501245,0.004332278326977738,0.008285400032527871,0.007297703710211843,0.012215888593494942,0.0021798232392578826,0.00996793351528134,0.0009609550064531963,0.008146054017402548,0.0005239464631063771,4.802223258140193,1.3242071543519327,6.877967116466497,1.530171055275975,10.421683722784062,1.399646516851988,0.8442641171819428,0.04312653218424501,0.7762556734742836,0.05037610153090604,0.658620817578583,0.046501846261487984,1.5357985610699778,0.25656127108274884,1.8846576879948191,0.22146100306074476,2.367719615844541,0.17772762808252185,0.11011041090337514,0.00957005768973337,0.09971895523039333,0.004905454417294231,0.09020892554649931,0.0028989255162373572,0.4846741795366688,0.05337788665441721,0.4226389292142463,0.03136817088213126,0.35872661166157105,0.02070175500066745,0.0002102291606130998,297.41632073122753,0.8487122419381529,5.067537949371972,0.00014894377644447045,12.73988863423053,-0.16978627719264164,0.9468288358796985,0.09782547184864193,300.27374210815753,7.90019207721742,3636.087583171302,983.3759759756367
108_Moschoneura_pinthous.png,Dataset_pieridae,34593,0.026370049645212067,0.02346115727616056,0.008948045263621996,0.009149525403124002,0.009533894136739208,0.009786079760920377,0.005416960994680357,0.005430936611327736,0.013232449380629934,0.014628660675813617,0.00595097676802879,0.00700540611442116,0.006334499015819888,0.007627386818261153,0.005063868683777941,0.00690189979541596,0.00986829179375983,0.01277408034375177,0.00509953968165119,0.00705096109174316,0.005269747848868229,0.0070658772245233495,0.004708855396471121,0.0071876835047177436,0.008953529748260925,0.013434122514049783,0.0043283081159691495,0.006574009645540463,0.004415780082858318,0.006527152736231824,0.004482195833287294,0.0077218484678757155,0.022182569330886193,0.0038291976988728766,0.018618463111635362,0.0021699197323313745,0.014608954164463528,0.0020930998687884255,9.107952734599978,3.260334680057185,13.468703548189989,6.0645559067729335,25.210407251318337,10.004500818589271,0.9463131647854466,0.019197411126856447,0.9207386834778212,0.03565877327875926,0.8521682684900792,0.058740537873608015,1.6479394481542817,0.40193252166665444,2.0409760531863186,0.4820691085056344,2.8652901458678555,0.6586705560101893,0.14842051713492918,0.01240642673320512,0.1362040318095608,0.008180759772509483,0.12057031183760072,0.008470777287076138,0.5774159369784497,0.06211340729178146,0.5271660378613786,0.04208669416596569,0.4583114177528769,0.042258767256286855,0.0005338435149135996,572.4170297420166,0.947230800043005,4.993018166644714,0.00021873141032884835,12.428729312467848,-0.2988785347330904,0.9926692152442099,0.19722432743453192,174.19580293431378,8.271180334294485,21118.297484991876,5422.678628683473
109_Moschoneura_pinthous.png,Dataset_pieridae,65507,0.004182684554213219,0.0053252964247875925,0.005541886865524854,0.007280205270125455,0.007404909064442456,0.009271557597332837,0.010155114805195337,0.009852011232547244,0.0034070941503272774,0.004158415615857443,0.003691372198694923,0.004637078475081131,0.003953082506262569,0.005278985994578979,0.005177955468937652,0.00530633193394571,0.0027324161988126253,0.0036232467527896237,0.0028323557094790904,0.0036887771839014915,0.00286295166266183,0.00419367799115399,0.0037868553502604565,0.004064858980372577,0.0024035377255319395,0.0033442878119740245,0.0022443107414562265,0.0031144422190984293,0.0022771516474492585,0.003555135236297298,0.003001687914219982,0.00352147949788257,0.04586298453346197,0.004731290369232643,0.04079939750716006,0.0034666231908061776,0.03423276225887664,0.0030788448247513612,1.897510199684961,0.591265925613127,3.239101333530849,1.2159747057526689,7.039099503902257,1.797080770852952,0.9897817961367932,0.003182493599123569,0.9825749235609698,0.006527466448211743,0.9621862782389359,0.009640620094089482,0.7263768076545404,0.14697987977606142,0.9653888632683228,0.2047345653142265,1.4546424851747044,0.23690941646932884,0.21388407437528595,0.010797558154004721,0.2017971508056729,0.008792464607410509,0.18483735302364868,0.00824106704788384,0.7277142707430686,0.042712126526652704,0.6751148963862665,0.0413928254474861,0.596306205355621,0.03874663441912753,0.002343578605265549,112.87702993693634,0.9904937144971371,3.986507556698377,0.00039758070200047454,11.304928545951384,-0.4020074199089061,0.998031822437468,0.3173284109395369,269.57145626812667,8.035864069856471,23632.972240466497,5936.4623176008545
110_Moschoneura_pinthous.png,Dataset_pieridae,32859,0.007305954638046017,0.014298410203561094,0.013245082967189237,0.014367742455382866,0.006760487474372468,0.009032766868754864,0.012429973963828864,0.013232226241900617,0.005185562120518095,0.007761204509295418,0.00730174940450102,0.008909761485091743,0.00499659577618598,0.005599839040805748,0.007543563870464142,0.0075477613440048975,0.004341571559189961,0.0064087476120966965,0.005064099519514926,0.006238189548986247,0.004112658186326473,0.004632664905447775,0.005671010633808892,0.005636961181677563,0.0036664358206666033,0.005590686995981011,0.003781097756758091,0.004986796502685286,0.003333038795237333,0.0039490546245763486,0.004396336643806272,0.004377634752745322,0.021460940620365646,0.003781462588991465,0.01788971185886817,0.002483376622823201,0.013814987976442287,0.0020174198745618673,4.42880003392161,1.5361266867518455,7.3840820226703165,2.4083685448155823,15.174729355506173,3.829232822468362,0.9749982696669416,0.008646985920838412,0.9584198367931266,0.01346871457799492,0.9148992174075916,0.021293961741024752,1.164539227743624,0.24517512203311043,1.5287670172472627,0.30970842323045106,2.2641884096623754,0.4009103879055054,0.14596056211467245,0.012508194415441726,0.13341006640690187,0.009563787961587465,0.11722723554634651,0.008530136142154077,0.6258486385900681,0.05301136643342782,0.5646798910713907,0.05123666148081609,0.4736553745885623,0.049539637182574,0.00048426086879589994,272.9883082257488,0.9759079011481178,4.607327180877995,0.0002528493122614236,12.361044214824538,-0.33520483722309036,0.9960241787305811,0.2011978093256981,301.75099958836284,8.403357810406538,22381.33546450846,5663.580943183541
111_Moschoneura_pinthous.png,Dataset_pieridae,110358,0.006966408315402283,0.009031925184295625,0.010867505963222023,0.01212211720384248,0.005779172369205539,0.006373417891933028,0.010670204173254467,0.011444317701659235,0.005927643445890084,0.007236139937490804,0.0076728578492620955,0.008943808292593336,0.005425737553691705,0.005804115602776189,0.00783132878549255,0.00882052471063339,0.005040847630492813,0.006141032177725703,0.006121475559915149,0.007086225936141348,0.004881160626193311,0.0052972359350373565,0.006631669861981548,0.00750685073882576,0.0041356014457911506,0.005167196136615521,0.004591331477180286,0.0053063025032240455,0.003995639384869487,0.004358926833072882,0.005432849141582941,0.006144105672815215,0.033488664328586715,0.0030515372238264634,0.03007531864103582,0.002240720569418466,0.02580625493547837,0.0019307846633927924,4.372037764309193,1.427707792648007,6.936678781385865,1.8131295046112312,12.743488719307527,2.3987720583444014,0.9801921834229352,0.006475350772630742,0.9685639718927352,0.008205602316328626,0.9421597692409104,0.0108862171738059,1.149128388205906,0.20069706740749946,1.4691028898426102,0.1985706631566359,2.0223427333271737,0.2058837668902016,0.1828129661386621,0.00825128718268229,0.17329869338088616,0.006548397782161099,0.16053087345763678,0.006007795136867695,0.6380328511844922,0.037458767906865295,0.5862928808110333,0.028718996482164538,0.5207430590436946,0.023574380398708707,0.001334668516402571,270.61858641439414,0.9808283673253315,4.58781089262593,0.0002733379879844175,12.360717914883715,-0.3385362999420176,0.9963357521665428,0.25519132351759366,304.31422111381767,8.410729849617177,27962.44340281456,7058.265497307255
112_Moschoneura_pinthous.png,Dataset_pieridae,85895,0.006187772756702466,0.008086674114380394,0.007825872766447781,0.010656210933364166,0.008653307218853842,0.009789588538997952,0.010807200781134979,0.010047031190082836,0.005014030225299902,0.006328853265972868,0.005015952171984927,0.005768444616791909,0.005550751094734628,0.006090779122785865,0.006510337072798872,0.006488866665948418,0.004097838005467339,0.004783721615788117,0.004138741280347355,0.004707991272002529,0.0043292955591336035,0.004660340130634885,0.005147602456204436,0.005169420507532582,0.003341804156122778,0.004153104953846336,0.0032320838494314303,0.0037605526054383634,0.0033036627585092807,0.0036100196864425026,0.004006185281420197,0.004336735759670011,0.025611792056696343,0.003692016261636387,0.021961834411945578,0.0023637251245388602,0.017617014306418433,0.0021168549999135873,3.111298528217623,0.8739529150260846,5.160039898342146,1.4012328529351705,10.482437426765692,1.4272023189383685,0.9807378359115622,0.005403265746436908,0.9680900842931457,0.00864719398183282,0.9353015452446016,0.008806682859373685,0.9873716863694196,0.16939599132526034,1.2875964043196482,0.19819241901135143,1.871201257589196,0.19722840944402023,0.1596451149431682,0.011190591203281395,0.14796783100217045,0.008207033596781736,0.13249554302222322,0.007870539096188728,0.6623800398449429,0.041783456510703476,0.6079961924399575,0.03641619962424016,0.5295474676243576,0.035184873627590936,0.0007179796977348958,189.57494982970854,0.981652000772085,4.392426030955522,0.00032524092294468896,12.173286207802668,-0.34477036259813376,0.9963787875204778,0.24771070863849382,236.0828820595058,8.340013592746885,20472.360258703593,5165.4838021333235
113_Moschoneura_pinthous.png,Dataset_pieridae,108319,0.00481736561025156,0.00712407467119242,0.006693648568164913,0.008864687706860084,0.006265990455339042,0.008304302565074022,0.0073999891844682576,0.007905002350157196,0.003932540108511861,0.004850453745247759,0.004444633939895969,0.00543270369629041,0.004421775780220828,0.006251619974041444,0.004622925987393394,0.004753241302903185,0.003465978800746608,0.004144833303844457,0.0036399147930479703,0.004601618526627681,0.003523247816047477,0.004548116742240489,0.0038992968732326477,0.004016276964585698,0.0028700691036461106,0.0035221605517283226,0.002815368781087041,0.0037626230833661465,0.0027460590789033265,0.0034891728573883166,0.0031783043730366865,0.003385109696844153,0.024908679050832605,0.0028829470085744865,0.02136976640022429,0.002039251727181799,0.01698659835203533,0.001701150497027186,2.176750789156378,0.5635371163637097,3.5789824097094565,0.9141221959102973,7.07394549330175,0.8281006371663008,0.9822081732138073,0.0045994528626085345,0.9707854613539345,0.007439642774166703,0.9424016989812765,0.006725024076226469,0.789396987374517,0.12367959898470325,1.0304277686415975,0.15038961901776682,1.4843351550595367,0.13634086876839419,0.15756959506896734,0.008972277338238275,0.14600797519748845,0.007171999648207355,0.13017102434680292,0.006488664927346137,0.7130233880232875,0.03298124143276269,0.6625700636500268,0.03049997378242347,0.5887606895927671,0.02600313645009571,0.0007890358269132763,130.4856496175475,0.9832880542708716,4.073660419280067,0.0004119213580443543,11.874635054915139,-0.37186159168356697,0.9975239777032694,0.30485200107803034,222.6679922360675,8.27286405907838,15483.64277623883,3903.532106464094
114_Pseudopieris_nehemia.png,Dataset_pieridae,98605,0.0020818739384128693,0.002464450142177871,0.006292897313057907,0.005216271230699832,0.002477762314131737,0.0026521972769125413,0.0066276255371648645,0.006054035927533954,0.0022884999368569443,0.0027556000988111654,0.004190019625154378,0.004359821816919435,0.0023781946500700314,0.002457426120039534,0.0042418359221837116,0.004005853245478118,0.0020643527228666986,0.0024701449590506792,0.0028404700252655382,0.00318772847322059,0.00210630433444328,0.002125977832606911,0.0031822992248859493,0.0031185643813027397,0.002033981226676869,0.002349543412791399,0.002152713889520113,0.002651260386763999,0.0018431789086182154,0.0019191850909536627,0.002607097141933683,0.002687694084075192,0.06126252274489139,0.010155816135755568,0.05093107322332393,0.007588267517929172,0.03911285597106088,0.0059753284092876405,0.9367765671541088,0.2813412995930785,1.421830842983071,0.4469485661499484,2.4821094910406494,0.6327854199135244,0.8956957695819703,0.031546475349976295,0.8411834090553019,0.050372771426811715,0.7210456546571906,0.07192462972398249,0.5571589718478172,0.12227050329527375,0.7226146358844058,0.1464645963927108,1.0186781765258102,0.17703945425684103,0.24668174667479797,0.020264219757054613,0.22503156567807114,0.017084135090775644,0.197187700099865,0.015161362088763048,0.7558861300102179,0.04747343310076524,0.6997462756723921,0.04825741857557293,0.6128178668693296,0.05170189272535067,0.001386246011119329,50.41166973960067,0.9109589182716185,3.6638898806583278,0.0005151163056446528,10.496667243015164,-0.2735156739748231,0.97767699503922,0.27999519733103306,314.2454246055454,7.048112186610647,1082.8221279171048,283.30844941417126
115_Pseudopieris_nehemia.png,Dataset_pieridae,62294,0.0023252097897539857,0.0027794257012791006,0.0036969889983554786,0.003609483458907652,0.007715285243889869,0.007513357149238995,0.012446629129876105,0.009032506591656185,0.0025756254071173847,0.003032206250279723,0.003584963645945073,0.0038271813220711226,0.005871121344871799,0.006233699773178496,0.009252490207623993,0.008602271791319652,0.0025534041205110356,0.003173866632272478,0.0034369539303577596,0.003413755974128926,0.004529242202879774,0.004896664862959654,0.007294234455925633,0.007209964893721065,0.0025740852462781934,0.002863648124138472,0.0031084078096661437,0.0030604890808404958,0.0035736323784143465,0.0037905299695488535,0.005925084448644385,0.006386820421931275,0.03226188613591923,0.008981311989562151,0.025996967493104973,0.004750237509828563,0.019919421852384732,0.0036879876480471244,2.6050828871382214,0.9539902901968992,3.8040836671493783,1.4841356380477244,6.164676609431098,1.81528469973839,0.8212478452162462,0.06548619118249678,0.7383177245839319,0.10247370236456768,0.5735496622905308,0.1258572266320086,0.9851277123516042,0.25329060843300855,1.241693567106734,0.2857659595239583,1.6744205094130047,0.3187596725510353,0.17806304281925692,0.023567751650649803,0.16052212652760853,0.015153032309059856,0.14054761340520833,0.01287595505136752,0.6342406775447412,0.07463862499325828,0.5702693872694907,0.06387103938294701,0.4803834912487244,0.06313117198961152,0.0006301291898343755,156.40652879693704,0.8306329285112519,4.405576641652138,0.0002692409657997578,11.539079985944099,-0.19770892677201224,0.9468499924855674,0.18435969828171622,410.3200662006234,7.336764582940198,1690.7920642463505,461.79964826082505
116_Pseudopieris_nehemia.png,Dataset_pieridae,104684,0.002571796960664977,0.0032610476766353072,0.01182255424063755,0.012749565289854306,0.0036240152347514114,0.003774502649042715,0.014717820420435979,0.012839308277698783,0.0027838936088477014,0.003168419176921335,0.006908372210121558,0.008243048850079137,0.003410997918792527,0.00329912925530368,0.008512827562325761,0.00950620230118757,0.002607859186467361,0.003051286450185246,0.005364261724394142,0.006395899209592578,0.003467306050735141,0.003194322524441998,0.00672344096777482,0.007319305263376612,0.002469290760634305,0.0030455447446943586,0.004087264066699402,0.004939747637404397,0.003144567789326947,0.0031076897819471163,0.00554473132177585,0.006367799638191569,0.03205348407805617,0.005375549047500343,0.02733609006315399,0.0036958185313412384,0.021519411064619774,0.003610649306394907,3.434209270419118,1.442960782566628,5.36228530078659,2.461839115842178,9.85699895038514,3.6432087969216003,0.9143275506460916,0.03598857449347814,0.8661775137384811,0.06154908688666539,0.753955521331167,0.09103407600060762,1.0710457442754335,0.27443198438331595,1.371662634066219,0.3413306864818595,1.9338171951822676,0.4331947282247746,0.17844338833811868,0.014541019100033687,0.16493715724837787,0.011481472988160503,0.146177739232244,0.012307705617613747,0.6369326580924126,0.06233112865647507,0.5810311552530939,0.054328752617782035,0.5018326571148763,0.05654547731628904,0.0008712922838611199,210.01886081000623,0.9177748731863475,4.51700054425163,0.00026678604307147014,11.995728448803513,-0.26418845328762564,0.983715316003208,0.22539191248417167,326.65765978926936,7.8871513710133305,4898.8022725296,1277.2052833348953
117_Pseudopieris_nehemia.png,Dataset_pieridae,82486,0.002177047323594664,0.002602892663183848,0.006658684190791851,0.0047506112684958844,0.0013946955448861128,0.0013703316789945162,0.0045014301980435415,0.004446850600368572,0.0020707810919663263,0.0024355700300194793,0.004292058092622822,0.004147901005875455,0.0017559552838044008,0.0016146051193578052,0.003054658229232096,0.003036582585980792,0.0018866220316287794,0.0020742918728840617,0.0026411048225882115,0.0028034443841849195,0.0016979393149996666,0.0015425472641375974,0.002380453238803517,0.002327361806046973,0.001913903284868765,0.0019354842002551667,0.0019164449821431916,0.0020700336299854824,0.001576300731312321,0.0014554944601322623,0.0021197024073762527,0.002077585220016818,0.09414616572471834,0.01283143985440891,0.07949405688977815,0.012467741391800864,0.06259032454137123,0.01033248913996773,0.6685789120972343,0.2402285551990087,1.0107269738510105,0.2926999412431759,1.7465212990262127,0.493635488866029,0.8733334259297593,0.0460374442389729,0.8076320604874724,0.05641470165250079,0.664785733584479,0.09589460064179929,0.4537893287488658,0.11198830740978358,0.5958960521080504,0.12527572062658915,0.8431853744982606,0.1697921919788243,0.30607885621697006,0.021491847329387977,0.28111829536523425,0.021600020850061265,0.2493561174266714,0.020294118440259648,0.793340610533008,0.04435737397953651,0.7401947394777316,0.04733764600056715,0.6584686765208757,0.05637128151288872,0.0022956035120061547,33.51083943985512,0.8973062114847042,3.400309280957738,0.0006299101722642339,9.798558575888675,-0.2686409588240335,0.9692703801699544,0.3237803400978986,319.6270446692214,6.622336403647184,620.1482327223493,163.4147680405449
118_Pseudopieris_nehemia.png,Dataset_pieridae,95054,0.0023487161378098,0.002908642872421832,0.010057489873237225,0.00907269059561684,0.0026619150531084885,0.0028776843021279456,0.009777887077970556,0.0090905710877747,0.002376113114081224,0.0026516650584962657,0.006276433092928853,0.006831806313935985,0.002573361467881913,0.002300569438116792,0.005883431536584408,0.005664087380434337,0.0021524176470779244,0.00215150439262522,0.004048354203022299,0.004488300876749685,0.002459479130513042,0.002119203041579197,0.004270106453257255,0.003956091928905116,0.002134520620381857,0.0019012050066305483,0.0028323451416188807,0.0030458112701008564,0.0021751676669923272,0.0019153256593233056,0.0033625785612856423,0.003203052789936267,0.038251658196782924,0.007551249414932111,0.031152815617671675,0.0054259764724774,0.023531982770538307,0.004073466434762379,1.5797669087807802,0.6631220547163214,2.566988376478102,1.075457549498331,4.887052450993163,1.6847985850881761,0.9081697073004779,0.03859552087771413,0.8503568922995433,0.06331762900584088,0.7136298631798321,0.09966373609806037,0.7611992800123313,0.19647411997622818,1.000820217844907,0.24531651062918233,1.440457874700968,0.30555947233982017,0.1946498798224078,0.019054723348952796,0.1758161004214195,0.015540735191006835,0.1528222522173065,0.013316981556203863,0.6905490842542138,0.062097724805101576,0.6255516688181558,0.06268876711287712,0.5288433286626575,0.0633187715856991,0.0007722579106886572,91.15083116321527,0.9163575243268158,4.067020080980219,0.0003448922923009592,11.364651732132632,-0.254829330677813,0.9765353379275971,0.21716030876859974,358.15612318496534,7.4787949771621225,2089.6854908428177,545.2090805015196
119_Pseudopieris_nehemia.png,Dataset_pieridae,51018,0.0030230841603603297,0.0028598578597457828,0.00568101069135477,0.0037735071540905343,0.002623750215021202,0.0032752576890909832,0.005235518382710409,0.004961328762800421,0.002926158255245381,0.003086029630395503,0.004165881532066062,0.0032010914012683537,0.0027261613624428795,0.0026723011748261425,0.00403481716022768,0.003674853666921512,0.00256313031090337,0.002961160543271905,0.0030664598653960267,0.002677074281392455,0.0024481510186860813,0.0023090889996776947,0.0031944660273269276,0.003016765115967678,0.002349465812112038,0.002862187444207037,0.002300864316336552,0.002238287560761506,0.0020907550320221507,0.002169386486569044,0.002641260962978717,0.002742742628090025,0.060754056077732724,0.008367519093732996,0.050193353447761185,0.00579493418571634,0.039693903854700965,0.0038749008469237322,0.9234815766031848,0.2212175871817998,1.3202530841964815,0.24993717656145767,2.076941155764309,0.2723721798675439,0.8731126082161099,0.03060151358859825,0.8180392565807617,0.03464102910315808,0.7117018280697893,0.03820684414397529,0.5812883460738986,0.10410748872035627,0.7395803239417973,0.09572306876690688,0.9923655913112439,0.098896086286465,0.24588747671460998,0.01712906514246707,0.2236744576079147,0.01277068759176125,0.19899886644272888,0.009662039598858786,0.7406744335142194,0.041518347351743305,0.6828214080095913,0.0338095117039389,0.6011192965951738,0.032514527047176986,0.0012367987769328196,49.333971585774584,0.8918479896567806,3.7413341309561665,0.0005132883901536375,10.39153854328119,-0.23599475484654142,0.9641293274632594,0.24921597778876148,299.5205541764045,6.847705536616711,863.4440574359105,228.19450725541628
120_Pseudopieris_viridula_viridula.png,Dataset_pieridae,100951,0.0026828526297788978,0.00274883925835837,0.008335472377977542,0.006801144004640693,0.0021222961980653194,0.0020997314892328913,0.007144851519826427,0.009082649266844958,0.0028411461627181967,0.0026687902201875924,0.005187046788865306,0.005219550019739141,0.0026599655849903585,0.0023602157288759064,0.004965412598416651,0.005222428033288494,0.0028114830450401904,0.0030225097071215528,0.004068784378836994,0.004492154127009305,0.002838362364437481,0.0026650538416568208,0.004343038986834513,0.004493174154314422,0.0026527731379088113,0.0032736850861268944,0.003111621555270732,0.0035916372980814184,0.0025682731721741337,0.0026545430888131423,0.0037642439353448363,0.004399979988572983,0.057618406834890945,0.007046875029871197,0.04929828965314399,0.005164238004192228,0.04000641230103556,0.004550430478413592,1.627952169227751,0.5347428291369841,2.3637089802222464,0.7188205823127345,3.8300755703839595,1.077693520125542,0.9001553085243168,0.03276231805845834,0.8548866395756285,0.04415396110301064,0.7643747205227227,0.06625345379816637,0.733521420224786,0.1495020409298046,0.9201454658604438,0.15646876660514264,1.2209904373334246,0.20021895311902319,0.23958711524992948,0.01471125559250304,0.2217283645332221,0.011611288238889931,0.19969342137385757,0.011355604829269521,0.7082211740205449,0.044763884900279036,0.6559121547089111,0.03805417838891339,0.5866389578206177,0.041030733368047655,0.0013964687371492666,94.86056917118378,0.9082461513885122,4.040792551327106,0.000362083033735433,11.011639821412011,-0.2590097744865469,0.9777785603067968,0.2659011732198659,308.9494591817777,7.290068754993587,1972.7151581316648,516.8939318257171
121_Pseudopieris_viridula_viridula.png,Dataset_pieridae,110209,0.0021014593753483726,0.0030941981496118084,0.005247438454233444,0.004556377956822857,0.002298156613411596,0.0030819469652501414,0.005851412546713839,0.005280637984504683,0.0024448059105682445,0.00358148549825275,0.003967224631581511,0.005082685632146533,0.002280064949805837,0.002599176407676143,0.004094214240043883,0.004185374106155957,0.002428657803757665,0.0033764078172561257,0.003110780378400375,0.004212231322492239,0.0023063698353947043,0.002595122288551005,0.0034418523246210996,0.003719974225974178,0.002431834687879004,0.0032875878905018053,0.0025731543381778206,0.0038066154110568532,0.0021844407250717988,0.002506044955858565,0.003039902702598258,0.0035414145808720186,0.06978108777385839,0.010993830502727685,0.05887739440692567,0.008039930203006232,0.0461941281767604,0.0068397821669292916,1.1919996755941882,0.31583707499468433,1.7099539368690797,0.39806297303103966,2.631075427856492,0.48582098737768614,0.866569881085735,0.035936949518643575,0.8076522719285488,0.04535434845761386,0.7003593859384437,0.05610616328756182,0.5718212992055689,0.11385742086435052,0.7244985653267237,0.1258935830529091,0.9745404662119941,0.14839165608706642,0.2633688321224369,0.020443728630610537,0.24205683141894843,0.016908127345878647,0.21433502731843107,0.015956949619767853,0.7633655407199083,0.042725146225083575,0.7132209191050051,0.04215978046846786,0.6379936385010856,0.04629319239473454,0.0016622125127044867,67.28059855116354,0.8803704288036378,3.6736561597387922,0.0004908228589115397,10.385603841176675,-0.27383805321814775,0.9772634344370766,0.30607328217275703,354.70372294739764,6.980011484222608,1058.8021257251603,281.520681069087
122_Anteos_clorinde.png,Dataset_pieridae,92463,0.004596689479843038,0.006234472738858827,0.0037271065798393462,0.005699245594180513,0.0033124696016455252,0.004423046217299708,0.003419238295926788,0.004577569018015539,0.0032958653260028044,0.0047943420749118485,0.0028013212238126558,0.004828423205745443,0.0025876785242433943,0.004323194898292093,0.0029050911877165756,0.004511188617339592,0.0026891897750173487,0.004266524332296527,0.002211442972161743,0.004109987113194943,0.0020246366943057494,0.0035784158426552448,0.0024851564954939767,0.0041405527111634515,0.002548680680062944,0.004248603667925525,0.00198078223718797,0.0036860296253527335,0.0018598479124092109,0.0032852595459161383,0.0023411922512645324,0.0038247253180476093,0.08111719587662478,0.0060000206975770335,0.07236426392363483,0.003923514985668099,0.05955920669664994,0.002660123901327756,0.8579530899762653,0.2138813218920747,1.3148623257769851,0.2670180610544812,2.291210937764853,0.22164272942783697,0.9740430176696177,0.006557664509435324,0.9599494572849797,0.008307458114768695,0.9292524961216596,0.007099022145418201,0.4144956907773926,0.07154283149802182,0.5358403810098835,0.06576656424807674,0.7536584758522039,0.058077152740313644,0.2846174855679365,0.010492034388538653,0.26890458110209214,0.00738851716809213,0.24398738221514232,0.005418857485854785,0.8293348106004608,0.025687158551421393,0.791406465421261,0.01968809455004748,0.7287668007985484,0.017256251357062574,0.003309319431621145,46.97104332212008,0.9776817168021452,3.183227862322468,0.0008389327658802552,9.976699934822708,-0.4501811498367231,0.9982726870103398,0.44410037825262916,333.46538949807797,7.408360236989829,4166.464965446001,1053.3590021920309
123_Anteos_clorinde.png,Dataset_pieridae,91977,0.0035965799163269266,0.002510761241946225,0.003679413526140768,0.0027216185210831075,0.002803248920195673,0.0023213808034078156,0.0034514000818316676,0.003401989106023875,0.0029270250849149663,0.002534544898315123,0.0031411785807472486,0.0023284869203499493,0.0025833248524767005,0.002064407524725058,0.0030130565653072247,0.0025519434780570485,0.0021768788530267284,0.002108385288020368,0.0022641612870224707,0.002006819177714047,0.0020229203015398427,0.0017853076161733713,0.00246456756714691,0.002290164828981094,0.0018774608621650766,0.0019473546982060044,0.0016658102438440437,0.0016470186811914022,0.0015924683833920539,0.0015653344968547095,0.0020445391671101167,0.0020322490234098703,0.09079438157757465,0.009554143862310615,0.07619288887038028,0.005458303846534349,0.0614258126551462,0.001538410759889569,0.6139378146178218,0.12493222940589634,0.8655977389749296,0.1325576705835615,1.3676754829399496,0.05534776066893674,0.8624889741531547,0.028161433170190545,0.8054941492292692,0.030039821208784952,0.691340150097437,0.01228197825412721,0.45932380684182705,0.07224001558262784,0.5871282531372126,0.058891053353551756,0.7908997349915831,0.024496729789205123,0.3009004197626627,0.01591599711698898,0.2758547970255733,0.009849864382824276,0.24782291575781773,0.003100819317499704,0.7845746067541121,0.0313404948069015,0.7320033053219716,0.022799987076865817,0.6570089570042194,0.009456274615572198,0.001893411461154775,29.27526669973254,0.8935680809198354,3.4153154077921224,0.0005563530435393655,9.774545964585712,-0.2415146524743346,0.961920004398538,0.27838300019947404,241.85843188086187,6.517977650125819,521.0448172236011,137.58002098083352
124_Anteos_clorinde.png,Dataset_pieridae,56178,0.005649797516852504,0.006071448583067288,0.005860401771844437,0.007130149931353056,0.0037032509027428505,0.0025753641348004123,0.005631657455819065,0.0074537105610848675,0.004507158235476899,0.004374316811638635,0.004524847123180127,0.005299308616515619,0.0036077019097327987,0.0027777525374536615,0.004544154235724688,0.005208808824467128,0.0035453658234833826,0.004005942248358549,0.003480140486414652,0.004790964140116699,0.002848178104006371,0.002683342014066604,0.0035973606573096563,0.004370484070174886,0.002850333435953394,0.003719345356145438,0.002616492229324081,0.004124762759361952,0.0022793329846594193,0.0026741683373997884,0.002938086504572199,0.0038964112504063777,0.07395757843833961,0.00768506509136542,0.06222432520149251,0.004292158570036241,0.05104816904578537,0.0005708253817139976,1.7062901155937418,0.4643807089472853,2.516286439326793,0.5178057592686015,4.183105220789924,0.5914460444300081,0.8833835596635944,0.03188613169509563,0.8277540480890722,0.035568269309633825,0.7131461164447611,0.04049015715645257,0.7292041554676538,0.1101773691773742,0.9197955774438389,0.09144606247150448,1.2270580086781921,0.05278263809964837,0.27158463460769244,0.014119655921649866,0.24929854458266473,0.008634863661786027,0.22593488919993232,0.001262888751908371,0.7101578943750257,0.03377242747997672,0.6539445065271614,0.023070921911464856,0.5785260734405654,0.004646123023863604,0.0015121994810663778,98.81288682570272,0.8932521018484508,3.996006138260319,0.0003688724740653305,10.525903876665483,-0.22317956289315366,0.9608670193526236,0.22716283445373786,189.5004674910886,6.873463437243098,1753.138364306531,462.98781278305796
125_Anteos_menippe.png,Dataset_pieridae,1298037,0.0028110412098882602,0.003956196341241621,0.002981073180827064,0.004581377911380466,0.002676834275616073,0.004463975563161916,0.003329779456084546,0.005524040589664429,0.002532447117283986,0.0031716286657721975,0.0024865845174418593,0.0033429873400063607,0.0022781495820226446,0.0032550459907996656,0.0033285662715545885,0.004166221600367788,0.0020407876211201185,0.00226387063709177,0.0017750285627712206,0.0022306559150734344,0.001692403372700426,0.0021853688377819923,0.002467973633178618,0.0027745302738987326,0.0019603974764693553,0.0019337248232661848,0.0015055324158280289,0.0016782341101711368,0.0014797021392456218,0.0017107117523929283,0.0021186342171244355,0.0021180608961716054,0.048320772768422095,0.0045320310338189404,0.042071538849994136,0.0023833405274318693,0.03477673033477499,0.001052476897660186,0.599119102173078,0.15301017903314088,0.924751444818357,0.19785314137179433,1.7109765619176078,0.1293599135154601,0.9884836958618151,0.0029500045332451074,0.9821820489368815,0.0038438723622759136,0.9668568720008819,0.002543196697499044,0.3576401869536563,0.06435132118782096,0.46387174574999257,0.05062263589904147,0.6462284337668099,0.025455817428313727,0.21958041726520897,0.010257344785997094,0.2050295804702901,0.005866002230733927,0.18646406296962345,0.002807767019410897,0.8409832564065495,0.025608390620316755,0.8022789891091063,0.016499531962717695,0.745168680358434,0.007937520889019637,0.0014222700897046432,29.950378173069794,0.9909886989431843,3.0749772332686374,0.0006761003052411984,10.66744507530167,-0.457013310253261,0.998969566857095,0.41348568576404365,343.3007985325785,7.89399745291252,6619.101820299278,1662.2630496180855
126_Anteos_menippe.png,Dataset_pieridae,101424,0.004409912753752954,0.0063265502171393415,0.0045723106253991955,0.005515549035050907,0.0025922390944882515,0.0035786801361902543,0.004043099256498488,0.005647533355837451,0.003126778949144136,0.004266777540571226,0.00343792819376165,0.004842039074559571,0.002311206791371408,0.002894560211072031,0.0029935928236879293,0.003471426172446918,0.0025899710423327757,0.0034868412822355276,0.0025678745133967235,0.0041274640911291224,0.002033815540578971,0.002285336060090882,0.0024371864584871376,0.0024530979962124524,0.002350290950808747,0.0028572116368272664,0.002038409881784461,0.003168966418297449,0.0018226081118770294,0.0019084620741449245,0.002204157504321836,0.001958590928276559,0.08855002285941187,0.008305128508919025,0.07620862398970023,0.005419465039726778,0.061498658869952906,0.003296798002658771,0.8265395277068988,0.21921187062405306,1.2832224878391267,0.28771136027130706,2.288131068426364,0.23237024620383245,0.9236810138570014,0.021177564893730818,0.8797934575796607,0.02846798047637687,0.7803680066008603,0.025990160698023117,0.4447560508521429,0.0767194158489983,0.5765742841793349,0.0704633986678372,0.802924475209364,0.056509630990998955,0.2972397511206056,0.014090891141880228,0.2758885631013517,0.009701790534315404,0.2479004478994138,0.006635269491356495,0.8089829752780373,0.028119354607878504,0.765059948509349,0.02155089992253641,0.6990937622363115,0.017693601796479743,0.002287678121185347,44.27802998108285,0.9352095973866488,3.353880947577912,0.0006365072912535327,9.933252111925587,-0.3263434555628604,0.988194773837594,0.36341798925684254,357.3404903756966,6.909950676228471,1327.2779126882415,342.8889856673286
127_Anteos_menippe.png,Dataset_pieridae,62441,0.0034549654254597607,0.003709114283352825,0.003712106331373735,0.0036258080603314025,0.004297591062081053,0.00441544404534596,0.0053523518607931754,0.005394593901469644,0.0030322132988121384,0.004382144956517381,0.003491862467194462,0.004052979340538089,0.004057078539262065,0.004484509494135968,0.004769681485850398,0.004509515608906036,0.002473680204056957,0.00324335248055868,0.003051112141261729,0.0033671104856778425,0.003532836156137779,0.004242522758676954,0.0041591638561542365,0.004293252482252357,0.002237215875345268,0.002810839410516086,0.0025338372084811743,0.002724771767910487,0.0027634937433634343,0.0033618800718771573,0.0033845225202114248,0.0037823382629689883,0.06304109599412203,0.008918653370437119,0.05297971501890823,0.00434634185390706,0.04316757330292163,0.0023593847095097157,1.3479040711575432,0.32499425231014545,1.9600602581687019,0.38298010538287225,3.001614366645799,0.16481220115558634,0.8487252111934867,0.03711479643408269,0.7776486182684671,0.04448376002523652,0.6536883976747592,0.019928761241655612,0.6663794869937641,0.11431133714490786,0.8368318274876296,0.10000755059299297,1.0865895479792282,0.05784036264651492,0.2504787885863903,0.01736296237444546,0.2299709490650128,0.009647673556123226,0.20769085599570913,0.0056640655620534145,0.7245779638189038,0.040597157644726926,0.6718459084510342,0.029165380079406868,0.6024206070741058,0.019238265986460088,0.0013464898720715935,76.07685746796945,0.8639800396203461,3.906825308682885,0.00044950347023479,10.612618774782154,-0.23122216003519092,0.9639592461965493,0.25647810342022553,270.78334221873837,6.949507895484066,1043.8343071489326,279.97779115422054
128_Anteos_menippe.png,Dataset_pieridae,57139,0.004419450072222333,0.005222702215144091,0.004465008890234118,0.00487163933730576,0.0035880080505473065,0.0053635056705803805,0.004553572188162426,0.0057625512725523855,0.0037827535924633876,0.005212694904275897,0.003902489200082417,0.004757854685442856,0.0031801790936475454,0.005276438907995084,0.0038050628319766674,0.005211787978929554,0.0031742750788009426,0.004836013799648046,0.0031282641284395515,0.0043620875076850535,0.00279076445707091,0.004867774641710019,0.0031687602309178587,0.004525251722039998,0.002883718045376933,0.004657515196930513,0.0025426612458052584,0.003944409560876844,0.0024511385874011198,0.004431949918268212,0.0028246881294231897,0.0042575989653464,0.09400278996887816,0.008583205928730091,0.0811032264249796,0.0052312037045901556,0.06700159412871491,0.002145558760593038,1.3362974107904795,0.31829300444247643,2.025324257378077,0.3896059289865637,3.3201050413821624,0.1236753554254483,0.9011019801470548,0.024353836561171238,0.847654165603942,0.0303884622279409,0.7439125388436751,0.007848987992663023,0.5570833105441392,0.08616683145057422,0.7096862228069512,0.07244098140557571,0.9487695062229439,0.032472291520511856,0.30627605541791525,0.014062995645318148,0.28463993323652514,0.00912879138145321,0.25881362753653525,0.0041352545380555,0.7788741718970105,0.028772296684902703,0.7335956078197237,0.019803267866596704,0.6706198074549594,0.011377123310543252,0.002374036578899815,76.34928177238076,0.9107350466701734,3.605520746953913,0.0005536389941309671,10.017891315518778,-0.28648404869595573,0.9803119161094862,0.33797323890065123,352.8424364255162,6.811696441429648,1638.4017904555985,428.6877680569896
129_Anteos_menippe.png,Dataset_pieridae,62050,0.005507692732699973,0.006562934396271281,0.0070276041804976696,0.00779690660544762,0.0050875647600991235,0.006715438078781446,0.004394999552740114,0.004802809959681806,0.004546376835521331,0.006001266098042174,0.00562092662086916,0.007941477593489062,0.004021674084499871,0.005591079242566991,0.00364521471620048,0.0042277473193738846,0.003606732077751416,0.004720396335245062,0.004359150993331942,0.0068524568887299705,0.0031629151761840284,0.003977182848404712,0.0030876318306413664,0.0033160543381200477,0.0030491312000577382,0.004008746221672927,0.0031425500396771986,0.004777929983572246,0.002528220310418084,0.0031051956003370577,0.002586051493892053,0.00266512024139658,0.04111816577735303,0.004145623309994159,0.03420353048350518,0.0030769118445563,0.026943202739115383,0.001237795113179349,2.041505259237404,0.5836589470016388,3.1927172594605624,0.844130560481433,5.27784306288968,0.6289504302959067,0.8965392966768122,0.029654875422511787,0.8375204221399072,0.04337278261071128,0.72832497725322,0.03255122938155849,0.7475344384518268,0.11167993781012323,0.9628749901711265,0.12972545794503526,1.2958529634801295,0.07733443596694281,0.20251512064849042,0.010285508547485929,0.18475688456087563,0.008271885568868905,0.1641015642883325,0.003725498253611839,0.7188039073513012,0.029361266044206965,0.664065646587289,0.027726676117359874,0.5896337658673112,0.012643175037797282,0.0008881440748162268,120.29810027856954,0.903754205031446,4.004828345484798,0.00037433632249278103,11.275204817641605,-0.29306768458720617,0.9887093479986155,0.25778630890301,288.11365276472196,7.5714392925651115,2380.2697615663237,625.1419654612373
130_Anteos_menippe.png,Dataset_pieridae,60113,0.004065185122725916,0.005130765195700417,0.0038943586649928226,0.0033990439969442,0.003819963099046107,0.0053725720322199974,0.005320905007346277,0.0056209150775613495,0.0030647265070015304,0.004044143276801698,0.0035201876457612875,0.0033430943671250864,0.003471145972512556,0.004416543762428985,0.0043285393825085805,0.004342470100030471,0.0027005383010380037,0.0037235976208140602,0.0029647948884485562,0.003100167675178434,0.002930645838461859,0.0036456213190562002,0.0037428525218155795,0.0039596120755058485,0.002394054771365781,0.00309062281810519,0.00233638162758542,0.0025045127839160674,0.00234649839087146,0.0027862734685817894,0.0030399517757267575,0.0033994087477591537,0.06405205916560201,0.008438064592053386,0.054118116685587275,0.00394541412352049,0.0437840242457319,0.0021844164948173666,1.1938727404192258,0.2799969603306691,1.7523231046487333,0.31269309861179545,2.824417630865046,0.16830941802822436,0.9041287947717109,0.022887830770476587,0.8581828470323765,0.025811284192388362,0.7670603377203468,0.014842417684309422,0.6063504116533996,0.10015935817649504,0.7646746700088757,0.08003620372880363,1.0108783232601224,0.04747815710594631,0.25255129100157553,0.016428772901209438,0.23247274168275678,0.008633716470299561,0.20918180321892574,0.005195906832355846,0.746113856688666,0.03671363402828863,0.6960055343971885,0.02455990921683623,0.6270391897784708,0.017006897115226086,0.0014557412778913822,66.99441611030953,0.9147451521441325,3.7785496858950935,0.0004907224164318121,10.571982084603928,-0.26973189716900575,0.9788911531242441,0.28138752853419874,277.16950183585305,7.07081003573737,1506.401573867588,393.3489974944723
131_Anteos_menippe.png,Dataset_pieridae,68134,0.0051026388366107005,0.0064886389382951964,0.006871134553960995,0.0059293901442452526,0.0031385131215387677,0.004927456887231283,0.005435138774319326,0.005100180660113126,0.0040645062536774435,0.00462376185398331,0.006543351788066237,0.006368677968365312,0.003052242062724076,0.003751736230548222,0.0051214591697700184,0.004896116480601863,0.0034046724703353792,0.0040326689323993276,0.0055894529184948,0.006042487947336098,0.003394634245231648,0.003505001364418224,0.004758396622452766,0.004909296815139149,0.002966300822313349,0.003614431550726729,0.004289044565924179,0.004729909881781531,0.0032268847734430854,0.0033435988404777596,0.0040791029986034285,0.004668486424197768,0.041122639002514665,0.0055279795164998695,0.034391481572823714,0.0036264827092688627,0.028202316733806597,0.0021171526314417025,2.1520590850156163,0.6248205285859193,3.132376479507694,0.6869632393059018,4.6470714292725015,0.5572654989392809,0.8389004495729395,0.0465241603051834,0.7633590797218079,0.05176536109334257,0.6414105062339802,0.04154786747586286,0.8810519692804126,0.1531274617446753,1.0989491753202634,0.14528565716262767,1.38953931955851,0.11250260791685758,0.20231832281488496,0.013781700036158985,0.18520117060225955,0.009592079043484851,0.16781848461891016,0.006266813705480843,0.662619163257441,0.0423738478442639,0.6066989584659905,0.03429418842909858,0.5386625884377332,0.025983466820493246,0.0008102869696438495,127.85669440599612,0.8487013746398401,4.298323063981669,0.0002942969489478183,11.25750021693564,-0.20008277741459643,0.9530651084261507,0.21095963646424667,309.10222402220427,7.186292925304051,1561.7142211610917,422.3927288917739
132_Aphrissa_statira_statira.png,Dataset_pieridae,94846,0.0026533271676455047,0.003393903777478842,0.006341683935031639,0.005756716881285788,0.003108793447101833,0.0033302432444367656,0.007854486551572521,0.010045852590647861,0.002484404115993147,0.002826274219842934,0.0058403432149772725,0.006685782394041962,0.002782005066453962,0.0030024432698044796,0.006358311839489789,0.009364630075782398,0.0021294732009255867,0.0024017932603188456,0.003749088741096434,0.004224879708513159,0.002396612736899758,0.0024637316477285434,0.004482094459402896,0.0064621469362045585,0.0020613261745425185,0.0023896659082913657,0.0025111678780064916,0.0026526737086655233,0.002025916552718623,0.002102835870869203,0.0034188280702139523,0.004844795323888083,0.046801860813825716,0.0064737465808522784,0.038762295694849916,0.004734721226076186,0.03027076695462244,0.003064474080349933,1.4624779698694672,0.5484501611000414,2.284383080241239,0.9476701203178858,4.0497420312924035,1.1898302547770205,0.90620924576802,0.03555300707818929,0.8525796167336241,0.062334488266631405,0.7347945727440345,0.08044389794871659,0.6756126513646598,0.15555199142503323,0.8741145744359744,0.1728190584328218,1.2081011067303797,0.1870232863989949,0.21581784182097657,0.014983990308380555,0.19651665962923387,0.011979072711097147,0.17376312233491917,0.008783181145937473,0.7260834281009488,0.047173076508147,0.668649669665436,0.03999188201518847,0.5882613649718605,0.036530880277013726,0.0010198654547847277,83.79787441716869,0.9150029196752761,3.9093824758836773,0.00039843180446445656,11.0215068261288,-0.27481386778190964,0.9818368268601095,0.26300953891494233,318.4665397078594,7.3483498019702385,1893.0425462459243,494.2101051657655
133_Aphrissa_statira_statira.png,Dataset_pieridae,107115,0.0035917688327160224,0.006938645943714893,0.006103822143424494,0.005133622519348612,0.0045196569643588085,0.004987378315140932,0.008698435579489619,0.009833271083235149,0.0031063734400346194,0.005502349202284502,0.00663394087074977,0.007213637896427968,0.003836254268783326,0.004354058618399463,0.006838136060160443,0.008531586625568003,0.0027713013775062206,0.004231593874527716,0.005438691417682366,0.006619621165715553,0.003266551214781357,0.0032078395244368512,0.004749908507995571,0.005823134985068966,0.00250127598805985,0.0037610440225694197,0.0038701146313070453,0.004759820398476638,0.0027659076399265984,0.0028226037536886787,0.0034547528097967294,0.004162638443968973,0.03341533994518936,0.00351076595065639,0.029030234478955315,0.0023828075596030234,0.02459335178600836,0.001418521142195378,2.296195461525969,0.7137600423452539,3.587790161942918,1.127717047780634,5.973352055928121,0.9739554877792991,0.9675532612990398,0.01010007187241769,0.9491805082417799,0.01616351224001779,0.9149236358274602,0.014309118303729516,0.8646222942221107,0.16134711281778286,1.1086991599096145,0.19363622899569125,1.471226899189987,0.16238255859954026,0.18255244769547557,0.009483869757647204,0.170236106888337,0.007064162403144941,0.15675665152178594,0.004550163698782726,0.6770392369633378,0.042111660078325584,0.6201477961821282,0.037124137822454883,0.5498420166009003,0.028416021286687198,0.006191854682950157,138.2292562230996,0.9700827348997865,4.282272717079849,0.00033504210325852567,11.327847872079538,-0.2834145446020696,0.9866686604884012,0.25758611575169893,229.91361904765444,7.519572241146541,9105.25750650326,2310.871690681588
134_Aphrissa_statira_statira.png,Dataset_pieridae,53283,0.002596092841657472,0.0032271835693766645,0.0031010935664045336,0.002896270272614478,0.002005609989054685,0.0025385348997422692,0.0026299930325108575,0.002976660046480608,0.0027126747667104625,0.003781154253329904,0.0030352659855677117,0.003912191255027028,0.0022644309151111514,0.0028932885645625243,0.0028791818871440923,0.0032411187720871007,0.002383430622162181,0.003497362852868706,0.0024455289314427356,0.0035045153234424687,0.0021606082443157504,0.002917464246306658,0.002620711047400883,0.002991830270873203,0.0022868416100216096,0.0033236785093303653,0.002062888211634753,0.0031508158943279532,0.001990998008290546,0.0028352118130586866,0.0024258258264586597,0.002889920876369822,0.1791733641935611,0.014733200062627941,0.1590270906945785,0.00872324500561824,0.13781874608036415,0.005439129867867266,0.8241872604999083,0.16058129055410927,1.1472827358789661,0.1730972226394912,1.629530462902998,0.06435558106109449,0.7663962175259156,0.04783141338738355,0.6709052951564967,0.05141093589281703,0.5224816115146267,0.021823835260884765,0.42089634028061707,0.06320873884623611,0.5240223238704119,0.04639786907263423,0.6676256083205666,0.026363019473545996,0.422927364226335,0.01748738923127562,0.39863403168859485,0.010862756292711362,0.37116720077696996,0.007324967423313894,0.8199957214253216,0.02571354298031437,0.7818601398794387,0.016985629258131803,0.7305700488869517,0.012762633790515662,0.005151316085463041,44.53019837260655,0.7955827546144345,3.286843950933226,0.0006638647540624653,8.870733760811941,-0.2365968337701691,0.9471269792061312,0.38076770487086686,333.5848949845031,5.959362660100171,392.15880743734306,109.17225145248813
135_Aphrissa_statira_statira.png,Dataset_pieridae,47765,0.003183243654055419,0.003995423050522699,0.004361530055100373,0.005269134039566927,0.002963482308994917,0.004482138103539853,0.004353196170276861,0.005485025378895184,0.0028028867275959263,0.003911239834155182,0.003631564680487759,0.0049182895138307585,0.002867379768347214,0.004303919214507696,0.003823003851278701,0.004818705772887716,0.0023752826797861777,0.003408421990752696,0.0028770045664785345,0.004251720681017209,0.0024037819204385455,0.0034075162916207065,0.0031255434153437743,0.004044825653908838,0.0021203821169487156,0.0028772528271729645,0.002190276648780011,0.003144065447095031,0.001986123219607748,0.0026843479931130836,0.0025306602070169384,0.0031277055158810737,0.08938334400990312,0.00876869527514377,0.07853752623882933,0.005339814533441484,0.06533906726557671,0.00393363450265302,1.1772105689672427,0.28915661858998665,1.76063806721089,0.3511874758785781,2.7910719203921697,0.20032818172864508,0.910799023984145,0.02204093260089219,0.8658495715412122,0.02740206653260443,0.7848969099723563,0.016368343870000232,0.5297291287531611,0.08720953327234715,0.672546037196607,0.07856766853517921,0.8926915661594647,0.05296413169441202,0.2986159339823714,0.01455568554686133,0.2800794558823897,0.009644927757835242,0.2554991537552378,0.007697382407940962,0.7859096367138005,0.029888749265387374,0.743445762835509,0.023070151017269093,0.6829614265228099,0.017574622417767825,0.003498650355181163,66.63344391757786,0.9197779328837495,3.5429494323085287,0.0005445442079427216,10.081421926136613,-0.34681265910026504,0.9917401352373157,0.37844268413731535,246.30929739294226,7.0608840692218235,1595.346711257076,415.4950387936633
136_Colias_dimera.png,Dataset_pieridae,117831,0.004868302759817908,0.006775096497631824,0.003655912622031359,0.004769901440606764,0.0037936021486992956,0.0049759409900284445,0.003487519881820325,0.00465935820839131,0.004078473384331491,0.005941196806239773,0.0031598858212844648,0.004360084842139709,0.003381019218902737,0.0048468697459282594,0.003295495673453019,0.00440465885845964,0.0036659506105621814,0.005501758019418712,0.0028480278245269944,0.004134807427833597,0.002960770421532132,0.004477666193906226,0.0031025952243748543,0.0042414566211763415,0.003428694808062007,0.005581348164086493,0.0025159184827078813,0.0038902196629985093,0.002561764696938277,0.00406434456768271,0.0027787798475484115,0.003995024801871042,0.03939298625613317,0.0030910733708321226,0.03496166285825491,0.0016238900873509065,0.02927879340337686,0.0008697818375479775,1.7866160833078015,0.4346416410508191,2.5023466866882376,0.40368468568926985,3.887273524443661,0.3680098641627339,0.974859038287655,0.006113321851945263,0.9647944545698369,0.005685269599115195,0.945364820529633,0.005215226241362512,0.5970223249911133,0.08935047824872404,0.736545818978947,0.06329505329705085,0.9560745229313384,0.042914182231893444,0.1983247017946182,0.0077652375500645455,0.18692927184003422,0.00437152005708439,0.17109174423685164,0.002531493110519624,0.7845502123790928,0.02437262135936413,0.7477045912338693,0.01488788480490027,0.6968786276686478,0.008544737200401527,0.0013453664025271524,106.16867201474743,0.9765939291992336,3.5852666805499447,0.0006440463478432131,11.103883517781032,-0.42144831695134066,0.9985254958218235,0.39881825742187305,249.44334583208064,8.006483569946418,8965.40800447161,2267.8941691215905
137_Colias_dimera.png,Dataset_pieridae,91181,0.002638572935316217,0.0025278833513439976,0.003304124057416333,0.003453902350835888,0.0029196079357461497,0.0024399536908050463,0.005242528956594694,0.004876637839495085,0.003170157153270389,0.0025801736613079323,0.0038824803066298706,0.0035285222099152463,0.003285886419999832,0.00241954596641777,0.004796735583130875,0.003877055134041809,0.0029931882325304657,0.002863265554347465,0.0033112617938741073,0.003010518762282563,0.0029870697821953395,0.0024087371954521013,0.00461398492414806,0.0037454702877663545,0.0025191432562947148,0.002786889734134203,0.0024983627663518145,0.0024560874520126222,0.0023428447037139584,0.002077742752620478,0.003776970261241252,0.0036002155827234298,0.04609906938841654,0.006715045673540589,0.03931926029227825,0.002820514496487108,0.033812311258555015,0.001911845362159741,1.0897130674729678,0.27884144903893987,1.5212946101174456,0.32621545542868785,2.270233787565959,0.36074622074557045,0.9276227066049832,0.01856878926365229,0.8987837740862822,0.02177834394415994,0.8486223881064545,0.02400586402777145,0.6582099361242376,0.11858348570477566,0.8108987961168803,0.09545533164321864,1.0159383649107228,0.08861911544285789,0.21416511108056063,0.015243837583354163,0.19815804463384268,0.007256007109303863,0.183809492507568,0.0051363141127966205,0.7117690862972583,0.04448150153675639,0.6600412304091874,0.027808448305574558,0.6020583663778012,0.02258719208467999,0.0010003842267570424,59.79507158177768,0.9374601285756479,3.9174255844543966,0.0005212611311595,10.873147057574034,-0.252600618880352,0.9752462018368906,0.239679658115227,224.8418653135971,7.174951556938481,1852.7763033969786,478.14284374468843
138_Colias_dimera.png,Dataset_pieridae,142429,0.004509945760337246,0.005369449655079109,0.004396571985343702,0.005074211098187006,0.004041803848607625,0.004895935515829607,0.005018877385086702,0.005959770616076196,0.004732334234461769,0.005342814440629813,0.004384808043855491,0.004791110062443753,0.004365029653512536,0.0051252626896161595,0.004848684428788289,0.005157042630483965,0.004851587350280781,0.005933602141567961,0.004362853359639131,0.0051473220140450925,0.004304724355321033,0.005230834712195186,0.004964777736162322,0.005837987758239701,0.004670964893960937,0.006671359637885581,0.0038267930067030433,0.005043007876579739,0.0037795927792014547,0.004985001676455393,0.004685074251991934,0.0065252596328118735,0.01813680902854628,0.0018641530404501715,0.015512322497553244,0.0008001360360672368,0.012921937585693712,0.00024181025493571714,3.0180400939288994,0.570367610668073,3.88065531322479,0.2981817437880204,5.223465331805591,0.10757100735353624,0.9588345297676077,0.0077691501590513795,0.9471009720257497,0.004038691307848411,0.9288832258648476,0.0013643607797204566,0.9289748059290819,0.11515825066576028,1.100967354252504,0.05856921424115727,1.3329060509527961,0.022218624964448302,0.13449427739358769,0.006935299339103254,0.12450709825097189,0.003210137485541279,0.1136697190349008,0.0010642181263353025,0.680918017415358,0.029216093581899413,0.6375715856253574,0.015190685472812255,0.58461282726688,0.00681933758684346,0.00041908021368400794,183.99613528457382,0.9606640943975397,4.297955226872158,0.00037340445240449904,12.249866599099786,-0.3127583107588083,0.9942403488615827,0.2709869314169678,224.0054525182026,8.228803833096286,9170.66154243983,2338.6644194311057
139_Colias_dimera.png,Dataset_pieridae,114694,0.002840714306747772,0.00257438115311904,0.003541886612854264,0.0037071342528075518,0.0033588718907527513,0.0033146818276489887,0.004914276516738229,0.004789601041273946,0.0036227174482668613,0.0028900083707449724,0.004003580124137256,0.0035289609515580384,0.0038367215849623346,0.00329466525318979,0.0045821534099076055,0.0035724602603634604,0.003567877359231334,0.0031203617891180143,0.0038714147513542086,0.003593753273221635,0.003706571825178459,0.0033381181898071923,0.004693091535171519,0.003936253441363889,0.003250953268107254,0.0031750287287680003,0.003216006923363364,0.003118562093903508,0.0031471333562154307,0.0029601893074045313,0.004176103181284965,0.004110303361438877,0.0572659769614767,0.006836495620368782,0.04937006323525534,0.003350039894652965,0.04185733499945243,0.0022063778302907964,1.3724103231891596,0.30964240749201566,1.8821757340307288,0.31109427812963397,2.630979636758929,0.275904242736726,0.9217419038056236,0.017752011944334452,0.8923110930343768,0.01809703499460066,0.8484600990391694,0.016126209402291727,0.711482578554187,0.10815353263497414,0.8693877893359643,0.0822104105636426,1.064616010781937,0.06067133463711881,0.23889050240219184,0.014046523538052988,0.22206051753943043,0.007693489804741194,0.20452123166330327,0.005329239943731245,0.7036359615074043,0.036674374562961166,0.65422487026227,0.022733393356333887,0.6002078923531284,0.014916615388813805,0.002013846435871922,78.01318121517758,0.9295198226407759,4.027620081512339,0.00034444242069747244,10.757008886644256,-0.259001840563748,0.977237202245136,0.2686323552325198,401.5863093974143,7.139544745472817,2136.58198801909,553.648792308577
140_Colias_dimera.png,Dataset_pieridae,74282,0.0050490493743851625,0.007259511060826035,0.00393817907601157,0.005253995260919243,0.004921017447391297,0.005954673723385202,0.004365447214483002,0.0047467708383474,0.003984480349585616,0.005076074423231022,0.003384603443670925,0.004538642565932116,0.003572342593761354,0.0042993071560740205,0.003601081598668178,0.0036548902384936025,0.002983680565485499,0.003426006697096447,0.002526860789607296,0.00344511886930153,0.002508680868055219,0.0031425822111772693,0.0028696859867772236,0.0030540945009045924,0.0027123369725777333,0.003012938568058029,0.002157006455592038,0.002985986085842863,0.0021313995734089557,0.002850192212201127,0.002588727073846761,0.0028615968460264612,0.08359648540046244,0.006810408536362467,0.073239360323817,0.00414779162163913,0.06099303051108121,0.0017742608941938801,0.9495733495397418,0.24131252110054985,1.515250501801035,0.36473537993433586,2.8863899572100453,0.2679566500776811,0.9561761859815106,0.011246788819702896,0.9295143626985123,0.017185636537643125,0.8642178117612116,0.012231200485591084,0.5254670066951053,0.0842363656057334,0.6886508208561095,0.08162970746820057,0.9787781406641557,0.03443292255579434,0.28889053754314725,0.01177890990261204,0.270518644220261,0.0076826722596272665,0.2469415311172617,0.0035931491123624574,0.7748677006675331,0.0294183788390928,0.723934782692606,0.022689302599147275,0.6514705949458335,0.008956043280353295,0.0024095962443707237,51.55972688591845,0.9625837969616519,3.597735358354268,0.00047542611967263203,10.367541786856327,-0.33497088782808054,0.9914198541265463,0.325540807322365,419.7066967894392,7.201238787015343,2706.5568696551927,689.52914913528
141_Colias_dimera.png,Dataset_pieridae,68582,0.0031696660583834984,0.003428574701140059,0.0035759955943878217,0.004014728142651964,0.003405021568097166,0.0033076810012554365,0.005608977774873756,0.005672312733889552,0.003504075888712792,0.0035257515218939496,0.003729509669600636,0.003684940056370048,0.0035251802798279466,0.0032830615489195755,0.004480719302620514,0.0038044519953133057,0.0033066549899202595,0.0032325772577183227,0.003341577750143779,0.003292901225617962,0.0032150156891495737,0.0030441130713254353,0.004129533767781443,0.003561717236943873,0.0029392211277153627,0.0029862650079136013,0.0027884178731716956,0.002915404017203913,0.0026898734881638238,0.0026184163876574276,0.003506165368676801,0.003234517542992558,0.06313052330672816,0.007110554359823562,0.054870802238587785,0.003925971729521719,0.04605702488271772,0.0030603596769567887,1.0914022112665194,0.26142491204639295,1.5912205517509568,0.34254776896914557,2.5286493756521704,0.3339443729191482,0.9384061303163289,0.01489341003364691,0.9097421138578783,0.019620219943152727,0.8551742310736324,0.019142723254613945,0.6252348833086105,0.10043133323390631,0.7847806614216561,0.09188656400187735,1.0175512213408133,0.0752125897735503,0.250872474730783,0.013911316586894538,0.23408848856499329,0.00856631542407803,0.21449383009625728,0.007030059271133326,0.7303023326031006,0.036059137648949316,0.6793155242081744,0.025590870183663315,0.6177117377640363,0.018767332352644737,0.002475872271631559,60.36545712431405,0.9464056662793301,3.8603680811490344,0.00039700395111184883,10.55772197599363,-0.29483109733468205,0.9853704631264434,0.2933146307502435,398.92035323557195,7.152594256256439,2193.8377348176364,563.5507979854847
142_Colias_dimera.png,Dataset_pieridae,110776,0.004339198526890419,0.004616175903038295,0.004749319919414654,0.00534941465705017,0.004117360473082217,0.0036471840047540977,0.00526933534289809,0.004540504387184032,0.005691018095169503,0.004378143187638729,0.006558235860173941,0.005989517611817877,0.005735086680809225,0.0042834475894678445,0.006874021102562001,0.004899576818946233,0.006530195315705407,0.005598008382026244,0.007234574371776612,0.006209419909329073,0.006557298034147318,0.00521140218923702,0.008369694119044601,0.006219668995291271,0.00605936602106464,0.006448685368830551,0.0061879659083897125,0.005723852247180005,0.0058532172243270465,0.005221896177327152,0.008098775064092918,0.007295693079166802,0.01690524284605021,0.0021320318969874634,0.014676550252419956,0.0005954830779705334,0.013548770268440275,0.00028572189867522675,3.914294549709658,0.8465186118736983,5.010848462765825,0.45813725822105894,5.865078463504281,0.296344361325584,0.8612799254020026,0.030301992352864838,0.8213113460012041,0.016612778833044673,0.7880552161187747,0.010442174726741244,1.3361573801465507,0.17396728809549866,1.5542634537314137,0.07840738712281063,1.7177355619050192,0.037607834212568914,0.12977025042779883,0.00805760199790185,0.12112138576843576,0.002481967355490877,0.11639276000794133,0.001222982491308488,0.53607485333354,0.03899637424635354,0.4887377763998848,0.013898755803664398,0.4544821431223771,0.004774598545138603,0.0003014377316778895,240.51540636720225,0.8660157733829645,4.898488223985502,0.00017835902139324127,12.424402946904145,-0.16962349946848945,0.9454647611523568,0.13086049886502737,299.7766617592554,7.7134308865782515,3351.490437537879,898.0014609762702
143_Colias_dimera.png,Dataset_pieridae,127960,0.0052855656411324205,0.0045942579994980425,0.006751802811392394,0.005913903682108642,0.005505784549460826,0.004895618202179838,0.0070679560300907305,0.005225048910234623,0.005832058314058698,0.0045310088376117235,0.007361644974548485,0.006105977972369528,0.006177102047479546,0.0047831263827577885,0.007648055121397937,0.005773962585461031,0.005646571597632515,0.004947139854549561,0.006788973923948432,0.0056899401329514035,0.006032870266447354,0.004957221080615312,0.007637831348606415,0.00598963467208784,0.005048632152930597,0.005619114466943574,0.005323114120245744,0.004846530610559962,0.004961086997347775,0.004520861546539896,0.006538011977996562,0.00609451955121781,0.01598260945851232,0.0021403070612003314,0.013378772970537012,0.0009273420342702437,0.0114351686174245,0.0003472352892884562,3.6341832529678015,0.8147055344010382,4.9889204730584735,0.7222420925883637,6.796970923418691,0.39007164738249617,0.8839635864316305,0.02605510980977163,0.8406188647622993,0.023191058868398604,0.7824493237196662,0.012879394531047843,1.2715538737203795,0.17213639847395876,1.5340622991813895,0.1264837205311004,1.8364177972740396,0.060658708984525495,0.1261469603991616,0.008339894517598907,0.1155951838593045,0.00406527232428549,0.10692302427731142,0.0016234213310085078,0.54915279951574,0.04117013306065003,0.4919722959840826,0.024583599201463628,0.43541338251068784,0.010263005215600612,0.00027274203315028024,222.21530458366652,0.8885534742059162,4.8176826277186375,0.00017926307889760607,12.565994397223204,-0.19106820574859912,0.9616832382374009,0.12659326926079068,274.87428754306876,7.889900449679711,3766.0013065503517,997.0541527834985
144_Colias_dimera.png,Dataset_pieridae,135593,0.004484500532706759,0.006256351988848242,0.006449092342784846,0.008673588428702167,0.004066833263098461,0.0038400775668605914,0.007050185372316306,0.006214045557152139,0.005211455061363486,0.005505280647226521,0.008154804642381483,0.011136111145867076,0.004765251921046029,0.00364091759420105,0.008273067737300523,0.008623056598190147,0.004983739814398679,0.0049742361452653015,0.007543635206323558,0.009752764457194377,0.005039818025103794,0.00381988385408749,0.008088744677198185,0.008648664590248214,0.003981998154726287,0.00441723544326982,0.005698611270609503,0.007362343234591573,0.004246861221268374,0.0036419251905412064,0.006563096687778152,0.007496987604269454,0.019178464426706947,0.0027039107981556365,0.01602440080610795,0.0011775910035188679,0.01371639306642713,0.0005962737764529376,4.091211138909757,1.3921201998527744,5.892525449133404,1.4729972106819356,8.136401108320612,1.1421941646198417,0.8478915954331478,0.05188456568656485,0.7807719531421295,0.05496396290740616,0.6970447453607236,0.0429088122122882,1.2195576208936922,0.20520108225394332,1.4918019723470528,0.17370829796581455,1.7978836961990095,0.11754609647241263,0.1381535653761738,0.009594623523527405,0.12650003734694878,0.004705460373705162,0.11708939188199953,0.002543103444744719,0.5833805538605618,0.0433576455368118,0.5278656566499776,0.02446400188960069,0.47566700460457967,0.013927156036315278,0.00033661989545533447,251.60672589347686,0.853036322864707,4.730932443138133,0.00020426453602941945,12.325157302877315,-0.20007508767681398,0.9642147370508084,0.15110187418064835,222.99020362173985,7.781407436983502,3173.322507606068,856.2323083748879
145_Eurema_albula_albula.png,Dataset_pieridae,56381,0.002513864041964505,0.002975130518452282,0.0070408838398398396,0.007374820299546691,0.0030311048275203823,0.003152784795281224,0.007532846399843239,0.007975128313351964,0.0029907423885426917,0.0033132441706527575,0.007642021229509781,0.008921057519351792,0.003480173637725466,0.003623074562782093,0.00750306544902919,0.008038283667601983,0.0028762534601843325,0.0032259321762477347,0.006125333276803593,0.0069584508910471585,0.00368784749985328,0.0037343530669582815,0.006482192453880697,0.0063321432528605885,0.0027958534375293487,0.0033402698999660846,0.004378512525066542,0.004672104091284041,0.0033414397103181965,0.0035655815808378947,0.005053590425487045,0.004856987891845839,0.0377581515485,0.006389879110627938,0.03179628967089799,0.0035477340701928367,0.026834123104977726,0.00245784114952659,2.4511052555799613,0.8550251993462532,3.671476687618633,1.217572738029799,5.573565472787638,1.324954408746821,0.8536829586626127,0.051022023785386145,0.7806176600492367,0.0726042769507675,0.6658881902248788,0.07913322060151246,0.9469062349593207,0.2031021046649557,1.1882238103935967,0.21746675118785608,1.5120954486762348,0.21245903892969997,0.19364843066463835,0.016075971187544093,0.17803223940551519,0.010040488193076397,0.16363890254583874,0.0075121686995984266,0.6439021972046205,0.057222308799461656,0.5855116538466364,0.04542186161998399,0.5180572913943565,0.03921868852592347,0.0007587825960173927,147.0761369404771,0.8612694534928418,4.379162163683158,0.0002681510285990089,11.489861655564958,-0.211139253312415,0.9602265873148268,0.1914306348290064,389.70501875570073,7.3502239946265195,1972.923489272318,529.9999065531956
146_Eurema_albula_marginella.png,Dataset_pieridae,115634,0.0028595159289303237,0.0034245658368951353,0.009313966852548107,0.009117736232198224,0.003000497093282852,0.0028827431587056655,0.008761878747855828,0.008397596298518377,0.003013056580836993,0.002853611197426442,0.0073311519661107185,0.0065295166142499824,0.00330183253887863,0.00286836717036919,0.007046974853997361,0.007240512769619813,0.0025119822993658262,0.0025759001730222375,0.004814412832428065,0.004520375137620961,0.003032189650755869,0.0025835748486915736,0.005271340184802541,0.0053189035355581974,0.002153273374976341,0.002309165222576591,0.0031884773680747112,0.0032849510211947837,0.002449712155863177,0.0022499533708589185,0.0039209967222988045,0.004178068591225632,0.0316029115293843,0.005845452012259364,0.02561834602001631,0.004028685621352804,0.01994555649593442,0.002653299502378845,1.8934981711581305,0.7170446228268454,2.9684390651281634,1.105022580824216,5.239036227093522,1.5149623538763124,0.8872213475338211,0.042816650059454564,0.8228274447237421,0.06642596677854647,0.6861241779478706,0.09157509066552519,0.8710035393695142,0.20237514165586218,1.1253183934446018,0.23177679426930034,1.5433870980430786,0.2593086410459109,0.1770208235216558,0.016326039602398847,0.1595633372689673,0.0125653260843521,0.14091689567867804,0.009380032420998953,0.6514086259001888,0.05998707354225424,0.5844662119111627,0.05415785769487092,0.4973633681962033,0.04845972620716807,0.0005893318607548618,110.80739736702733,0.8958109482989767,4.267751330278257,0.0003102565478965458,11.60690028853348,-0.22085184025705337,0.9652367916679936,0.18279485205190413,235.95993373471316,7.479598109114982,2017.3062896590309,532.0284217565131
147_Eurema_arbela_gratiosa.png,Dataset_pieridae,134829,0.005926473600383162,0.007191922724051369,0.005950319505585636,0.00702593910777644,0.004567248774707406,0.006085224393577115,0.004610464555739956,0.0059369841265297,0.004138084054763594,0.005254177242829258,0.0040531493695630675,0.00510331031953967,0.0030118957039180225,0.003852829495008232,0.0034558685297378946,0.004357078673654203,0.003336070015877862,0.0049212167183912145,0.0028872153813287254,0.0040111351217611176,0.00239049942001288,0.003125848741764715,0.0026846558131309243,0.0032853100585156,0.0029134557168483594,0.004694542585225235,0.0022358882391511773,0.003392584379779066,0.0020201834030574672,0.002852418509156064,0.0022906662218420103,0.0027300668521049987,0.048154385996342586,0.003891149485793273,0.042423499363246506,0.0021395685064025476,0.03586847447736765,0.0006711718348204499,1.421009874868901,0.3965038305066417,2.242669351793166,0.5080647726209516,4.302972809830213,0.41256409457069465,0.9856777196691802,0.00399500306093641,0.9774062372520105,0.005115101934201564,0.956700416836744,0.0041577408686319876,0.576792602750002,0.0966440477947547,0.7458796575265693,0.09055863828150307,1.0521184360098323,0.06024922163612117,0.21926053109711416,0.008899747151129013,0.20590484355673516,0.00516669750642682,0.18938140657976094,0.0017768847005163427,0.7746099733325804,0.02877384221435295,0.7288662852679009,0.02068423346086185,0.6630179457339811,0.00932048456841672,0.0016120591354199805,82.12376767258206,0.9870517065253062,3.6529928185245253,0.0005107532670651398,11.011760703150934,-0.38486965524315203,0.9970764226226649,0.35296984898647366,270.98226238844484,7.783635552969087,12602.147078276488,3171.067711487266
148_Eurema_arbela_gratiosa.png,Dataset_pieridae,105232,0.0038114413421505115,0.0042420847113831955,0.005905540530478911,0.005789734315483482,0.0029790677763359558,0.003749400098016182,0.003937505397475442,0.004494294977569271,0.003981742658358761,0.003987597560895042,0.005415339872572064,0.00573863509108261,0.003065914464350154,0.0036386925558173494,0.0037722723190677667,0.004225190976829226,0.003433168994714649,0.003884098945735776,0.003964357568757878,0.004317244275455642,0.002884307817404536,0.003606079333714959,0.0031938565686536837,0.003813844594768032,0.003072706453294101,0.004021278078734409,0.0028691181737257434,0.003339964917883861,0.002509415009448711,0.0034105515646638235,0.002810780794682767,0.003770567379380966,0.05884875451906417,0.0067496817208078895,0.049568145432801136,0.004963467938086264,0.040463080454078565,0.00308450185011343,1.3744985600969182,0.3405877179014261,1.9828103176633238,0.35886784762748436,3.0158485271050948,0.4030624593022482,0.8709953953499378,0.03232037045879651,0.8126853189786821,0.03431338035794947,0.7115987999772684,0.03834610828024294,0.6458303819832157,0.10794605372723137,0.8134285166973083,0.10007881837332226,1.0506331980986798,0.09721909046628653,0.24217127510328315,0.014206619369650106,0.22237219239023065,0.010897407231235091,0.20101062430423447,0.007603247391770964,0.7341142615767303,0.036054305591332415,0.6814970673931636,0.030681045318988985,0.6155724223571983,0.025192101910679117,0.0012627849817259018,77.90424146752022,0.8838377236389876,3.8526274709191024,0.00042558028800896027,10.636621632317539,-0.24695800372040624,0.9715621932149737,0.259464716368131,332.9407327666137,7.027144685011882,1264.500372836137,335.60115357591985
149_Eurema_arbela_gratiosa.png,Dataset_pieridae,80206,0.005654921089043305,0.008521189292991513,0.005284313990054546,0.008027146135346261,0.005874484659168017,0.008637071219117946,0.007149600884540017,0.010014682531565294,0.004085330282401747,0.006839270422320934,0.0037005868202312163,0.0061721847435802024,0.0041749040940935594,0.0072765927447700504,0.004976843379014794,0.007516047199995068,0.00338472758570678,0.005753062861533905,0.0030562474382375008,0.005177063504825758,0.003379078005015851,0.006123161862635166,0.004079446314574,0.006348242011351651,0.002968754650775116,0.0049975695897324385,0.0025666662490835507,0.004340762450663277,0.002727568632341985,0.004749256881784186,0.0034602970911594374,0.005798071793994132,0.025993424546552516,0.0019720228266692425,0.023615521488440202,0.0008809814956252123,0.02044437532541729,0.0007800255015287178,2.6637016950439243,0.6839987251403716,4.147967262603701,0.8128046713934378,7.416858017672116,0.35301501970725563,0.9836371574324552,0.004193121864681386,0.9745433803804611,0.004978161857261218,0.9545758302026649,0.0021479388888533697,0.6925257439090668,0.10889075189403549,0.8825862001342247,0.08927041335877944,1.2201036119143538,0.04599394224973439,0.16111002181184475,0.006081563807066912,0.15364610962319974,0.002897323954252843,0.14295834993138815,0.0026991684482568917,0.7774055628408293,0.02601875927939088,0.7408881009739157,0.016423588501763536,0.6853270362613746,0.013763435316201774,0.00167453225006357,163.3823986594003,0.98433501463521,3.690951296780233,0.0005934555421390104,11.47204962127708,-0.47619830914020045,0.9995667893054186,0.42924191669132783,263.21211614375795,8.471666562830404,20693.116275220946,5214.12466847008
150_Eurema_arbela_gratiosa.png,Dataset_pieridae,59745,0.003381847477207224,0.0043484706128030445,0.0083158606444286,0.0071311335096096275,0.003102835734741603,0.0027339334926068295,0.007606333769095353,0.00616427936936501,0.0034005580734045903,0.0038815816225312113,0.007966574703132409,0.007516887492345417,0.003268054901179396,0.002671685611094773,0.007578972576839619,0.0075223305447062435,0.002891783142538051,0.0033435974799996045,0.00613527665875883,0.005864876130651353,0.003385743540116514,0.0026653502578531476,0.0063783888666601165,0.006315114055039821,0.0024542316121983158,0.003004927583879581,0.0041894217427934175,0.004143473683337399,0.0029839312175264344,0.0026327253382542955,0.004888475146413759,0.004998154399871257,0.02843409255058131,0.005112944569073823,0.023336995956299386,0.0031627703850299906,0.018980490693484647,0.002014151155346742,2.3776670752898528,0.8919822098062934,3.587812503050506,1.193842804303428,5.661204734720776,1.3004630911694133,0.8464946319444415,0.05769565167972739,0.7680069773926734,0.07729095806066646,0.6325520390085754,0.08454973395758464,0.9775012571194595,0.21226339257547602,1.2319934916095412,0.21927086537713847,1.5931643980033567,0.21093518991474533,0.16795894912621429,0.014962752387147053,0.15241465234707358,0.010332942766709017,0.13757576360487606,0.00730752776388227,0.6242176038001037,0.05691231537114452,0.5613262443610683,0.04564585655906429,0.4884263520246417,0.03717987477499788,0.0005213263946651701,141.71163806227213,0.8554032134636174,4.421413369600339,0.00030094545381617285,11.678218891746173,-0.20229382983049826,0.9567508737089374,0.16440724080969038,221.40465243830621,7.437857896177103,1818.7454039366203,490.1142604997199
151_Eurema_arbela_gratiosa.png,Dataset_pieridae,58962,0.003528952146950989,0.005823669465819422,0.004181332343795018,0.0036755728992957717,0.0034327809091999396,0.004686441001574522,0.0041328947430978764,0.0035740956425317208,0.003318766083073752,0.00508512175271509,0.004225921077580029,0.004814667680754036,0.003297402005424081,0.00413506551209144,0.004437169990495895,0.004597078285835531,0.0028234587517583167,0.004456813824319983,0.00348734464638254,0.004824434287904501,0.0028440526518743237,0.0036692139292343025,0.003904386950749048,0.0045186911694404044,0.0025447676116099206,0.004115695964576996,0.002742450108164641,0.004515574899232492,0.0023825331414130584,0.0033961623792588135,0.003244717381687778,0.004323201960031297,0.08550300625908057,0.00974754666080194,0.0737023512124206,0.005526459231147113,0.06180870831979202,0.0031592432039397257,1.322415933820358,0.30213078740101756,1.9168746087977622,0.3210760250753419,2.880310768252574,0.07109938035148855,0.8696856839502902,0.03065787878365678,0.8079275122020102,0.03379420262725133,0.7037053377775749,0.007586578185679324,0.6047727066569921,0.0962334670287481,0.7571717197654361,0.07928714216977686,0.9709626650747978,0.04109077340293704,0.29194484027904694,0.016468651842890685,0.271286259229846,0.010301299214049613,0.24853235207118637,0.006354391690468281,0.7515940451535927,0.03495477503876477,0.7026522269933669,0.02614711066554468,0.6403950655108459,0.018023663489209918,0.002094393121092098,75.38345023767681,0.8819721351083716,3.7551513543517956,0.00056982763531421,10.133718938895164,-0.25501659088616146,0.9705078181997012,0.2842674929928875,286.9954483129887,6.767122414371703,1204.3214198617316,319.9262175248532
152_Eurema_arbela_gratiosa.png,Dataset_pieridae,69124,0.002638008619860258,0.004800207007422399,0.003710982228588256,0.004557971096806788,0.002665979585467372,0.0028558394428621616,0.004858498139440261,0.004285104170580938,0.00224303310169171,0.003429554638511253,0.0034565325041886765,0.0040235193645786335,0.002777349658244116,0.003126396454158545,0.005513055362572376,0.0058754823669533,0.002011612409968919,0.0032757906633633523,0.002898008441183497,0.0037477587797534874,0.002398531909769596,0.002724857635723708,0.004464189890917393,0.005043552917156324,0.0019796318463231287,0.00322665075858657,0.0023378773965338946,0.003458547415306187,0.002049305817935721,0.0025367596932700685,0.0034233378099652856,0.0039469920736043725,0.08870547315323603,0.015262893879941019,0.0758771994202678,0.008662864686342734,0.06272788950916383,0.005959085919052017,1.0720205785319392,0.31404633204386145,1.5405761093430599,0.41297534099462824,2.3581468368656817,0.3334621168375379,0.8603152348221553,0.04169340304171644,0.7961401009404597,0.055464200273635356,0.6782722433102528,0.04465570860405269,0.5659443149621451,0.12580897621190978,0.7103202870723715,0.12200724641350585,0.9260471006253024,0.10095565456005762,0.29681181582959676,0.02466209920451929,0.2749867831802842,0.01610802583891605,0.2501782759388413,0.011777935193948161,0.7607801613005847,0.04765510857077101,0.7129935484576132,0.03894400350070192,0.6485421764829208,0.03202585177369773,0.002202239202663538,59.685722146675914,0.8755718541233077,3.6782046684811425,0.0006625921089237555,10.058193089307954,-0.24541265229397544,0.9619636839379321,0.3087589669301328,263.08934489608936,6.680281322830598,901.5202560896469,240.30149455908213
153_Eurema_arbela_gratiosa.png,Dataset_pieridae,80639,0.0026673043419511385,0.003837827201007174,0.005188061635558948,0.004618596228425297,0.003827824562252198,0.004009503308225571,0.008605198301057979,0.00857391133900119,0.00231839691763663,0.0037036944131674738,0.004632330792854749,0.005052274684832301,0.0033678768673043947,0.003557825987919633,0.007586867025118646,0.008672225723596737,0.0019102732665749601,0.0027964878968170983,0.0031897301866700136,0.0034375409860632673,0.002513729467031041,0.002471967571579952,0.004669942271476863,0.005045743103098751,0.0017375364564382577,0.001993266939868652,0.002166514909045028,0.002135882103287456,0.0018861221491479614,0.0017316632344798744,0.003093885911478854,0.0029331870695830107,0.036479599744841086,0.008000240250524777,0.029628629985721015,0.004535836628082889,0.02256426987847622,0.0032117798480487494,1.4278468438420755,0.4966562900974279,2.260259412255855,0.9322753167423428,4.117327309200757,1.1242671192869547,0.9130665000235414,0.030272184836872395,0.8619758562183376,0.05732237173126871,0.7473076957982436,0.06951238760509276,0.7092446480283725,0.17191651347161965,0.9201239438256411,0.20502159211642187,1.2928686545988146,0.21256624040097227,0.18994192070743854,0.0200416192661726,0.1715893604993815,0.013627962031584671,0.14983884584636742,0.010610850762533305,0.7076980041990012,0.05906284014076858,0.6468007641952,0.051615691533356774,0.558672476868444,0.04672325554519592,0.0007605341910865613,81.57146656207902,0.9215721154377006,3.9798318380443565,0.0004440256184203333,11.234415554430928,-0.26489007218860006,0.9793161156867395,0.24194455557966424,238.63852876160823,7.435072274558808,1999.2868308973739,520.2145743648648
154_Eurema_arbela_gratiosa.png,Dataset_pieridae,59619,0.0033403924078990307,0.005016294105736195,0.005277105358449302,0.004358863290825498,0.0032928766885876913,0.004327302562629347,0.004907471864563737,0.004320841538941202,0.002965442382032597,0.004035577504011143,0.005578111043605555,0.005879396499971367,0.0032799060481418078,0.0038491303198777585,0.005232308287653642,0.005285398288344208,0.0025877787640368782,0.0036663897577805314,0.0044835510253564016,0.005369659080804383,0.0030151341192028443,0.0034188588384162968,0.00463257903328248,0.005031236299146329,0.002408305723486136,0.00344825007673383,0.003248970001302919,0.0042731099874738915,0.0025975263768111736,0.0032338516118354107,0.003795010792962532,0.004468169555514805,0.06480445044677857,0.009686463113306785,0.05451064145329941,0.0055418378324136,0.04526340096682395,0.00350251797503383,1.5786387876344283,0.4539322610977992,2.316649831530034,0.5343376446310184,3.459941147645199,0.3511741328174605,0.8274785379830841,0.0500728951615963,0.7439646122917088,0.060463626524173295,0.6106909409748755,0.03976409382353126,0.7044306439189422,0.1346347368791297,0.8827471730583315,0.12554756135060116,1.1226282732608386,0.09587087815137478,0.2538755524737081,0.01875244791882039,0.23316842782881403,0.011963516085940092,0.21259239617490006,0.008238571201263941,0.7162308540017506,0.04527961208222295,0.6634648708115203,0.03520629772862826,0.5992678678586181,0.028220482971217833,0.001385129924932178,91.3276554104655,0.8411398836388096,3.967972024783698,0.0004623884837590304,10.545150316704751,-0.2182545239023444,0.9552732219148499,0.2478242306273212,283.75387875153234,6.860598853003842,1059.436790970718,287.6911115952971
155_Eurema_arbela_gratiosa.png,Dataset_pieridae,79878,0.003351559427618213,0.0047474183739907,0.0034591431967458458,0.003617077837264655,0.004085105552690837,0.0037873500763873336,0.006762007852111604,0.006203160986290447,0.0029044464997794363,0.0037956855967772583,0.003278103266803389,0.003702867655212968,0.003651898708849683,0.0037335253658170166,0.006344066709611267,0.006778100462363902,0.00251346080521165,0.0034713608963720718,0.002737062442556904,0.0032191306945587744,0.0028224589309613513,0.0030015499548415154,0.00493907939098926,0.005439360861572265,0.002316380589909853,0.00308160045539155,0.0022548317604534616,0.0027417729722075046,0.0022590167486059606,0.002529031822296792,0.0037647613896938147,0.004345540011774072,0.04665823898713458,0.008237076824520139,0.03942643755786624,0.0046342182374808924,0.03180305773517175,0.003404237090130204,1.3274358791325698,0.37583805984106466,1.942145944955518,0.5024187337258382,3.1302274362037075,0.48146599413891394,0.9390186888983914,0.017341882202064663,0.9106274037898165,0.02322705978728195,0.8552912097408014,0.02242618249390547,0.6355725801139167,0.1348326362210925,0.8004068933578555,0.12933091825153636,1.065223077254486,0.12289572062665084,0.21522668659167934,0.018322455236720162,0.19819767888942594,0.01200490069555963,0.1780857269352478,0.009409123079017858,0.7389413581362161,0.04870041038232335,0.687605798569904,0.03837427437989214,0.6164850384807947,0.03405133265235874,0.0010822061279824485,75.33391891692648,0.9455475199078138,3.819556658390712,0.00048419554975442214,10.998272011784948,-0.30608476895149594,0.9884901871272109,0.27091183091804744,313.9687122607011,7.466985677639718,2693.116189553486,692.1125271176033
156_Eurema_daira_daira.png,Dataset_pieridae,67421,0.010382391879403815,0.00905477211810029,0.008722550239004331,0.008970538692500448,0.008359137374237312,0.007666861470264235,0.006071010300052141,0.00602989859513006,0.008729089710721071,0.00733155718904957,0.008134299754665803,0.007859287211493633,0.008135307007169617,0.007070375420086784,0.006343555544132294,0.0054738581219949305,0.007933875349963546,0.007046113522576391,0.0073485744281980205,0.007135562606021654,0.007388263201000769,0.00650231957218317,0.006534973889956221,0.006060594906823307,0.006946731347670588,0.007238925210195465,0.006007798342961207,0.00618130513941886,0.00597947489153104,0.005818105475272789,0.005713406475401298,0.006150000803380265,0.013285807367753184,0.0013623176475086247,0.011500906222611977,0.0008179560337677822,0.009900441100342428,0.0004982010954009018,5.203684474926805,1.2417653475731851,7.558161939265853,1.594485498555141,11.67405561096217,1.725931860569478,0.9499741039618801,0.011931967427580546,0.9273590471287362,0.01534461710993494,0.8878643083574261,0.016651112736030472,1.429013204630541,0.19437826694117263,1.7568706469100137,0.1946465153984154,2.207372739142272,0.1678773737349839,0.1151169560645521,0.005821837698284522,0.1071719280846894,0.003883819411628524,0.09946919306953086,0.00251410629027903,0.5480354303655571,0.036465403356777615,0.49399396634630766,0.027790790937880564,0.43753901949280527,0.017719342028596086,0.0003194391640014971,322.6203809081505,0.9515193668560679,4.977676895858869,0.00017163790966135813,13.076025446941713,-0.2645762182785358,0.9900630565815969,0.15332874516949835,298.92860101793934,8.492922507827577,12986.275245395304,3327.223906575855
157_Eurema_daira_daira.png,Dataset_pieridae,63477,0.004388525391521276,0.004654163500776961,0.006373491404449482,0.005797114620673323,0.003895082380624003,0.0036766956573675356,0.005724089139962679,0.004834079129141553,0.005277760296307181,0.004949345155326173,0.007082147535519372,0.006184791489825823,0.004832126357997283,0.0038035544648872344,0.006270106906666602,0.005007974251859822,0.004845752941170035,0.004860412425617946,0.0057895048375276635,0.005113712352869723,0.004587503060003838,0.003861273324746284,0.005632602274526546,0.004589229170222233,0.004067623288087134,0.004801417236907386,0.004280337508551424,0.004449714450715102,0.003727666385279754,0.0036280781665455064,0.004469636832067512,0.004282145811624055,0.03383634929659816,0.0040962868160732075,0.028393337085323364,0.002396747635334737,0.024027413337808307,0.0011925913611579018,2.1240411914668464,0.5144436749187773,3.074055304640204,0.5260338024565014,4.503526563743165,0.3848272160989678,0.8619828362113371,0.03445548457702043,0.7982030951021691,0.036050055536907086,0.6990769217833399,0.028923788898792106,0.9409406499379593,0.13619405263372517,1.1662939718321068,0.12095264877765675,1.444221225742794,0.0860539005055697,0.1836127177758192,0.011077868367855691,0.16835247562439493,0.007126081423957769,0.15496004100221844,0.0038469507923928367,0.6284338559182205,0.039764070899319395,0.5693515892673972,0.03080452394492783,0.507574228328984,0.020037870815988984,0.0006203068938130553,125.70235053838374,0.8711131449856722,4.395382639935585,0.0002715956234114007,11.418728104742499,-0.19280280547078557,0.9516634673588926,0.16734015576596334,353.19917886867574,7.262807145959668,1828.24353025253,488.4864701977258
158_Eurema_daira_daira.png,Dataset_pieridae,61255,0.00596237566204578,0.006715602425832509,0.004802335728547699,0.005163667263677721,0.005592874085362642,0.006318472305808403,0.004804011181203815,0.005563692374136227,0.005377834923510874,0.005671552490960972,0.004163457259229273,0.00452746850250293,0.004755342942469005,0.005379796481209798,0.00442992406093437,0.0048448307897582315,0.004531413422737678,0.005081729506260884,0.0036060922742968235,0.004330580672211726,0.003896700136496086,0.004758110017239516,0.003918067960544501,0.0046151359163449,0.0038593372393217187,0.00455637323108952,0.0030624623790281936,0.004002465082571947,0.0031277317807034562,0.003948333192233169,0.0033840893959916625,0.004320816408998713,0.02915023395515065,0.0031882715809675413,0.024600310646953928,0.0017968446890646989,0.020009890529263524,0.0007575144544533547,1.919220720847369,0.45272531912803915,2.8053950752781676,0.5131190127342563,4.448079344242506,0.351267972812299,0.968119226108705,0.007517756735363902,0.9533692921678002,0.008514440182433403,0.925970500225778,0.005667328077370079,0.7601955765190599,0.11325205103324434,0.9530657349342742,0.09647065710959546,1.249990470158044,0.05365084914770577,0.1704819881903622,0.009280391037658505,0.156737810233854,0.005793918367589961,0.1414310419801781,0.002674115492012212,0.7100695171688141,0.03372952374113508,0.6579819190354449,0.022552562643663013,0.5878788590655935,0.010619473380149467,0.0006559348164879022,113.28759637948058,0.9705266611960297,4.058102261817964,0.0003760383286418033,11.758312126991711,-0.33864777572855376,0.9954718408621367,0.2568021405337402,344.8949557819209,8.05629881058412,7574.047657460498,1921.8338134599917
159_Eurema_daira_daira.png,Dataset_pieridae,72424,0.005058076125747403,0.004420763498422417,0.006516111491343927,0.00446982548953073,0.004633709312844735,0.0037776529816822987,0.006050061848561453,0.0042845556006566145,0.0061822950885575614,0.004994863883710285,0.007603278151743871,0.0056267030156653824,0.00605279595298916,0.004567934573981777,0.007003269524096576,0.004656628091036983,0.00544502025976926,0.004572629077638705,0.00651328239180862,0.004948691571387664,0.005741883229699649,0.004489248416747742,0.006694059516196657,0.0048385978492019935,0.004267781446813327,0.0041093456874326745,0.004820330105891025,0.0040326400036406855,0.004477212415871721,0.0038145499986452693,0.005318705441006867,0.004386927395076622,0.023069020234688292,0.002949400369737268,0.019146387729796856,0.0016966494512346791,0.01604731549494959,0.0008085648568492473,2.6425060573059964,0.6139452138773412,3.8444238584191712,0.6590840503848655,5.463865309480936,0.33009360046547287,0.8423636414463562,0.03678781845011036,0.7699965904362248,0.03975952924928712,0.6708214521642955,0.020076099573841235,1.1207533826916476,0.15555188778411838,1.386163348667849,0.13705604302860094,1.6923828481945873,0.07606082494501391,0.15157882948667623,0.009637358877692117,0.13823373468027209,0.006149985865106096,0.12663785111089518,0.0031890689808056418,0.5724886637379349,0.04084877105030894,0.5107317744401576,0.030317718733285447,0.44989354290564953,0.017796982177238,0.00041168260201168184,158.3867896191995,0.8508652962053754,4.642830161933211,0.00021499179192783626,11.819815572105709,-0.17598571217309628,0.9436229271645312,0.13977929956250548,325.3332490913557,7.426716073521154,1966.2067349086283,531.1483811319622
160_Eurema_daira_daira.png,Dataset_pieridae,72137,0.004520308673601198,0.004586558557003893,0.005678601471599743,0.00431830221399778,0.0042045039433312855,0.0034795076855569,0.006586631395054743,0.00494279535551251,0.005251886563158733,0.004612902491405734,0.0065403322547418,0.004690067048211538,0.005308566305843115,0.004285787551154321,0.007290742849555698,0.005325333043421062,0.004874623657702577,0.004789291724299719,0.00591452480046814,0.005028154367685558,0.004974940950774299,0.004226925708971305,0.007014456074805973,0.0053015616887647195,0.004068983375576985,0.0045658567936085,0.004655002724530052,0.004919967871156611,0.004117604381799459,0.0038818652210670305,0.005841229419532116,0.005122471356242797,0.036942965319678826,0.005378986967767261,0.031284165753836746,0.002420000161463076,0.026985263890490645,0.0013264142106184942,2.50823681468048,0.5820182910812435,3.504199617836429,0.5823184083425857,4.805449946690136,0.27066557855347717,0.7780030077448973,0.052458580832814856,0.686877469509814,0.053463426505061154,0.562582514272842,0.026302654976636055,1.034621774452391,0.1585703631735655,1.2614947421990819,0.12361014522773228,1.5256678325639959,0.07590219735542156,0.19171982278488559,0.013655580215094451,0.17673698495418838,0.006942903077224783,0.16422229235309446,0.004037645946020939,0.6046488974367873,0.04609255313795069,0.5479941182470077,0.028382582756028826,0.49077574353291203,0.019064945041382026,0.0006714649083706834,150.1596074586254,0.7894968928901059,4.531597895769346,0.00023817923540928482,11.345085369567615,-0.1422330905768035,0.8987085187571362,0.16120875298144144,373.61062803905384,7.019892042564879,1278.0456820856853,357.0513223860762
161_Eurema_elathea_vitellina.png,Dataset_pieridae,147905,0.003640526799361872,0.004255765915238953,0.0037645816952212403,0.004567380802845283,0.0033219422163901476,0.004524697554211551,0.004305311747157068,0.005856330406688762,0.0032583396198624485,0.003895326221628803,0.0031930254912575784,0.0037797952721707975,0.0029621842459350086,0.0036156321483105445,0.0033472609420487423,0.004132702826190663,0.0027953269550629696,0.003714656322065951,0.0025375305424154494,0.003153131896132846,0.0024959105637178745,0.00318427764593046,0.0027652423473106128,0.00343966882763587,0.002426561524705961,0.0036046010799489652,0.001985110656842484,0.002599813997365965,0.0019791368128376867,0.002677009329977207,0.0022926959686860003,0.0028839163623082947,0.03219949746441816,0.0026130603925522515,0.028298343811064445,0.0014201521407521433,0.023556067799224187,0.0005807940476665728,1.0819292925646011,0.24453026226544228,1.6025182671434,0.2871270829218619,2.6836559990438906,0.18194656993456013,0.9854008444415001,0.003299520839762132,0.9783803752952975,0.00387156978074667,0.9637805963653124,0.0024623259146769575,0.510474152104254,0.07608399440410867,0.6473870966303288,0.06196506644078611,0.8704571283842222,0.02104588770822214,0.17929350426251806,0.007303204343614103,0.1681685388192959,0.004205515717176519,0.15346813959712144,0.0018968204508158766,0.7912514651957404,0.025468048634270234,0.749573654436003,0.016795055901116396,0.6907866947489374,0.0057891797907688785,0.0014731955060991787,60.99709702848104,0.9870999741152571,3.524879739296918,0.0006146402929517794,11.378328823665036,-0.4359846517111502,0.9990284050527682,0.38638522104927475,224.8471246272569,8.24179185404182,9395.886902076676,2364.2209997762902
162_Eurema_elathea_vitellina.png,Dataset_pieridae,115435,0.005804205063220329,0.007620539150315447,0.005618598823964221,0.007955520005833678,0.005055585768008491,0.007394354647273192,0.0048573184403222815,0.007064604589653488,0.00501929354453251,0.006122387410895057,0.004773038475601365,0.0064161315089201415,0.004689612064870628,0.006019062030892336,0.00477852262575273,0.005920694315368308,0.00491004172583972,0.006271127904647888,0.004447363167763128,0.005884263251974112,0.004428620827387803,0.005706613928323279,0.00465171846828544,0.005586716144678802,0.004818525041772838,0.006956743375385394,0.00395359434450384,0.005397063082518563,0.003947083286014139,0.005265728256225417,0.004328507856580638,0.005501663382877283,0.038723579258538754,0.00316419255626723,0.03456018186092967,0.001602188989342514,0.02981708876298128,0.0009939784060721242,3.129288147896193,0.6796077012318602,4.34473837778197,0.55473323035406,6.598646795219177,0.19941036400996284,0.9718731586108703,0.006106972074092798,0.9609394893808665,0.004998044052850329,0.9406499715362951,0.0018295708579958874,0.8623789787569464,0.11112079967609934,1.044472041807441,0.07373501339893765,1.3097684649653867,0.02173438350990308,0.19662081097220224,0.007989740369515795,0.18585258109902442,0.0043588943277191,0.17265250850617384,0.002863576349053523,0.7201711565817701,0.024255495708727526,0.6831344316534862,0.013742456479390526,0.6380207222865615,0.0051001382705245495,0.0014573561493029328,192.08715093563518,0.9730117321745136,4.084330505416898,0.00043446174230568824,11.501959176625679,-0.3802339854510715,0.9975504646977135,0.3553978149982639,327.5529685879458,8.051313573343885,14042.546999205373,3558.6585375352524
163_Eurema_elathea_vitellina.png,Dataset_pieridae,125661,0.006873268409983732,0.004554182764407419,0.008935522518213904,0.005611149784608942,0.006875088511104868,0.004565253146015882,0.009525399537820261,0.006372963640914799,0.009457894827771783,0.0062596228124843474,0.010870195481685803,0.006940029879012739,0.008524978706590866,0.005579384366688842,0.01044214336447657,0.0067334180276515145,0.009118739390236268,0.006644724378211258,0.010587039317806262,0.007274148678915499,0.008537689320917424,0.00580448883319565,0.010343015042921034,0.007092416610454513,0.007468002796827659,0.006365531783173059,0.008396178874812692,0.0062768996999662185,0.007134253138994959,0.005181227387076366,0.008988441862348583,0.0072300913328112205,0.014685054173282365,0.00162284615626919,0.012518734767803593,0.0007997430926296251,0.011096478832644984,0.00026915853141568953,6.112046956805745,1.4306109876774116,8.546755751656944,1.2502947627238234,11.298651762733426,0.585364410090907,0.6929044884776099,0.07264361749295856,0.5683061079797076,0.06449531437805542,0.4234438179182724,0.03105123713550358,1.7905552039587433,0.23366857482142736,2.1597075288193643,0.17407990087947756,2.5304099085149723,0.07992553110918185,0.12099757329410596,0.006681424265814673,0.11183041483412615,0.0035627357228474044,0.10533207831404401,0.0012775408756990907,0.4384848045094361,0.03768981116212748,0.38399981678893536,0.02262912957305939,0.338504177847767,0.009903145150277605,0.00024333953927461785,380.9744719855952,0.6984959859868639,5.293032435946837,0.0001152669110466129,12.620857527294465,-0.08944986033076915,0.8223947876297701,0.08565688033020173,368.00242998105773,7.492433644753893,2147.679084650532,632.16338915903
164_Eurema_elathea_vitellina.png,Dataset_pieridae,103240,0.007720249304323771,0.005235302241629679,0.008307034099022063,0.005098465734397537,0.007622777547152612,0.004722509772288926,0.010379565108167734,0.007043085620999728,0.011938234525893208,0.008251043874427589,0.013799954966672523,0.008883333393392518,0.012327077706153352,0.008265518527782444,0.016149701321612763,0.010905721693945242,0.013060560430874888,0.009689746731564256,0.01681135640135054,0.011992663741444923,0.014190795169544771,0.009993080215839535,0.019665635633833063,0.013859117993409602,0.011947307001008376,0.00999537622086531,0.015420652873170584,0.011603189248515363,0.013035547931227437,0.00950529381472394,0.019924767296663853,0.01580685905459713,0.008031603903028928,0.000824741302620451,0.007244565222642682,0.0002294150111200357,0.00687882090227398,9.399002345609213e-05,18.40185762018301,4.438549145978065,23.29674687147738,2.3235013082110294,25.446338370844188,0.5775229361137052,0.44035807874524957,0.13572873086149956,0.2890800714785161,0.07103205057217093,0.21682134681337706,0.01736450582405013,3.021505002999596,0.4030960316636611,3.4548021129060795,0.1901172791572328,3.6725845239241193,0.05332979417213081,0.08950575642910787,0.0045081558404899075,0.08510424213150256,0.0013539548977966086,0.08293673051109908,0.0005653621877232426,0.3318765136753761,0.032774273466841385,0.2974554016257467,0.01260288496203012,0.27633437944224304,0.004773351605586692,0.0001334982457970807,1167.0902965018602,0.44261150103373126,6.04013549525102,6.638313706566561e-05,13.541995071910623,-0.05538907691829427,0.7205972405101253,0.06014401532309391,366.5203037580925,7.72919511284323,3022.0854471399507,1047.2939359104494
165_Eurema_fabiola.png,Dataset_pieridae,145711,0.003497054531125473,0.005815316278251491,0.00409494551788056,0.006712397593080067,0.0034682827116641014,0.005898126677372282,0.003816108466918255,0.006358385237126627,0.002500483115856005,0.004134309728999436,0.0022866367348895827,0.003922665605425667,0.002152763963012676,0.0038320739936705977,0.0025836606711645057,0.004494937563857966,0.0019995944372206485,0.0032003092832499696,0.0016353165032864832,0.0025011277986616005,0.0016444387254605996,0.0027950571671285624,0.002010482978194599,0.0031497780827891672,0.001760854200005596,0.002783706969492945,0.0013228757713558152,0.0017843652457999186,0.0013387648594573617,0.0019912582223005574,0.0017153339452579256,0.0023012924988821885,0.06948013108714954,0.004244168138534793,0.0633732701118506,0.0021650192694469077,0.05483781729315856,0.0010041138062796848,0.8807528663271699,0.2320295877907678,1.431956762473185,0.3209997208145721,2.8676141298332847,0.12751871647096877,0.9891328322808686,0.002859066057581613,0.9823442766835168,0.003950922301625844,0.9646878203662408,0.0015522704531215272,0.3750580719885822,0.06308512204420194,0.4922628031867752,0.05652458579746001,0.7177204537855925,0.026538031973192176,0.26346818773458747,0.008040220084159111,0.2517034282954627,0.004319061953879524,0.2341650206724157,0.002135506180203215,0.8515788325211503,0.020148877921669764,0.8193945618135877,0.01330517500062626,0.7687919134793636,0.00600730910727103,0.0032681624551394823,49.57648670420579,0.990396851258626,3.0065624772044446,0.001159633712627543,9.995689121653346,-0.47892428883479665,0.9989577321496549,0.5064989918080898,199.33371099989444,7.530397171603077,10274.353043564748,2580.98238256724
166_Eurema_fabiola.png,Dataset_pieridae,148957,0.0032062853319090373,0.0038442419459396434,0.0036262963590892984,0.0038482690606686035,0.003481159096086206,0.003475359058218464,0.0036815008591067496,0.003747586209828318,0.0029924653755947894,0.003326927387100717,0.0032119212497863626,0.0034589440272479776,0.0031107499614121937,0.0033157020313192335,0.0033828006398329345,0.0035379494969257313,0.0026010042743615167,0.0030122894460515508,0.0026604344800896674,0.0030300625017244927,0.002603159434128489,0.0029815133514949593,0.0030293531032202182,0.0032765340626947923,0.002322670950679127,0.002678087887636326,0.002138922628249096,0.0025073991121153175,0.002116965690247345,0.0025323578076591356,0.0026202384464262415,0.003009983623355429,0.06358302941095191,0.005704462572593096,0.05529608561177663,0.002934926329339454,0.04677937648346311,0.0005405315030291375,0.8784550890515818,0.19016475185544493,1.2722715176352466,0.20775062023605942,1.9745782879143783,0.04386139043967399,0.9523838640990953,0.010343720834631418,0.9309502047555263,0.011316497489074382,0.8925483263729723,0.002377971910246096,0.48413390284556124,0.070881168098491,0.6092044188049031,0.05661105082746301,0.7928397750468503,0.009908595330343918,0.25190457812763783,0.011274436983225411,0.2350676805762293,0.006266670590390629,0.21628179403814798,0.0012498204284011418,0.7921349470456475,0.025879010872642765,0.750284341234309,0.017068753110073203,0.6952550567719116,0.002666519999025458,0.0018697292646259248,47.77482902650884,0.9593219650394708,3.4982668589810286,0.0006425909580872809,10.235192983330162,-0.3491147829252811,0.9927788552145799,0.3745844135049676,305.5350739906636,7.154267920166777,2301.6313678661136,587.3515492231554
167_Eurema_fabiola.png,Dataset_pieridae,119973,0.004876865007452896,0.004160452263915547,0.00559817640569893,0.005060800666246818,0.0051981292250374705,0.004380660272832473,0.005448913999633613,0.004738887123600302,0.004692574847655134,0.0042504391348604734,0.005247159041693855,0.0049063125116372164,0.004723085795001304,0.0042539430429248,0.005588763506152368,0.004926346504409858,0.00405118961799721,0.003960572987166816,0.004189847315861964,0.004180815212617904,0.0038547299960173358,0.003697393166281244,0.005035910989414852,0.004780384838086024,0.0033090082218725967,0.0033515861816372987,0.0031346704825590452,0.003353583729186891,0.0029610677619365186,0.002955528380549608,0.003997556841645971,0.004004140640833928,0.06620872085396194,0.007039015640475199,0.05645172064874596,0.0034842331229662446,0.04727029529570952,0.0008063968201496646,1.6588257192266571,0.3990255853866869,2.466339899732983,0.43020537006854986,3.878858468615245,0.0810177681475386,0.8680744056723315,0.03209876476143086,0.8024072341683355,0.03552046756647869,0.6849840960136734,0.008438892084547983,0.7766485690899451,0.11460020121244849,0.9750505750754167,0.09270280943906811,1.2564785755938752,0.022615334162877032,0.25695168164841853,0.013585070924058834,0.23748083558568328,0.007387379662074855,0.2174094439530195,0.0018517493751588723,0.6862026733916919,0.0354794835934644,0.6310071108647451,0.023107543888165053,0.5649483780805364,0.006606761081090158,0.0013813478581664817,96.5265017570079,0.8784629028957999,4.140248421045343,0.0003355457558899122,10.709454288585004,-0.1875943060692502,0.9390645070348809,0.2221886717552856,362.387504836738,6.847830963131917,1493.1447715498434,397.41781832670677
168_Eurema_leuce_leuce.png,Dataset_pieridae,76163,0.004090576511644245,0.004547093527092421,0.006535350371450097,0.005080767239491769,0.005027335681869978,0.00525675311667042,0.00855164035144998,0.007752764249075614,0.005208816179919274,0.005062687826863286,0.008517173854034247,0.007487132909593885,0.006040311556673104,0.00580213381712268,0.011795060382416383,0.011705817692083462,0.005311432813740253,0.005069053407317047,0.008171548105542291,0.006882478066423181,0.006351801511985286,0.005467721542700871,0.011329433609020842,0.009328248199563348,0.00454916715219328,0.004726459918793294,0.006490408668390982,0.005566771477190991,0.00556158194387563,0.004759976724479505,0.009571764749698045,0.007998628490110763,0.020883039098418987,0.004141861360052157,0.017707966139310402,0.0015296437548803514,0.015840269221363893,0.000904953147271129,4.975534206756701,1.5475516322989487,6.954066975640298,1.816865893011748,9.531319602496142,1.4080917897780487,0.7407970420526018,0.08077808223739495,0.6364856604590349,0.09561133233298756,0.49800441215881003,0.07445807963601023,1.5253690618498053,0.29617476102532553,1.8348897480846214,0.24253837251775576,2.1611929171851774,0.17681829591893988,0.14385474958817654,0.013742274896901354,0.13294403098355598,0.005818141039344667,0.12580734559387247,0.0035750546831951543,0.4967873657018521,0.06338167403789194,0.4414507973589956,0.03502816093186231,0.397009451124913,0.023471241114744783,0.0003576345338832138,308.33703227078945,0.7467909139107048,5.054608224192243,0.00014936783135772075,12.272710358802984,-0.11974029273914737,0.8729484564141552,0.10566233778999237,349.93286139530176,7.416718963776976,2127.57740294607,608.9786088042165
169_Eurema_mexicana_citrella.png,Dataset_pieridae,62528,0.004739793211288838,0.005286020314023701,0.004780354161301293,0.005791108751779901,0.00689701838953111,0.008584638964843332,0.004476526763367319,0.005012225886998531,0.004305725118468939,0.004354421916407478,0.004135418921509412,0.004669186599377874,0.005278599879835551,0.006143454434111898,0.004293465224441935,0.004455805750289863,0.003982855402573907,0.004372332319522875,0.0038799183030108165,0.0045613660190685695,0.004365906988402657,0.005172657526147454,0.004043286646245041,0.00429892027780838,0.003410644199441728,0.004084965662719149,0.0032442489430819553,0.003941737843449455,0.0034147267982695653,0.0039845952326182975,0.003405237617835753,0.0037063328235509775,0.05086008189184713,0.004213438439490131,0.04456557360683663,0.0022724389722785926,0.03800129860751406,0.0011190518964315443,2.011821586403294,0.4851214380745561,3.0113349600416495,0.589767795485103,4.806010715754944,0.5480051036871256,0.9754185536199755,0.0059234477940652615,0.9632566839940025,0.0071690474237602695,0.9414726082442622,0.006676342854380565,0.7561348921986464,0.10111346081862045,0.9434605578435862,0.09664208450198633,1.1978725958161072,0.06465832399647568,0.22532735345032726,0.009362995189490811,0.21103704833500928,0.005379390010362495,0.19491803766380073,0.0028735345495093153,0.7183857336736096,0.026668258062094965,0.6734897401451277,0.019712835196208908,0.6227700458861027,0.0091223151869053,0.0015063298677162693,119.74446605136353,0.977028597807214,4.028841120265414,0.0004381422524007054,11.080904324565871,-0.32786756008873297,0.9930193131427903,0.29795626346096377,285.1116308339416,7.59290895319826,10305.195046328929,2606.2348780950642
170_Eurema_mexicana_citrella.png,Dataset_pieridae,133595,0.005607592041125749,0.005745131801493299,0.006462742779112922,0.0074661565421821575,0.005932664419330124,0.006954715739092405,0.0055621972649274615,0.005699993996682574,0.005033276164894885,0.004838750937551962,0.005652915133483035,0.005803120756768315,0.0051369105572644175,0.005408642547823966,0.0050789543503867145,0.00476786959491466,0.004373007377210023,0.004801654145340956,0.00463180189699815,0.004947080809664392,0.00431332454127266,0.004628672157120069,0.004403183039772187,0.004389817410070617,0.0036912500913336183,0.004607718302591016,0.00352801454296157,0.004023637761339563,0.0033750507172233394,0.003816847919701115,0.0035397581727863612,0.0037587849531849865,0.030456786346893326,0.0030189585624830055,0.02577418411779284,0.0017025703456459422,0.021579631166547552,0.00022632908819896549,2.229161420909384,0.5195988816906131,3.371242650908852,0.6362962922815829,5.5568241375928675,0.2622560358939592,0.968722014072117,0.00728124028409718,0.952727935852892,0.008908276343199621,0.9222008906282249,0.0036806566780266912,0.8540545786910141,0.11578277632207315,1.074837273673497,0.10690336545889041,1.393363008073678,0.027367407936704526,0.17430341333690275,0.008666397521355385,0.1604559497652434,0.0052983301828523595,0.14689806153893054,0.0007685588150123728,0.6782649771340267,0.03188654673974723,0.6239076456805315,0.02282976077714054,0.559564138678968,0.002743517488326573,0.0006395671643212569,132.42801018718373,0.9708832368225507,4.234950082680671,0.0003519814475926618,11.856003432871471,-0.29307221811665063,0.9908406330488838,0.22221254577975208,274.4081548485583,7.914639072664974,8963.177390160883,2273.9013500870196
171_Eurema_mexicana_citrella.png,Dataset_pieridae,125518,0.003202570540312476,0.0031097445291665146,0.0031879951709123436,0.003180912292685183,0.003372945506071846,0.00313882696740455,0.003666966638745584,0.004138185574563271,0.002760728770555959,0.0029608031353982947,0.002802631487886516,0.003104055994043497,0.0029756383779511782,0.003108699444974036,0.003587417070597371,0.003858237151544477,0.0022229090132936382,0.002649742218516419,0.0022394918392341645,0.0027724662975807794,0.002331588984241612,0.0029132278970159273,0.003081279807177162,0.003662617654185979,0.0019959671667674457,0.002511203979635025,0.0018261049664467204,0.00242043151438057,0.0018678960804093352,0.0025899391097185327,0.00256842092650517,0.0032503000135659806,0.06994402567250382,0.006456485516619895,0.06039417974046072,0.003524566069598599,0.049239943623627304,0.0006647376271474276,0.7987391006582698,0.18828547714368798,1.141111037252886,0.20251803159166257,1.771877827876459,0.09875647279259764,0.9264829904345118,0.017448620857350813,0.8944002837119699,0.01903520032587113,0.834744456708415,0.00926125438537666,0.4597032182370534,0.07469694162528953,0.5822739041124693,0.05941932479708256,0.774154113650704,0.023439241600890722,0.26418971781686007,0.012158070256076181,0.24564670669223143,0.007202446231770404,0.22189570631430572,0.0014963765911958247,0.7986220357263725,0.028309174169521917,0.7542626212473569,0.019404004805661967,0.6913072789116627,0.006616129934055885,0.00247849506552755,42.36047581207606,0.9381574833612947,3.439962751637256,0.0006672570818071873,10.211335970109833,-0.3397352179725193,0.9914739065785008,0.36681361579968547,265.6941953563417,7.111445265011725,1328.2145111585305,342.643746742654
172_Eurema_mexicana_citrella.png,Dataset_pieridae,104382,0.0037959122664833955,0.003679902970747853,0.0038787739018206185,0.0030896547407954144,0.004115784983250414,0.003304305275674361,0.004534078354889794,0.003699483690435104,0.0033660293619926836,0.003522241622428933,0.00390249091100422,0.0032952641714441505,0.0036634850082948134,0.0030361531899433898,0.004662567710275924,0.003931308975330759,0.0027131074251432723,0.0030519165139065176,0.003047230481154119,0.0027541598980896425,0.0029004871868603286,0.0026898932409242507,0.003877181473458268,0.0034944216459075945,0.0022901548894607446,0.002718855794607212,0.0022511912135382882,0.0021692461069438788,0.0022235096112776086,0.0022624575851763846,0.003053247478683564,0.0030593250376053475,0.060027647208198434,0.007470700672598375,0.05015557344896025,0.0038445415451448424,0.04061078438791422,0.001330591415589031,1.0244381389035313,0.23319986520938166,1.480356481823018,0.25533723881539655,2.3021979243327335,0.0854221827761683,0.8804033379635812,0.027457613136304,0.826741857214201,0.030057405754769898,0.7288401536330011,0.01066277126309102,0.6033948641737428,0.09668513857298892,0.7608404970929489,0.07987387971106231,0.9926254598588327,0.03425270620792053,0.2445433031023454,0.015040615545677165,0.22378496185953267,0.008710011164617778,0.20149414976296803,0.0033003028971332507,0.7356117121494707,0.03688187017147062,0.6808461813207368,0.025992555066387042,0.610203046686346,0.011671232815968989,0.0012087907326534411,55.72570656736136,0.8965403541247339,3.791249613802699,0.0005157828747516577,10.562647163635397,-0.2381339021981583,0.9676221015518444,0.24194040802565747,246.22795093645868,6.957993835384247,1022.1339090682886,269.4649039089127
173_Eurema_mexicana_citrella.png,Dataset_pieridae,123812,0.004604988671271367,0.005257753680374411,0.0044956649985102145,0.005637190838656242,0.00449454814036638,0.005422895485404217,0.004840300245211435,0.0061857508297212946,0.004063896653599539,0.004293846742465426,0.0039128934488172375,0.004181855301021155,0.003964731314373415,0.0041775369912760265,0.004193392705296165,0.004429916294071381,0.003630878690669026,0.0038752809111285065,0.0033421343846894956,0.003447452426591733,0.0033866100352451427,0.003498197329548388,0.0037756174955953393,0.0038633793960617053,0.0030797723371254,0.003800687594954706,0.00262446682248871,0.002744889190307472,0.002632732031591839,0.00274237928896533,0.0031153331429950946,0.0033698965008200506,0.02698389808429286,0.0027104679519434523,0.023143521554810743,0.0011625069456204491,0.01950361797271066,0.00014393665579400788,1.5503336883894931,0.36781212012182907,2.3060184491276328,0.39290060452145864,3.9093425126691983,0.1190286155939675,0.9730028552186147,0.006395067940139475,0.9598778366092774,0.006820483370512492,0.932097223177473,0.002091735362760486,0.6805141861532562,0.09727475239626723,0.848964366801523,0.07143916527323016,1.1002504216815814,0.0050699178324687824,0.16406040403444386,0.008251176422056035,0.15208190872685928,0.0038229037139307577,0.13965440338337773,0.0005153526399172,0.727352765599134,0.0302316041682399,0.6797699463773147,0.01749035565540502,0.6234880765826083,0.0025411532659156033,0.000648826621819335,89.62289904766044,0.975514748963434,3.938083238065354,0.000473523908036833,11.581922143372918,-0.3456751496759598,0.9956942803091396,0.28226600805690755,229.36140344472798,7.967195259872831,7230.2046405976635,1829.9568849113334
174_Eurema_mexicana_citrella.png,Dataset_pieridae,109152,0.0031408040481137557,0.0026211359480315007,0.003639289517693848,0.002900745761533397,0.0027340677055179997,0.002532947129605793,0.003117825524394533,0.003062771591133543,0.0023766724467230225,0.0022104690664184147,0.002728715096748157,0.002473649716894914,0.0020916456700476745,0.002017250368325785,0.002525977017919311,0.002765738134904025,0.001825970245992372,0.0018614130941468083,0.0017950674906543086,0.0019256789719595156,0.0015719639131387055,0.0017108244058678585,0.0019367429623583859,0.0023235902582913613,0.0017196027091442554,0.001835304519033171,0.001413045676743078,0.0016727869411987887,0.001344806431365287,0.0016298664157058647,0.0017841255839520934,0.002230539963258894,0.11638227725616068,0.009652948429695937,0.10063055560618658,0.0072202612566554195,0.08147464050221154,0.003121587372849946,0.44085529084832376,0.09819798336010954,0.639731158108343,0.11183179354193348,1.0802181082463682,0.07664143162336733,0.9233058603195712,0.017412565801740613,0.8875747679799557,0.020155347566269657,0.8064967407237834,0.013245739660425755,0.34314755567124794,0.05746418006436765,0.448176129480367,0.05355042093573515,0.6324376759550234,0.03162945308877485,0.3408508943504845,0.014245879286150126,0.3170219696939186,0.011297182727330782,0.2853859108354907,0.005433451831838129,0.8376928680218438,0.024951257922008602,0.7936370357390758,0.021636259830562502,0.7237332815340385,0.011805374937973966,0.0030164026028507273,19.522486345242044,0.9454375305145957,3.065880452130913,0.0009235254362843122,9.375718615532328,-0.33650163808032774,0.9873512987934745,0.3798569461872494,269.4806094081406,6.612443692891603,697.0887844354147,179.15281769516514
175_Eurema_mexicana_citrella.png,Dataset_pieridae,105203,0.0032341268329515688,0.0025985985331101902,0.0035940939960410153,0.002792149051410779,0.0029623695516081483,0.0028062335117336216,0.003037168869562093,0.002663022235756506,0.002828164243623802,0.0025593064015169502,0.0032057835994862326,0.0027459636016552826,0.0025681770990093533,0.0024350312971805916,0.0027994242402363226,0.0027745365792144656,0.0022101246858564714,0.0022525014265323572,0.0022863550535612612,0.002315045806162568,0.002045687215245876,0.0021492432269614842,0.002348948020318825,0.002708335127876766,0.001928787061559241,0.0020352607693969703,0.0017014856371130973,0.001914603894523526,0.0016367619717200701,0.0019466751670704926,0.0020390167803322123,0.002660838125938239,0.09743343598424153,0.008773247036791781,0.08360476592795203,0.00583508117422749,0.06881584308354599,0.0025461090529823463,0.5844824674245181,0.13025558514663496,0.83177651905458,0.1311350713807961,1.3003348486176252,0.08615804943472026,0.8985864244680479,0.022818398741582046,0.8542938213919015,0.02364598875885609,0.7686306876897366,0.014232574489377111,0.4105979071936756,0.06444480750184411,0.5257998193164484,0.05651669459537582,0.704218370506191,0.03110308846035239,0.3118232036894528,0.01413243167637922,0.28897079624728905,0.010032190396905807,0.2622832380481619,0.0048317825403495955,0.8106816329972316,0.026401244586613377,0.7647835054186828,0.021685840762910216,0.7004530027686061,0.011084954324430896,0.0023544629608691697,28.469632548068613,0.9207655517141392,3.3005317510318943,0.0008562575683109654,9.677109295201554,-0.2975702745201793,0.9811203207878323,0.3432772563584725,249.40954395625204,6.653774488969373,690.6592031620476,179.78220892752552
176_Eurema_mexicana_citrella.png,Dataset_pieridae,68414,0.0024927710524862328,0.0028062887427220485,0.0028672125797421875,0.003895859590971241,0.0034829970338204497,0.0035497458740447636,0.0036100139080659046,0.003203191359765708,0.0023966223695999793,0.0029536960015090897,0.002592315135294078,0.0032088504673389445,0.003345243135932683,0.0038381786156854304,0.003897596943480349,0.0037639652810977577,0.002196942832017058,0.0030913131708526853,0.00227449070134954,0.002831629902189527,0.0026771608815454573,0.003430015563023327,0.0033750706390577264,0.003569728101141806,0.002138680350412741,0.0031911627313813426,0.0020126102444652755,0.0026541178721460144,0.0022257607510273603,0.003194425555791508,0.0028295178073391588,0.0032988870419431455,0.12401702177372415,0.013946076171844827,0.10971660397019675,0.008341521050328187,0.09348797829654007,0.005872968876805088,0.8791065411283654,0.1956227315482825,1.2286078376999598,0.22400407451919574,1.8066909847375006,0.1329776165417456,0.8731299440348184,0.0289128626815338,0.820947637039934,0.03324088146496945,0.7314885376141274,0.019939898356334647,0.46635067170898303,0.0827837916829022,0.5800953050095252,0.07233215756845758,0.7454180119533351,0.05293111721098625,0.35162368413602413,0.01943724590402877,0.3309876114387191,0.012798634469672394,0.30560820605509104,0.00957092933466136,0.8005110113879093,0.0329427701132054,0.7607151586094004,0.025188292875313236,0.7061241908845656,0.020151885790969975,0.004051398471955514,47.56600839752164,0.8897216739419057,3.4159292781995836,0.0007036422651458165,9.476190168726864,-0.2798899686281492,0.972977563024198,0.37000172050600666,307.21674360404484,6.463341006760865,816.2683156555031,215.9585810132612
177_Eurema_mexicana_citrella.png,Dataset_pieridae,77787,0.004519544141846553,0.0038868064235183337,0.006430224527600048,0.004536864999963608,0.005249701670903664,0.004432357839774134,0.00721801651454744,0.005069008762906146,0.004172712006755533,0.003605292810807789,0.0067852641045936584,0.005420797667683016,0.005353238042789741,0.004495317705941547,0.009454552595112702,0.008429209298761897,0.0035314585005703073,0.0033149578586608164,0.0057487283469979675,0.004679355255811737,0.004769033119327298,0.003975078716717912,0.008895750955490306,0.008544729053893958,0.0029691254167781003,0.0029251796428117686,0.004310129696767081,0.003620013227586351,0.003843189334358578,0.0032402280370639252,0.0070725618013111405,0.007307365901714622,0.029351690547685695,0.005623874328693815,0.024244100285904888,0.0023507280587099838,0.020143291748763163,0.0011963459873573813,3.0204624707812964,1.0082049027984552,4.263812022904457,1.2017118808338736,6.133782309950949,0.8241905315496516,0.7696413531087183,0.07725105573570921,0.6737034586123838,0.09319102722613998,0.5274302102514182,0.06479400340331051,1.1296075764211253,0.23237037344427425,1.3921200046863345,0.20188012468589614,1.731861655879548,0.13245263308471225,0.17059664643747596,0.015763082565682318,0.15551305182043,0.0077324639928775685,0.1418645933512552,0.00421057027564671,0.5840704849835554,0.059497959624567984,0.5217407740765476,0.037413895031627564,0.4545677726910545,0.023053720387445752,0.0005195949148409928,183.24959395449028,0.7791699696974124,4.631149343849373,0.00021557912568253616,11.716102965764025,-0.1519889911715338,0.911580840818876,0.14351022613820857,335.2504117469811,7.251416209138305,1477.888551193224,415.28453628693387
178_Eurema_mexicana_citrella.png,Dataset_pieridae,70286,0.003673374989082124,0.0036063267131471485,0.004520396251191025,0.003877180420023005,0.0036229581960639068,0.0035271686889518264,0.004549854522387795,0.004165779229230019,0.0030765431586352635,0.003049851223946329,0.004363256018435195,0.004079625577790874,0.003216547251831643,0.0029150207645201424,0.004588977596431938,0.0038389910611190334,0.002596703900969442,0.0028602418481187388,0.003338233910963548,0.003376439572384063,0.002777824107478288,0.0026498815777029486,0.003996399542869129,0.0035467418778440058,0.0023793779997360693,0.002608767579282032,0.0025385039043570724,0.002844114818184851,0.0023099816002365983,0.0024495188252728855,0.003260471179731795,0.0030567862049475972,0.07373890893034804,0.0098805482534106,0.06241564408715761,0.005272728571452359,0.05153918950724987,0.0026106648043863465,0.9910683732895209,0.24933198456475095,1.4506537339051864,0.29612491504036,2.290182738703696,0.17660869421904116,0.9076082070152447,0.023720207367421246,0.8629582455773157,0.02908480758824869,0.7778474772457182,0.01802005919970826,0.5858110045502705,0.10067763909779291,0.7403386068640878,0.09111989836960652,0.9641663469511084,0.05296569179093918,0.2709635732462581,0.017822763645623626,0.24960010263874466,0.010743968069839828,0.22694960034327696,0.0057505140010911185,0.7430490309131385,0.03819342705241498,0.6900507145748961,0.0297390240804666,0.623559673887665,0.017599804589276725,0.0016112238964740917,53.49486815254073,0.920693189807859,3.74879190981975,0.00046397877002364335,10.336197983169413,-0.24777139785091618,0.9691264449435224,0.26345568364434374,345.1951366710824,6.860667424118165,1297.76010347364,337.81374290654
179_Eurema_mexicana_citrella.png,Dataset_pieridae,61356,0.004887272602580043,0.00487239149866829,0.005548148924815742,0.0047998508239551815,0.0045574378802814616,0.00499290728656403,0.005214916541253332,0.004544653747246625,0.0039538107096898705,0.004540810288854436,0.0042226589552168976,0.0039588887223100805,0.0034327063855044237,0.003745533399884767,0.0038672943459450142,0.00348261303664012,0.003049435249435917,0.003744016167870741,0.002934134909889851,0.003050452766557118,0.002644492455580114,0.003209157555571902,0.0028780153962433422,0.0027919006899972273,0.002621060783152277,0.0033604103907248165,0.0021963207810479805,0.0026052156393750786,0.002107540580228151,0.0028477093053646376,0.002375588609803146,0.0025320851747069636,0.0272655644679079,0.0032225623352397973,0.022480412649379812,0.002034266738730098,0.017324973032597554,0.000916324503256455,1.231608785471527,0.28675433524515087,1.8678872288677306,0.36917719897669826,3.3095628838021147,0.20545354280572967,0.9671604184051981,0.007646464441099685,0.9501802827748491,0.009854314528009108,0.9117314120601275,0.005356528479485625,0.6256522885626367,0.09727738212286825,0.8083586138551564,0.09412946426917444,1.1305748464497203,0.0556285699956861,0.1648334230582728,0.00977277395627032,0.14978102087122885,0.0067866365861388505,0.13157828982333253,0.003482338261090587,0.7370885437045342,0.03423071192982327,0.6793992996103937,0.028316699881510383,0.595457047677185,0.017435005447841687,0.0005777730956820358,69.11204119650529,0.9710570476718725,3.818669331607703,0.00040819345530373054,11.527603167764575,-0.34561551025952814,0.9955271672296943,0.2566668190684819,284.74951376025456,7.946251770602457,4706.731549838882,1193.9608977588505
180_Eurema_mexicana_citrella.png,Dataset_pieridae,76290,0.003398476727010117,0.0040668429271515745,0.004852887469416302,0.006248681838224774,0.003654027427203112,0.004333310341027155,0.005022823943614736,0.005140523947362405,0.002638376672877062,0.003151847946145692,0.004047536105315078,0.005435386806640757,0.0029676625049117646,0.003824279994585211,0.004578530820628251,0.00440557245331223,0.002361316128353801,0.003011547163608344,0.0030368073152039097,0.004276073045744609,0.002472494742811625,0.0036414062144504277,0.0036309298902756706,0.003993103572456973,0.0023633802408863864,0.0030552538763469225,0.002438989541660597,0.0036262038201963355,0.002224004266160302,0.0035486875135586093,0.003038067738950795,0.0036202784508690316,0.09042843714723028,0.012425861670956873,0.07717961842107057,0.007584805018462221,0.0628561009851252,0.00457048802696353,1.000350000683605,0.2626932337420467,1.498030470296676,0.34212261650647424,2.5223546614566494,0.26895545775337715,0.9330506919828526,0.018067379700549703,0.8976036883181716,0.025061951886007194,0.8212434220838569,0.021778207391107734,0.5283674450016235,0.09900318798206993,0.6773987840645014,0.10030926297981188,0.9188840822937766,0.07299163619199374,0.30003573211249085,0.020174156808944927,0.2774611632218158,0.013961422730776316,0.2505461296707856,0.009096037165442142,0.7733712001107462,0.03787916342876466,0.722940654803806,0.03352011192436505,0.6509416860804933,0.024597542592153965,0.002193568386007777,54.51167591683746,0.9423593796159411,3.5733582161899218,0.0005002729578028758,10.107647034000799,-0.29007735031532644,0.9808924710227729,0.30064260690424016,387.3117398198877,6.87919604971456,1841.4242454734558,473.9839803475734
184_Eurema_paulina.png,Dataset_pieridae,73661,0.005084877945854503,0.003898177374359097,0.005936961614237725,0.004205785680775434,0.006783787722079117,0.0052958007273197945,0.011826786003380258,0.01076361572879979,0.006162318768280026,0.004395155386457691,0.007146153654125226,0.0049048385155737945,0.00771651228749319,0.005880488583994819,0.011525378156625661,0.008941433886414435,0.005626860003371022,0.0045049370128997564,0.006307689351991106,0.004437631955106494,0.006846400816347771,0.005303921165618311,0.009333463405919833,0.006258717564601637,0.004383684045494752,0.00404273091739633,0.004809875408013492,0.003706972686492313,0.005101386382285481,0.004154028219812306,0.007102445044094189,0.005199495642804214,0.019551584084089593,0.003567328367156539,0.016142209959248387,0.0015222923106085388,0.013560075834123279,0.0010239772283329868,3.7172031958857117,1.057653191282752,5.515918601920713,1.5131279719081763,8.48319276636175,1.4967892341915203,0.7669501359208801,0.06640717839305905,0.6537859505355265,0.09543195120387203,0.46630707732780174,0.09494738064867922,1.367785139052101,0.24491773933641744,1.696246494836156,0.23852152982603822,2.1370411767066635,0.21364561100212293,0.13928608452629107,0.012287015155215424,0.12690245660554558,0.00616250490677358,0.11636708247089503,0.004333353359143055,0.5141018616331346,0.05914101415502234,0.45143170683841527,0.038199877020375736,0.386690296181595,0.03139794420501834,0.00033372756056477924,227.6626279725166,0.7747720281332936,4.901261809380835,0.00018775481652462094,12.160374916349936,-0.12769104272836132,0.8873968433040782,0.11235957615805477,290.2924217546604,7.407763286065091,1794.3016286787642,505.491064162823
185_Eurema_phiale_columbia.png,Dataset_pieridae,155885,0.003422905255328992,0.003952041232984286,0.003007266191721165,0.0036302901111957093,0.0027625296557575035,0.002869946226410323,0.002643219687353714,0.002664489392170852,0.002824063052245926,0.0030737476960758323,0.0024229560738230874,0.0025846402301856,0.002402056931363948,0.0022907168636255677,0.00257624508693017,0.0024907478612069605,0.0021491008848743163,0.002350864145925956,0.0017940587406335032,0.001908761643850236,0.0018071564586751925,0.001952684662641596,0.0021466007705097665,0.0022210618956790434,0.00198110938930939,0.0021282813714515038,0.0015139754241986505,0.001546368273362862,0.0015191171203172253,0.00165981610891377,0.0019813242369848515,0.002023344511070902,0.038779852651746126,0.003607634118526191,0.03296698089432777,0.0023203333346091797,0.026389292054126573,0.0007131306339075328,0.556805713108001,0.12079556218180942,0.8042129818020277,0.15502913156014483,1.3358821328686852,0.16337137631100268,0.9862885328671566,0.0029723372508762154,0.9802027574492677,0.0038080906146095417,0.9671337912427752,0.003994124186828857,0.3734748943432251,0.05941617066370919,0.4812632406528846,0.05511444936832391,0.6621563959777412,0.03730608865493641,0.19671281293312895,0.009160888585827382,0.1814546561873779,0.00641783781722843,0.16243293811526127,0.002198333316462601,0.8288585937000248,0.024871247152852213,0.785522516052213,0.020494111433766556,0.719859702809328,0.010925160068263854,0.00094757441388154,26.491364436356612,0.9897580476209038,3.135289869767931,0.000673962199124549,10.803101568770135,-0.43845582500974595,0.9987200327620821,0.36054190750461573,317.50698262805474,7.90379366936069,5146.399021805108,1293.222596560363
186_Eurema_phiale_columbia.png,Dataset_pieridae,92075,0.0027061006422236518,0.003243625788582147,0.004690278385191812,0.003967012646051791,0.0026900232402850004,0.003217106619631443,0.004670782746867481,0.004077496806326676,0.0024745750424754543,0.0028819131761140086,0.0034973816341768832,0.0031126209469716703,0.0027040577057221983,0.0029552020664297563,0.004591645176012535,0.004647047310730104,0.0021272193235722706,0.002811874285560371,0.0025090219315361444,0.002676552501693933,0.0022900140249362175,0.0026568973524681155,0.0037150932870812325,0.00424890949365285,0.0019886880518522427,0.002715887559860408,0.0019327573357442221,0.002438017391639183,0.001871395299503056,0.0023900306265442176,0.0030099003314357155,0.004055214246731811,0.08396390598713324,0.012245344977737299,0.07113070706344599,0.0071583542130602305,0.05801491469004125,0.004736837489463696,0.901426446151312,0.23876168588923655,1.2613410379667078,0.2626475782170764,1.9468572861050453,0.2371335175203026,0.8726383809006524,0.0342963987673542,0.8198818363678351,0.037920254286163295,0.7159099401687703,0.03480317239736935,0.5240640104305043,0.1043063104408971,0.6627908776748324,0.09564046243776243,0.8827868065964051,0.0861621056332024,0.2890254420217403,0.020692990389765516,0.26635373700414805,0.013652613206677565,0.24066199555968587,0.009834560654700848,0.7698404309244608,0.041248045866560376,0.7184886933906168,0.033886700931225686,0.6457969688574656,0.029546208991518774,0.0018821842010030058,47.98368165183794,0.8919349285798489,3.5769654663846553,0.0006333117351827687,10.061316570423552,-0.2516342932926584,0.9669284250628782,0.2880676145764496,268.6840292090367,6.7090959597230215,841.3320566304574,222.32893457058435
187_Eurema_phiale_columbia.png,Dataset_pieridae,104081,0.0037870331587644924,0.005128815750733592,0.004322229371028753,0.004868954603062555,0.003966019037704755,0.0051170803969675755,0.004803837460886821,0.004828418971296238,0.003749099959506357,0.004669618104004869,0.003954066451715323,0.004545437398772224,0.003864447126016952,0.004700877358776743,0.004686240127515648,0.005085195487691921,0.003632676838887309,0.004705884245658303,0.00368688781044856,0.004822891583783904,0.00356431498456976,0.004487099704743409,0.004317961639202001,0.004861560926851395,0.00325591726944123,0.004472395510645724,0.0031416997217910882,0.004534709034882473,0.003031872953768199,0.004027692929353403,0.003720693102788514,0.004473568875760247,0.0808472374919863,0.008393902081413938,0.07036046649666505,0.004776940816667451,0.05905484466581509,0.00313609613447556,1.593530500073423,0.3504190092972873,2.2553061524091267,0.3396365243666741,3.2442451750959513,0.08239866669097541,0.8716494783367197,0.02895654801136568,0.8150201093172049,0.029435763279681174,0.724790777656609,0.005270370567754129,0.657974658632432,0.09559084207067675,0.8117932875870536,0.07272567100696123,1.0175045032234113,0.03322290173641632,0.2839615654863147,0.014596808505550495,0.2650976612377174,0.009148579286286424,0.2429266433482447,0.006441321088861079,0.7453118054429477,0.029852130101935964,0.7023115447866891,0.019969420162465185,0.6480585858534459,0.012918804796711272,0.002224503177696986,92.9957547611852,0.8814257636850601,3.846535503636505,0.0005316586602317513,10.313065725900334,-0.26009529037284673,0.9742173585683301,0.32900185733997067,321.8478012205186,6.883265954419894,1477.7854945796353,392.6953123352059
188_Eurema_salome_salome.png,Dataset_pieridae,121198,0.0028139386728187614,0.004377856848540645,0.0025665756201529,0.004550096868772858,0.002323523177198209,0.0043832838552476695,0.002486857329169985,0.004388325699593681,0.0022761039982201175,0.004081799205438791,0.001944854135224066,0.004150939326725848,0.0017740396735717043,0.0037471654738372427,0.002044781849517964,0.0038866426959431755,0.002015237789146444,0.003761381963711063,0.0016568291443323489,0.0036412074060476513,0.0015339629683328551,0.003223952464163649,0.001848817151297056,0.0033947329349469178,0.001974301321106043,0.003588243386735444,0.0015166175723802262,0.0030500615860987834,0.0014546133422398935,0.0027426033176041254,0.0018096227177168973,0.003126418349341071,0.09526656206515374,0.005407860536454562,0.08811913193934928,0.0031931615617616497,0.07717808283734119,0.0027773431392969943,0.6932984860924106,0.17370645420032976,1.0609539747778125,0.20407856604129043,1.7855410646066063,0.08886603059173626,0.9760093334951465,0.006041381822619966,0.9632318402532993,0.007072669082860275,0.9380265347469977,0.0029585970650623902,0.2863803154917106,0.05030328770996591,0.36855559390842363,0.040953455700881616,0.5117331731789603,0.029441636192964308,0.30852925279207066,0.00873282524274254,0.29679899912362917,0.0054301066804659185,0.27776496750921,0.0049704790461986646,0.8870636091367412,0.017754398576466213,0.8620004053751636,0.012212948096021914,0.8192228368329335,0.011201301942013684,0.005421196701687296,38.42710179401668,0.9790536709946824,2.5985320957373395,0.0013823319791445396,9.328824891815673,-0.523956333575636,0.9992328799312252,0.5808528988130663,277.8007476972835,7.258297507819278,3632.000544220842,917.6069115037126
189_Eurema_salome_salome.png,Dataset_pieridae,162459,0.003196096371395043,0.005589534061930516,0.002868285266773466,0.0055584792733818205,0.0028627629710701163,0.005277201713050615,0.002756123730603323,0.00514578385722678,0.002127601570039047,0.0035953202401663646,0.0018730107899766104,0.003779975451918617,0.0017701758248764334,0.0033743383222567492,0.0018847724236006238,0.0033798681630816574,0.001770453084289842,0.0028523902399446737,0.0015021922810715316,0.002811575227454853,0.0014483414400742933,0.002521381310945516,0.0016269087491812997,0.0025559636268775955,0.0016555877210765449,0.002529601389986302,0.0013042678110922112,0.0020724383780368976,0.001279718429126457,0.0019157956626935065,0.0015490604314898077,0.002116128323650578,0.09062394203031435,0.00415530265596065,0.08508811364124501,0.0026652056469704515,0.07666235187351744,0.0020739729339873106,0.6149187468034701,0.15900646555274703,0.9948607170618355,0.22394265988489948,1.9642277584180927,0.09117315287641628,0.991238460421168,0.0022682875609892146,0.9858138122853627,0.003201384047672843,0.9719317612129015,0.0013259939829775584,0.2594043512481642,0.043684108613049014,0.3376708000734159,0.03891117245323204,0.4863251985457646,0.01979373463639205,0.30095955761607474,0.0068765332727282755,0.29166223876731784,0.004610002004456127,0.27685455648536517,0.0037291321791011675,0.8967922675479799,0.015004704297239697,0.874367526054884,0.010469394154768115,0.8377188785329065,0.007305637612339616,0.006492603085347333,33.932307401121534,0.9923942952877526,2.486928104089241,0.0015772003645306686,9.225062489594816,-0.5684977920897909,0.9996280191790947,0.6180657324677842,228.81848637694128,7.346863814169433,8889.775913560326,2230.92705524036
190_Eurema_salome_salome.png,Dataset_pieridae,120603,0.004687433829743732,0.00423053793690522,0.0053460053117651805,0.004804786280792885,0.005970234422185551,0.005555804058082981,0.006443124540566616,0.005178179822560115,0.003985026718298819,0.003734226086234766,0.004573143298911653,0.004436671871657876,0.005316781255194295,0.005223850589934504,0.006169574824430678,0.005263400034096881,0.00366323370689554,0.0037779511441311856,0.00424307930358632,0.00421812164787015,0.004646642263660507,0.00479844883128537,0.005696162293641758,0.0051510988265162086,0.003372762880566498,0.0038667819566711448,0.0036007811383215946,0.0037329815181295065,0.003810744329825863,0.004231495748308064,0.0048999906635831805,0.00498133038372491,0.05137610701665824,0.00787631149529235,0.043355598444706184,0.003763441023980533,0.03599520211161484,0.002195595714835987,2.114714963421152,0.5002379476631956,2.9943508641650496,0.557776948824746,4.4395496206279805,0.3249097691887771,0.8686726330095111,0.0314333163524564,0.8125989348620595,0.0360400326239004,0.7177902524883436,0.02218482268900805,0.8637157370241437,0.13697430225852317,1.0633760347072945,0.11609974133451142,1.3343624137090175,0.06792528278954951,0.22603601561172093,0.016847155933156565,0.20801334667388008,0.009276101025665966,0.18963706091966748,0.005743451694335703,0.6664685810807347,0.04270716704257781,0.6127446479889678,0.029628477229642576,0.5499690161784014,0.01856572147039929,0.0010580142057671088,125.31188167839764,0.8771060638583912,4.270920508358342,0.00029730597131993425,11.113845628042496,-0.2049822219090921,0.9545143088581358,0.21250432331161237,394.2276787256756,7.147204322325988,1915.5910862312958,510.2257419774178
191_Eurema_salome_salome.png,Dataset_pieridae,110422,0.005105508993704424,0.004021869905849907,0.0064860136475225535,0.0038706251580898163,0.004422530020693859,0.003923452937336627,0.005575696473064718,0.00418120503202424,0.004357750685009407,0.0034709551472953087,0.006475103589657207,0.005136262971641458,0.004159879507447059,0.0035024547505723173,0.0056959708815231104,0.004723653133418991,0.0036761341478460255,0.0032566469382891688,0.005153455811269636,0.004529252100183702,0.0038683813572445336,0.0031929331369551805,0.005022410004644674,0.004333163173911256,0.002986721820544141,0.0029404727021232007,0.0037217501449411192,0.0035416157080189765,0.00318854646655468,0.002876406428045702,0.003974038326213703,0.0036447278025265573,0.031652552622285966,0.00395792920495991,0.026154282793689233,0.002714533346959842,0.02130164230858292,0.001418064479093056,1.7574038787132495,0.4608127249348725,2.598481914691738,0.5694022074032624,3.9678135239646597,0.40430819818281066,0.8788183762903947,0.031851205511878755,0.8203763459795532,0.03958673190169075,0.7246391702387058,0.02807953770115397,0.8582347056673933,0.13547181670380054,1.078947255065057,0.13137433988890532,1.379289156891247,0.09069470876023931,0.17755849482548564,0.011204175007289504,0.16151136773315136,0.008268064262933143,0.1458716063734676,0.004807989455796378,0.6499005100547254,0.04106226716731318,0.5885789825725554,0.03310025517609425,0.51801435170722,0.02223347651271667,0.0005916566190724954,102.26050387897902,0.888554881786551,4.280925916927671,0.0002925269242619182,11.461668873171723,-0.21305724416238728,0.9636777214176044,0.18790535281853232,295.00184460659653,7.368907530758735,1733.2816063149476,458.88552754848297
192_Eurema_salome_salome.png,Dataset_pieridae,94068,0.006953624245605995,0.006280609717262739,0.007315819761264806,0.007899717097460434,0.006475772724775504,0.005758649725793207,0.00584009299101079,0.005379691738249657,0.005521765528533828,0.004811174277488252,0.005396283519469213,0.005870819121658105,0.005253667887451763,0.004792220925203339,0.00461808157790949,0.004559485166860151,0.004376655524850237,0.004106474103832719,0.004055722238906412,0.004537876993021806,0.004086925423956884,0.0038239109041723787,0.0036779789367368497,0.0037861025567473765,0.003485568607078195,0.0035851428290642954,0.0030370759648917223,0.0034204052534207857,0.0030515078566995305,0.003008919937124814,0.003015434915770935,0.0031833073344931175,0.03794254156453955,0.004348535188092935,0.031413007592686566,0.0026626190409887673,0.025195137017868855,0.0007261779539530857,1.8483475518401227,0.4516857546860691,2.8899704294793898,0.618591903273908,5.10261061185117,0.29687558126369407,0.9253381547372465,0.01840572885839995,0.8826088334834491,0.02556138560413139,0.7903756404144121,0.013385233735762921,0.8118841378214194,0.116590899686724,1.0399774341477437,0.12118028741311374,1.4047826497037383,0.04617298208728913,0.1944727734507956,0.011085213164169503,0.1770749762922924,0.007580261457934501,0.15871305884231912,0.0023026008736640193,0.6770988877066784,0.03487892958136633,0.6169680395631946,0.02927488989628717,0.5407136541464918,0.01105436510253656,0.0007371084629508813,108.35154437535095,0.9312016747461074,4.187722838152016,0.0003054371744862122,11.47322389650119,-0.2615151992832334,0.9827251282289343,0.20910723754163107,335.8217441665052,7.57090966477654,3043.3016985369723,787.9133107280786
193_Eurema_salome_salome.png,Dataset_pieridae,58020,0.005574628160959146,0.005188399405609359,0.0059194739313680874,0.004879962883285209,0.006084212040504754,0.005044226816480107,0.0067597257207432865,0.006037253527878021,0.004180177171817066,0.0040777038212148065,0.005215495223728452,0.004769319298437406,0.004693638747698225,0.003726447914757553,0.006043112365801633,0.005728495637725514,0.0033033145917296565,0.0036895211434773466,0.003989615440260912,0.0037447593480396746,0.0035770465407618593,0.003165069734805334,0.004813600677745364,0.004904751586337636,0.0027791760825784232,0.0033125889299864993,0.0028781005413072718,0.0028667891794223093,0.0027107370732617738,0.002656749466698534,0.0036436392573850284,0.003922108689640304,0.04960184130825744,0.005928190729587038,0.04129570365610494,0.0031592648109452053,0.03340950686351333,0.0007123509562978347,1.6122096723773924,0.4079306729367174,2.456636849656741,0.5181760476246071,4.189761046905165,0.24907823248588062,0.8883359023226725,0.028571690549536618,0.8291583951782193,0.03652060143836784,0.706151001105433,0.018687769839057372,0.7701549671632048,0.12081456260953567,0.9807109182299564,0.10972140788566524,1.3099175656848363,0.04382047966364917,0.22232490804693059,0.01317105045853568,0.20306174055665874,0.007850680110993654,0.1827722277064832,0.001954390626968612,0.6841136786113086,0.03906893677799284,0.6233946758049534,0.02811696695076314,0.5465633851395629,0.010846294043972943,0.0009862738189031397,92.89919299543357,0.8982469174023294,4.120284535708935,0.000355336782549512,10.978986547995179,-0.225174405943163,0.9657574326570559,0.2092769684272642,298.7102082900443,7.140246650538026,1734.6394219633585,456.8846537396894
194_Eurema_salome_salome.png,Dataset_pieridae,54061,0.006678503809742434,0.007930148303313518,0.007650562559964238,0.007550395990319087,0.006252449375486126,0.005612234523537058,0.008106056665893644,0.007714643788635529,0.00564512521447645,0.0061916111694420095,0.007084180766968798,0.007155641435809979,0.005641329979787953,0.005274106251180879,0.0076128895816529344,0.007386926587607754,0.005044222563952002,0.005696342691370575,0.006240958893435628,0.00643637424769933,0.005160614551924991,0.004778188207115147,0.007067920698814275,0.007152747933913673,0.004383562308167865,0.005303052549426529,0.004955578546917454,0.0052879692925111976,0.004410825051476838,0.004315503140002075,0.0060397647548083196,0.006853136140257731,0.03253751917160421,0.0039588496983392505,0.02745208445788415,0.0017323186988161628,0.0231705235915134,0.0005813818532439919,3.5122754616129335,0.8619387984658968,5.01954985847335,0.8165221021195939,7.62416807419695,0.3183107632529346,0.8638209443371725,0.03385326732227758,0.8040948858544045,0.032482820089817004,0.6981563920216058,0.013672419882898306,1.1359681654441158,0.1676606068496015,1.393124972914675,0.12189969863101353,1.7367182171535487,0.0512886392324382,0.1800532440928391,0.010878807988410554,0.16560305417318477,0.005264304930128928,0.15220668947194313,0.001909783104144779,0.6028747072571284,0.0405318607364785,0.5474972041586386,0.022496422236706018,0.49013930859644506,0.011012106024413066,0.0006680172276663072,214.542504812362,0.869045114097767,4.647904796776773,0.0002198549022156813,11.795242333816356,-0.2058095715822876,0.9632217642588495,0.17449387625732293,379.58273329046614,7.52254744467387,3064.50805016276,819.7626387437704
195_Eurema_salome_santamarta.png,Dataset_pieridae,96601,0.0037824967829050648,0.004914359426967063,0.0037037110769574384,0.004526793675385873,0.00448951738787782,0.006064069467274353,0.00538448961089197,0.007614008727679216,0.002625429453216516,0.0036145482596379027,0.0026680010954745373,0.0034354968715571144,0.00287598642401729,0.004655427887336082,0.003767701445389535,0.005218901276148862,0.0021612477879016383,0.0028210003045144017,0.0020310867048425395,0.002819988571646223,0.0021083765539961895,0.0036237569512062593,0.0028970434138147682,0.00398771544504979,0.0021519047865515683,0.002639961034159371,0.0017933562201393556,0.002423411777668761,0.0018676134045042497,0.0031357904099129793,0.0025735207244424003,0.0033859696077213073,0.09345205768468541,0.008166232592565513,0.08108450623705721,0.005180157428886687,0.06580461170150388,0.001514317750050045,0.8772846934999504,0.23105347906477042,1.4069808754295487,0.3488527086697692,2.725287759997846,0.2652652853810291,0.9887130963102015,0.0029789107853626052,0.9818753893528269,0.0045190685107734056,0.9648148267915746,0.0035083454857820586,0.42959638296606706,0.07556909628460007,0.5643060193264251,0.07392624073880089,0.8147064006815862,0.04746114071385929,0.3054104695613879,0.013285434391767739,0.2846055460203446,0.009175478816864525,0.25650715740768115,0.002947863656097722,0.8195071438791305,0.027546806286825338,0.7753381421139748,0.0227285183545995,0.7045378542272086,0.013774944766180694,0.0028676436167807016,47.33507683788804,0.9904363385663767,3.25390830703141,0.000638350905388227,10.022347770671312,-0.3935573882445881,0.9958432236277031,0.3783072853270723,370.14143171680394,7.216509154016789,9853.549301002487,2475.221094460092
196_Eurema_salome_santamarta.png,Dataset_pieridae,113261,0.005348580640847451,0.004269887426027074,0.005072843308872414,0.003969006154497162,0.004915058024514069,0.004596683155916124,0.004207325133409312,0.003841835792464156,0.005307875972928931,0.004117514181498194,0.00513733307342842,0.004329407442880492,0.0048104614196737465,0.004175168176632368,0.004383060727461457,0.003774849445732622,0.005128177028313288,0.0043643627489618544,0.004732779140109259,0.004151950056435001,0.004558580385686759,0.004072202121274589,0.004437598447212783,0.003968617473518693,0.004606935531316369,0.004956769434715083,0.003824322464290067,0.003708689504081267,0.003763765459884543,0.0037550407672819613,0.0038914295912566314,0.0041285992867605556,0.05211013337292392,0.005746362827925674,0.04447991476813787,0.002582852597325907,0.038606988378427604,0.0010770084068941765,2.0310320519631473,0.42216230637626073,2.7543136112635054,0.3305735731467012,3.807064669464175,0.1371294127204107,0.8117284881480189,0.03944073198165154,0.7432748768839987,0.031573483634334536,0.6415294228777284,0.013010310956238695,0.8818641738455284,0.11676125736378838,1.0642682834657564,0.07681934817409697,1.2770366729222289,0.03283391674346871,0.2279325197983913,0.012525964684600868,0.21081260934111798,0.006161047875730205,0.19646752026752531,0.0027389520545507986,0.6532213024197712,0.03526004123033158,0.6014560211150926,0.020315570131076554,0.5507209728107028,0.00927559853928457,0.001015981581997073,119.68950779331455,0.8239898450893655,4.306253712056728,0.0002897884997755735,10.96235304713861,-0.1722241482419437,0.9298751475372035,0.19009562647162984,310.65587494732733,6.937154030447937,1240.8795168452343,340.14225615964097
197_Eurema_sp_montezuma.png,Dataset_pieridae,104966,0.004323018849158689,0.004354910066632568,0.008287206493970183,0.006915398471994934,0.003258716535848434,0.0038799830306320013,0.006033160194901404,0.00665275102168607,0.004273315883879859,0.004255355741160243,0.0070126901710678,0.007430739972541052,0.0034540653839084026,0.0034644966212329605,0.005380716025773985,0.006244776818570203,0.0038725687487857503,0.0041729287603842055,0.005421337212282261,0.0060618111428444215,0.0035302360143561052,0.0035259785768709463,0.004820862593048351,0.005636845887897212,0.0033507607900859085,0.004094105668134823,0.003913602432992607,0.004448955395594529,0.003087768090988802,0.00330130173839278,0.004069344325007185,0.005099219642617114,0.04389304980261509,0.004914559128141144,0.037191017195957715,0.003471080766020117,0.030341591958773104,0.0026064818842460083,2.2232305514304596,0.6967970312178137,3.259485380708694,0.7696456611348079,4.9786804244786635,0.8460341178966378,0.8483338576508318,0.047447126754591146,0.7768191037128237,0.05260047010565444,0.6567650406333316,0.05744451763158077,0.8727331216080854,0.15318475527450906,1.0931218126836728,0.1429457927712167,1.4072566154399941,0.14447146111137982,0.2091656359316662,0.011949332530177794,0.1926479860102971,0.008818768742522637,0.1740302538738228,0.007420424205252436,0.6718622114983089,0.03829154093668704,0.6179672165726461,0.031076021184563204,0.5514968302181815,0.027699129502531485,0.001050675933704629,132.6642336398895,0.8568532672325733,4.2836202406783555,0.000315934170441743,11.328157511000965,-0.22570492228339295,0.9682924104808135,0.24054331300509554,273.28283738716243,7.337180467442845,1720.572592454966,463.3092065237115
198_Eurema_sp_x_amarilla.png,Dataset_pieridae,58959,0.005648828623750757,0.005543362147101749,0.008177671215339336,0.0061028775467649975,0.0064309800646742,0.005346606943550261,0.007885605188649364,0.006051444705373166,0.0049401983264667155,0.0054659690076705935,0.008429041440397479,0.007730200010473321,0.005553718690386642,0.005253763093973363,0.008197228621769873,0.0073917718499903326,0.0042277094023369655,0.004769842945107875,0.007085297395078622,0.006771465457207705,0.005024093853344355,0.00455092920176864,0.007391462785084169,0.007170485388598356,0.0035773776147532857,0.004302070084128442,0.005207778079586994,0.005069911215307084,0.0042071630921806024,0.0038291992322655247,0.005988994796995895,0.006390846256482503,0.032270436443004,0.004740565135739811,0.02715399179756099,0.002549178783681901,0.02289073393183647,0.0013480781809159857,3.366454727807077,0.9354986293256189,4.931428075884792,1.0526753671317108,7.347858723844086,0.6256389241713942,0.8200713901606065,0.05070294855294719,0.7344497990483295,0.0580533473622541,0.5976922422085928,0.03628461283060486,1.1555431708822657,0.19420477054193644,1.4346154364744002,0.17991597794267397,1.7893608584479268,0.11385552318122467,0.1791745935214356,0.01291903554574884,0.16460010213162068,0.007797318501961452,0.1512310007655031,0.004462996672738053,0.5906382081247765,0.04728890110467204,0.5321419818066614,0.03566039976232076,0.4697362619737497,0.023413859870527787,0.0005989176343840108,205.20826562700822,0.8270638873980009,4.672163067259397,0.00022025196871243828,11.768488508704896,-0.17155270541814222,0.9373716284824186,0.15792896746644394,290.383676966388,7.354164889515381,2170.7120316532455,593.9800743200622
199_Eurema_sp_x_romera.png,Dataset_pieridae,65477,0.00493323074560874,0.005518036822648988,0.005645277207514429,0.00465026857936133,0.003843737041777551,0.004242978641967662,0.004081393204590669,0.003515700556220722,0.004217939423011598,0.0047167447932160295,0.005510024742045219,0.005490316595777065,0.0036125301042727077,0.00386439753162723,0.004361870892768858,0.003863220252519285,0.0032490954546744778,0.003609963649276335,0.0040352774509184895,0.004069788643425829,0.0030911908622356914,0.0033640347810931573,0.0037386588467003146,0.003617548113252417,0.0026942618766890706,0.003039192449059174,0.0029140738455340257,0.0031247105521517143,0.0025302856612460568,0.002825699515215844,0.003119975658434672,0.0032113971332046304,0.0405389081185473,0.004810112330564325,0.033514370086447975,0.0034132584442200403,0.02658043046959367,0.0015729341103307328,1.3835512693628949,0.3400161146988643,2.076394881462573,0.4123343897423213,3.361268793287623,0.33204909036417685,0.9111309616283273,0.02201024406607723,0.8660149079033395,0.026963718731754484,0.7812048610600805,0.02256498631019112,0.7048338488018322,0.11070054062474366,0.8983059544733915,0.10946251416594578,1.1888311482183958,0.08087626808877273,0.20098308301326911,0.012029482990913224,0.18283721380378648,0.009215385771439162,0.16296481610248434,0.004785309005397378,0.7059450358162235,0.036427978412292256,0.6472231288007908,0.03206529912167591,0.5718992429404133,0.02127876280517551,0.0008139610470791331,78.88749222816297,0.9199955550264255,4.002352192110612,0.0003900460782362456,11.161684009387042,-0.26438268475035,0.9814294071064587,0.2300384286883394,303.6634696651184,7.400133567714098,1894.1258119134764,493.25332603540846
200_Eurema_xantochlora_xantochlora.png,Dataset_pieridae,61149,0.005173371568582027,0.006272872199455995,0.005871171415422238,0.006677402490904178,0.0050716308176691925,0.005512164715448191,0.005410363378273881,0.005972357077001795,0.004589328976315294,0.0059897931131967135,0.005219985084319858,0.006893507422312035,0.004357592830289479,0.005407361728611538,0.005108481055051591,0.00575874762431336,0.004312410788725903,0.005732164468244809,0.004629854137937872,0.006510962486862218,0.0040335659795503,0.005183100254615047,0.004849967677366054,0.005730998109293183,0.0040943254715560705,0.005797811522139092,0.0040200661333245425,0.006049621428736671,0.0036467153916679754,0.0048632723178923965,0.004378851501528576,0.005545312068559891,0.12400283185836104,0.011237522775568868,0.11069349103252235,0.0053914324453038275,0.097375765715051,0.002987509316639885,2.588364917577489,0.5330853708415088,3.620332657662218,0.5451847577062859,5.240723345348363,0.20887431547244972,0.8364155341667979,0.03484499499520903,0.7680559385957002,0.036793923251728824,0.655195626701857,0.015353423444635928,0.7697614627389815,0.09860023356705641,0.9314023061971539,0.07187828685047729,1.137544189619403,0.024057953089420492,0.35178606131541396,0.015792369124007215,0.33260493087701876,0.008212855095272278,0.31201460717495966,0.004759267223702112,0.7341389967118805,0.027028046532972905,0.6962097397903152,0.016203109522888386,0.6537048955872647,0.00838270957936591,0.004685730976086875,156.82166661815927,0.843995636150094,3.974578215802838,0.0004419888179144662,9.785851536176654,-0.22194542699389355,0.9513907394195206,0.33114827337559827,392.5702551371068,6.419084962228887,1856.7144955220501,503.38404053504746
201_Eurema_xantochlora_xantochlora.png,Dataset_pieridae,64932,0.004826973572090965,0.006005416551236137,0.008015485090391702,0.009125844117676278,0.0052594886721283865,0.005710575258247798,0.007325684105791886,0.007687332351511925,0.003778916051153454,0.00467865015317615,0.0071946519690826195,0.008321323343427375,0.004294356888279041,0.005092458865065105,0.00676788745980109,0.006934093101130746,0.0031705066783875163,0.003764617032516789,0.005338568007930577,0.006403396558555603,0.0037598636371154494,0.00420976616607013,0.005556385073164234,0.005758890257230462,0.002919472627632839,0.0032831348831892575,0.0038733820500203085,0.004795022044923459,0.0031776228808857807,0.0035836953379510305,0.004360825212597959,0.004690680927645611,0.03963947018895956,0.006350822945667843,0.03289719503212358,0.003808652841243836,0.026528205101504665,0.002240614490401671,2.258371708009826,0.6872587662311307,3.5336771267855402,0.9650994806115761,6.061518444369366,1.0273132902173545,0.9595637858844807,0.012500067186362315,0.9362721240760821,0.01792759386304779,0.8890305004231074,0.02007268857562057,0.85501959588,0.15538910183300014,1.0904367605998693,0.1669180366196541,1.4476106321745785,0.1421221919010843,0.19848256555288538,0.015625023536114068,0.18106288845073293,0.010650138872381748,0.16272898711413286,0.0068907078238048605,0.6752609415734749,0.045375941484858705,0.6171822623671956,0.03988954498147251,0.5451089331193022,0.030531706851474775,0.0008264744562106465,134.97139874096223,0.9621254012554438,4.237410727505682,0.00030777429232712114,11.415143965445512,-0.2675982840937271,0.9831075170279469,0.21805912552555407,377.6611745811486,7.547126870212987,7003.362235506465,1784.5834085618571
202_Eurema_xantochlora_xantochlora.png,Dataset_pieridae,68266,0.004556482750954447,0.004815985261127087,0.00458120733565989,0.004677570174683327,0.004038261142620618,0.003939146123786037,0.004858591007649164,0.004649204093154549,0.004076380792285296,0.004797808165454151,0.003959050106400275,0.004414471837179158,0.0035822765339533595,0.0038434608704600096,0.00450111785500974,0.004412585155143976,0.003470427135049354,0.004100341414754469,0.0033217518705849504,0.003990903084159698,0.0030376226510739224,0.003199925250266692,0.004019270277726613,0.00404479900521736,0.003098990615547554,0.0037392966357652243,0.002783371198751404,0.003431405453197805,0.002615480218549096,0.002806525659541824,0.00348583087108194,0.0036719507299439683,0.13901015828800584,0.008904760893131232,0.12609754637301251,0.004813147101037898,0.11110234998638852,0.0016793403073853683,1.1931265970602378,0.291496609350879,1.7797869864683757,0.32351361104010984,2.8983486600882085,0.11752952933249108,0.9148182388568866,0.021330964461207788,0.8716789079021489,0.02372341740079332,0.7870567902170809,0.008143877707763874,0.578264795363422,0.08746269641264116,0.7280003026647677,0.07022510526745049,0.9518206342371183,0.022028852455907567,0.37265045942726815,0.01190770240860032,0.3550368585738898,0.006809950586921866,0.33331074375467074,0.002509598393518217,0.7626289283969878,0.028414813342983018,0.7188209948133559,0.01822227517911929,0.6639481205890245,0.006021713840021856,0.004521452996086763,68.32676449338825,0.9237304242280207,3.7417760951366894,0.0004641910029382711,9.840060825018448,-0.2714915382449455,0.9747737066553998,0.3332435318583107,427.99976145477734,6.646633461875588,1726.466187609687,448.6982380257632
203_Eurema_xantochlora_xantochlora.png,Dataset_pieridae,104788,0.00467001316223615,0.004327192707909143,0.005562706653910953,0.005615802122355891,0.004397805696000306,0.0045158086672985225,0.005451348226984006,0.005425244164578489,0.004053099174339908,0.004260676415671028,0.004183540361752632,0.004758498857075831,0.0037359382149477587,0.004304768936825135,0.0041926925068799656,0.004897011208183376,0.0034557834856185324,0.003895810803944829,0.0031933806228440194,0.00407578057722438,0.003013663678481472,0.003455413146597732,0.003323709946185806,0.004180210288235992,0.002989629082841333,0.0036259142920277497,0.0025183064633504996,0.0034305315555736024,0.002398944463346411,0.002732060009165673,0.0028027262724786587,0.0037112885668211227,0.07259813136071912,0.006491093235104147,0.06260316713428046,0.00431960072491065,0.05112811156678525,0.0022527239902052337,1.2144143701232462,0.2887028956296798,1.8399987715144333,0.3436418443576972,3.113359949770795,0.13149418740973343,0.9421705832838523,0.014022273346091397,0.9116752606408913,0.016844357380256036,0.8480401673290354,0.007234444086642314,0.6051306239830913,0.09049541530130346,0.7723657045913485,0.08124963977619101,1.0423696440044412,0.04032822674205004,0.26916870704649526,0.01209704540940228,0.25005785010417114,0.008616190315931431,0.22606046635840818,0.004977661760732607,0.7486196874983648,0.030274914534095136,0.6980206126236372,0.023063274355345026,0.6279664509634513,0.014051152290792545,0.0018429518205397117,68.17354391716503,0.9488919705383483,3.7733432190579954,0.0004468602715334419,10.625787080282025,-0.29669549985341886,0.9863999351090418,0.29291303305227123,331.1282923413696,7.209799902331937,2603.0216171098546,667.7987902567529
204_Eurema_xantochlora_xantochlora.png,Dataset_pieridae,152312,0.0041100888351098186,0.00775849445359353,0.003332216329102822,0.0073639517511933225,0.0032970841251320922,0.007298201461559329,0.0032239249200853126,0.006495279736269185,0.002755178318102862,0.0052525137387393625,0.0024583016195977455,0.00613893173280329,0.0023340544897720895,0.005558158432461141,0.0025634976726838813,0.0050200564163357195,0.0023054372378028655,0.004008403770385427,0.0019799925458281343,0.004181028832627793,0.0018776473025619504,0.003705221630463282,0.0022555369029381525,0.004053921290345138,0.002128180341925533,0.0032870006093658416,0.0017169117075854943,0.002929796035983688,0.001662959352662939,0.0026662379003744288,0.002114800283477357,0.0034030200006119234,0.053923353050148594,0.0027262979792141324,0.05016037723203483,0.0015532586993322007,0.044394968835251514,0.0012144645366988158,1.1374329138178603,0.29877454810828646,1.847725420904879,0.4251296788795631,3.5063260676685486,0.30157895205449015,0.9885764736728112,0.0030079505618411146,0.9814158892315564,0.004293074857315241,0.9645950841740687,0.0030832034006765333,0.3368504769620802,0.05402166688459715,0.4344285031132877,0.04991639792983969,0.6110257010645213,0.037523797314568105,0.23214019695663174,0.005855083866591085,0.22393785365727575,0.003494986610470807,0.21068164482813137,0.0028658973751020194,0.8804270779988393,0.016005201778355804,0.85643251228483,0.010813086898617824,0.8177214894806859,0.00826397733706964,0.004505438520893907,67.32879999597652,0.9894119460632085,2.7003052727246803,0.0011881386426403932,9.79606246394079,-0.5632154654507081,0.9997413328559777,0.5873618561420522,289.0519179780819,7.713874770250716,12652.978651280024,3180.076862819009
205_Eurema_xantochlora_xantochlora.png,Dataset_pieridae,124869,0.004734006173483071,0.004558286652468908,0.007744084331100498,0.00773545811656818,0.0037914595162642914,0.003824046390592276,0.004805106331704886,0.004548908507096798,0.00455213055761794,0.004745429553807562,0.007066618001358451,0.007697041697753112,0.003543609034324792,0.0036352092945842237,0.004775855197314512,0.0045724894257341935,0.0038338257491417347,0.0042378777302992015,0.005098667981962833,0.005087127949414397,0.003370467703026589,0.003334798927377933,0.004257384783565094,0.004382715846086892,0.003175924248810006,0.0038501628584447865,0.0035191536291686383,0.0035130755619002412,0.0028237509296123323,0.002901230190331804,0.0035413578184806133,0.003967382633625336,0.048417761924401476,0.00553280686476703,0.04095854179978213,0.003863088924908328,0.03393157811084682,0.0021572257852404512,1.860633601612296,0.579097516951741,2.797640597851785,0.6333352591814007,4.469181192487928,0.7959077643581596,0.8784186690773839,0.03795368373974499,0.8165141222189545,0.04178989395100894,0.7049539481310869,0.05269312609204565,0.820033543764487,0.14353096252835046,1.0370194346496517,0.14054682916333286,1.3440572643126627,0.13621675646776327,0.21966923603877886,0.012774531793406062,0.20216575425658212,0.009356794624729893,0.18411343373248706,0.005815636687408178,0.6776878716236856,0.03887872373403427,0.6216091525116025,0.03400455156252122,0.5543314828068222,0.025967360824484566,0.001002003766064464,109.1071122402388,0.8874673402694286,4.204404667321931,0.0003016115485792461,11.207950570750098,-0.21762713331643838,0.9632440427702366,0.22370616987003883,260.20784233914776,7.233235032660621,1830.5993084554066,484.9266051739187
206_Eurema_xantochlora_xantochlora.png,Dataset_pieridae,114481,0.004554972266242844,0.004938753411390155,0.005061169449272242,0.0049979165449210135,0.005263536287431862,0.005548189994511512,0.005473007213436488,0.00522963613360851,0.003920074537516911,0.005207128138573731,0.004223845010376072,0.004762591559161007,0.004004628947364117,0.0050014232295030785,0.004523923718217125,0.004736645200917983,0.0032797150029336333,0.00461497608584005,0.003099396614319607,0.0036088688269593472,0.002964775515957136,0.0035935798682429116,0.0034539530955611584,0.0038076949285657724,0.002855934434320842,0.0038964865995746397,0.0023947104452641333,0.002879862107950431,0.0023344100870085335,0.002726770210295143,0.0028154420169201086,0.0031665540524057553,0.06132459877219956,0.006453133934095956,0.05189554432355116,0.0039622386750998795,0.041658283083125594,0.0014493450708187722,1.272289505381742,0.31104453148544187,1.9576462814444173,0.3757609172671671,3.3873526735392376,0.10342715148002109,0.915486702407348,0.021081911276763517,0.8687350431843345,0.025778460322616693,0.7687743772136817,0.007642224455056375,0.6032040594130204,0.09255525860036601,0.7747698264635567,0.08554258574193743,1.055111356158858,0.035985797610345496,0.2473006209187635,0.012922912419172063,0.2276353272143059,0.008814881030793647,0.20407259496982239,0.003557958039158203,0.7523201440841238,0.031183774094315154,0.7007885616344992,0.02520203996929582,0.6290101023046484,0.012504620311887272,0.0014104856645520483,71.64091514287372,0.9247860794119523,3.7532421447214945,0.0004597816582092004,10.668859712409223,-0.29058698387190485,0.985226541864211,0.2863270324091226,354.8161185687482,7.214537088144899,1836.1819724096276,476.9557218881164
207_Leucidia_brephos.png,Dataset_pieridae,110157,0.0027397172213374467,0.0028712416727058464,0.0031209175281764973,0.0027780443906833784,0.0022201806328683953,0.003173932167064209,0.002666345052133907,0.002801676195869869,0.0025085050177491635,0.002707056279105787,0.002320122760044306,0.00218873282288784,0.0020886578811905813,0.0023747427332832406,0.002337915033485218,0.0022932949373442616,0.0020131518247762064,0.0023995397933041706,0.0016839144741793827,0.0018356963980428159,0.0016294814968345378,0.0018858942340188867,0.0019178030301888972,0.002111314439302952,0.0018138873100540243,0.0022225967483133153,0.0013643805875742413,0.0016021334657740616,0.0013527817902230553,0.001608429947640048,0.001724068159348366,0.002030339142014481,0.08684752641527933,0.0077140340572245825,0.07494854655014865,0.005037212760123699,0.06129234702094301,0.002605712715154329,0.42565269548998147,0.08800528326492345,0.6000240068013375,0.09832325243397926,0.9544157809604865,0.05847869534600917,0.9727901343807935,0.005679057553168108,0.9615011918775033,0.006345347800812879,0.9382195757189342,0.003670794981883224,0.33146823577223755,0.05429462828328905,0.42674609680578157,0.04577189239935937,0.5837212499906165,0.027555209347586613,0.2944051352817882,0.013158371289461306,0.2736143013257624,0.009152085017280202,0.24751700430559023,0.005261140611068196,0.8428556523856838,0.024250743905161687,0.8019574737602685,0.018840995203790224,0.739689188274161,0.01168881577319255,0.002260099986886905,18.31412921154505,0.9815156827650888,3.0033333866886904,0.0009046148202630997,9.854581408327753,-0.3941549693741171,0.9955976531835309,0.3839083066431227,253.62000645346322,7.11366698986018,1964.3582741854025,495.6681008492369
208_Leucidia_brephos.png,Dataset_pieridae,114188,0.0027545258073654604,0.003167556105521939,0.0033215500650459894,0.003936989777176302,0.0023632779048989006,0.004565467951979335,0.0025751671138822185,0.0035923589341147473,0.0024634175265491973,0.0034448688266248005,0.0022605309899138087,0.0029640533478321133,0.0021351761403151743,0.003938016120620836,0.002255377423392604,0.0032832466494461606,0.0021809403949235194,0.003383375905032191,0.0017365861084771767,0.0026603368742257705,0.0017683071133632027,0.0031444818150038354,0.0019702062507447543,0.0025886555610829076,0.0021465306371383705,0.003235191267476393,0.0016040310650963581,0.002471924179800516,0.0016642222627974229,0.002852020072498283,0.001974151754770249,0.002463891460504822,0.11960331640152588,0.009128447489330473,0.10703884918923434,0.006449399935105993,0.08995598645224588,0.00510719540863237,0.5410954741638672,0.1285448007347233,0.8065751693725325,0.15172156665508194,1.3629113429677817,0.054234212263952225,0.9595211766955601,0.00982163469502409,0.938983624529628,0.011799295509331264,0.8948712839226561,0.004126109499793839,0.3238646119771963,0.05526876133685135,0.420019461502872,0.047110058366614666,0.5880991805125582,0.029443713453509563,0.34558397817378583,0.013229906693028363,0.3270185860268407,0.009884006386083553,0.299805552301619,0.008521576225504443,0.8561040400991577,0.023008891413475372,0.8197604970693381,0.01792196563955074,0.7602615458440037,0.015532316851451384,0.004438358590404839,26.70609298832758,0.9683244229549344,2.9287202667455006,0.0008267797432664447,9.435283448473273,-0.412946546391042,0.9957761428099876,0.44692899079051857,348.22286951572653,6.918713692414116,1662.125469202565,422.2078905477192
209_Leucidia_brephos.png,Dataset_pieridae,86652,0.003911419020706993,0.004972160716144456,0.003787419897547166,0.003344185775524893,0.003442589788482492,0.0064888849951726035,0.003286934558303164,0.0039535901046409425,0.004159545429743643,0.0056404354564400655,0.0038610669558718207,0.004048101510419618,0.0035453309070547106,0.005848053388008891,0.0037135155311138245,0.004670484648322094,0.0038229940004832104,0.00578304892673817,0.0032751863259234807,0.004161406533503853,0.003198827807529558,0.00505667049126734,0.0034908780001649473,0.004854732679512938,0.003395501012686767,0.005482352743505435,0.0026949776861162115,0.0039897772308544,0.0027362895601077955,0.004528334085778559,0.0030524255524491365,0.004485984541788356,0.09466348085054194,0.00926028333879124,0.08131861900657886,0.005298521932208768,0.06955823933761622,0.0026338921311474467,1.5111266048078642,0.3538605365892677,2.15002243157266,0.35820877676098395,3.167331529681537,0.27500500827959,0.8506442000465473,0.03725664595128232,0.7819435612718266,0.03968272611680664,0.6646053983213188,0.033150289103329025,0.6081061521870752,0.08799385815202532,0.7531668421816602,0.0639572450485987,0.9431423079465542,0.028710342658447296,0.3073012480857713,0.015146741414218097,0.2850152948882948,0.009214156842448811,0.26369170163606354,0.004992577079372413,0.755285323290956,0.030460649528240926,0.7076546438741799,0.021058520174603797,0.650763288329935,0.01396091477251181,0.0019993723625445947,86.61258086577357,0.8639071638523801,3.7125382965252642,0.00047531620602150236,9.94975007308561,-0.23256373234000072,0.9596680767417002,0.2658695148563626,357.15245674747734,6.583670100510125,1191.9300108969219,319.6356479406795
210_Phoebis_agarithe_agarithe.png,Dataset_pieridae,51561,0.004323728012526246,0.0039117203613629305,0.003082929597889462,0.0026468078250245957,0.0037175355654728093,0.003832008057087863,0.00252613588558776,0.0024959771330209483,0.0046362236864379396,0.004738430774875661,0.003495754793813716,0.0032523134107713303,0.0030932423596305397,0.0033383223832243953,0.002615648757334053,0.0026667687299688886,0.0046290586276579,0.005857797354472323,0.003212461114742464,0.003343194659232096,0.0028993477251312,0.0033048705451559587,0.0025608273163805297,0.00272504495620513,0.004277702206652037,0.006320625938377801,0.002656044028073886,0.002871147792893302,0.002580797824962362,0.0031158175581596005,0.0023610398681829284,0.0025376144792220692,0.11419056694213575,0.013483693410928978,0.10019625442025762,0.005594137077882135,0.08768356206929967,0.004002195453293878,1.3641094439396948,0.3871792564344957,1.7543184078902139,0.3089664429825652,2.293512462439231,0.23962094315268534,0.7021191514222633,0.08561300164157892,0.6139535777173499,0.07020329801621163,0.48829428942463454,0.05507303982656701,0.6311809275035408,0.12232281814718046,0.7592427458037188,0.08169201715099922,0.9173921199856607,0.06277373904529855,0.3373521740794941,0.019597897488620716,0.31641093617782967,0.008965148483266697,0.29603803286985164,0.006711569402777638,0.7430639001568382,0.04073851110226133,0.6993356401619863,0.023607705388559344,0.6491467521737462,0.018145225619457427,0.0027472192637086304,77.54212829313012,0.7258350649608953,3.82522827442854,0.0004715139229396958,9.808762389689845,-0.1795640094487647,0.9136070109714864,0.286999959570079,315.9090406579218,6.277030491358853,489.1810808895825,141.68080229568204
211_Phoebis_argante_argante.png,Dataset_pieridae,164320,0.0025878074719463623,0.0030562068803090007,0.0031478114905820276,0.0035155359911344347,0.0032611437596074475,0.003423503288546533,0.00430778452319347,0.003948581065164318,0.0026287656447534628,0.0026025445331414464,0.003106745166960037,0.0032382637600705984,0.0031756795904639137,0.003179586488892453,0.004297433803882569,0.003939717303522778,0.0024275832498864415,0.0026364029052500155,0.0028451643083272156,0.002940583972388953,0.0028530984970322614,0.0028594005185397834,0.004017875520806951,0.004009933817565305,0.0023261612425576382,0.002786246216288426,0.0023805977844082796,0.0024383976335844437,0.0023924112391554854,0.0024700272970857827,0.0034333711766270847,0.003690829544113319,0.044273184108942876,0.006423328713504289,0.03713869968995291,0.0026032821253899234,0.030436557238989442,0.0012535514890706064,1.0600758020223031,0.25894299158179246,1.4623831777874199,0.29312333647597144,2.112457010673062,0.2036978598555362,0.9238839751179462,0.018643503282663544,0.8948084430919738,0.021275580074960502,0.8474864738827145,0.01500746047207903,0.5885322421582367,0.10335324675564855,0.7283533813972363,0.0782334975085782,0.9228656557796046,0.04751724603933104,0.20988096189727423,0.014938739639534692,0.1925907537610404,0.006892115474019595,0.17442431966609862,0.0035656623519451647,0.7464199022549289,0.038824750054356316,0.6974201323974009,0.02273037100333528,0.6348929681235733,0.012591218412144247,0.0009385297305924516,58.21836829976717,0.9338371823420393,3.758130548391716,0.00041073506020912264,10.945757908162825,-0.2930811692694824,0.986699891024026,0.2779950012135531,312.6832843260647,7.382537022640742,1702.078072365639,440.0741101663498
212_Phoebis_argante_argante.png,Dataset_pieridae,104554,0.0035186178795123266,0.003702051132347037,0.005113470668818847,0.004249448090160362,0.003698787733412324,0.0037587203307109223,0.004964668771301167,0.004896657859949172,0.0033058394251680406,0.003613144204421249,0.004578640072603315,0.004589142648226702,0.0034241808617198888,0.0033576429653300924,0.00445703917971362,0.004593959164959956,0.002896435449845213,0.003264711195810603,0.0036917364791500956,0.003869951202448445,0.0030446036693973187,0.0029431645629105275,0.0038762357462730364,0.004110538071927174,0.0025059943772752637,0.002859236049146368,0.002763472256832973,0.0028627059726154228,0.002493709189969388,0.002452345844941897,0.0031720997518576394,0.003479090128549467,0.07771428372457803,0.007065300257365736,0.06758037478135655,0.004242038722654076,0.056738926668176606,0.0020617305665894454,1.2382178170780376,0.30813711968697294,1.820632803008705,0.3665986329001189,2.8289933242129806,0.24758479705832262,0.8823771813619746,0.029382282863136606,0.8262791176627824,0.035038319830891985,0.7276604170181891,0.022722145688342223,0.6356639174378402,0.09953018647484983,0.8010593958711315,0.09076321044461591,1.0380602542009612,0.058652679729439695,0.2784871664922596,0.01261672793122353,0.25983294394479295,0.00819853781711304,0.2381599508155956,0.00433180051360761,0.7353422529277522,0.032395727983310474,0.6855341208661175,0.024132815620026057,0.6235938295359298,0.01397594051174551,0.002418445725006786,70.19776383074836,0.8940583470142096,3.879752760204694,0.0004146230061506737,10.506874953573654,-0.25275940911347344,0.9732459851786472,0.30025016955141187,301.38144349476244,6.969255527782517,1255.431040649597,331.40720112008785
213_Phoebis_argante_argante.png,Dataset_pieridae,87900,0.004740659530066516,0.004186947244820859,0.00570069822856567,0.005309375911109845,0.004380556961469884,0.004028988530975902,0.005225252435080844,0.004607992033612858,0.004622219336823374,0.004450253565292252,0.006018807975300662,0.006067685512677408,0.004426423171034875,0.004658834405202489,0.0051806290604363096,0.004823933262452842,0.004243476908188493,0.004495592542257363,0.005165819491491159,0.005783149674437068,0.004192481453767818,0.00433199512402116,0.004766813350054448,0.0047267166232033385,0.003602470419141933,0.004305523591527697,0.003880776169690818,0.004575157135684718,0.0034675032474050967,0.00373944881563054,0.003932407447472727,0.004216367174973062,0.06925351850081003,0.006898313348932961,0.05995861805557948,0.0035207264235563094,0.05175385855638873,0.0017573915157339892,2.082992992681546,0.474307998518327,3.024278162095632,0.5274287382466173,4.33729906372427,0.2653743010882115,0.8115965768227777,0.043267505850457605,0.7256542354390585,0.04824719902744872,0.6037248771080865,0.025108939886553813,0.8252532357480183,0.11433014299737185,1.0174898380276152,0.09343194488792544,1.2470333465798977,0.04602911679592801,0.2628312987771808,0.013161568444161586,0.2447603967375024,0.00713906467822533,0.22746193833686557,0.0038633100347616692,0.6864681757115433,0.03266897231335553,0.6385477558160888,0.0205556344042562,0.5873273124231049,0.011529520424178707,0.0015651182066488355,123.91113209756315,0.8223404761538023,4.20369190235499,0.0003639157932174766,10.703740540794533,-0.184221970430586,0.9366300128374148,0.244016173039791,291.76807289109524,6.821477360708025,1271.688154132462,348.8998215575093
214_Phoebis_argante_argante.png,Dataset_pieridae,59952,0.005760398703007103,0.005534066632294228,0.007069907953041056,0.005880593192937553,0.005571705848868271,0.005278846418102727,0.00846469276651606,0.009271974024509305,0.004730380189582169,0.005089838007394408,0.0071283097054340395,0.006136035757678012,0.005101301795170587,0.0054158440872060076,0.007119457165926362,0.007833697471719905,0.003931758574232789,0.004352065229673205,0.00652062548662956,0.006750501919274794,0.00474663786589157,0.004632133689018759,0.006256449573329606,0.006993326366672919,0.0032878343461875147,0.0037999238751599555,0.0050077907554540385,0.005662194247409079,0.004039435645652795,0.003950576183268969,0.0049917102255870325,0.005849743339916436,0.03393356510409204,0.0041221467010363845,0.028698910974614612,0.0025048070311690885,0.024558000037544683,0.0012906256580993778,2.84946453871653,0.7153826112268807,4.229823965172637,0.9342387074700452,6.330967018344841,0.4460802262567592,0.938765170113526,0.015618200849637753,0.9083016790520315,0.021357365671343078,0.8600844528266118,0.012344864178524232,1.0473368697756338,0.1611742105520879,1.3049437331105416,0.15066492163371195,1.6283046387278006,0.07667469268545231,0.1838711742550589,0.011178389068099487,0.16924908830739632,0.007325099434804424,0.15665652302353628,0.004090700639369189,0.6160597025855781,0.041493961495876815,0.5575473697802377,0.029475180847814815,0.4958832930639886,0.01760419568118166,0.0006522550301763289,172.19773256780968,0.942006826460215,4.54159634267537,0.00028650202639837774,11.65918077793292,-0.20842259146783546,0.9635058257574065,0.17561079448324096,262.1284056591544,7.4260490455526815,5774.64172887243,1486.709865360057
215_Phoebis_argante_argante.png,Dataset_pieridae,90206,0.004503189806484914,0.0036916518405570448,0.004479448250200798,0.004195276835386213,0.004359985656257139,0.003469075102005044,0.004143645302952724,0.0030510250081596975,0.004190286217397724,0.003558460072403289,0.004039429711730556,0.00349427792748054,0.003838085223240885,0.003257777669866786,0.003742203743200657,0.0031135235067958813,0.0035652361308185603,0.003424112379114007,0.0031992086813579304,0.002892268618112555,0.0030312880482685385,0.002691213735851813,0.0031512624811740964,0.0028177244314304697,0.0029912415535303404,0.003297389673526497,0.002404169237929849,0.0022239837873802475,0.002337838417137198,0.002174226543657776,0.0026239534509282124,0.0025451117000988687,0.08470005319915708,0.008296389175046836,0.07206126656521251,0.004597146780079035,0.06001911028031465,0.0008331266025948963,1.0713081277821908,0.24381189374329684,1.5478496557341956,0.2515145568569644,2.4220186552751404,0.09676460191106395,0.8206631211497959,0.04115873804197584,0.7400231883281594,0.04273899665593058,0.5906434416891359,0.016566858483825938,0.6126661316892758,0.08962412201717243,0.7702571257827492,0.07220253697301506,0.9970641495387084,0.01918687152346294,0.29068374874534386,0.014248207413947802,0.2683051716098643,0.0085791288959766,0.2449820722738193,0.0017013361630879129,0.7348809101160134,0.031749159118641186,0.6821463657186128,0.022130934322477855,0.6174094437859122,0.00474202332826287,0.0018373797902045928,58.64504214841818,0.8423741672951837,3.8211344875369764,0.00048532359863984144,10.168871169625934,-0.19998916624680377,0.9417731571066266,0.2611410689845165,287.17428198161195,6.595491516207446,685.9051311508447,186.13754332481494
216_Phoebis_argante_argante.png,Dataset_pieridae,112743,0.0035974089576059818,0.003921174579721655,0.003541992889957029,0.003221770915641644,0.0030332704883811665,0.0031125009665207096,0.0032642609882414905,0.0029331348280403732,0.0028008908052329323,0.0031671923759320803,0.0026357827474293204,0.0025352151453256915,0.002248481979298279,0.002199127380283224,0.0024198301580285048,0.002268702735018189,0.002151073362378344,0.0025467074449198406,0.001838095986684971,0.0018672274727566582,0.001717309652154809,0.0017643852666301594,0.0018810667881271634,0.0018972338213148262,0.0018481198639540267,0.0022682506664230555,0.0014018839802756265,0.0014491805745039396,0.001363346824233331,0.0013976643188105464,0.001636446804256542,0.0016394202432153688,0.12418101924464428,0.010098223643442546,0.10838775661225139,0.006265347931239068,0.08887356461870298,0.002113956027375486,0.5366425747317165,0.11943244160845329,0.7814847735060519,0.13742991480344158,1.3215600211398666,0.07348633911190702,0.9211305628927609,0.017827147180606434,0.8843773610232434,0.02089412693976474,0.8013626741656198,0.011875139247472563,0.38404780474329103,0.06314866960103786,0.49665294012618644,0.05282841206445797,0.6918017064527737,0.019065395393833253,0.3520999185807639,0.014375902756477873,0.3290864501556433,0.009479711820972252,0.2980956210710611,0.0035447590836824878,0.8224020993601758,0.026368339486863415,0.7780134709070765,0.01907237845615928,0.709850712056701,0.005734479014293534,0.0038753488067271185,25.74766432289104,0.9394401166576862,3.2142862597814195,0.0008240918858258143,9.497541842386635,-0.3220033636219912,0.9853498187472305,0.3836374205548478,223.00567076831453,6.631793059710918,825.5190231827764,212.8166718764155
217_Phoebis_argante_argante.png,Dataset_pieridae,109344,0.006342599175872959,0.005263669228422142,0.00792494262807331,0.005922149644569815,0.007180665002293012,0.006130854858743092,0.00831183666711027,0.007011485471417664,0.005173957604415793,0.004722802183802136,0.006594577739037827,0.0061393609791486016,0.0055600488334229,0.004753389952864873,0.00619213443538975,0.00578673131241912,0.0037891991257640472,0.003728525070784078,0.004573751779846744,0.004388545823695749,0.0039693264373637915,0.003413985051729253,0.0043077590754679014,0.004086997305518701,0.002896944068095223,0.0030588521880427605,0.003069377450053245,0.002845988491979606,0.002819867223304905,0.002594593841197491,0.003118581075514529,0.002917866923035764,0.0250275043501223,0.003047451998263049,0.020160750259453953,0.0020747481066945355,0.015364459906850918,0.0006651221082991875,1.9053406877820922,0.492677725323759,3.064516625715134,0.7298091024739122,5.5686785339478515,0.4077969129820364,0.9115909443226977,0.022938078526383892,0.8572661870790341,0.03420857901533706,0.7385357740482102,0.018996738674072058,0.8876594087967125,0.13385807176804926,1.154522724967169,0.1462252300391504,1.5973374012311894,0.07038895351985092,0.15790785030060034,0.009623677237184313,0.14179936464372672,0.007327376480663261,0.1239242336887104,0.0026915072945861286,0.644877812439359,0.038160398303743015,0.577659021770812,0.03203840718024513,0.49057153998151953,0.012950333537959217,0.00046083227469747976,111.64104226442187,0.9184936673979642,4.324873910718516,0.00028950471550803487,11.853999192919169,-0.23750992362333445,0.9774329392271953,0.18430445036399273,268.8521381063076,7.695249537539885,2628.6527936138336,685.073458969563
218_Phoebis_argante_larra.png,Dataset_pieridae,129172,0.0057186245258918165,0.005440852963709795,0.0053228012693651685,0.004577566324948002,0.005848902228898002,0.005296920805717715,0.007105984790110617,0.006490782931274218,0.004782585072866874,0.004945564862742208,0.00478968361585941,0.0045092745141604995,0.004794130224857494,0.004635230090250208,0.005661774842350925,0.005992225967692968,0.00375742044804106,0.004050183011771136,0.0036598984065263573,0.003632415516420514,0.003685193169169557,0.004010649854666901,0.004197115901063873,0.004512086606965937,0.003112273450898841,0.003679725921212795,0.0027462540719240037,0.0028588188106307864,0.0028276523786860534,0.0035774165149777726,0.003278943469391812,0.0036677083950719036,0.04971644434140656,0.005652276738200412,0.041529933611349545,0.003001946482683754,0.03338643217835005,0.0009679314114703577,1.5962193713122987,0.38170810469720023,2.4375507605827855,0.4759392359997385,4.131386444931471,0.16922450721322485,0.9047929968977145,0.023007440923356992,0.8538887126032189,0.028941172308107003,0.7498456680106055,0.010917072499812464,0.7375522159591865,0.11280889395186487,0.9403171764402247,0.09779139630099336,1.2624041524598453,0.04229188784201133,0.22261421773554782,0.012623565399548193,0.20365345447968494,0.007429945480313978,0.18270032664286384,0.0026500609315455036,0.7026664853252528,0.035871007657239745,0.6463356955010181,0.02405995302552536,0.5728790063816834,0.011593109412466319,0.001031071965362343,92.44855216535811,0.9129111024375155,4.061445838772119,0.00035468101173310844,11.072588657994075,-0.24470226271413187,0.9746066072334626,0.2392687563741297,345.97212998131255,7.2747021170951705,2032.1564516922372,531.1512509644035
219_Phoebis_neocypris_rurina.png,Dataset_pieridae,130883,0.0031509536276748355,0.004112817199070375,0.004069023837067285,0.004211801584060356,0.003926020069485539,0.0055867572336216875,0.0040788252226924135,0.004447339414880489,0.003156691354359683,0.003522411223507483,0.0036842849632591265,0.004119807510462899,0.003420315138210627,0.003975241841601043,0.0036811920173332644,0.0040958663297824445,0.002746932583484726,0.0029179813844630565,0.0030563206890877738,0.0034081511880831245,0.0029397761755944056,0.003288553175546035,0.0032364835921332713,0.0038280638086150014,0.002446363716415852,0.0025691352295079736,0.0024311105789839764,0.0027666074830288126,0.0024001757187404054,0.0027480834086420175,0.0028713999489081094,0.0036155772108211063,0.05301217029337743,0.005631026824552617,0.04491393828242182,0.002657480371877868,0.03678439004682,0.0006338555141928231,1.0854338194276818,0.24635308348872775,1.6002270467353976,0.2838556454472795,2.582123987311817,0.10082865913091663,0.9434819587801762,0.012902609963848077,0.9164423408190314,0.015012348829699883,0.8645797657908769,0.005507931422596749,0.5861349915521202,0.08794488527077583,0.7421456042132136,0.07116464392204974,0.9760711817529099,0.01858718808543146,0.22991881169553366,0.012227441346870378,0.21183616146278567,0.006275267256016263,0.19178545054443058,0.0016525756532700983,0.7503617889800712,0.03123707590701729,0.7002768095814921,0.019686339998964106,0.6358904705472919,0.00516187800911216,0.0012297543300535544,59.97835215912156,0.950775419441741,3.7564580453429546,0.0004841460626615643,10.795651181599094,-0.29228177638513325,0.9862629662189931,0.29022090281652135,319.43101959454486,7.285734776410201,2377.9753941613926,609.4884365801181
220_Phoebis_neocypris_rurina.png,Dataset_pieridae,67943,0.00566526072423283,0.006331901742651178,0.005141960161745555,0.005192318661706037,0.00566953359727838,0.00629123620132042,0.005385713145706232,0.0056935781216639,0.004305215941464457,0.004935653201903396,0.004071726468799152,0.005147481673572881,0.004306668198736484,0.00533234737720203,0.004378679387515156,0.005201024593651542,0.0034229744141188205,0.0039008248159082726,0.0032243824771505196,0.003820509559782263,0.003336974442793807,0.0040352567155659685,0.0035442390623901926,0.004134425968757797,0.002895093292089705,0.0032213903931422407,0.0025105752719977773,0.002814428237428185,0.0025986318058891194,0.003079087209239975,0.0029182354633158596,0.003200515228104284,0.12647397965578133,0.009728992288709803,0.11181530135335573,0.004987247735135391,0.09602086849978328,0.0003368256279266318,1.512031819974034,0.3667489114477127,2.327302610100103,0.4535619303463518,3.9464654939132897,0.14757381252077553,0.8572657442939705,0.03492091143882368,0.7789569576549754,0.0438847218377446,0.620736715620471,0.014633111451554439,0.6166688830023849,0.08995165840773527,0.7839932543806319,0.07864307832592668,1.0426586257977368,0.019767717195817394,0.355368435561877,0.013684102531236792,0.3343047227771478,0.007460139559691524,0.3098718651827074,0.0005437535961331053,0.7590702713572204,0.026746464840711342,0.7146078225395931,0.017983659073228245,0.6573070827879185,0.003087348317888953,0.004062500740894479,88.03423104173126,0.86811501922042,3.769845835681978,0.0005025575385939395,9.740893134502773,-0.23499515216793185,0.9586948517911689,0.33612328196564656,334.8772915279822,6.465985667773229,1247.7486529199705,333.94572099042034
221_Phoebis_neocypris_rurina.png,Dataset_pieridae,97955,0.0063448878878860845,0.004895043450481584,0.007061048518776153,0.005393164672207204,0.006639646784623808,0.005047617108796605,0.007680041810673329,0.005812249199295428,0.005268616919478631,0.004705757947844287,0.00606209517147191,0.005150870439576945,0.005286560343228957,0.004238733320504459,0.0064137744774139995,0.005868123946778752,0.004083283255602812,0.004212740325055338,0.004698243199266997,0.004475176989418346,0.004135412535131565,0.0035601200965296024,0.0048486474437400345,0.004784183911438717,0.0032201182375780147,0.0039455503825206245,0.003325057498937793,0.0033280702019604755,0.003089727635343781,0.002925044227516236,0.0036476227841974523,0.003674854067529729,0.036489958991264324,0.004098069438369159,0.03021375934140375,0.00241612954133281,0.024251164180098272,0.0005721501658722952,1.9583094272146562,0.4812765873286835,3.0088430068013077,0.6017656160640917,5.080237866985632,0.18452241658984747,0.8854711990758202,0.02827345285521807,0.8237264963921276,0.03531184523685397,0.701288048196353,0.011037641958557418,0.8966892539859168,0.1321633378516414,1.142544611188885,0.12183459750589674,1.5225334925625298,0.03884537101042476,0.19072338333196942,0.01070280531781162,0.17368119686224415,0.00697145593847859,0.15571695459580223,0.0018423440251864745,0.6416847355423003,0.03869982382067857,0.5778054184229672,0.027726641935132273,0.4994901536945249,0.00967999411375687,0.0006847799336003754,114.90423828746671,0.8939640009912895,4.332355776335731,0.0002730193829638588,11.473426973228658,-0.2044243479991201,0.9595511181292402,0.1777378268408401,279.07467618251314,7.342570817539808,2053.0841947869085,541.9971082685952
222_Phoebis_philea_philea.png,Dataset_pieridae,129577,0.002850100109222299,0.003898694198467872,0.002323576856874739,0.00223569100200932,0.002511723060153744,0.0023867129267160087,0.0023429665720057407,0.002337612765905731,0.002445771423689642,0.0031089034640455707,0.0019723315476466827,0.0021461182470920736,0.0021057049623225375,0.002305735711096232,0.0022303342133517543,0.0023341994589062953,0.0020447972540001643,0.002269222566699691,0.001604944842359864,0.0019750262679395824,0.001638059351314401,0.0019444434090769005,0.0020123177752952863,0.00210458582646442,0.0021010996981905344,0.0021168522281956323,0.001585196041544517,0.0018569563414823262,0.001588379942167213,0.0017918189374743774,0.0020723967352649247,0.002009140716293093,0.1271192128338717,0.009814416846904905,0.11120141012668135,0.006409141093511192,0.0909072764746694,0.0016252055964101795,0.42924732759129114,0.09209467019464236,0.6165160491445383,0.10986091874001898,1.0050097410896823,0.09633187634700999,0.9347764625820786,0.014197872793290062,0.9057364906938337,0.01693996540764079,0.8449173176785997,0.014414525238349914,0.3024214001488772,0.04993787710341439,0.3924030265345475,0.04203623423843712,0.5473642814457238,0.01686702813315625,0.3562721593684327,0.013760860904236644,0.3333294254553708,0.0096386851942441,0.3014962558080525,0.002698927267411001,0.8592518070490711,0.02179758384950549,0.8210609480228377,0.016963971838731065,0.759321659038149,0.0048670262405197074,0.0036725260230287223,19.018720903930426,0.9535561690246465,2.8708605805430047,0.0007736914204090227,9.13761905853167,-0.3681189167206178,0.9909456551260603,0.4175990912840642,404.40030847926045,6.578461147294386,800.7044549469647,204.93079396271605
223_Phoebis_philea_philea.png,Dataset_pieridae,92030,0.0026317685872341507,0.00338329968180984,0.0029562910942579623,0.0032879830721986554,0.002700987593912265,0.0030861348743099555,0.002921012208786068,0.003142234036964156,0.0022811870750565682,0.0032656509546952987,0.0028326915571830484,0.00330667560242802,0.002470919848893781,0.0031263608208833144,0.0030554901482076715,0.0036879733654610236,0.002285716457841517,0.003799744243445755,0.0025404026125997194,0.003574415216780208,0.002269751782903976,0.0031538438973872157,0.0028859243696253262,0.0038072880905315803,0.002301863800988682,0.00430767266316559,0.0021215715768499793,0.0033223693126327725,0.002007893077244923,0.003026825423395619,0.002603373877678347,0.00379722465364992,0.114121802151158,0.010741646944331414,0.10010433316596301,0.005759799693165389,0.08494101584434506,0.0026861094451339656,1.119563872888791,0.20581941747334861,1.4470321905762311,0.14174690106960527,1.9365677679167734,0.06950586296268318,0.8589593893417663,0.026381397488154476,0.8166004193221932,0.018694298149746887,0.751844704412203,0.009542880243461258,0.48376786342283107,0.07054427719525491,0.5875114816128439,0.04747052304892828,0.7312259050485095,0.025317299229071506,0.3374514265424653,0.01575870792968466,0.3162589358919307,0.00919883875642191,0.29140982164005663,0.0046186249095832195,0.8046602147824767,0.02676855960689843,0.7674441019453879,0.01743845561042733,0.718324796925737,0.010101905089064488,0.003220035584000195,63.7454194069527,0.8719756499172225,3.4216731944788945,0.0005764092031707054,9.643616345370283,-0.2953880551902726,0.9800343603427119,0.3851549431173897,213.39160123923483,6.605956176256139,932.7564485289131,249.12546698397273
224_Phoebis_philea_philea.png,Dataset_pieridae,111175,0.004190367686261787,0.004257810193812399,0.004324001315284772,0.0045168467994753,0.004292024827519434,0.004868675047519117,0.0037859332648239427,0.0034695028133599312,0.005929893150139013,0.005045562973239997,0.006152102148400194,0.004914828271193486,0.005848915286071675,0.004526029124484135,0.005727910583746451,0.0040925723532062525,0.006830055733362153,0.005295358223744217,0.006859476967039708,0.004956237121716607,0.006664682079743289,0.0048083938094362726,0.006971606781193333,0.0048568644918250475,0.006196620977314198,0.005768308264084425,0.005744833712504262,0.00446720987567472,0.005651748287466973,0.004435382794094409,0.00628786153548643,0.005315568424034211,0.027449849955866898,0.002505675500890566,0.024241532041354694,0.0007167049165857942,0.023002337359964074,0.0001400836160079479,3.333514979482401,0.6544408082376503,4.385233277204412,0.40791056731520114,5.285834778145746,0.17281095711029998,0.7676136923303695,0.045924094933413186,0.6932520644066209,0.029040908939667587,0.6280820305364726,0.011505767199537466,1.264411982898337,0.14738147906321664,1.4802546179715468,0.0690680333186096,1.6186420192596254,0.017197284116877907,0.16550688797582108,0.007570996527928698,0.15567992816508516,0.0023004364517652896,0.15166451287698557,0.00046140410786119453,0.5355096601349949,0.036278348576493445,0.48561571019902305,0.013826909259475616,0.4594885744261914,0.002307412777140729,0.0004621652561260161,202.81307743472348,0.7762515115928901,4.801633826164965,0.00017035375007062355,11.823866168310538,-0.11871611917566947,0.875257803201565,0.11416748425382438,262.75238590831265,7.148857276334974,1610.5832656090315,453.3490857609395
225_Phoebis_philea_philea.png,Dataset_pieridae,66262,0.003225293350971997,0.003591269682801603,0.0032933937063979414,0.003932396790115588,0.0026073770745153537,0.00317329716485238,0.0030090210300776484,0.00328985220472591,0.0027005573504096333,0.003512970540609971,0.0026687299871837756,0.004272932655589866,0.0021173156056773605,0.0028056198329579397,0.002627206464199433,0.00324935018749658,0.002333232534044986,0.0032657975203497147,0.0020944948378697117,0.0038169094791659854,0.0017887713171988874,0.0024546467064458575,0.0022941729484067205,0.0032373211155244767,0.002329085869348631,0.003208094480951258,0.0019246000001193555,0.0035646670404905203,0.0017462855258974085,0.0024680090433920384,0.002253140158754463,0.0033027639240511813,0.11630091602057427,0.00949397179264846,0.10125778280640492,0.005636595243062368,0.08188501803374801,0.0011501065330114728,0.6459626186217486,0.15432948675202066,0.9516090973105957,0.17886311316131212,1.541782658763238,0.11281580102220036,0.8951900296468933,0.027169192662198045,0.842383993339044,0.03168492052568886,0.7370088647044767,0.022933899909195452,0.3582985822803913,0.0575545481053213,0.46122019715788665,0.049471220075628125,0.6362283762256564,0.02119855512999755,0.3407443775614465,0.0139350342962144,0.31808705175590934,0.008854959719749207,0.2861484776361233,0.0020166259636015455,0.8435593706305484,0.022518919721272634,0.8051198554507077,0.01661972559772819,0.7429544591447332,0.005236860295768082,0.0033382076924482135,33.121309977488174,0.9131250270494013,3.065827770743203,0.0007112542293385137,9.285544988675325,-0.35143559990313483,0.9893047196103734,0.41287740512721993,384.3722212866214,6.605898742960078,733.5849882202674,191.6765745494522
226_Phoebis_philea_philea.png,Dataset_pieridae,66287,0.006020510959334449,0.006979799329243492,0.007123781724555813,0.0073562739491825,0.005285192243707258,0.005643250410317623,0.005758251278484681,0.005422234680355567,0.005618701590509043,0.0061027554553682905,0.006957349493896089,0.007446223446305241,0.005326404118282025,0.005613746067025485,0.005456929693741988,0.005167744833590065,0.005287314742793023,0.005550104496446145,0.006224350724174761,0.006359655592246381,0.005170611558393176,0.004962801987638924,0.005390931386345357,0.004842761026677502,0.004810082240071251,0.005653078408627618,0.004880231059814357,0.005006212816551139,0.004412630645057441,0.00445425695872615,0.00475995694036323,0.005001560273100606,0.02771851640640476,0.0029952268654654837,0.023436417886080717,0.0014306429157343226,0.020314423783720476,0.0004986196789456646,3.029934141940612,0.7016508686895615,4.357297842341818,0.750867468519532,6.458992696357443,0.6518737388675537,0.8778510961573581,0.0282873731699864,0.8238607783160181,0.03063300330637022,0.7372128106923832,0.026198681785844752,1.0898971271165987,0.1455537459466542,1.33695511715172,0.12043013673392446,1.6440195778635724,0.08433324998242545,0.1662450558239639,0.00900543283201251,0.153018487588348,0.004664798200920001,0.14251807922737675,0.0017380670469338826,0.6023996960336171,0.035945855066895974,0.5469559966787746,0.02210708903513507,0.49343778121429666,0.011002595207754845,0.0005135716672902617,183.64540644534128,0.8839459055157041,4.601712349818701,0.00022497741409526398,11.919170370382748,-0.20736526555508655,0.9657849622679261,0.1620525134411036,354.1499472357254,7.595099904605899,2981.470172021065,791.2788946166056
227_Phoebis_philea_philea.png,Dataset_pieridae,94397,0.004986014287666052,0.004159589651071271,0.005562611899495356,0.004789520403564135,0.004224587489637302,0.004500714797435057,0.004871834139634988,0.004560049196384043,0.004440446695093712,0.0039767011643003424,0.004727721066239564,0.0039063806569609935,0.0037329455066603596,0.003158552721289369,0.004460376294124613,0.0039428707031983635,0.003645195763596312,0.003586769560168237,0.0036311859004139442,0.0033171564677388432,0.003164651868593789,0.0026286819939379414,0.0036557321975436876,0.003302017543000861,0.002955287247294967,0.003233899556468371,0.0026767653113515992,0.0028313511666184857,0.002482725035028118,0.0023233067608529026,0.0029670537838708106,0.002890041149579175,0.042986030864211086,0.0049503967665823845,0.03555249542242486,0.002739976808486942,0.02865399946239863,0.0007883435750531533,1.2036192247128752,0.2861009741425517,1.7982900769037795,0.33188924846679174,2.988369448233394,0.1440104687223657,0.9120914480645463,0.021095826234326178,0.8680022959391043,0.024705190440341328,0.7786728023068128,0.010605692667605502,0.6907137999817203,0.10386055092890494,0.8788677673174385,0.09017675021788041,1.1671122716508293,0.03402536260523126,0.20698325930090766,0.011998384615618638,0.18841508389490935,0.007228525665662072,0.1692589553687082,0.002324970944393982,0.6993678941137433,0.03691872284770811,0.6373709408693746,0.026787093447348715,0.5592372612788219,0.00918270058399015,0.0008076167245413766,66.8139869381295,0.9228666634709524,3.961123032543489,0.0003284645407683689,11.079488288038744,-0.244060387647179,0.9746980237837133,0.20077988376669617,336.2874802202327,7.27524583817178,1666.719729085613,433.3834290059376
228_Phoebis_philea_philea.png,Dataset_pieridae,93649,0.0025314466239983527,0.002580480839756885,0.004007035459009979,0.0034315188015442114,0.0022733413932438727,0.0025209814090065646,0.0037916673793670975,0.004322687305372934,0.0024777324849760245,0.002413822237129539,0.0033314502682753816,0.0032626382930008033,0.002362862713015874,0.002434795238466196,0.0033975451907777847,0.003548720887102145,0.002320290985833109,0.002260413779198651,0.0026498619425883775,0.0029110682515184243,0.002220466922968902,0.0021902203153449356,0.0030178034780803703,0.003048422844507572,0.0022484855482427764,0.00214294174124199,0.0021364415639604133,0.002299522057136957,0.001973873380755617,0.001926117730968857,0.0026357028248698558,0.002617713422075179,0.10016104980799619,0.009322730697562676,0.08775274862198117,0.006141056035547727,0.07447698737078037,0.004409075588691867,0.7112333431525337,0.16699298289511577,1.0189545710669334,0.19921685847316864,1.5654274651126203,0.18588863786253398,0.9389417332904987,0.014451148354519612,0.9122689008162881,0.017419528287,0.8644368756994795,0.01653233589876834,0.45025337160597523,0.07778592262580537,0.5699625821419034,0.06955123367398633,0.7452738537805843,0.06386643570390603,0.31613774188078303,0.01476407689344605,0.2960501917982129,0.010345654074174771,0.2727852249515403,0.008075172996161816,0.798045158205857,0.03125585928568068,0.7535312207250613,0.024353101178283796,0.6948799217821489,0.021697707686198404,0.0027664820473002317,36.67996158091795,0.9501694484329014,3.40989737574421,0.0005331939540295014,9.989081553071003,-0.3184951838231561,0.9871148115831694,0.3420133470710524,376.8978985896364,6.910961582388964,1436.4201157120478,368.27501932323867
229_Phoebis_sennae_marcellina.png,Dataset_pieridae,50591,0.0025938813989659732,0.0026892048915999472,0.003801244710845044,0.0028027770090745655,0.0033677605417723046,0.003430772491745261,0.004773974069366543,0.004730724139819197,0.002558916890588655,0.003015651089403686,0.003664124131234569,0.003018739314815529,0.0031928139898437006,0.0028494740500473775,0.004897278094142158,0.005221802054572029,0.002266027184552081,0.00261932253071757,0.0031175598257262363,0.0028826825939413645,0.0027363423222467914,0.002721524200136162,0.00465328681220973,0.005546875065293733,0.0021415203415056545,0.0025068105636531736,0.0023947185134640817,0.0023465869462877364,0.002257908822742906,0.002451248363680424,0.00377886179889015,0.00468543567610061,0.06558532740445652,0.008705484574364628,0.05542964930977311,0.0043026823984048815,0.046346373750513044,0.0023352747336255345,1.1363296978307829,0.30080978894230775,1.5619525673601868,0.35209380303654936,2.2483024972275225,0.30197673094963434,0.9006501952493449,0.026579067442772737,0.8627335045255363,0.03176559477785748,0.7996939409376183,0.02833972740197857,0.6145687306410544,0.11632876866850163,0.7615632232322642,0.09656738855616318,0.969299873685989,0.07768662373782283,0.25555203596426534,0.01668784944129551,0.2352523948912288,0.009271462005232085,0.21521354483589902,0.005431746466794034,0.7372624180184124,0.04283501041220467,0.6858333060170576,0.028670681256437323,0.6202867669691886,0.021344307313132208,0.0013479039149637915,63.02908198762863,0.9128111202676901,3.7994264259813586,0.0004595279636832958,10.547680550645314,-0.24834544186511306,0.9707807964734589,0.2500780768352501,290.9232923058458,6.965754915733463,1384.4660826392355,361.873791156715
230_Phoebis_sennae_marcellina.png,Dataset_pieridae,54126,0.0047549508717423744,0.0044481873146790234,0.004335685789857551,0.004073626018083923,0.003927466384597919,0.004681281388188191,0.003779953506960766,0.0041637602406754,0.003943936913823928,0.004007142754751937,0.004007049622798499,0.004202490375341325,0.0031599628028303062,0.0036333219983359396,0.0033166826782336963,0.003747061762694412,0.0032941858812442857,0.0037333204963096536,0.0032334528934117855,0.003824423612900934,0.002775769528437393,0.003242867363623068,0.0029363094887152794,0.003317439811952517,0.002915278306740786,0.00359830670996238,0.0025549663619095077,0.00340719671442449,0.0023813601597713076,0.003045957537956746,0.0026281964174651347,0.003035605717075288,0.05891247593546464,0.006269266862272327,0.049988095924081016,0.0037472002071537837,0.04130523915735969,0.0015928204256561702,1.1265565885927042,0.25952455715424544,1.654633003290864,0.3076509529244961,2.634665595294787,0.13723481141567972,0.8971649892546536,0.023940244627422103,0.8476846019606443,0.029290948926252565,0.7549562156956777,0.013641375919377524,0.575543746007644,0.08775427575627331,0.7274079328688436,0.07677886042469473,0.9523133207888066,0.03346711370649943,0.24237496729340036,0.012917088100177708,0.22342255177667203,0.008394002721069865,0.20319911053468998,0.00391926463389806,0.7576093136409054,0.031219223310792275,0.7080695291546245,0.022892950708540187,0.644620990841698,0.010659402117498988,0.0013499684088227838,62.15131598290773,0.9102371403938395,3.693570311632443,0.0005071476868112186,10.46413475782624,-0.28282626854941634,0.9824005365868118,0.28846002324051656,339.3854089773423,7.0556180222619815,1323.781450885508,346.48319171710955
231_Phoebis_sennae_marcellina.png,Dataset_pieridae,66329,0.0035100220698572457,0.004313812951973685,0.0038118227160300914,0.004164304812402437,0.003749025069132694,0.005913205702588892,0.0033386824036893705,0.0038596093605936213,0.0027177438551297304,0.0034086906864771184,0.0031588465223357344,0.0039983116447522915,0.002724319586726325,0.004172534928797,0.0027214099232880694,0.003332626810127825,0.0022824638355052472,0.002999544016613655,0.0025694330099586367,0.0037322405735258422,0.0022335366309275202,0.003179890554423575,0.0023302282339021127,0.002666343101752477,0.0020844823889990954,0.00300589593888416,0.0020559355491195424,0.0032465165210295846,0.0018765789903361864,0.002790562841451907,0.0020335398757815658,0.0022630730901924538,0.10746500036913048,0.008185313517934275,0.09427337281524328,0.005440231976101618,0.07926471977809163,0.0011035468253819125,0.9270663880234765,0.184021859224095,1.372654988950496,0.26220101099870674,2.2046063185297484,0.14030568136938124,0.8809725809046793,0.023822484655389643,0.8228919651444715,0.034340159425283436,0.7126078852212203,0.018026039502210826,0.4542426235653747,0.06244343211144049,0.5773726895024107,0.06207700934726453,0.7660434706973116,0.01753688536925476,0.3275793499482331,0.01252077699759483,0.30691260362497574,0.0088332639144209,0.2815331373953815,0.001952517965309423,0.8078915968071442,0.02340412218516558,0.7666222314302792,0.018716920518839143,0.7104998824419219,0.004661186179391727,0.0030483691190390677,50.87320099676589,0.8959077696485205,3.394105413809764,0.0006854818281640035,9.685061688330743,-0.30860702405322527,0.9839959659435681,0.3798875731940511,243.65083383084664,6.685181103838579,926.9842324854471,244.46435837055196
232_Phoebis_sennae_marcellina.png,Dataset_pieridae,65727,0.003757126217239564,0.004977629943933255,0.0032901818465726888,0.0043451747487904474,0.003694553190434968,0.005819816680271106,0.0031367836853502295,0.003732015885581743,0.0030315944324621905,0.004528216087409719,0.002732788094946392,0.0044546814562087455,0.0027679509411243173,0.00518736598896564,0.0029129339025244813,0.004205196164261982,0.0026696436035836503,0.003989264630034019,0.002367022451305374,0.003757067961069415,0.00242340415292011,0.004365836592848484,0.0027692359239628616,0.0038769001857462716,0.0026483832621485505,0.004070221568612006,0.002163258637660896,0.0033209419985770995,0.002247061801730145,0.003881663877459024,0.0026310192862500953,0.0034357245780280207,0.22220980010279442,0.013202260010968579,0.20400163147353684,0.005389738805904291,0.1805202946016642,0.002835762430809671,1.0306950174914902,0.24464812289051646,1.5105265015042864,0.2573779468515171,2.4213146523936633,0.20370402098480486,0.8354148509635159,0.040732993275882666,0.7522125219368104,0.047522152048443705,0.5871511212246031,0.04054310942410616,0.4039765502170162,0.061785027678211216,0.5065988792430829,0.04228010123843326,0.6663524924225903,0.016637039552564216,0.47118287895310246,0.014017656161443053,0.4516261049777537,0.00595758140186713,0.42486357709660294,0.0033519335230761003,0.843480681415107,0.01994116936374037,0.813849810723471,0.009868826197217443,0.7722845932468688,0.003115385744286078,0.009996622155667937,59.223913805665134,0.849358429685988,3.086878874599562,0.0007957118815851733,8.423559753708275,-0.3253388254706435,0.9784740041205825,0.49994926858323685,370.7612828677393,5.951980128734726,729.3427224454645,197.14165906278322
233_Phoebis_sennae_marcellina.png,Dataset_pieridae,52004,0.005899182568110725,0.005414698767514836,0.005980085309106817,0.004855242819736034,0.004502306009915269,0.005353139770242669,0.0050056325283743845,0.00437127572192495,0.004675783670212906,0.004709706936932727,0.0060546188993052434,0.0054121288741168895,0.003927796581578364,0.003924230261410519,0.005020106622042201,0.004809642447840683,0.003957829098992713,0.0039015921475792576,0.005563433455755149,0.005408391370761426,0.0038829783039654436,0.0033986340103757963,0.005036394443879789,0.004893203244556455,0.003353971356863538,0.0034598034595560755,0.004376176335251982,0.004486260781785081,0.0035283172268863712,0.0032277521242756,0.004433995771451703,0.0045756933310142365,0.04298042387771452,0.004849704129657565,0.036414470632615784,0.00292803720655873,0.031242672304240826,0.0012031225233680067,2.1157521381010103,0.5074590964870599,3.027167442813868,0.5390441278855517,4.3816369270743865,0.23822480755020592,0.8197186393083218,0.04363495484118674,0.7408485570796184,0.04660758222137872,0.6211495649239709,0.02127354004753276,0.8992473566610956,0.13012162058317364,1.106443883792529,0.11017458297928388,1.3578830902891745,0.053681821921855805,0.20698468847798393,0.011737231930334676,0.1906757803005856,0.007564221002759781,0.17672372544291515,0.003375969463422857,0.6480815484892388,0.03774662025810551,0.5920784673390378,0.02682354089599784,0.5333071010773855,0.013395364400552445,0.0008027942954182446,124.88724073671608,0.8314132314261052,4.330568437482045,0.00028288182634862404,11.155243638710544,-0.18129771039127413,0.9400747255358081,0.18543219911104994,354.2241920442012,7.051041510704877,1357.515716662867,370.6007393498867
234_Phoebis_sennae_marcellina.png,Dataset_pieridae,52634,0.005874706374228274,0.004793014314376183,0.006080298164197205,0.004192833823852414,0.005091386876260136,0.005199643517523147,0.005115016349780143,0.004741482879352287,0.004583173816025037,0.004301690169651633,0.005838451785645329,0.004926317892156442,0.003795926745927541,0.003895452358363221,0.00457354051038039,0.004060907021267941,0.004002429415320897,0.00403488659766041,0.004985772664598256,0.004559617679144942,0.003538316802645986,0.003161571828210109,0.0042092942771031145,0.003794621784339646,0.003350225354567067,0.00380527061750419,0.0036487594339324474,0.0035199605586916,0.0029887313251309457,0.0026972303507930926,0.0034288087290052145,0.00337304003404076,0.04602239145634631,0.005184744801313292,0.038601755706160513,0.003197067325799243,0.03214513921883474,0.0015219872364481521,1.7335842081876434,0.4104768580184047,2.5089979906723405,0.43848848238146326,3.8186183711998356,0.20786563547728132,0.8679652835583453,0.03131111271528499,0.8072056524414895,0.03455851715974785,0.7012120932293298,0.01574176788841893,0.8288121956876175,0.12108840293555743,1.0324942849781842,0.10386402020922168,1.30995220766793,0.05342089231781349,0.214178995976787,0.012237203059595223,0.19630996212536841,0.008009648962153684,0.17924123853045995,0.0042092313908227335,0.6632227904644635,0.03761296334808827,0.6047357546091856,0.02749730068248337,0.5374924475987518,0.015250400508940451,0.0008822780812034007,100.31881618049476,0.8790745304007693,4.221598999826828,0.00029660476830397416,11.135169930104484,-0.20804374024286096,0.9584047582876967,0.1920229300176657,268.48462649427506,7.163984897057617,1559.4572386604195,414.94401371022377
235_Pyrisitia_dina_gabriela.png,Dataset_pieridae,145097,0.0048560050966197366,0.005680122148431937,0.007104762305901333,0.0075510422524231605,0.01249954597565672,0.01093593893979066,0.01664824377912225,0.014331372875112545,0.00567101482514594,0.0048874012556727724,0.0076923300961831975,0.0062908338500169865,0.011934523923610475,0.010398393234258485,0.01486808183460016,0.013687090371999094,0.007143251906307494,0.006016117526676115,0.00987336203386813,0.007096461216848728,0.01225054543559956,0.009376517241696396,0.014843458085287328,0.012013121585168533,0.007819761786305663,0.007549673034442037,0.010738179897578564,0.008271799742205979,0.01222325233750488,0.009617268221346432,0.016063742184841724,0.013467105875949974,0.006692715395719565,0.0009582882426805403,0.005901462232594364,0.000435448150383469,0.005273390431018711,0.00036021565897551136,13.943206573976124,3.4600499353090717,17.347696411651114,3.5265272411836386,22.646800442474678,3.869470389178681,0.738001897847104,0.0649993336883397,0.6736311090338479,0.06655030640502815,0.5728297681971684,0.07304454507563116,2.617681479522605,0.3853381126346877,2.967691801073591,0.3172161769222952,3.41616020094866,0.3198614308868851,0.08161075893537821,0.005692048990579102,0.07676760997803375,0.0028629164945658987,0.07257566169556529,0.002482692181799655,0.3626988280889438,0.04291385856099768,0.32727560126736466,0.022614525239073098,0.297680710444516,0.018460433645588924,0.00011460623015526245,882.723921036767,0.7400966414964376,5.8379644286170205,7.824904504647029e-05,13.821900225457036,-0.11208500610295341,0.8907695697400984,0.07067424193289204,319.2707774714797,8.209845560223393,5910.08751612882,1698.202859291404
236_Pyrisitia_dina_gabriela.png,Dataset_pieridae,94369,0.015262621530703168,0.013188716954748084,0.027953405788958084,0.02471994725690524,0.007066619308343409,0.0059191145797835324,0.015201920604729354,0.016712062695540944,0.012391641498870287,0.012366693485481419,0.01959235889096478,0.018143833953162943,0.005774981845358714,0.004222152130673233,0.011350041687506304,0.012212546804520842,0.008631209262338034,0.007867696064126212,0.012209832270556496,0.010825355222912052,0.005579622100164454,0.003726170780311411,0.008239334843371323,0.007622619742991697,0.006722807573823583,0.006250271976922913,0.007922024919051324,0.00669724356934273,0.005027199946462445,0.0036637157364307104,0.006382462129855947,0.0057985634582314975,0.007122259643181992,0.0010372153643254682,0.005734300314451985,0.0008870020682386181,0.0043734432748658335,0.000521557613392789,9.507286458846735,4.574162301481299,15.913156693631365,5.415296000019788,30.454438037496757,9.00856599133539,0.8777333009223267,0.058828504057051374,0.7952000900703855,0.06971448332804378,0.6071424024801995,0.11617575345118752,2.0757013783397147,0.4806563240563449,2.709877632888788,0.5215535414672324,3.815181552162989,0.6356914918911237,0.08415070440304563,0.0063967641548855056,0.07551481634308983,0.005640286085066865,0.0660182581854653,0.003877223365125484,0.43312199266561396,0.04814959891983763,0.37050447255749874,0.04457295434255526,0.298501783766533,0.03287957731084529,0.00012662832382784965,598.2534292610362,0.8796082075698841,5.490526430070552,0.00010744547271780606,13.68926654216984,-0.185529952189964,0.9644296148564031,0.0920877266366268,279.9865477287069,8.507561971585023,9340.16454420633,2484.604493366839
237_Pyrisitia_leuce_athalia.png,Dataset_pieridae,138828,0.0030805613542241833,0.005604816796110105,0.002420023983938919,0.00418068783123375,0.0021442383080040265,0.003443864329185146,0.002503234878819582,0.003555322027181005,0.0024394757076696507,0.0038896634941152763,0.0018767785832065503,0.003657159972726049,0.0017060118639117528,0.0027740588718380066,0.002138322768989975,0.002961486703087925,0.0021283212146044083,0.0030796553082553563,0.0015474704664109418,0.002783521178454518,0.0014769224068355176,0.002259891107566571,0.0019165085162003266,0.0025908763855614567,0.002066342958677988,0.0026561722761211295,0.001497555379673073,0.0022701784919004096,0.0014601228729519352,0.0019517184439881066,0.0019267382912005985,0.002342621775246615,0.11718069429082714,0.007154290798756806,0.10701994381828855,0.0030480969870209833,0.09260053360323062,0.001397386226675557,0.5174380084830469,0.1380715790837384,0.8060638247110137,0.19449884540365095,1.4677806329232388,0.19992649528259437,0.9767745256929323,0.0062364891283078466,0.9637064882583424,0.008803114505477456,0.9335865218362058,0.00898864679407881,0.26522213493588676,0.048442437436408116,0.34458369250941073,0.03678531514673934,0.4897310306350573,0.02328295807215203,0.342156941897269,0.010455687559219608,0.3271058478687837,0.004659196103695863,0.30429471892067905,0.002292954473068923,0.8866598387595078,0.01834746535575729,0.8594656261274777,0.00960926038223758,0.8143500726846745,0.004329882902383138,0.00597990691267987,26.796058564253872,0.9809330867180679,2.632383613326104,0.0011035779714331623,8.967260810739432,-0.4867197535898261,0.9982188730933949,0.5629549909837072,357.7557319623176,6.863571463098676,2785.4701475046713,703.0665515172395
238_Pyrisitia_leuce_athalia.png,Dataset_pieridae,104138,0.0030103009159768417,0.004990666461631862,0.0028052683904545733,0.0026635355036334894,0.0026930413904218396,0.0036389748663226223,0.0035761782049848496,0.0038228384372131444,0.002571250623774062,0.003629847582465028,0.0021853779073184227,0.002347351880176142,0.0021017562726922748,0.0029933760308130716,0.002647398845278562,0.0027394123590891327,0.002248726183049761,0.0030078507540830493,0.0017174668134119636,0.0019263217803131409,0.001721939724928475,0.0021952964137642414,0.0021143445537497754,0.0019589859212651712,0.0021820814376794537,0.0027066289215439943,0.0015829850473608334,0.0017698128274271229,0.0015919714953230826,0.0017898944146370328,0.00200029826801372,0.0016527216361546255,0.1396086525266899,0.0113048450297827,0.1249405067932577,0.00637114259450855,0.10550497206114767,0.005358819963406889,0.5240515117972866,0.12201714964791331,0.7708779757460514,0.12953862239950664,1.3198618055770213,0.04839749160777331,0.9170260182007859,0.019651046550440428,0.8769708322231057,0.02135921196655925,0.7861787906069149,0.008228605080622734,0.3427711310861659,0.05975598589431945,0.4424473726698712,0.04276953654778209,0.6200623952498374,0.023491825089778755,0.3733387079278685,0.01506192847678106,0.3533514338140432,0.009125295327690354,0.32471209112344135,0.008187181406904298,0.8446207522883398,0.025160807244776713,0.8065798271873843,0.01623532076175871,0.7462809594075425,0.01333501730875573,0.005251995668943217,25.669833265431137,0.9351469838987955,3.0429904603391584,0.0008126674844257561,9.1126495912631,-0.3519682489779378,0.9881947105724052,0.4433193735232913,360.5171157444565,6.48935671953641,767.0707235335249,198.18513919974157
239_Pyrisitia_leuce_athalia.png,Dataset_pieridae,104812,0.0026928314764918496,0.0034749223610066058,0.005896716883264231,0.005846841580380927,0.002439059502722457,0.0030701530662086904,0.005212433666204141,0.005430933028640252,0.0024053054758278497,0.003139036149876745,0.004317432957378065,0.004492688286137494,0.00226461699436349,0.0025643112120613543,0.004008001315360905,0.004420380093750708,0.0019877760451524726,0.0027453659404231092,0.0026502184808074635,0.002875133478787269,0.0018958730589707822,0.0021550368277855484,0.002828555196107585,0.0031395732039018603,0.0018245753825171652,0.002576703009057418,0.0018110918433206545,0.002212394793443628,0.0015538816509489506,0.0019518902377921121,0.0022341447517417296,0.0026598285080080435,0.05789963040156588,0.007974543292083278,0.04831507141391018,0.006160361655771228,0.03784713652870941,0.004273031572096543,0.7700245733822317,0.2377462537280166,1.1837223954900837,0.32248911977290345,2.1243363274276543,0.423724692948878,0.9362733773808997,0.019862668814342725,0.9014589332819959,0.026951176116883423,0.8213657386900577,0.03557060674314015,0.5020049940872153,0.10652197305277013,0.6549772973243184,0.11151953362975475,0.9208063761024875,0.12182853558550906,0.24004276648520906,0.016706305985862844,0.21936615013469385,0.013912713214651522,0.19423510545171765,0.010948074664960193,0.774043701785074,0.0413836814816474,0.7198259950985597,0.03776172070817662,0.6395352320228849,0.03589807198724638,0.0013216150943244176,39.811653393716014,0.9477869577205607,3.533547931762211,0.00065344266949242,10.573456628307692,-0.3141577073948131,0.988219115838274,0.2947238324165101,235.38632792639697,7.249390699640644,1486.6499522731883,381.6154014167255
240_Pyrisitia_leuce_athalia.png,Dataset_pieridae,108407,0.0025526766553711244,0.004401172665259366,0.003939222894671753,0.004153353489919791,0.0020805775695182612,0.003294388246425082,0.00339410174649948,0.0039555493979263195,0.0023216645633915324,0.0033527830281134853,0.0036161656120353583,0.0044422561210192574,0.002037787300446696,0.0028131858558895634,0.0033538542290224654,0.004540009994705675,0.002135314811381814,0.0029482484966523457,0.002604877939172837,0.0033530044771182582,0.0019607345995586315,0.002483516658573012,0.0027711881304348764,0.00393540274344869,0.0020991061273526704,0.0028317039795028743,0.0020481988565778254,0.002638762826209075,0.0018241370757089623,0.0022898386914964814,0.002452094862262059,0.0036007791643734317,0.14834217143485492,0.01363383560760072,0.1317073408149698,0.0100465350935501,0.11217667779594914,0.008462117469082363,0.7110955798114686,0.1879627623806409,1.0575894495234348,0.21835536123676882,1.7293615107339604,0.1674458004987967,0.9072361660587518,0.025574671192689587,0.8602267053377401,0.02960566626628364,0.7650118705703094,0.024040366423303112,0.40556410532019094,0.07799931710702641,0.5199824555338248,0.07206807948277588,0.7010038896618307,0.06806530730152381,0.38473777481032756,0.017861020935338673,0.3626547639452462,0.013742743641192249,0.3346905674621233,0.012605627625430941,0.8232817804254015,0.030165410976468774,0.783636997734243,0.025307210414136517,0.7272126143938071,0.025153261445463898,0.005741195128451178,37.720318510834886,0.9214925103421903,3.2628670866082246,0.0007509000714167382,9.198152557105056,-0.30302853431818405,0.9777318564251202,0.41802918991657045,338.4138720852158,6.363593669437573,926.6615250231116,241.09546088348634
241_Pyrisitia_proterpia.png,Dataset_pieridae,172016,0.0033197999759802615,0.0048915127831763465,0.0034803639707669766,0.0037310857085999342,0.003618193258991347,0.004372589834809901,0.004752590642274553,0.005270671549349849,0.004107987456370256,0.004594253651185429,0.004268660705911722,0.004038439844059641,0.004360240144283105,0.0046345986088874086,0.0058375922929685305,0.005766351534318688,0.0037716380487174505,0.004448499497712521,0.003970703464959792,0.0038985485186462192,0.0039892311496632915,0.0042300267126112396,0.005452812380558445,0.005469634029155321,0.0031444246659497223,0.003902673059805734,0.0030967833319283096,0.003176819797480567,0.003100996889375516,0.0033312416230244614,0.0043099835835870275,0.004602300392301292,0.05579891305493845,0.007457437570883897,0.047545699248123546,0.0030822546854317946,0.04096744747938844,0.0017211444351774212,1.8077265984711348,0.42880866207570345,2.5590096018680892,0.3848879935048693,3.654770059083212,0.16423757603672873,0.8457095249148273,0.03683685584940882,0.7808690020846362,0.03331167030118239,0.6845918124261362,0.014138381157732463,0.7799868148194018,0.12275401089797748,0.9574645730171936,0.08381881053531716,1.1699023484223035,0.04619071427862503,0.23571105778471452,0.015466424698339986,0.2179306178575052,0.007207291333752118,0.2023603512681272,0.004211379112429848,0.6914774955618902,0.0392270465973906,0.6410710675773694,0.021776029921473646,0.5888189407922556,0.012795670249228876,0.0011312644749345703,106.0481283503513,0.8566546214249614,4.131621949283513,0.000324723136462392,10.950852258607965,-0.2062662218555619,0.9543927674600753,0.22906177395572966,297.4196563761751,7.0447945666727225,1374.215632020907,370.06594009281616
242_Pyrisitia_proterpia.png,Dataset_pieridae,78072,0.004847571051651337,0.00530216224254282,0.0051637942910090105,0.004555816907706004,0.006782921400683854,0.006149063415463649,0.007682779649984959,0.005858449012095469,0.004997547132963313,0.004762801112192356,0.005579363869277212,0.004859714351021351,0.006909268016081116,0.006940350803545344,0.009626889593466999,0.008835173800257374,0.0045880321900381195,0.004574734253341467,0.005325416570069162,0.004811109862931238,0.006016940703727507,0.005604655923145851,0.008700810430001723,0.00803861498513404,0.003938475415725312,0.00450646387899148,0.004388139116034213,0.004276841377123168,0.004722119779988299,0.004522129943313843,0.007211006515981261,0.007200914629078599,0.03332116212219249,0.0053145347070830936,0.028138214794250976,0.0020133083337700894,0.02420297290622505,0.0011220006570265943,3.5555317536957203,1.0818387188482255,5.023046812562059,1.2500482690679422,7.325399292971596,1.0003347173750143,0.8098414873877153,0.05799775087239418,0.7295799225488326,0.06800864720894793,0.600728807432253,0.054371574864716034,1.2112521094048254,0.22172816062752876,1.4790742643906716,0.18203618955710052,1.8233224028848594,0.1298527415823962,0.18199470568022783,0.014109898176802391,0.16763270143321457,0.006123087820186945,0.15553178327880413,0.003582917294629306,0.5731683404516279,0.05209813320646516,0.5151812288217361,0.02909104566329313,0.4560696392657142,0.01803586818576275,0.0006036144401121326,217.2252494471201,0.8169245485812469,4.729787402555487,0.00020900928509959743,11.758217334081131,-0.1524660391907527,0.9158271659124998,0.1404843413630447,337.3888579574578,7.281754658695658,2156.940901725229,593.5415377930949
243_Pyrisitia_proterpia.png,Dataset_pieridae,60748,0.0018377252275410883,0.0026037927158439763,0.004508138478805149,0.004155248002991888,0.0031220083833459855,0.0034067013725721834,0.008402642959795785,0.00797585470847081,0.0019734419911672774,0.0027570196515542137,0.004759540227447673,0.0047970836503877035,0.0032806092553247525,0.0038584486245487664,0.007853123949667622,0.007792772773867856,0.0018912122028849625,0.0024960193744254272,0.0036159937113855642,0.0036686033718110484,0.002857112384806248,0.0032364630780896977,0.005800756776999551,0.005713213248841925,0.001898041367094487,0.002119110374286664,0.0027166250519574464,0.002894871473005434,0.002369292978634439,0.0025027364206733423,0.00426371402483187,0.0042333622395869875,0.049482521519266284,0.011963391434982944,0.04089597029221108,0.0062923428436052675,0.0326378092529989,0.004701986952442187,1.6047886557801205,0.55647450140319,2.4072175293325055,0.9893306421196137,3.9528245169323877,1.1205101833613285,0.8371394825233963,0.056596692536492646,0.7551752494177807,0.10102090715819563,0.5967601842491987,0.11456456361399182,0.757849675210625,0.19539334350381837,0.959176631373468,0.22191861293128606,1.2828227921560453,0.22620149302927367,0.22098190283822122,0.0254856849479318,0.20159944797094875,0.015925855393661353,0.18020389550499513,0.012820503025376965,0.693075149638687,0.06751667869083613,0.6355789918833908,0.056112541352546,0.5578669501939941,0.05080142212945578,0.0010482980228479549,92.79966965039975,0.850180691496224,4.057954473009687,0.0003864556375763139,10.910794387749842,-0.21884287503660682,0.9542457109856488,0.22970225596449045,309.6890090813825,7.066530942377871,1146.4453279539375,309.8112494010784
244_Pyrisitia_proterpia.png,Dataset_pieridae,117984,0.006568217055030026,0.004483388069085976,0.01150015495215546,0.009822403803762824,0.007035773662614097,0.005538943524955581,0.014532713823613342,0.013051458346799143,0.0069985567750429165,0.00480874429335137,0.01247559324179372,0.010760577532817964,0.007571701126583523,0.005569487926258687,0.014714980913068904,0.014031818423424392,0.0065605247740280325,0.004744440775996047,0.011272467407293024,0.00967614268444626,0.007747359269415722,0.005012734066976279,0.013051393339559668,0.011293314391195925,0.005515921339395245,0.00489130070306165,0.009131892988028299,0.00814410233000554,0.007143926486708842,0.0050040092768815015,0.011471445152274187,0.009842814156301947,0.01052658754987051,0.0016424883656732604,0.00887896275323561,0.0007106216234979439,0.007689664669668443,0.0003990996190545666,8.515052003098235,2.753582279988175,12.077658038097374,3.5922437153045927,17.625281655588864,3.5340088234637195,0.7310267369794472,0.08717023029412212,0.6181480314871421,0.11396277853139143,0.441816247990125,0.11240337937060318,2.047450366404507,0.36776852328334264,2.4796608634041144,0.34074282584801097,3.024666967283419,0.29269085047958265,0.10230190725706959,0.007804314283551255,0.09415193280572831,0.003791609444712314,0.08766117684397821,0.002276564077117214,0.4113961384627261,0.05050369506206915,0.3573456797606596,0.02791993635417846,0.30891976827557566,0.018946618886226042,0.00017361139379980023,534.460636384222,0.7347074987413706,5.47182273235342,0.00010408288189422858,13.144932759759195,-0.10730993171836159,0.8667956821944924,0.07626176894523198,313.0210489629052,7.835005837460698,3495.7945622781044,1007.5637996655805
245_Pyrisitia_proterpia.png,Dataset_pieridae,70624,0.005332558672816259,0.005177744188104515,0.00576173556435135,0.005500627264508286,0.004907274413727676,0.005934822683201799,0.005244349586010892,0.005576018460341363,0.0045640694218598765,0.004291963500956491,0.004510002384500196,0.0038514867478303357,0.0037008046715983705,0.0031616733385834857,0.004435147678699804,0.0041408054208963855,0.0035917319745773875,0.003294363065770212,0.003143748494482318,0.002838087412330936,0.0027626823055575756,0.00230227045452377,0.003385788141128508,0.003188162221755548,0.0029517448162922006,0.003044523269414157,0.0022941485388006185,0.0022771760709217356,0.0021219568588982784,0.0018591384515961374,0.002776153927328733,0.002754688391255882,0.07102320522978936,0.007582185096669372,0.05977590691030821,0.003906871528168643,0.04927061391052951,0.0007968039884493639,1.1696086905361385,0.28885793891730327,1.7779790831285733,0.3397212967053963,3.1718992299294335,0.17773073061653893,0.9209601491343198,0.019822512681835453,0.8788857348387835,0.02346695646120485,0.7796510118675657,0.011143686073738755,0.656354803418321,0.10319290960893385,0.8387573507546561,0.08457668356801651,1.1408325593018502,0.03439331205097377,0.2661194050283828,0.014271212181483025,0.24436129214816435,0.007966543164239222,0.22196260734189713,0.0017930009805644167,0.7152299244802698,0.0367075174836464,0.6556847355017421,0.024566903305302153,0.5765352279713924,0.008124357408510067,0.0014188806634199936,64.89624557374933,0.9307168499342429,3.8959894002492503,0.0003794313340720429,10.538054937831975,-0.22255655096939572,0.9603504013090598,0.21943636004704895,327.85394938615826,6.875901333719554,1810.4802275030488,468.8441182691977
246_Pyrisitia_proterpia.png,Dataset_pieridae,66892,0.0022639518486766656,0.002867961938832129,0.0051796848840598994,0.004352887816258607,0.0026244864490437957,0.0027631371981449,0.006648698308394644,0.006093843142138881,0.0022598105087224644,0.002753888902064644,0.004928859173371191,0.004711263195578631,0.0026351883132005116,0.002657712007157379,0.005992481596208512,0.006319801989103416,0.0021374654331538334,0.0025870768512235008,0.003728591328231531,0.003981192034462315,0.002477484001204195,0.0024817719264690107,0.004576512715660785,0.0049041051442408395,0.0021032855034571955,0.0024044309418742226,0.0027696247676736326,0.003250481532929057,0.002214659040564888,0.0022858772156033294,0.003559149586720023,0.003873234894899646,0.07004272513081032,0.011840126008097635,0.0593693535429662,0.007197042868083788,0.04838555311913137,0.005506596728367111,1.235552211267521,0.4132414208518577,1.838987083166113,0.6198576659448141,2.9766986574766805,0.663531760786971,0.8409741770131374,0.05408372600098335,0.7611082604627287,0.08153670674026302,0.6074820231301348,0.0888090814866187,0.6458605440694005,0.14839610466507644,0.8213051344004243,0.16066488616471666,1.09666674277748,0.16032970677564864,0.263762541015807,0.021726644648796384,0.24319080357888953,0.015085973539025467,0.21961161002412943,0.012501754346533493,0.729150493753713,0.05173261054129178,0.6749112564735797,0.045089162394499574,0.6019652298677193,0.041731678538336106,0.0016566997437157897,69.74719025483034,0.857327835878636,3.8717489335136586,0.00044297201242678424,10.418666595579818,-0.22628337529415202,0.9558869727067983,0.27071189497835896,332.7653545707492,6.817472285542731,909.959944631526,244.92678372159935
247_Pyrisitia_venusta_venusta.png,Dataset_pieridae,133618,0.005985067495431757,0.009502231243876981,0.0047479171547059485,0.006974786268901971,0.00401350983878812,0.006311570328518876,0.004337283302314065,0.007777734979318595,0.0042124217032121,0.00676855888977606,0.0034785688944726605,0.004889866342966539,0.0030284554945002287,0.004645694613192249,0.0031063083540855524,0.004509334557968799,0.0032958024107749176,0.005291150956327514,0.0027248966505737998,0.004031427895977163,0.0025502011038494032,0.004037469486277316,0.002743843078880214,0.0039125450394898054,0.0029107224928821883,0.004713544567896402,0.0022789257113628603,0.0036197852704966307,0.0022193412553660067,0.003676082516341449,0.0024987879762256504,0.0035120327809112866,0.0319895256866451,0.003174327168752405,0.027649542929710728,0.001932436340400805,0.02251978844852095,0.0011616905640948472,1.4169614543269171,0.3907304671892576,2.2115205976837538,0.5493081000293496,4.187986421169219,0.5760433695761539,0.9858200324999388,0.0039174467529837255,0.977829454188349,0.005528172672042682,0.9578834174112438,0.005809490105428299,0.5313780178589873,0.08975522644524522,0.6838913927089607,0.08388082602343477,0.9618246440709731,0.06681922382987929,0.17863794227091404,0.008832398760172083,0.16617826248014692,0.005859010905445577,0.1500159651462502,0.0038728090270491477,0.7963595247469398,0.026876203129500773,0.7547829495532511,0.02028908857172057,0.6929033852005189,0.013981711945409927,0.0009595200315218809,82.39189842899798,0.9870851748705446,3.498524721541304,0.0006140496539643347,11.28841394271221,-0.4352662436648356,0.9989497533557921,0.3815215028529479,290.0578917680714,8.189487037574942,12678.976407086662,3190.342076378922
248_Pyrisitia_venusta_venusta.png,Dataset_pieridae,134814,0.002873491937245841,0.0037811233206878495,0.00329098827983487,0.0051436797583069545,0.0035667516566417136,0.0045763754686715475,0.004043662526645031,0.004485276517155321,0.0025216964190427917,0.003227662219842299,0.0025162272056326617,0.0037390423962641566,0.002651910247697055,0.003702266877823017,0.0031242662847154553,0.0034748314619494594,0.0021777078977662954,0.0028041474209227627,0.0020172128481555614,0.0030581087560177054,0.0020817085784466498,0.0029277139983798356,0.00260580636992182,0.002873915027445641,0.002137779601512918,0.0027184367969209436,0.0017956680096882006,0.0026931264896871707,0.0018086811892375064,0.002459592437972258,0.0023316750558720198,0.0025270071788224433,0.08822752490059114,0.007172206392001277,0.0784916105426092,0.004125004792072397,0.06590153736342035,0.002382512620014533,0.628375590446234,0.14950798550020122,0.9633506629204494,0.19823421266500627,1.7193477144211746,0.10024509111360569,0.9658369624383785,0.008212991268302565,0.947215198428253,0.01108983822952293,0.9046362616504395,0.005727303991360629,0.37640814148203955,0.06311692792389305,0.48760813956225474,0.058439189207923,0.6808219319947076,0.03446633685911393,0.2967894036515265,0.011982269432890706,0.2800642134998885,0.007459682251815632,0.2566715062073232,0.004612511754390452,0.833678894559705,0.02489673549758884,0.7948088368844626,0.019234480902698095,0.7361060101773815,0.011958485725752786,0.0033006610719649348,32.50028991403646,0.9721198102931038,3.171659269876601,0.0007551960710667964,9.80255651262615,-0.40112261508501607,0.9958727535178018,0.42803788396723674,353.8004908536384,7.098359699506802,2300.713975491566,583.3035663514074
249_Pyrisitia_venusta_venusta.png,Dataset_pieridae,115278,0.005334255405725941,0.0073435512637194,0.006384773131080623,0.006862459215248791,0.004910451118222007,0.007573903720798133,0.005933494789218556,0.007266989102799152,0.005291063710140261,0.006177908539712496,0.006196617024979409,0.006709064875080402,0.0051241345068756584,0.006071298639508547,0.0058556816389228735,0.006365420141364899,0.004907226416332753,0.005969236472039713,0.005466816698965082,0.006415541232375118,0.004884208239114009,0.005736731539962445,0.005657536333841299,0.006528171692796333,0.004281735315988662,0.005670815928011346,0.004343800693507647,0.00567918296347459,0.004052994056448242,0.00512829925483983,0.0048807436941891305,0.006062023906047999,0.06847475407152129,0.0068402037120043144,0.05922864175652949,0.003908833198151197,0.05139596001323157,0.0024437209002810246,2.8508240833621237,0.6670351174051078,4.1550580016109,0.6914290366467679,6.293637428012511,0.30386628523622194,0.9173368089494496,0.01964465361253802,0.8783289028749488,0.0209092921217975,0.8122765677358648,0.009063046461587647,0.9321309387674592,0.12829289081680148,1.1517167701914062,0.10466570146468349,1.435198225468759,0.052512612282347916,0.26134847939886524,0.01310444151508187,0.24323854531531916,0.007978209662381438,0.2266433197004058,0.005363361670745117,0.6676008941924996,0.032623357649441555,0.6176611907977717,0.022750629688100352,0.5644483797932778,0.015233890948241326,0.0015098127959707875,172.3384365141686,0.92159475695118,4.337850713975009,0.00030119842090160906,10.996761889525828,-0.21030022193034648,0.9586454903349722,0.23491605895632822,396.47053857885186,7.088577089651271,4227.897060117968,1100.0588741580414
250_Pyrisitia_venusta_venusta.png,Dataset_pieridae,106616,0.005025488070428452,0.005231033440273583,0.006845315439497911,0.005927843236427283,0.004506091132022338,0.00443579904536098,0.006080611535421813,0.005367156472794437,0.004748569271830966,0.004411299152352656,0.005978354123925751,0.005268528858564514,0.004633050238112753,0.004131085061518616,0.0058448165374272295,0.005389537867163407,0.0041502916397810905,0.004173109060963682,0.004769738100374958,0.0045452023661881665,0.004122098756831582,0.003911380749295907,0.005003456597277169,0.004752540172809902,0.003442557118122931,0.003689134889020078,0.0034970946748638593,0.0035109261174779026,0.0032435309368825022,0.0032148768764726898,0.0040148149677322765,0.004063752985599723,0.05106494785465111,0.005686140063962301,0.04328411870070934,0.003543209862386311,0.03603077769005313,0.0018990356281142293,1.9883705917503178,0.490782216303676,2.983736234324382,0.5658380392502486,4.79886537156936,0.3144202178563591,0.9230437271650785,0.01902288032405563,0.8844098851919087,0.021978815568394656,0.8138000564465273,0.012322632197998694,0.8424590357300585,0.12439243614510505,1.0610855847991942,0.11474502135057785,1.3751981166026406,0.06617221739331691,0.22562733556561126,0.012540067791450086,0.20787306744666068,0.008538532135291458,0.1897518950408632,0.004999601829581865,0.6743146375382829,0.035202556729136865,0.6192946846455364,0.02763079629900621,0.5539282195801144,0.01776206080083801,0.0011145870790800641,117.40551373185623,0.9285531839472164,4.236685025420351,0.00033718527778021,11.284531637752917,-0.2341097427611733,0.9722260922712038,0.2242485407429037,323.3016387944642,7.352457142962114,3169.407961459252,821.7033687977801
251_Pyrisitia_venusta_venusta.png,Dataset_pieridae,102172,0.004451886257563023,0.004790815758587523,0.006621976419944353,0.0067609486653764424,0.003898328740534228,0.003981387510710296,0.005178986166282702,0.004794644464840929,0.0037153068665365073,0.003403885323493203,0.005628924344589344,0.005615386923147395,0.003658258230127701,0.0031671337690761543,0.005035846719695118,0.00453503140831412,0.0030149248842278897,0.00288553823473691,0.004163990781627397,0.004080692868797356,0.0031962210161555265,0.002814368270859717,0.00445386040445347,0.00415138315734366,0.00251399131861076,0.002576198254161483,0.0029725474062494493,0.003092694227755332,0.002543526610249198,0.0023519188986342965,0.00361050890459627,0.0036514242052177056,0.05160092917767945,0.005994002428302493,0.043774095894787896,0.003723614083029113,0.03630410629005419,0.002148392818682581,1.4418880622006471,0.3926963038336702,2.1837898042205106,0.4681112823490134,3.647492338956779,0.37223002839325564,0.9453179619468665,0.015042169907152746,0.9169325161453971,0.017964394782915862,0.8601473136784633,0.015196049005132472,0.7196810617820466,0.11815575063145392,0.9138774764889798,0.11227131267975443,1.2047732496914403,0.079393005247228,0.22677639182016637,0.01316804050365267,0.20903531538229778,0.008850582907989398,0.19045370071724277,0.0056119669600876495,0.7040009938569942,0.0369879555968467,0.64900957662265,0.029807910299656903,0.5820297972095732,0.020366745210194326,0.0011508321077623753,82.39617309287084,0.9508415066610406,4.031524840307605,0.0004203521806633607,11.139478913521227,-0.26926748767328396,0.982499917207573,0.24437957681925826,277.78607132753694,7.407732254121017,3272.0929780273327,838.6222877800492
252_Pyrisitia_venusta_venusta.png,Dataset_pieridae,140296,0.0050965701933853216,0.009380980598278988,0.0037909290845897035,0.006392639546435748,0.004006467275215324,0.006874987363468216,0.004518641428224361,0.008829428129546573,0.0032942985901303814,0.005986448078299897,0.0023897853018574,0.003829631964885738,0.0026283354934606836,0.004675412921421082,0.0029229152936569008,0.004761289892711833,0.0028103849015596477,0.00491251681087283,0.0019633882725573087,0.0030712579986422,0.0021105827511507724,0.0035652339232217943,0.0024323769754047964,0.003780387457740737,0.0027260693922010987,0.0047689123813683945,0.0017901745703110621,0.002718556542412679,0.0018554713373769942,0.0029826400473734207,0.002219080715447564,0.003400993703275052,0.0458506462758799,0.003161573565768189,0.04152826777107049,0.0012274817750623037,0.035489986391537234,0.000645764988652177,1.2745250946109108,0.36001108756054595,1.9894131085445363,0.4157736753141208,3.883069306148289,0.22923363357565188,0.9854652450966254,0.004116033514509931,0.9772803867190478,0.004758538792743036,0.955482542709089,0.002626374361779074,0.43526864607844806,0.07582213035982734,0.5592199979595649,0.05320492190984143,0.8013656078840321,0.021640017340046485,0.2140002894682515,0.007383927368578927,0.2037625349589935,0.003016142926892017,0.18838010220844992,0.0017098197189157462,0.8418401766873155,0.02120584169683857,0.8115385071582606,0.009473401099954041,0.7634813754296377,0.004765126140175265,0.0019192565021954899,74.79811008706831,0.9866366302974428,3.0929234332847244,0.0008819393782104754,10.567260237073121,-0.49757136917942324,0.9994772672504408,0.49616462648128773,286.51152632085126,7.993363837039038,11122.116798433373,2799.2287271301147
253_Pyrisitia_venusta_venusta.png,Dataset_pieridae,113526,0.005326213373852948,0.006605842032766981,0.004648416579154966,0.005489806907719769,0.005261995730863864,0.005820171441496239,0.004489729095907702,0.005886463724720073,0.004375209916112317,0.00476396003533588,0.003999568767738676,0.004580631525804055,0.004388665925068466,0.005150389981174094,0.0038802044514919753,0.004643222822984426,0.0036177495615307485,0.004127886977830139,0.0032709959696439056,0.004067663715695234,0.003568279503767207,0.004743525505409488,0.0034376410983795237,0.004351844143379074,0.0030668604361193622,0.0038122916732652072,0.002640398324334519,0.0036703526669890386,0.0028049499122039766,0.00408749578969727,0.0029307588742821205,0.0039121718556792825,0.03308947952775334,0.0032263358214675605,0.028203400105290464,0.0019171313857913454,0.02313388123807049,0.0006475501478724183,1.5898383305527835,0.38403260204266454,2.434963878337138,0.49735444892255526,4.161447849196226,0.3256504429470568,0.9778860343062,0.005350756941956168,0.9660931576581538,0.006947951910140358,0.9419179593440083,0.004578510792104028,0.6572864212296349,0.09534203325742759,0.8366542312312073,0.09141067670146069,1.1187268823406673,0.044655431019146555,0.18168963492612372,0.00885189743304971,0.16784085640489485,0.005731232551723021,0.1520833215549363,0.002131793350289201,0.7428878891843537,0.028609129412613832,0.6941503250405363,0.02207694794926793,0.6307718388771251,0.00800558547132693,0.0008203023997225189,92.34865287932342,0.9798757180798473,3.8584139399904562,0.00046640950609368474,11.594238074655577,-0.36767986919809015,0.997060102011214,0.3037569922453781,288.78054701234214,8.081307086133961,9086.374112180685,2294.6806912650036
254_Pyrisitia_venusta_venusta.png,Dataset_pieridae,88219,0.003157080656090893,0.0048506159093111975,0.0038979771972183896,0.0047800286708277575,0.0037549150767202297,0.004585621059116766,0.006316320595867234,0.005896097760566286,0.0026908104774131243,0.0035714337417780432,0.00373409978040096,0.004721362783514512,0.003440732701789543,0.0038107753856864587,0.006026663657596152,0.0062437199162361885,0.0022907033515939014,0.003139965698763967,0.0029761078823028375,0.0037716542988010544,0.002712498043216936,0.003115637129201428,0.004737342450701198,0.005152081317548556,0.002147936064156142,0.002952576248923567,0.0023697284526005007,0.0032043807597437754,0.0022334408915138985,0.0028640156611728865,0.0037042536942795763,0.004490825033910579,0.04598032581610882,0.00967658103718269,0.03860007716306036,0.004986934790302911,0.0313650209843364,0.0037441965917115695,1.3054566486954682,0.3762636125627439,1.8978770579105577,0.4799162635559152,3.0543194297585132,0.3929618494438661,0.9422343977769296,0.01673729159404858,0.9155601640782443,0.02168591008892257,0.8626644953466989,0.017930869346182536,0.6319024651015007,0.13604855697883228,0.7964116248415665,0.12929783549189952,1.0588244881287425,0.11145462866482454,0.2133501599626516,0.021495000814603163,0.19604113904665185,0.012959512504399051,0.17679905190753756,0.010349697045432558,0.7379973575870441,0.04988696974997571,0.6866818969338461,0.03868684600521466,0.616101496806659,0.03315405042998889,0.0010442191408855206,73.77270554407234,0.9486178381853905,3.816422001306281,0.00048057615336247623,11.005941485867265,-0.3008185797450291,0.987459903235204,0.2823015446379572,286.5954716193035,7.433748911238318,2799.8442370179328,718.4042356405043
255_Pyrisitia_venusta_venusta.png,Dataset_pieridae,113856,0.004670736194946122,0.006419976603525966,0.005300811637935143,0.006897911627026585,0.004332562505818292,0.005738434428668062,0.005238966927773236,0.006423977563439209,0.004702561866111593,0.00561360627539242,0.005049729176132155,0.005956858183234714,0.004267511474360907,0.0048187659999173104,0.005101544220232478,0.005413059940650369,0.004451871074638566,0.005565621137462682,0.00466560996104013,0.0059436360008373445,0.004146900274787805,0.004814194203298639,0.0051491312372170875,0.005738655283651602,0.004011749995575062,0.005462252575099428,0.004004856708501671,0.005579141299028514,0.0036720431542367235,0.004528480336890052,0.004704810254473056,0.005784074221911993,0.11620015106124569,0.010118949070263847,0.10418440633204881,0.0053116512995011675,0.09211552353967606,0.0040393363613314,2.3075868460871356,0.5036359711459595,3.1941944933918602,0.43245937616415736,4.484957124215775,0.13220688658967944,0.8651633949081868,0.03059196132588287,0.8099909024357308,0.027754101037872885,0.7227287661769641,0.011942829664476916,0.7766963673463824,0.10619038687063423,0.9417772589219758,0.07307110160369355,1.1467760294439906,0.03128118421262338,0.340563579995506,0.014717304165174678,0.32266908864949007,0.008310569303983568,0.3034327505299843,0.0066399883647749805,0.72339839647125,0.02819906916294579,0.6841566016265758,0.01723887629612134,0.6403449591872488,0.011540727129795456,0.007179413816969967,139.13615196197017,0.8711458636348419,4.027167485367838,0.00044367935015919937,9.897996952304611,-0.22136542249815155,0.9524122179687446,0.34763895231209097,392.1167416151528,6.4538085947783514,2024.5752593910147,540.9278528382565
256_Pyrisitia_venusta_venusta.png,Dataset_pieridae,146042,0.0032288744539003948,0.0043515213094098585,0.0038051033868149037,0.003330019634549725,0.0026211245481520796,0.0038803429427458186,0.0030604867062304386,0.003090608807500395,0.0027261695773876347,0.0031699512907998094,0.0028684054466691393,0.0028485776516292047,0.002403705965759168,0.0031083043733238715,0.0028541985285420166,0.0030852425458171052,0.0023775446465522294,0.002885302612110894,0.0020988110542625514,0.002339439529766783,0.0019869175401497166,0.0025742989249037886,0.002406333574521029,0.002888531909505995,0.002295279388561074,0.0027802494440689407,0.001802200115366752,0.0021213371855855834,0.001787013855254017,0.0023273646596901295,0.002267439287954624,0.002828552183053302,0.1510734017049318,0.012303050452805223,0.1323274876760871,0.008659250324293618,0.10968683610473615,0.005151843296697339,0.6050819434321422,0.13371333852063835,0.8746386589839903,0.13763492228094415,1.4231375104988397,0.053036909593916874,0.8917730764006935,0.02492330834271686,0.840931809765078,0.02638875438985336,0.7326163891655884,0.012176722992420692,0.38342451950707873,0.06226583631568721,0.49445871177365514,0.053846955075638414,0.6766061745252829,0.03390370230771578,0.3883551085752843,0.015928319070477082,0.363576367507602,0.011820011254825246,0.3310991920379356,0.007756361038681803,0.826961040158189,0.02566533141381421,0.7836597393252988,0.02118793538834098,0.7191762538020033,0.015789082404047944,0.004407777523774068,30.040096482967083,0.9135886019352333,3.182966028847055,0.0006186911248037053,9.096734813500365,-0.2932747501454861,0.97521095400146,0.38461540134928474,375.2704382833434,6.2970811784312435,667.1620834526475,174.30054498390928
257_Rhabdodryas_trite_trite.png,Dataset_pieridae,163389,0.003224608922146934,0.004455602620329175,0.0027871478751063626,0.003283760694595953,0.0026573336884716694,0.0034262879404140687,0.0025407081467620383,0.0023563646953689795,0.002805130412038718,0.0036649987418241204,0.0027075184891988966,0.0030015010410807575,0.002333691404036976,0.002979407871989645,0.0026505146430846616,0.0026179603484027154,0.0025697707861384736,0.003510354104650361,0.0024050167510308493,0.002943721079392171,0.002209686816303684,0.002947718201920936,0.002525269671760034,0.0027211968160052668,0.002428265218343849,0.0035778675393948016,0.0020232696851830937,0.0026062480509945487,0.0019376819406900345,0.0025816319412662915,0.0022877629806149213,0.0026092079243609386,0.0374336848965901,0.0036500351926973982,0.03234130519265446,0.0015075219616714993,0.02706988069224981,0.0002542566114195425,0.8378114524345053,0.17494441322808593,1.1372588385674707,0.14911544601776774,1.6225275911674573,0.1237273579324972,0.9752498178581159,0.005168481486758936,0.9663844924363152,0.004437837005344419,0.9519820568655533,0.00371699019991341,0.45122774811315974,0.06848068647641546,0.5615176931742584,0.042552334170848076,0.7172441603082543,0.011816257404010889,0.19324694331861764,0.009450068497163478,0.17978818935224145,0.004184753528827202,0.16452745217998482,0.0007734154204680533,0.8053651875892065,0.026748276763765108,0.7644878999553926,0.014584437106484027,0.7103393628194891,0.0018171707456754531,0.0010461532224148786,44.96933647579567,0.9791736969278797,3.388437424793017,0.0006197461811976857,10.947531743572377,-0.4085328078804151,0.9979797466467755,0.3735102519664092,280.1239221688914,7.85489876388344,4273.613178966723,1079.6456288606341
258_Rhabdodryas_trite_trite.png,Dataset_pieridae,92572,0.0018877382426070516,0.0015933568717697577,0.0014943340980924191,0.0011187769845405276,0.002065821636602575,0.0024683898463214613,0.0017405443568424299,0.001496968687205403,0.0017948868566726606,0.0016295014279299762,0.0013307967341739998,0.0012070493503945814,0.0015354895183526595,0.0019160194521126322,0.0016419477602258143,0.001374945415839436,0.001658221028340396,0.0014941521778068017,0.0011504440530262332,0.0010428009327010672,0.001264759220232752,0.0015623242194557066,0.0015065848540135793,0.0013062388290243398,0.0016953681253334123,0.0014527366287199377,0.0011740376434276611,0.0009334993508303773,0.0012522075522052134,0.0014016535684323653,0.0015951034457514564,0.0013260523283870362,0.2909633776665145,0.018546132860506766,0.2651064043267908,0.007516221419737515,0.22920292207456147,0.0030025746204322013,0.2565297590208376,0.05521659939321061,0.34558944845064327,0.04238327400684862,0.5204209196007076,0.04607397803663177,0.8063020505493366,0.04379817576899054,0.7348656128484912,0.03651017025983516,0.5911134022530572,0.042408106460599386,0.21860793225239433,0.0409080694611278,0.2811534419515744,0.025266626442135398,0.39007032452260015,0.017771444805750342,0.5391358682356238,0.017201547847057807,0.5148331264582904,0.007297686480849336,0.4787411202459704,0.0031403598830020848,0.8943137646204147,0.01914483112548715,0.8655139055260141,0.011024021163297955,0.8171371895231478,0.006371959665807654,0.017780067927992946,9.210806237658883,0.8679970170485742,2.493836428091955,0.0013218792724917338,7.290484705048087,-0.31420378105464364,0.961713824528242,0.5425513653103491,318.5149176244779,5.245115530279751,130.87462554359445,35.021357945298405
259_Zerene_cesonia_boyacensis.png,Dataset_pieridae,176952,0.005846727742476095,0.005075437031200699,0.007519209315586306,0.00671609291971689,0.006466520391987511,0.006634483527590258,0.008829014317565973,0.0072809721400047414,0.007141396794485008,0.006034887943827372,0.008532515074810438,0.007734497626537973,0.007596636564308714,0.007250091236535054,0.00878754131110674,0.007347766611493275,0.007867586796864424,0.007340197525108045,0.008829918066871978,0.008242530154464866,0.008266868044168037,0.007962103693354358,0.009449971842676524,0.008394600748054155,0.007749122613357647,0.008505155401431373,0.007864223041292607,0.008071741848791197,0.007630102092342299,0.007989857331658051,0.009320770517504583,0.009892261805741974,0.011285497205814184,0.001613522629664589,0.00950345643765169,0.0006923663573307205,0.00818799468329852,0.00041926074370529084,7.523946546134767,1.3835481734860264,9.603094303974682,0.925117364664294,11.86231101289577,0.658812206796393,0.9074526974788791,0.017038736794802445,0.8817973129145611,0.011424679202724141,0.853671701955676,0.008130759085750956,1.742941387468291,0.19978414095238256,2.0290771702633785,0.12304228376619024,2.319091084605403,0.0787651699314169,0.10597218368130493,0.007442680406275507,0.09741860464856206,0.0036155090898592162,0.09045810135586654,0.0023079389918922687,0.4973002352036278,0.03637023892660679,0.4491488419979036,0.019507318025795594,0.4050962554704039,0.011576682308601928,0.00019954930533191086,471.11817989539486,0.9092838677724204,5.246153989675306,0.00014331942560432374,13.360417476624733,-0.20160042436208137,0.9730794888627977,0.11834689072268247,323.58028783975794,8.395410455151183,9915.987616919905,2596.7764492038204
260_Zerene_cesonia_boyacensis.png,Dataset_pieridae,165515,0.004189906942169113,0.005316584140117489,0.005817661455413894,0.006606566203293168,0.004325934994950225,0.004627399001537434,0.006765692258548714,0.006036778784295035,0.003916178744674488,0.003811757787557009,0.005182262867346571,0.004721920561731266,0.00408219171721205,0.0036096099900622433,0.005862932916570934,0.004971230602722177,0.003284600111436929,0.003279032288335678,0.004050735017279132,0.0037499764847881973,0.0035111048348234032,0.0032208656083056553,0.004947987186487558,0.004313972022358666,0.0027536655966628725,0.002882010043464223,0.002932347086473873,0.0027918231413729916,0.002723228688209718,0.0025934534779627773,0.003786636727848441,0.003494378957542072,0.019689795461292285,0.0031469899329055412,0.01604712967700013,0.0017058212658472864,0.012652394619606626,0.0009980756933846671,1.546591039352746,0.4041145485122052,2.3417280642553804,0.5138098598717484,3.9505962557233207,0.4335562464266982,0.9625146892989375,0.00980727708153069,0.9432154032872918,0.012510091796267418,0.9041495959026071,0.010675012052247143,0.7851640439449025,0.13375675397856632,0.9959613160310646,0.1287324085107544,1.3232203864018026,0.09995771329170454,0.13989205152744913,0.010954879311694992,0.1264898585401973,0.006888059485879287,0.11239564796588877,0.004428649673955987,0.6725259792524354,0.04547645009025181,0.6106304924857389,0.03483548542428859,0.5331673416509672,0.024226651955895923,0.0003612226592232089,88.78395764422427,0.9662512362654341,4.135735861646513,0.0002914234440670204,12.10610492989738,-0.3022995578741574,0.9924279259748626,0.18982933189420212,323.7021995807741,8.112922219305247,5173.264195645232,1315.5120383223584
261_Archonias_brassolis_approximata.png,Dataset_pieridae,100501,0.009212043829732963,0.010669621436522355,0.00691361120297643,0.006887778202202915,0.00666055901180472,0.006631683871711623,0.007448596319347822,0.008254263406768086,0.007949702191387135,0.008815888772391495,0.00690097119392501,0.0070202874554308545,0.006368113489771313,0.006246910718440198,0.007069125261378694,0.007486291373464504,0.007176156201025225,0.008464244461066054,0.006622072985157546,0.007422098929240705,0.006109960545114555,0.006380767205079731,0.006660794152319767,0.006967243385265588,0.006479501691075046,0.00897820995085982,0.005613969006197906,0.007074160030675541,0.005330620690402487,0.006419909577674335,0.005875104010682084,0.007418837145084311,0.04606081002352146,0.004177587062924967,0.04029648335455081,0.001593803137160746,0.03582512733347943,0.0001966663533936526,5.827690376621946,1.2084385790379524,7.9320568549554755,1.0505776032381513,11.71644378464694,0.6906820794663504,0.9340450623222911,0.013631356322517541,0.9103572413469585,0.011888114602989481,0.8681397761799465,0.008087661683777279,1.3168582795994146,0.1627928580268861,1.5710629001658343,0.09852262947860707,1.912820865111048,0.044737235900497135,0.21439665919273246,0.009740767450092521,0.20070056722879806,0.003970600532605063,0.18927455704432394,0.0005190271229842324,0.592472839956994,0.03287627121539919,0.5455590362022873,0.014115402692060616,0.5002515709713523,0.0044302168816182505,0.0009089227085554951,363.02737646386464,0.9356513501046696,4.8006548857188385,0.00020993444116802824,11.681656126032797,-0.18752642605232334,0.9523289979428088,0.17467556169764448,107.11030756958952,7.352815229114191,10918.491053801625,2820.3796075663718
262_Archonias_brassolis_approximata.png,Dataset_pieridae,114155,0.005635948836140538,0.00746775302363255,0.008645323732406377,0.014914300938431485,0.007169184062164416,0.010507562942198586,0.007476467427359139,0.009091332256361556,0.005164038367035717,0.006685547363330269,0.007575481051330059,0.013232364663030027,0.005748886003590993,0.007934428310648476,0.006502868484259994,0.008061376199239672,0.004344096398893785,0.006340106040048876,0.0057529508785491975,0.009442609036831808,0.004845968618540663,0.0070878158851044835,0.005582621996833515,0.00745501007912612,0.003354876765702776,0.005074480802609743,0.004049015271978062,0.0065746269118863625,0.0036259347566773,0.0054248087119952385,0.004197424654727901,0.005815937481515208,0.0656469922382443,0.0063238863915583325,0.05684211997326821,0.0037240069602880507,0.0473967225223375,0.001895403262518392,4.270331529767066,1.128916801594871,6.8132076835473665,1.6067219781014728,11.590065054514058,1.1214414375627018,0.9444473106398418,0.01470752271694698,0.9113382608252635,0.020934529274595874,0.8490645703017633,0.014705079907176259,0.9985724160226555,0.13963491563807212,1.2706730503423116,0.15440231462835688,1.67426850187001,0.08283091537189838,0.2559248101316608,0.012226356665731535,0.2382841768424684,0.007922817666427703,0.21766457043221532,0.004342499383614506,0.6913279961372769,0.02910866537578496,0.6452112751217984,0.022588645663200263,0.5879002569444416,0.011938894622213094,0.0016765781363061473,264.059605087116,0.946219180571995,4.293523093454879,0.00034641005798018376,11.173826136883978,-0.2703921908273847,0.9834576734184524,0.276295524859961,108.79793060104473,7.426098244011116,9556.592771614294,2455.163094175352
263_Archonias_brassolis_approximata.png,Dataset_pieridae,136964,0.006245987810882453,0.0080701079281336,0.00759822150772996,0.010609548891550809,0.005886240427231579,0.007670090764761804,0.005861314509534669,0.006861840624246381,0.00522434560338108,0.007184759268731881,0.005965106188662459,0.008604200569760195,0.004208984976714138,0.005181650295191754,0.004294426514883474,0.004823110995577546,0.0036577686738881354,0.005192253993428641,0.003962780624080684,0.005887531280866355,0.002935527152275601,0.0035642508791314154,0.0030916393720614283,0.0034591071698116356,0.002623163068786345,0.0037086238296046704,0.0025431366418514553,0.0038131644207742696,0.0020495476487490494,0.002588313071651128,0.0022382604889597327,0.002604695869754513,0.05177752262282648,0.00522851849908892,0.04345523166784197,0.0034080569333817265,0.03476767039290718,0.0008888956476357923,2.1489163317715034,0.6577091930824763,3.540041823485482,0.9799044047439387,6.7194160870339,0.8313573710840573,0.962640542921179,0.011421353541858605,0.9384588583986736,0.01703060988577012,0.8831767311007028,0.014432979528366134,0.7464423645853504,0.11764370556725323,0.9736911235344983,0.1274749535678669,1.363525024799243,0.06360652473512703,0.2272547740056712,0.011523467987450279,0.20829939179379822,0.008160578789260062,0.1864456940543708,0.0023819239054027105,0.7227224114974109,0.030535737454909163,0.6681837070682284,0.025780471927396686,0.5934136426719404,0.007475652106640028,0.0011320008886573812,127.89632820243446,0.965155423828311,3.988384178310866,0.0003797598871527623,11.286390434357418,-0.3113481067701367,0.9914911998900817,0.258169563790306,130.73442116646567,7.662345351257008,7212.390738616499,1835.0717667047372
264_Archonias_brassolis_approximata.png,Dataset_pieridae,101475,0.003165324624785942,0.004892729110039103,0.004334498192585311,0.007193718239744184,0.0034916772336419477,0.005940088429501068,0.005415781669772615,0.008478509851539914,0.0020772814073023154,0.003265444911089718,0.002594685884956117,0.0049351940422032,0.0021886916247700547,0.004130422531911993,0.0029613100737427025,0.005002326373905379,0.0015670838773088984,0.0024722843063188175,0.0017213475360900786,0.0033116426797849866,0.0015332505145836872,0.0030724982384684324,0.0019852207892248927,0.0034392161137633665,0.0013628588660520324,0.0021329357701881154,0.0012760700831818952,0.0023683220557704863,0.0012023096676741258,0.0025731166281411275,0.001604469566888586,0.002986895782468688,0.11094748957240223,0.00788096449966395,0.10100834728415727,0.005747972631990664,0.08645258691222306,0.0048953653330619015,0.8395795826738006,0.2551475677287822,1.4047978283580074,0.39118673950885197,2.91767160232687,0.43425086178913597,0.9935793150766632,0.001946223011511266,0.989257530567972,0.0029907419488996874,0.9776978081825893,0.00329018161019045,0.3585809166913972,0.0650775369115132,0.47381013129871585,0.07242432012153248,0.7005675349827948,0.06567388210503353,0.3328816668518179,0.011716887229872894,0.3176851780542847,0.0091910243593781,0.2939119733683679,0.008266729881570066,0.8567141014549097,0.021701781739762324,0.8248500490000101,0.019404476336329614,0.7727524434754195,0.01768221070645799,0.010453320109690072,47.023354063987085,0.9943444416261674,2.9367907289590574,0.0008913529679497323,9.098351936557592,-0.4804830948938803,0.9982178329133209,0.5323920880374229,134.43188689119637,6.89386097401681,16578.823531443726,4156.461721376929
265_Archonias_brassolis_approximata.png,Dataset_pieridae,91283,0.005428909158947556,0.006119636628415637,0.007128815105369612,0.008192590396827433,0.005476010607013284,0.006199495739447006,0.008589120940942585,0.011118913672113801,0.0054333545900455155,0.005320664225143228,0.006163489934448499,0.0063783705418974735,0.005123160648823469,0.004856856224957139,0.0063640601721709844,0.0072982843175662315,0.005610458407947805,0.006166809531855892,0.00602879228938411,0.0066661447494045,0.005331525364646453,0.005481998525036141,0.0061878008918609334,0.006655593098598128,0.005333162219435611,0.007386879762725059,0.005333344413549598,0.006915272832444282,0.004908519234738449,0.0059315165334317315,0.005741974925669082,0.007404046236727183,0.04167333796597169,0.004147234697461428,0.036151239788967796,0.0018596249161171514,0.03149754543994965,0.001035419534570934,4.968321308594083,0.9224768477432013,6.586974529894868,0.958864915653079,9.71214940653232,0.9858563834151567,0.9260406565499496,0.013695484615404563,0.9020102396042633,0.014193757317730477,0.8557107031082811,0.014469272094282098,1.2021073061069827,0.13697648209464747,1.42101025547954,0.10455313538193434,1.7345311694462673,0.08269413649114181,0.20388850600557581,0.01013977735386545,0.1900713386769073,0.0049118227305370195,0.1774515535515468,0.0029140319305327226,0.6230800907992496,0.030707722489221198,0.5787439958258627,0.016896173648530466,0.530952832823999,0.010434798866672826,0.0008483497070301642,307.7498275538283,0.9282445858784232,4.651133626488809,0.00024742579243523344,11.728209100352823,-0.21226070199512725,0.9670880336089384,0.1951519459693182,133.8823386402594,7.497149128275502,8269.248540698787,2144.249592063153
266_Archonias_brassolis_critias.png,Dataset_pieridae,97276,0.003625019462311716,0.005853884687755412,0.002936539034953521,0.004292248340586889,0.0031700719492699114,0.004777333207082524,0.00314746650109762,0.005111533553211209,0.00321336324557196,0.0052067473209657916,0.002600100431697765,0.0035089760076957234,0.002727840425066504,0.0037242891143942198,0.0030039775289446074,0.004281243702270535,0.0027832779411273633,0.005301540046809268,0.0024130293640884206,0.004064629722150995,0.0024766511514267985,0.00424553581450399,0.0028320338610391166,0.004541076339702372,0.002518424405610189,0.005669703448774975,0.002073935913777108,0.004323440102118366,0.002089196963986961,0.004281025523153167,0.0025497376775089923,0.004927604735431088,0.19882133137395167,0.012736539144769653,0.18145213759484558,0.004719718810844637,0.1620045674965146,0.001654671406260988,1.8366786822538312,0.3425960901733325,2.402750122062112,0.23940820664793902,3.4945441232112198,0.10588458574257813,0.9396837915345435,0.011179656956042708,0.9212563486486733,0.007824315517071781,0.8861300679871437,0.0036749840792899818,0.5408426108885607,0.07436551011406775,0.6489387267127793,0.03441773031311366,0.8092398519367513,0.01600429571846321,0.44566495841311565,0.014285524722165233,0.4259359753391811,0.005539179244806845,0.4024926627774231,0.002055214551854526,0.806629014293214,0.023431115815817506,0.7744647248715231,0.008837709321644802,0.7338539783945458,0.0039144972183880146,0.007951103813154241,110.05480383682662,0.943405063858787,3.4535071216689612,0.0006457753741079466,9.017646232334506,-0.2808392794021257,0.9707880418584526,0.41573574598681556,60.47706838595762,6.1626068706858845,3778.2773999266474,972.0830509408686
267_Archonias_brassolis_critias.png,Dataset_pieridae,91073,0.003636281889123118,0.0045940704390481845,0.004932355560492307,0.005828554206523256,0.004738960846060097,0.0062002617365584595,0.007092645746486041,0.008157518297772507,0.0030650560342050173,0.003974049546497265,0.0036326641471896796,0.004373030636629534,0.0034189998657185488,0.0045113072950713476,0.0041994117880111035,0.005556223950298691,0.0025330553627303295,0.003867308737624053,0.002700274755171959,0.003637262873286169,0.0025859651029764372,0.0036424962509176385,0.003059089296110696,0.004093892081720323,0.002129927892823848,0.0036087384234341348,0.0019503293564037745,0.00281835147408275,0.00189451200579563,0.0027892183605655826,0.002353041590809503,0.0032398901841511787,0.07519492743316686,0.007509178977430868,0.06489440810931778,0.005243415147705283,0.052794438390481695,0.0035756618302744203,1.5439077535611736,0.39997799213348484,2.4159426238167803,0.604958835322568,4.471874653472946,0.6355688560544265,0.9608404352028218,0.010122308973988546,0.9388463821026558,0.015232874920401703,0.8872920054900056,0.01596177862825393,0.5930180380463046,0.0953736911590305,0.7622175952906048,0.10114579412348192,1.0605284564217674,0.08476826171787902,0.2738809959497711,0.013569358523096483,0.2545283515304654,0.010475035871137628,0.22963838655787316,0.007787798763354918,0.7717048814082719,0.029185112081016464,0.7254451735151244,0.026078920637764798,0.6577064033266004,0.0205289980901566,0.002127018012045994,89.92709151035456,0.964200513686749,3.665459445234764,0.0005276811727070705,10.443609064210268,-0.3205911462428642,0.9896671805686527,0.3303650330290412,117.36911272926767,7.1857213380297456,4933.033298470442,1255.7400974951975
268_Archonias_tereas_archidona.png,Dataset_pieridae,61035,0.004262115370051572,0.005676149337151227,0.0064884876754125655,0.009162816794887875,0.007464030454646531,0.011083385963607483,0.009319465196494908,0.010194552746491363,0.003554451992169319,0.004447732806777699,0.005728687054135227,0.00854375279345433,0.004961253617248291,0.007352027867582947,0.006864106109080425,0.007516417528908461,0.003148641463860462,0.004312688090645564,0.0046583315027791975,0.006785024172039328,0.004110088694863268,0.005828846517086434,0.005912741694036309,0.006721112733220994,0.002623218118523348,0.003975158859514669,0.0035935446983786493,0.005381294494346326,0.003271070700792183,0.004664816507805919,0.00486093854758122,0.00618782191330092,0.04814763283505051,0.007789056275074418,0.04126917465280744,0.0040678588705411215,0.0344021960609212,0.003198932306425466,3.3268421674611006,0.9173436560378004,5.12178516066125,1.3943195890081865,8.888996837175547,1.4068328165405255,0.9560169248111636,0.012102870299240004,0.9324257993021052,0.018304900463697992,0.8832523843281858,0.018399711207324896,0.9328856343463714,0.16283440032611618,1.1708053474447482,0.1668000049473888,1.5517932889166979,0.1422885953053762,0.21875693364178134,0.017118318220426844,0.20288934208974657,0.010251317924892006,0.18528308915577535,0.008507228327381525,0.6839812170855126,0.04331873726378634,0.6361523499701061,0.03319656055304868,0.5740556272715858,0.028948131759033168,0.001107495759269312,203.30419917901628,0.957867580300847,4.271256529960807,0.00033136243467463274,11.33601955307197,-0.27428773525021066,0.9843515414192803,0.24857686247858635,112.7241874994003,7.5199399752174365,9445.389955564326,2412.1735386858372
269_Ascia_monuste_monuste.png,Dataset_pieridae,105078,0.0030427646312352636,0.0044264006401000975,0.005096732263281215,0.0063673274756955965,0.0034589508017567284,0.004325339829611816,0.008432609184644174,0.007415909772556058,0.003121428189171251,0.004527636291781171,0.004471591251163947,0.006529508457956787,0.0032985915631381854,0.0040091678169020956,0.006379268872693984,0.007160387542238262,0.002850412586615869,0.004012960853175162,0.0036356078365073867,0.005385482464353042,0.0030628423432895275,0.0037575995999412767,0.0049731238691118245,0.0058277678089228135,0.0027928627379318065,0.004054358527078092,0.0030051591865119837,0.004458651180786815,0.0027277712015955336,0.0034913592320289736,0.004035454873913172,0.004995928450728154,0.0712436910771999,0.009769550479907881,0.06139545213149694,0.00620483706351705,0.05002768137883741,0.005106142159998851,1.7244771722143317,0.48578394791018287,2.576345887150481,0.736299435329419,4.192464112138804,0.7858650873490557,0.9206656304805688,0.022928157548314027,0.8801459663300354,0.03538887466439253,0.8003952126124061,0.03916218698430722,0.7077414402996528,0.14385887768529157,0.8962012210616856,0.15596022806243018,1.2063481475246651,0.15912738932588036,0.26632257799714154,0.017775700440667164,0.24744627727231275,0.01287602405910479,0.22338174506644745,0.011325959116387703,0.7273038649474842,0.04633702747202845,0.6775806553095894,0.038033102249021136,0.607197023264279,0.036173814509225286,0.0018500138634038813,101.16300426264787,0.9267131995453103,3.949521913101205,0.0004100589768248046,10.740710723799458,-0.27826908623051827,0.9812848420709576,0.2950241138329614,371.7502018019178,7.208734942778726,2666.801761812494,691.9911915187859
270_Ascia_monuste_monuste.png,Dataset_pieridae,114031,0.003271835848580249,0.004201835790201557,0.006209601022138168,0.00831347563857406,0.0028255985979092632,0.0033177705140857235,0.0063541217528337406,0.005938778099467209,0.003147776505220517,0.0037616481697298645,0.005082574138375701,0.0070997208151114995,0.002720569579102669,0.002854682963446702,0.005101937721788776,0.005981202970407725,0.002677238518225446,0.0031524246946681455,0.0038256171736747563,0.005506543725651298,0.002529921183096337,0.0026258017353922368,0.003990342063601034,0.0047256481009831115,0.002511044900900044,0.0029534463593093342,0.00290211386012969,0.003988003100944373,0.002336668829762773,0.0025617828748745503,0.003303176304648723,0.003924382274465123,0.0775319635052211,0.008267975846876073,0.06732940533303247,0.005598418226365419,0.05553500894073384,0.004002129737454879,1.420503378271797,0.4778820928657603,2.1935697166827013,0.6401399793863441,3.6918280446222598,0.7482290911587879,0.9143938625006971,0.029231126946287503,0.8669891966598717,0.03926450463670435,0.7731266421979874,0.04700233129500786,0.6398365249837028,0.12750791959288063,0.8232276970538133,0.13712694254445454,1.1191116514399542,0.13506404271966227,0.27805728679838965,0.014700638201764636,0.2592490553799391,0.010923946980910948,0.23550541748494003,0.008497486450589545,0.7436456251428085,0.039417952162167,0.6928748108480505,0.03420867504455238,0.6225730390249157,0.029367183669620968,0.0021370725536349394,82.01412943271566,0.921927634230508,3.837670732578353,0.0004465232027124705,10.560847474418127,-0.27973747131825166,0.9811224409853746,0.3056236844996358,374.67702964651676,7.106426134800341,2022.4745870964907,526.1221791323114
271_Ascia_monuste_orseis.png,Dataset_pieridae,54268,0.00564262383462537,0.009266038107372738,0.010409689099110978,0.009346106107264437,0.003609466588514791,0.005296319888855686,0.0076077857885317535,0.007059777025766729,0.003981404799466705,0.0068000386833364885,0.006035951030876832,0.006129737450049799,0.003136079997294612,0.004533128588559684,0.005520744721316496,0.006398336859949315,0.003146496604789072,0.004897268245553241,0.003932115932116231,0.004377880347450256,0.0028723705679502124,0.004154540514405197,0.00415510961552716,0.005128176448270375,0.0027226980044342693,0.004056606099536957,0.002832211201764621,0.003571356059359318,0.002432514111831314,0.0035906170908480855,0.0032831331901178582,0.0042526017701557065,0.019992455806802777,0.0034045072470588076,0.01610794248241177,0.002654288642104228,0.011823893560279143,0.001868128596343189,2.110190294211061,0.5997568309115378,3.250149842902647,0.7087835370630088,5.77983889138315,0.9412569609041054,0.9538013006198371,0.01313246728760363,0.9287001404350532,0.015596337121686444,0.8725396453817541,0.020481610801721957,0.8288752971887593,0.16548714534811132,1.0750408682566497,0.1674971528815882,1.5200447197458151,0.19997151168189722,0.14086190590455885,0.012262922642583501,0.12649850955004704,0.01029900791476667,0.10839937119920764,0.008571457512904843,0.6795977566682226,0.05223702757433456,0.6134866187923892,0.04892844501074643,0.5162086170839906,0.04867877038460666,0.00041213781529788154,124.92370801112588,0.9571645523161243,4.18228020222366,0.0003094423936497742,12.094647461185563,-0.32773289319350335,0.9948410196396642,0.21294574116452106,249.7761712213728,8.21442571699937,5708.176908914287,1458.2751542313545
272_Ascia_monuste_orseis.png,Dataset_pieridae,103104,0.010294670741373932,0.010465354172312686,0.011312597172689608,0.012942180348342044,0.006461312400865406,0.007959559656806739,0.0058454054159583655,0.007145401918566985,0.008251397496216447,0.008840092998963564,0.009758733563825032,0.012196536178988195,0.005412087386814138,0.005992848660329194,0.005716172623014595,0.0070787269043334185,0.007210274286955433,0.008081157712367702,0.007443642066654856,0.00857672918376437,0.004915554714686003,0.004507763830122302,0.004905988044948165,0.005265949772294257,0.005753748427764298,0.006803407655211339,0.005326180457027173,0.0057081291184014485,0.004081565903951292,0.0035801667195107106,0.003996581963422535,0.004269520263174506,0.010548369203786784,0.0016700532960815175,0.008462459205487126,0.0010594804124560034,0.006484748849304499,0.000651960837312045,4.287174808513019,1.4063388083004569,6.656142265867871,1.7119783261809371,11.125255063203198,1.7515392779826864,0.9235582309812548,0.025097809337360503,0.8812496262966077,0.030616544746784477,0.8011869753725829,0.03147532487208516,1.3552953973557953,0.23574149819383217,1.7245131928519812,0.2412592388769912,2.3034361108842645,0.20076678487131963,0.10238267688663052,0.00813367551077596,0.0918125917894191,0.00573647926838584,0.08042681365094367,0.0040344138683182885,0.5423491117006747,0.04784703457580323,0.4767705961588545,0.03557428632014973,0.39644663386075174,0.024879608967872512,0.00018704304863655422,263.9885928124844,0.9262779970467602,4.898745794644097,0.00017465771947022837,13.07312114329645,-0.23130499200064802,0.9815978763199537,0.13102583725524122,275.10698551579355,8.354054469311409,6898.601031268066,1790.6474060201472
273_Ascia_monuste_orseis.png,Dataset_pieridae,71449,0.005656339903911245,0.006695361382147937,0.006012547086368826,0.01063072761279542,0.005899404034728339,0.010774375323060461,0.004889341403950052,0.008764338165629456,0.004332671684792837,0.004894687377540316,0.003929557091674242,0.006029573525959157,0.0038327794791985217,0.005670965311622664,0.0035480288491785473,0.004926209427393798,0.0034643113829346396,0.00427024833039395,0.0030047843761657252,0.004884545027027661,0.0029599132630757415,0.004647981027101856,0.0029281342502224697,0.003643187999271942,0.003086250175063761,0.004132516461843946,0.00251129849036438,0.004308333022282959,0.0025029801868222123,0.0041375040491993245,0.002723967329208495,0.0032806993203281357,0.10700638659753722,0.010641171523309269,0.0936212738136004,0.007077589379317978,0.07786830727311947,0.0050713928988782,1.4877401896763012,0.38468805858083316,2.383595718743923,0.5259614760063266,4.669151118984736,0.24086526592725288,0.9779744487149761,0.005737051739899125,0.9643891022952573,0.008062667127000598,0.9289817492339456,0.0037987441835846862,0.6159031086212305,0.10158531196455692,0.8006338578759042,0.10424108810835339,1.1402983054324807,0.07232855432147756,0.326725154819289,0.016033084726553574,0.305747121572838,0.011830953618564188,0.27890203359936455,0.009053337907004352,0.7607309038775728,0.03223998713388532,0.7129975925358831,0.02875142485554387,0.6428927320110207,0.024540010450257485,0.003023095718534162,86.17501714526193,0.9800382400577333,3.723943121037972,0.0005198084874059182,10.298868438137939,-0.33446593216585513,0.9909554061144015,0.32872572165703895,358.2301003782833,7.159721101308694,8552.851240100284,2159.7565643113885
274_Ascia_monuste_orseis.png,Dataset_pieridae,61014,0.00756932568880139,0.00873874310739802,0.004725384553307645,0.0065781866992893085,0.012517200939228725,0.011082181237248153,0.00798561992997194,0.008225760422954823,0.007236158660173083,0.008877972564288733,0.004617109920197111,0.006641336095204216,0.010511667555878606,0.01043838865610117,0.007062149289806212,0.007672847936706172,0.006105115157127348,0.00772230702166837,0.004497506097117129,0.005668720477058192,0.0075533068223812535,0.00798248918316047,0.006165838468483386,0.0071561790108733495,0.005079981625354617,0.006434114661010779,0.004041589484904744,0.004799565739530342,0.005293324868780603,0.005634997600062533,0.005014616860264228,0.005944498727946933,0.025908257372823675,0.0038924569556698105,0.021482883089477656,0.002895510979489108,0.017249401803019378,0.0020250219107439847,4.361432642798335,1.4477807024414113,6.7412770424333965,1.6294231822403913,11.037269143833317,1.8922851356051789,0.8955065561147146,0.03485322039541079,0.8377047475776945,0.0393198255296707,0.7311629695779196,0.04573811531914896,1.2756528896607962,0.25406665754295604,1.6289049293366247,0.24044489138426686,2.173141263389747,0.25414208835640245,0.16047331858199357,0.012512849240107924,0.14625560202396104,0.009601143998836124,0.13111276567011357,0.0076710156663422485,0.5809358467113184,0.05192745324182705,0.5180559313728781,0.04176605330975263,0.440250817961754,0.036377505958178,0.0005377618017405507,269.60052188924504,0.8987744556411107,4.799814159576783,0.00020206194683856498,12.221939223793182,-0.21064279355576032,0.9672882496052307,0.17309290429853616,410.70738400653255,7.778859015528197,5059.785520608733,1332.3465106244876
275_Ascia_monuste_orseis.png,Dataset_pieridae,67726,0.0031430226625136608,0.005866780249877638,0.0047585254897906,0.0064121734280138225,0.0044008216139232535,0.005251826495751925,0.008174477650710452,0.007549445134828448,0.0030833163113869436,0.005232394892127004,0.004492388732186851,0.007079648471009578,0.0039490435843985245,0.005251663697690263,0.007373479719397792,0.008279542257846021,0.0028463275368714163,0.004777708646748125,0.004056686812236626,0.006823001698518701,0.003537096497356177,0.00479962761023868,0.006301883835305361,0.007927074853445678,0.002806370922883028,0.00484761292853668,0.003451104114394604,0.005893362953497283,0.0031218437253362915,0.004403531849969004,0.005252544854280047,0.007405935770116146,0.07945431159408847,0.011956380962343168,0.07018841948806154,0.007493307193447557,0.05927876902123461,0.006305368996461077,2.439191636072087,0.7654087660840165,3.5334444353412113,0.9893969013699225,5.3867069819858395,0.7937703458483335,0.919368409669312,0.02584577915996847,0.8817122123317187,0.03398112003458796,0.8146888673906352,0.02835428233189088,0.8227149410671476,0.18223640114002013,1.0274466286383743,0.1805546240463268,1.3499326634397795,0.16375925041584677,0.2811347152933429,0.020434858722769497,0.2645392779796153,0.014401037951667046,0.2431380185599444,0.012754330714652653,0.7043520075772913,0.05306213607167245,0.6552136235962266,0.04060430543550474,0.5874326907542996,0.03760452596942689,0.0024680935538680814,146.82194802842432,0.9237273844739241,4.129318201770877,0.0004090226684313826,10.875809112146994,-0.27308916736196337,0.9796861779797367,0.2843792693320062,353.2279162681704,7.254784416652054,3714.520443901558,965.3355979824937
276_Ascia_monuste_orseis.png,Dataset_pieridae,64566,0.0035100954304497748,0.006894896792644688,0.006246477531514021,0.007819401379799203,0.0031676954522022334,0.004691075278454227,0.007902514393014823,0.006980972114897834,0.003049417972301122,0.004978127594142609,0.005445261675068339,0.008542706274177603,0.00296347106562738,0.004340072474182835,0.006110913195777155,0.006972950762632921,0.002911812382025841,0.004792975588678129,0.004220224719395592,0.006576272223730978,0.002805012696025191,0.0038911120049924704,0.00493840938184292,0.0062786705933444336,0.0029162375461602185,0.004886753980262775,0.0032620734471404886,0.004871427268045083,0.0026488681562785656,0.0036800832965640904,0.004126553051855957,0.005835376497741786,0.08925256390578172,0.011097071969709944,0.07975985931919578,0.008035173972068743,0.0673067634410021,0.007445993547294267,1.8717882639664145,0.6014966793077418,2.8437579430239186,0.7942792841666355,4.677957582339021,0.8998186201819193,0.9230684098889234,0.025355920477658687,0.881843730386121,0.03336642834378861,0.8002583531895961,0.03862220105254806,0.7106770734995702,0.15262398984566772,0.9066727934443728,0.16702690125621644,1.2301926512860812,0.16931330543858172,0.29820307525146117,0.01809667970521424,0.282046345980456,0.014481644874415443,0.25904235451799157,0.014276624488206921,0.7322821932336572,0.04701265557024445,0.6841801588680954,0.041218457566055126,0.6148441539546481,0.038478234927619134,0.0032495836783227074,111.42538495891226,0.9280082910577716,3.948280401940105,0.0004320313879868181,10.530417291456763,-0.29411369216615985,0.9834673449056173,0.3238054922850434,395.86454362889947,7.129160511742124,2992.987105451022,776.1031226024807
277_Ascia_monuste_orseis.png,Dataset_pieridae,93389,0.003223529093160619,0.00408814883518638,0.006462442515354239,0.005455015561809111,0.0036658776110440414,0.003699576785379,0.008401092728890591,0.008842274640196695,0.003201782905489026,0.0039240489955302115,0.005101559666708779,0.005003240115906473,0.003447767249883513,0.003216358555474044,0.0059868392857353415,0.006378540018713159,0.0026894487657614075,0.0035316062364341367,0.0036731006842990305,0.003696674844485116,0.002923279783854366,0.002812771556453762,0.004580550313782993,0.004746780553790448,0.0024543155888601302,0.0034333330230748764,0.0026705540412562405,0.0027819585078090706,0.002391360169604044,0.002513444347808315,0.0036014364156117043,0.004010180374368743,0.03591556596544923,0.005848665476010029,0.029325125661610874,0.0034955464396369406,0.02286267367482722,0.0022468316956065926,1.5604501770231867,0.46292859051970564,2.3597119994633124,0.7295012491429216,4.076002668002106,0.9121329249624862,0.9069695704459118,0.027732881466027166,0.8588072800221702,0.04397032000088599,0.7540507085370319,0.055627155917725976,0.7479538003079579,0.14954061763390103,0.9556065414360916,0.15790087564939764,1.3062803585154925,0.16664847520838327,0.18890531994462598,0.015177155928161198,0.17093389331844022,0.010331010435139901,0.1510207225527868,0.007444127515123033,0.6945264893442445,0.04938857180404874,0.6337697481693614,0.03969290889266203,0.5511829767489749,0.034710563337502394,0.0007004040901029411,90.02952299854253,0.9154035074777706,4.067101826241139,0.0003372490083277369,11.373660288170989,-0.25708378137949606,0.9793508976136056,0.2218394027083097,293.1028274992628,7.4908839518131956,2039.6577076245994,532.4218076557927
278_Ascia_monuste_orseis.png,Dataset_pieridae,68131,0.0028320182657036188,0.004009939567532921,0.005125298891950068,0.005176401908148029,0.0036221522964839277,0.004015030383531325,0.008990304219837316,0.006785855604702133,0.0026380555849355295,0.0036195502169436337,0.004215799581996778,0.00517807172650182,0.0030933703269443373,0.003403243372796386,0.006758843780566045,0.006489668804970887,0.0024428049636487487,0.0033791427214183846,0.003308335050099297,0.003937166969843387,0.0026929259364877113,0.0028603840303395283,0.005156348987683287,0.005073572766626036,0.0023656645743200984,0.003176460966219332,0.0026322231008545655,0.0031645627633572443,0.002340276266690247,0.002497990356681404,0.004024126893033797,0.004079298927018171,0.039513225617081996,0.007918454683240702,0.03277079773013482,0.00468220144067044,0.025174350861821897,0.003742055113254207,1.4592150951812237,0.46362974306781246,2.2067713294957807,0.7885528010992648,3.820746270384769,0.9216674236249717,0.9307607493199757,0.02217190164348881,0.894745255320904,0.03791854186636164,0.8159581746032591,0.04475322314409308,0.7221843790070084,0.16891745919408738,0.9235119398379705,0.19329304408563552,1.2831136893168977,0.20561450580772464,0.19786366552047296,0.019057688314284005,0.18053278698101688,0.013368266716429466,0.15823670842734763,0.011640230577632978,0.703072255444823,0.05940728931003065,0.6443587152904813,0.05138564462923554,0.5555371476832691,0.04977247501736127,0.0009456956026776314,83.426332589915,0.9376557899881255,4.009188770991657,0.0003968135969186383,11.192775822195513,-0.2811512462503498,0.9837247865594654,0.24683020281622686,346.8870005377272,7.48365602058821,2595.747496994183,669.7934573960274
279_Ascia_sp_x_otra.png,Dataset_pieridae,61325,0.0019445259629810236,0.002265429124880423,0.005597162586746644,0.004877684941315944,0.00273368213032938,0.002810413077608699,0.007825515577865011,0.006517220301687329,0.002100228061051103,0.002609446360644636,0.005127359154525393,0.0052219631199865255,0.0029937169669176137,0.0030405059659409776,0.007318109455072296,0.0076487768655801,0.0019641288441327983,0.0024740664195620366,0.004212936437160973,0.0047259567320697025,0.002880484875688608,0.0026329067076933345,0.005739837016206627,0.005862539644013985,0.001959661946315666,0.0024874299596059427,0.003198592542465621,0.0036068957670226777,0.002551400643109846,0.002393470989356027,0.004414885567640861,0.004626279224850414,0.04650140492502733,0.009517115711821187,0.03865515424508256,0.005306234450826086,0.03109357288286655,0.003735210928162806,1.748890731038177,0.6176757742228468,2.570280399943576,0.9909575898540077,4.015102605776224,1.0489669031843598,0.8564150300048219,0.05075455692316658,0.7885461602841779,0.08188201302308669,0.6680991469420818,0.08717488745867856,0.797620122687506,0.19299401201728406,1.0035253956290056,0.21355777136813112,1.3161931277490686,0.20618052457797076,0.21458834359195508,0.02128961529686131,0.19612587682902266,0.013776599113336771,0.17601514520581596,0.010594410839781576,0.6830982182765486,0.06162015762339777,0.6259691795441404,0.05042390434538969,0.5501338642065208,0.04442808746726345,0.0009764021415844681,102.0449099200685,0.8672641928677152,4.138776821953955,0.00038752615282196446,11.106414909983386,-0.21694023914265442,0.957351727306338,0.22484506657680767,275.82018170665424,7.168140331511005,1436.113344852245,384.5395636930916
280_Ascia_sp_x_otra.png,Dataset_pieridae,48593,0.0031899270070300783,0.0045968723897581555,0.006609322397604841,0.00499948858392053,0.004035236402898009,0.004223540167767975,0.012463830142202552,0.013802232435160076,0.003097351239529008,0.004502837123751814,0.006120243401892549,0.005442405499171885,0.0034854196923555375,0.0035454548478886065,0.009408510687744254,0.01031783935670267,0.00242680187345812,0.0032637316115112507,0.004452034229927465,0.004312944903689962,0.002925058859324131,0.0027764804632463102,0.006356998706547138,0.007257201027442058,0.00215756334856407,0.0027254653064630965,0.0031236494798618925,0.003114956055708687,0.0024265877733502857,0.002309380267018551,0.004540471041962541,0.005315578421945353,0.03894396155929088,0.007045773425693845,0.031864109861787386,0.003987672676807087,0.025125911847461033,0.002724959221371792,2.3250622903778075,0.8879166949925363,3.5815160516149094,1.6095935123724547,6.351151648741662,2.0580369973945873,0.8595102635366836,0.05383962158085891,0.7821582611700186,0.09855335640820577,0.6077447559816295,0.12742236839285043,0.9308325147102092,0.23669316165821475,1.1886546125876531,0.2693022053053905,1.6437412657699784,0.30420297718906697,0.19656815469482802,0.017462019332283498,0.17814310185428162,0.011364203602647534,0.15827846767156714,0.008592934248654878,0.6485522029166415,0.06716981890709675,0.5851402243735355,0.05245824308414104,0.49732118464902264,0.05100885501576485,0.0007762556482848182,139.05909511514508,0.8672332762813746,4.349876882858354,0.0003291785103866097,11.4573769869963,-0.22037744044941981,0.9629482725414846,0.19803591975910237,247.80850280608038,7.38029305569012,1957.3748998782103,524.1084987483387
281_Catasticta_affinis_affinis.png,Dataset_pieridae,116597,0.01406464054287332,0.014356363238478059,0.012123863041597911,0.012188808142239145,0.012355361006865045,0.013611551051241132,0.009629032548575727,0.009570380453626012,0.012466312808759651,0.011717718149726138,0.011145429304831464,0.010006100956715286,0.010424383130314787,0.009328946004992792,0.009471440644198302,0.008495592863152544,0.01316710764345036,0.011429958389274544,0.01205572919681608,0.01039281315273998,0.011245091385400459,0.009539756751593501,0.010623253920011283,0.00965728245687,0.012937517991721126,0.01236663165222634,0.011226969326556938,0.010320136287418541,0.01068482243912907,0.009694818090441171,0.01049707285253461,0.010910535935105818,0.008978212517149583,0.0009402207834236796,0.00765976582743049,0.0004377760322106585,0.0065181858324454695,0.00015063648442243408,14.057498954152553,2.8760851645111236,18.796804039111063,2.519031698026423,25.79084548485532,2.0311012267314306,0.8732872531962228,0.025898841858964662,0.8307073532755334,0.022657725999574156,0.7681669861881232,0.01841273387217749,2.447963568487227,0.2839822611612312,2.874750658333912,0.195341235290735,3.4036429734816567,0.13863174660667474,0.09462418083297353,0.004947415369494235,0.08748390571816189,0.0025163600152306796,0.0807298571916469,0.0009359435141972894,0.41649091114413317,0.030918621801884465,0.37390957404787883,0.015963112501740057,0.33319584136115005,0.008267884660312589,0.0001583529582956639,889.3424542089956,0.8746149218283594,5.730447925502227,9.65198969501749e-05,13.8099947363288,-0.16674287483132536,0.9567949610749953,0.09229125101280836,194.2454424214925,8.493219368754584,13295.883329088832,3546.306445824451
282_Catasticta_affinis_affinis.png,Dataset_pieridae,108807,0.016457798495685693,0.01624476702414315,0.013297435226785413,0.013199941342790112,0.01652446772057506,0.015352532380436856,0.014387142311712483,0.013498478612516,0.011064578165957214,0.010835252734825001,0.00968502091945493,0.008653601574950131,0.010720054051202675,0.009963457269255158,0.010454046821407938,0.009990417762533541,0.009359714419411793,0.008919314789155875,0.008514710036659831,0.007350545624514977,0.009124560211053652,0.008104274307185615,0.009001424740128267,0.008337568352432968,0.007686050692390717,0.008017736827857763,0.0067408370648780035,0.006042915144479308,0.007070709396143857,0.006463617308104449,0.007382776307031673,0.007559531930629635,0.008240446623660785,0.0009889250697341203,0.006744086210680817,0.0005216147976628584,0.005235884674093931,0.00011685529612863613,9.2086641004666,2.4416311642861945,14.448439119262297,2.9589395005483548,26.132104033899907,1.4983786358574802,0.9338831603759146,0.017528912195007386,0.8962839562856236,0.021232007373612305,0.8124550690793058,0.01076249806444832,1.9322689027988926,0.2741349511082256,2.4432953912923767,0.24680785132224903,3.334045549976606,0.08910220747557007,0.0906130181685529,0.00545229878549315,0.082060639154556,0.003183977422433936,0.07235487625676179,0.0008102814095245481,0.4791594167457114,0.0343216817626841,0.42429464046584886,0.02083042687458607,0.360100524137872,0.004987164997959197,0.0001519274380431881,579.042131765905,0.9349954867750708,5.38473077513435,0.00012938863609844912,13.613711825044804,-0.22802455230416308,0.9838627983649121,0.11892430594350994,227.37259529100038,8.667522051158775,17236.213899336362,4453.814007775567
283_Catasticta_apaturina.png,Dataset_pieridae,50289,0.014961149764124175,0.012795228404816223,0.024042645152281023,0.01806664941567793,0.015282758306016485,0.014114828493824366,0.025475014933423246,0.02051421157466332,0.009195429729798496,0.008308396074357826,0.014128236915040143,0.01353471936536299,0.009218880113931191,0.008665597004406448,0.015063287713328152,0.01396401268527178,0.007973358377824608,0.007046596763380821,0.010897307581298228,0.01102045069204587,0.0077707793526061554,0.006564697404924671,0.010983198063334842,0.010273908639859327,0.006845385202403295,0.006796874013861216,0.008423100921393738,0.00880134188199458,0.006578022411859113,0.005607690277257569,0.00870663630837482,0.008067361479452083,0.014692987666513287,0.0017187349211718126,0.01256489111981825,0.0011225099391425617,0.01009415923846334,0.0009845977532042423,11.210022081821274,3.3924938573928727,18.152647224586936,5.254440394677549,34.40355831531202,5.506942419720061,0.9239050694652778,0.02298491324652079,0.8769134256742032,0.03549390431963942,0.7670372382992173,0.036969049180258416,2.138036976424666,0.35249310203108847,2.7444814653616616,0.41853530430313796,3.8735234379723975,0.39395597338034444,0.12101143175245314,0.007015771642140199,0.11197865977470128,0.0050666433543266965,0.10034955546684844,0.004911818000419477,0.4604804299882456,0.039169050608086224,0.40702536005876955,0.029383350443441914,0.34180551774215295,0.02407324208454285,0.00034255350821237485,706.3858846386914,0.9249662514459801,5.519528951987694,0.00011832323292182529,13.363303592232347,-0.223647741707732,0.9814123264098222,0.12182447843812419,313.53978552643764,8.486565184031301,18118.916285194704,4706.325542458352
284_Catasticta_apaturina.png,Dataset_pieridae,55710,0.01193617188778592,0.011065588294485965,0.020779066430147677,0.015246091395392373,0.012109424900525778,0.011551880848371318,0.02286297261922827,0.017753278603482664,0.00769945546525484,0.007300488880406824,0.012196370012963139,0.011097000212325792,0.007505445852723177,0.0068195179951845725,0.012377712313102788,0.010697235334554583,0.006408396750001836,0.006101340421962277,0.00923820054231181,0.009037224250548152,0.006241752607805187,0.0052148147194759475,0.008860880772117745,0.007605049123753751,0.005300664976102301,0.0056772695314785656,0.0067169441259449,0.00687106565549071,0.0050767306540241116,0.004327219415791006,0.006605430088547986,0.005761094816396956,0.006846684930921428,0.0011923696588282905,0.005458122428606637,0.0007996775767694043,0.003990130314520456,0.0005429602436110934,7.6146512792912056,2.484432427742261,12.65338210750592,4.040007937187924,24.96961682202878,4.783563629489306,0.9382854985552403,0.020109339439902566,0.8975137815529346,0.03261164688459824,0.797774256556971,0.03850265272446792,1.8213835653659007,0.3309828394045417,2.3692477777533583,0.4073398248051871,3.4061020683417134,0.41129897149882627,0.08243818695286272,0.007115494560905988,0.07367599163999221,0.00547454879149281,0.06302023759673737,0.004310448674004258,0.4771675562940251,0.04901140929973989,0.4147922493309754,0.039286221699763785,0.33565973391280585,0.032052591661326284,0.00012881734554460919,477.83576527074496,0.9394223725239023,5.307315999810362,0.00013230550196410902,13.611941645626723,-0.24472881439663707,0.9875260812213673,0.1108582859178152,264.93895585856404,8.736289840838678,15296.057789514369,3943.4733886962867
285_Catasticta_chrysolopha_adamsi.png,Dataset_pieridae,68977,0.010043168880219566,0.00846309767533556,0.017889421272062434,0.017085968137642772,0.014786531499802611,0.01358716880441975,0.02542259192198045,0.02164042868498384,0.008530960391676615,0.006903661789487362,0.012377468208925855,0.011547040840266056,0.010522238985403836,0.008791301141718819,0.01520523815194962,0.01241118283466844,0.008791271605595615,0.00774030566782159,0.01103541894695229,0.009452087063694554,0.009777975255811634,0.007502849784496635,0.012152575569318142,0.009522676447211251,0.00860046076884118,0.008782345214838267,0.009950141084959965,0.008944179849637574,0.009247895605302923,0.0076670115609488,0.011099515724514267,0.009739907513286686,0.008563738003824099,0.00106006361898561,0.007282875963013943,0.0006185219500382423,0.00597738237763408,0.00046686870706338446,12.655389156320066,3.011677959989254,18.348549435852313,4.870893324792953,30.703632831465384,6.0904680849264645,0.8804486171361324,0.02844452975887089,0.826662029334478,0.04608070059788306,0.709862747516156,0.05780447500342086,2.414509020402165,0.3370393546421942,2.937339642998178,0.4023418453276561,3.8415226642854954,0.4339725638064986,0.09236938175256086,0.005624528289001391,0.08525883441023181,0.0037157930543309996,0.07725423255694586,0.0030275286408897105,0.4010557443979744,0.039288013457051935,0.354832418798224,0.027445303544894013,0.3034762454701974,0.022707443184675356,0.00016837105706971715,801.0643923013971,0.8816435801677546,5.726221266186279,9.058249167008237e-05,13.762651352518386,-0.17798365000633157,0.9634613277708487,0.09264874927417982,162.00059887656465,8.505182759870538,12735.364231101648,3384.1071558507615
286_Catasticta_chrysolopha_chrysolopha.png,Dataset_pieridae,63918,0.017926056196800072,0.015787669993436258,0.012800179189475775,0.011908531068013067,0.013254211509780013,0.012273935281961166,0.012218326390756585,0.011209417359202011,0.0124353468242266,0.011296595834785069,0.007897505232662421,0.007710532309876348,0.010254554460275355,0.009962152127435514,0.007937821106402202,0.007758138683470826,0.01019215098599353,0.009450024172374172,0.005692219342314316,0.005043689101502772,0.008145605906500958,0.008038421591070285,0.005512039791163978,0.005079849542417063,0.008326014938880896,0.008609908234356927,0.004576054816043669,0.00424345735014023,0.0059592457172739565,0.006197534736045101,0.003962633493586564,0.0037863035508737294,0.017756603944479865,0.0025022078481302104,0.014673961531094848,0.0012908080847068633,0.011647357107746718,0.0006660021653383519,7.268443340528311,2.186554130381197,11.483320529978261,2.860072193622198,21.487740170735986,2.0729488849986746,0.9291381485560914,0.021310091056316975,0.8881178435034109,0.027871745048006106,0.790860449019957,0.020260782014361094,1.6595244033150705,0.288621314945582,2.105440716495193,0.26940747696196476,2.909877714196843,0.17927385692935213,0.13293587788622285,0.0092008866474436,0.12101397988551267,0.005438584683866184,0.10787867424089756,0.003090105463090882,0.5234718547606461,0.047183898079774425,0.4658030570899855,0.029277915144254544,0.3953534761634307,0.018479599437590755,0.0004051574526442365,455.6834231143062,0.9308255899453376,5.160113352276063,0.0001558310970526049,12.824025874168342,-0.23000626039149755,0.9803551184445054,0.13549926373040036,211.3515833348044,8.234768638508655,12719.14807135981,3293.707873618525
287_Catasticta_chrysolopha_chrysolopha.png,Dataset_pieridae,60041,0.01646208053810887,0.014779077481942026,0.01352419282095676,0.01171831895673049,0.01419708962960029,0.012564523029298882,0.013483491135676325,0.010907135341246585,0.0105437088693518,0.009268824826681347,0.008692651325552476,0.007343159114312956,0.00948370901687302,0.008311674786009795,0.010166869925054176,0.010999548223671295,0.007825670216487546,0.00706407700038685,0.006498815353766852,0.005610704498919921,0.00727552666818723,0.006443073987043249,0.007743126927828752,0.00815440097831915,0.005764139839076332,0.005663980606218378,0.004699537687802325,0.004238857655114204,0.00513488167246384,0.004749841024784369,0.005654001090726382,0.0063160548535065265,0.01806717117831163,0.002153083345255331,0.014818270304870042,0.0011537419003933942,0.011532649438142924,0.00031942402246975887,6.645364531257748,1.8347373867654013,10.86024527690331,2.4047361394401916,21.090610253928084,0.6449158089935159,0.9290055863307949,0.019574727183595816,0.8840578142287064,0.02564452151045936,0.7750852142893816,0.006983335158458699,1.6124691025006732,0.2426708474832308,2.0803206637400904,0.22992951318677415,2.9303025637825186,0.05647332293673452,0.13417495669646542,0.008015745368539228,0.12163717583911315,0.0047610669764986974,0.10737986361658405,0.0014880617684531977,0.5251085137443324,0.03783336489770124,0.46503404461251463,0.023623622876621706,0.3908932458319404,0.007084220041088005,0.00034096202725578074,415.9197342251933,0.930693477023069,5.132854711226297,0.00015614164179115532,12.773269444075497,-0.22925141246100572,0.9803048743064554,0.13374940770441457,200.2929533876155,8.19816329416766,11585.05182726887,3000.2428903735135
288_Catasticta_chrysolopha_chrysolopha.png,Dataset_pieridae,71821,0.01000193390014535,0.008356529615165916,0.01749646804705937,0.016851927482313782,0.014566867542138082,0.013359052781642788,0.02524074806631042,0.02169660785848764,0.008466501009091408,0.006899519207877203,0.012096238918138092,0.011435643865977717,0.010466865254757781,0.008801470761512864,0.015070870542618433,0.012253219948740337,0.007859253102965265,0.007519828314965384,0.009984624345235529,0.008966308936035656,0.008956231945223417,0.007208319114180362,0.01146361279223653,0.009262552302347887,0.006872285049683357,0.008093970003836829,0.007904634967479613,0.007564101323433636,0.0072790483581703785,0.006378050947279641,0.009425837175102066,0.008569234447499546,0.009925884369673857,0.001335791743490086,0.008246244827975327,0.0007728174734548067,0.006486625564123683,0.000529219558545195,10.505135393345967,2.9077551160810917,16.16521384973903,4.8681517316085685,28.803693778715648,6.106187529332646,0.8975711886342268,0.028320137303369883,0.8424554729520478,0.04743232932688988,0.7195452617453761,0.05952641355670333,2.172664434293429,0.3565546996906953,2.7272485105392645,0.42616372841495487,3.702005520542934,0.45460324263604335,0.09941162145270309,0.006573727239422072,0.09070429179567825,0.004356176972964078,0.08047196199326945,0.003299832886295873,0.4308559413212599,0.046930404538794344,0.37686001029165417,0.03139901714741113,0.3134189195497119,0.02602869852899169,0.00020107714978741476,663.0319030181475,0.8988441573512915,5.568518555205944,0.00010476192667334148,13.588671032942878,-0.1931128167363582,0.9699590893605765,0.10507417616284187,160.62504429111775,8.481722635087175,12444.809677273117,3276.9603950728156
289_Catasticta_chrysolopha_chrysolopha.png,Dataset_pieridae,39026,0.014337745730158186,0.012321833033771224,0.027082539175698833,0.01935219349323707,0.010940545817548435,0.009580278212381716,0.028082235164766642,0.023660732783494624,0.009131523516639319,0.007693032291479445,0.017281435300555856,0.014814817131381488,0.008028140892081426,0.0066296896078229025,0.01589550165948716,0.013795315944798098,0.007761203781154688,0.006815577071654775,0.011891823779744229,0.010321358601630215,0.00731246890048246,0.0059333557845734665,0.01132003678509851,0.00988198698220564,0.006474859767429017,0.006676372502908541,0.008413408023317527,0.007737164398907206,0.006265309849522427,0.00538934060074462,0.008682586029125989,0.00802568545392658,0.006793295667931208,0.0011502241064887699,0.00548693484467882,0.0008827940522042418,0.004024615443140281,0.0007080299271086033,11.19801485377506,4.02963156853256,18.090239627473505,6.0347545069649025,34.73947740732284,8.643513864743957,0.9085160118346013,0.033106330309832614,0.8517475866089801,0.04984340690469618,0.7135333277616973,0.07225674477084174,2.237387707207619,0.4515145270550429,2.8742314553567305,0.5365953959564961,4.079969680108479,0.6445602501538936,0.08212418639067062,0.006993831396423506,0.07383390949995133,0.005957235317814515,0.06319313318449334,0.005589576143784898,0.43049296165195106,0.049286827081959916,0.3744160558870837,0.042741948361037806,0.30378911573746986,0.039319384609490936,0.00013099060480809146,706.7871569971506,0.9096344480727601,5.588609830191819,0.0001053384364578322,13.709691088120858,-0.23304093881008725,0.9852812956470651,0.09564990120051008,232.42749362531566,8.736821550752426,14946.022258169565,3913.202353791676
290_Catasticta_chrysolopha_chrysolopha.png,Dataset_pieridae,56146,0.011904041520597949,0.009895237445358676,0.01703309468053468,0.013770062135696228,0.01667069032302998,0.013215646723879834,0.023492420885558536,0.016315207875545853,0.009261231615075421,0.008258121831521097,0.011546823744891768,0.011008023952735906,0.011025764981231834,0.009457179290992847,0.015796625945183964,0.012652929321374568,0.00793225103495712,0.00721987118750876,0.009065495683295878,0.008578393548754186,0.008944713905861792,0.007615513442136466,0.011889841433155959,0.009507751712738493,0.0066336664189830825,0.006889924361716146,0.007036673502979782,0.006586689082934947,0.006974892205023105,0.006082918882972448,0.009162470919915925,0.007673751159596103,0.012067263390639283,0.0017447211445616078,0.010051136722481806,0.0010135243244791693,0.007766073518054826,0.0008196779217119282,9.613132866927348,2.7595051076303734,15.296559356156294,4.475265937382971,28.053758103824933,4.656674569650054,0.922622150681057,0.022248789133328412,0.8766434528984802,0.03640764932318917,0.7729620679824755,0.038399311352012494,2.086698601693913,0.3500349850234221,2.6571791748776477,0.40068199130138604,3.6697798858874124,0.3690524583687285,0.10957916618883565,0.007724618307646047,0.10011955256420554,0.0052165042725078265,0.08800293071934681,0.00464302733791965,0.44366449627245513,0.0455044358400286,0.3887259499842482,0.029065199264942818,0.32345153415482786,0.022534389017725125,0.0002469459473437431,604.8877243548628,0.9238742463596367,5.504345772346783,0.00011087781573969886,13.429925475052856,-0.21772108061351264,0.979472526947978,0.11058821821810966,344.8359209094709,8.50470400887148,15290.114460956302,3973.7505463277957
291_Catasticta_ctemene_rubricata.png,Dataset_pieridae,109376,0.012429978552699169,0.010595044587633823,0.011213051926157153,0.009858525111325993,0.011299686219572674,0.009820282737892861,0.009993125763507098,0.008381619518630248,0.012460508930217714,0.00891335178448906,0.011518660063790714,0.008264912017274457,0.011230182657570779,0.007865111816117086,0.010796660768219989,0.0077725691048422954,0.015225476411303592,0.011124850416842306,0.0142959551561868,0.010626803588009081,0.013646669039805623,0.00985019393344621,0.013459301402061002,0.010065999298852022,0.017862408874801578,0.014462700805741182,0.015863772296435315,0.0129541801119998,0.015256273861288276,0.012184440818782415,0.01551787097847101,0.013648457082142997,0.006306109138412908,0.0004949073915981281,0.0056847975800684725,0.00015533149049860675,0.005158752194636835,8.397877534937853e-05,22.789403077359886,2.4491187571481365,26.10631502690378,1.2100271826310314,30.875431920569604,1.0686338031140128,0.6956510889766477,0.032607663929804125,0.6516540507036628,0.01609631373338517,0.5888540243036621,0.014481674202305837,3.326160866377706,0.22635525555615688,3.621070870464816,0.09847209611968309,3.985425066024261,0.08310384424154603,0.07935024839314637,0.0031059971601530537,0.07539052474845266,0.001032646222778933,0.07182207034472418,0.0005851547097361687,0.32024336634090955,0.02142177013556473,0.29389858491671206,0.007267685416191903,0.27066284314116507,0.00519771159171584,0.0001069187814356724,1446.6457452808631,0.6974739665223284,6.18425491193102,6.020555794261273e-05,14.078846925600972,-0.09588499378066562,0.8685985778010583,0.058716993581948276,208.99755799488565,8.290884850091325,8116.799482788041,2390.861307017226
292_Catasticta_ctemene_rubricata.png,Dataset_pieridae,117153,0.009090467659512403,0.009466330078940547,0.006038731571140124,0.005616856277623072,0.005945787509401028,0.005047219907469882,0.0054226513889752935,0.004661764903070713,0.007204488531691312,0.007280161483626161,0.006207614296972813,0.005772521304007439,0.006184101768503916,0.0056955631383779634,0.006387392512114921,0.006188845297488351,0.0067119065803256045,0.007581272701351117,0.00606846719593813,0.006404819670414575,0.005930257760358024,0.006176928933162996,0.006345633325673264,0.0068731583991993314,0.005778877286038882,0.007563124799049858,0.004814034410691892,0.005568536438710212,0.004714905045420496,0.005357598345100239,0.005245249294765111,0.006446279333564016,0.039310289497202,0.004036500824217379,0.033366882223850196,0.0020861332140098953,0.02751814412751144,0.0009266330896431203,4.235627797687128,1.003034398060889,5.950596606002791,0.9182349550885575,8.557359686632735,0.9402148635720277,0.8609027905808213,0.032881138441593794,0.8048108189589881,0.03012290382756601,0.7200939634206687,0.031125965714190258,1.203620893818337,0.16334944400413476,1.4636302519990054,0.11902191550871101,1.8032332115024052,0.0985423142920753,0.19800654994141204,0.010183107457996993,0.1825756630304522,0.005745388832878424,0.16586255754491525,0.0027849833340823746,0.6131519867153268,0.031900450905149424,0.5644995941158103,0.019180058593719105,0.5082649892745197,0.011222055635454038,0.0008851029594940036,261.1919254885801,0.8652037402696664,4.684154600076989,0.00024145904571601398,11.688199801114564,-0.20678996162511953,0.9632943958642715,0.20901018757527348,100.57982572225913,7.480265317283463,3613.799324095763,968.7478123960866
293_Catasticta_ctemene_rubricata.png,Dataset_pieridae,85779,0.007197407316470738,0.005850303329756392,0.0107950489074636,0.010181054435025089,0.01184162783169772,0.011352011997968637,0.019153844321667352,0.015341762585285072,0.009334634958152524,0.007156730633176293,0.010181370376059018,0.008081955101390557,0.010240512354129006,0.008392089967091388,0.012858442988782472,0.010692536320573938,0.011010449933783497,0.00857051198752048,0.011308949298001648,0.009108567696175506,0.011138945782152784,0.00908891467421457,0.013268808986374546,0.010855141077576213,0.010927669275362418,0.009682771938523788,0.010677781378838923,0.00913995926551175,0.010531790534908068,0.00915323121845375,0.013766015923532554,0.012707988082462094,0.00720138073723869,0.0008267970845653205,0.0062732389747337846,0.00039627785780139215,0.005484952784280801,0.00043869431764535826,13.591693748684243,2.997280785810825,17.953993265083483,2.9455554045430636,24.93700091622658,3.835373793033266,0.838192435517525,0.03581488420870511,0.7858955172340452,0.03548630820159361,0.7015133609576867,0.046335580710071045,2.436452621034239,0.29632532060231237,2.836118389991492,0.2392286596322634,3.378482619699611,0.30366966022138425,0.0847247532361337,0.004805926166197496,0.07916275968828149,0.002548814090745202,0.07400182922298215,0.002946532866503468,0.3944519498507957,0.03327631931580978,0.35461289572223587,0.017540623510778647,0.3166247636496907,0.02103918705222222,0.00012877810854947322,859.1011228658456,0.8397669203426088,5.732171881437704,8.959209549197757e-05,13.667610431867242,-0.1482625315881035,0.9397712457456255,0.07983732434446883,257.28529094926216,8.328405047908792,9866.458682426866,2681.3899513231745
294_Catasticta_ctemene_rubricata.png,Dataset_pieridae,112767,0.007650810597313086,0.007757757874807202,0.011150975653018237,0.009662618145653083,0.007727306295287997,0.007385675718865601,0.01263625839578749,0.010944304817163053,0.006432793020457426,0.006387145662518848,0.007892997702871263,0.007341379263567264,0.006509682611158391,0.006334485118122832,0.007983425794900618,0.006891045180885701,0.005618443097308991,0.00649139593658087,0.006308130649192833,0.0064836896130657335,0.005706294322871062,0.006645669364992466,0.006611358028967446,0.006763947225865134,0.004763012543653974,0.006368902056185816,0.004817099961362064,0.005615493713339677,0.004606465684677833,0.005946804806813758,0.0053472414877692356,0.006217000953103376,0.01234767636390612,0.0018790551003225742,0.009870608053777312,0.001285602408470468,0.007275943877139674,0.0007847262213633263,4.480504627516028,1.0668210515296328,6.739638669605675,1.377027912043628,11.259873093762216,1.2203010381747572,0.9184187757581633,0.019475042750744874,0.8771106402183807,0.02511891654976601,0.7940535520215558,0.022072373434498808,1.3014662990965828,0.19100996676979878,1.6504490961608662,0.20842915712125068,2.2404581408346353,0.17884530797464637,0.11080602989807377,0.008348658702648136,0.09913254614271831,0.006583794425643753,0.08517363568920397,0.004625544359579175,0.5689049016450944,0.04276476832957127,0.50373533573924,0.037849255643869366,0.41611016216851276,0.028850298353028665,0.00022224586749323646,276.155173249767,0.9211757912385095,4.828576191383563,0.00019230249631021853,12.92995845620432,-0.23905799316605603,0.9835684563379514,0.1476178635563947,294.3516262618532,8.319249723796482,6731.736720152872,1751.9729733506501
295_Catasticta_flisa_dilutior.png,Dataset_pieridae,146879,0.005956714522739967,0.008442300620607131,0.006024459841096351,0.007395258437453869,0.0053001937758797215,0.007092158147485421,0.004854878579007101,0.005741756873726735,0.004581973575955622,0.005812418426100867,0.00438606233299326,0.005124503602040197,0.0041984955314542825,0.005147766172334992,0.00414403621885999,0.004527442788637437,0.004131334898936261,0.005456694420119163,0.0037868861609458384,0.004634389529172049,0.0037259476980847205,0.004862642607218828,0.003838648738034978,0.0044454764647618265,0.0038832448421841294,0.006130181934744018,0.003125776414875176,0.004285670063929733,0.0031203528573338106,0.004489548369988635,0.0032297453888197824,0.00419458543817316,0.03547790602250088,0.003156959817962023,0.030886693292125428,0.0014799852819203504,0.026266695564233833,0.00039055078022677455,2.563758431177864,0.5590750133304345,3.621839963350794,0.5737046323543084,5.869832964583839,0.404881155512864,0.9759281035174392,0.00524217806384015,0.9660195188753201,0.005375126948472257,0.9450232331003177,0.003812325247061454,0.8067842555146387,0.10798808086568676,0.9935884482900996,0.08676125067547423,1.2962914335657902,0.048416107654951746,0.18816871128504487,0.008392980151669558,0.17569569576637928,0.00420901191413431,0.16206555123238314,0.0012052667661646532,0.715763240848218,0.028362566201913162,0.670002244773215,0.019642818397089656,0.6090508164359851,0.01242369721917566,0.0011387199607512085,155.04390095287897,0.977205834792891,4.083760314923486,0.0003948150272872287,11.723521116316064,-0.34584879178194183,0.9960040140948052,0.28945192976702144,139.16620593284676,8.050726642261335,13447.899021308735,3400.735730565403
296_Catasticta_flisa_dilutior.png,Dataset_pieridae,63670,0.0072540223677075135,0.0082133684161687,0.012046678550338384,0.012791433319902628,0.00831951941802584,0.008418664988838894,0.01802186363131603,0.01837574674738936,0.006785373216930898,0.007023489530710426,0.007920083762814145,0.008271522388014449,0.0068027919968078904,0.006974441242025028,0.009908310878621323,0.010291768611316003,0.0072169977711989365,0.008326846528317021,0.007578895142758608,0.00857922183629695,0.006895728121069811,0.007559535702961878,0.008597361598435571,0.009197333377629726,0.007001944523311393,0.009761573826873253,0.006860307499941847,0.008597169212622508,0.0064057534887875045,0.0078091898644299254,0.008111914522608553,0.010019928976564084,0.015830588821365236,0.00236534374586978,0.013211528352410191,0.0012865913823112097,0.01055962724078445,0.0010641029277008696,8.45578293436218,1.8664260106359714,11.72999335563486,2.3201927521416317,18.551080687935638,3.2236475951272427,0.9214330727909819,0.017339229725765907,0.8909613030029786,0.021550078373139388,0.827481831277243,0.02987226567934716,1.6778515837249042,0.23050065199515368,2.0251965177645914,0.22219092100143378,2.615473444312621,0.2698204559150441,0.12548273333540616,0.009201763746183693,0.11479797521505976,0.00574049117521468,0.10263060394364752,0.0051561977218308784,0.5317937148713043,0.04092216477500148,0.4789129814952114,0.028778545175003115,0.4135533183492731,0.027289567917787763,0.00029930242605060895,529.9577403781611,0.9229307139061007,5.13925593725281,0.00016554991237184346,12.969264390881722,-0.22872203615377262,0.9810417416919369,0.1372294997793003,166.2106159217868,8.270372534887573,13222.449844932451,3438.101896327652
297_Catasticta_flisa_dilutior.png,Dataset_pieridae,79335,0.006922862901159647,0.007156450488537926,0.01260386609748327,0.011744789830986533,0.0057982619308257445,0.005703722148114597,0.01360679073814629,0.013610288225153795,0.005450782444676278,0.005355505847336758,0.007260343383007013,0.0075571517483861185,0.004991087723720073,0.004379571028598742,0.007839642177542148,0.008519715726800879,0.004402097536748537,0.004327973972285079,0.005319136185397125,0.005476078519090852,0.00438115359929222,0.004082364871003856,0.006184388149093814,0.006741724857330006,0.003348972494921106,0.003700207389596463,0.003759824843485534,0.003952053335178076,0.0033574603532016607,0.0033426253320796473,0.004692028975416093,0.005224913399332443,0.019187550894998618,0.003028824571551983,0.015515054596570824,0.0020977265680771034,0.011645975467223053,0.0014971886922803298,3.398997292936898,1.1343920555204456,5.445172188608298,1.6633748604592582,10.27831559844017,2.286772733753242,0.9288153441774002,0.02376802647761338,0.8858896572758034,0.03485915609832786,0.7840485913609955,0.04802626767761971,1.1339699312797078,0.21484147644115345,1.4630812112472655,0.23401877574578497,2.0687557584437086,0.2706581408675269,0.13808574280219055,0.01094890541405407,0.12427522084125964,0.008409761080254796,0.10769290755763966,0.006943567455186913,0.600768540201092,0.04837370082671094,0.5356221955655067,0.03978009683520852,0.4466374386275866,0.036267383641516215,0.00035847427097311185,207.19678344328042,0.9319835123174507,4.635915007825778,0.0002695216255264292,12.386633795273713,-0.2416605937306494,0.9810763055623706,0.1646948105100896,164.722573070923,8.016377677400996,5885.601081706992,1523.1994662875695
298_Catasticta_flisa_flisa.png,Dataset_pieridae,81806,0.015694447604755364,0.01508205841786207,0.010451351529727185,0.009865353881735353,0.012686803369864502,0.01167396553957506,0.009186785716629859,0.009347113748610832,0.009212346922879734,0.009392370405560171,0.006510139964957326,0.006383498249280393,0.0077671818336248425,0.00818766051280446,0.005910198365371059,0.0054960167662166624,0.006548041193419319,0.0067656285484601,0.004801485863302898,0.004697572296738253,0.005501360329523848,0.005863897917937193,0.0047057723710151236,0.004557774802101216,0.004759803211294919,0.005242477343085533,0.003478906259654575,0.003529765737256314,0.0038299262453943632,0.004216771544708364,0.0036202457930065773,0.003958700418077864,0.017746583377575217,0.0022198876896949832,0.014484723866647474,0.001275368713760732,0.011138365652915637,0.0005009918471308941,4.275096325143213,1.3055573166323267,7.099606298617867,2.231473991191321,14.219358336770195,2.457593547223843,0.9636415320951747,0.0110811816332521,0.9397128314443635,0.01891255216369499,0.8796896029808063,0.02079411821541433,1.2359589676086764,0.2102518560392603,1.6023607166569855,0.2334167044153622,2.274805774999328,0.19706065270875098,0.1329559590651196,0.008324441521775545,0.12023460205953318,0.00532581770559017,0.10551171350231765,0.00237570341593267,0.5940291997193803,0.04129150391772693,0.5330962135679501,0.028842249121981117,0.4541179034030246,0.01734781427460544,0.00034896254088294805,263.6770079396872,0.9650066921518009,4.743370374705236,0.0002124232238843947,12.641642141587724,-0.28399807078009853,0.9916862969446915,0.1703723936692441,159.39016121511992,8.357289301088194,14803.170539445691,3766.711886846345
299_Catasticta_flisa_flisa.png,Dataset_pieridae,55221,0.011557442145052946,0.013068691882800687,0.011122557529347706,0.013484317245267701,0.011050208451884225,0.013474672306510338,0.010019008104916707,0.009712263728464782,0.008943265971093886,0.011427134349131292,0.007951458576243372,0.00966094664294027,0.007963105160292758,0.009563428557357498,0.007742441575012042,0.007543307435057589,0.007266251347318821,0.008743049022086228,0.0064030264922027205,0.0068494767966021325,0.006414078647194087,0.006646704473627808,0.006991136339547601,0.006257404212128132,0.00584051151235727,0.007330888227351987,0.004878898240596407,0.005011376501987841,0.004880862995250914,0.004908410320568736,0.0058503152978451834,0.005944683784281544,0.030668923429757654,0.0034950830789259825,0.02614281768490267,0.0012661152595563959,0.022544010732396667,0.000254509500566356,5.837369364822402,1.5203670374696172,9.086003258464665,1.7826904275813724,16.25150224055952,0.5290331496698562,0.9373080976571783,0.016254034542724005,0.9026422062279958,0.019051656126550073,0.826875412816658,0.006044082575087423,1.4147603141234106,0.20030057053820055,1.766245294111815,0.15389518571588964,2.3298780693065977,0.038003803199163806,0.17484389974837133,0.009926436950846206,0.16163960234140912,0.003931493331268589,0.15014424876541158,0.0008457511849677729,0.559363179283115,0.037930291557639814,0.5047534260398264,0.016849709363169735,0.44737520325506536,0.0022811395385826812,0.0005595901037231977,363.29577210012417,0.9389744658704281,4.913386268294629,0.0001845426604454299,12.093230858236636,-0.21156215618551635,0.9693727736951193,0.13702894459094203,138.95708445955364,7.698005275998026,11539.203062660468,2975.6247086901494
300_Catasticta_flisa_flisa.png,Dataset_pieridae,60583,0.012702809164955357,0.01169700172800056,0.0136221333868725,0.013494538195056634,0.013619236281836597,0.013058351292869303,0.013443887473618864,0.013836456459397939,0.008096472512359636,0.008474599532788228,0.0074538662449286225,0.007563573919452622,0.007922918780638617,0.007871387911805564,0.007449827172468106,0.007662313581828732,0.005950426553360526,0.006156025690000611,0.005313545555950752,0.0050930974264125186,0.00572995981118485,0.005575883246587553,0.0055253483001185275,0.005230714166257858,0.004268269305237142,0.004352627730932885,0.0037553366251942472,0.0034689045143894803,0.003969320242006481,0.0037921491470267496,0.004072717832801755,0.0038434471713161503,0.02606173177106452,0.0027476125852369552,0.021852537351801333,0.0015091430335036897,0.017475383783751124,0.0002299557801552394,4.715074687034738,1.3171235857995447,8.033833348278486,2.011702659358495,16.68521971685943,0.7349931853286182,0.9666282420816927,0.009285167942262022,0.9432629252018746,0.014142645903013402,0.8827546214315624,0.005010849593486031,1.2627737335121076,0.18711424776251268,1.6521363381016894,0.20300688921928217,2.3807706349824107,0.04959559095863654,0.16121180447012848,0.008513863432636697,0.14773777348464898,0.005107605857922491,0.132191628114605,0.0008701954729234141,0.5996726796474481,0.03398620400636308,0.5414321885702145,0.024403144587498392,0.46641411109615416,0.0037667771889798355,0.0007515450432118741,293.33114334220295,0.9677398681962429,4.778315265096621,0.000210239653332668,12.206494679560262,-0.2743306583315023,0.988950207229486,0.1753865866845773,206.11300321278918,8.066037391278716,17885.729529000455,4544.765168085665
301_Catasticta_flisa_flisa.png,Dataset_pieridae,61978,0.010354571651433296,0.010159527693117431,0.011734181209773856,0.013318612887238861,0.011365619621960593,0.013049513131573215,0.012520106253754534,0.011880854243608623,0.009144029119945142,0.009205277583890021,0.009816833531958395,0.01003338434213007,0.009329148734384955,0.009164837299013621,0.010920785766185423,0.011151308076103006,0.00875689997568189,0.008595468824437943,0.00918533421776301,0.009083414025172157,0.008422546317404385,0.00775249855423911,0.010931999871766846,0.011208685913083905,0.00711025103959691,0.007441388462126802,0.007309063068886066,0.0073496793932826135,0.006791077522603361,0.006220977800191449,0.009386414240113014,0.010426105338517027,0.016771373725248794,0.0021476883091111963,0.014227399086143334,0.0006398692592721386,0.012218888277050904,0.00027977440045042694,8.512176523025234,2.1860131598743697,12.49540225390526,2.1435880502626317,19.53001688506397,1.1077645876809024,0.9004955486158324,0.025465450731052865,0.8542246132701119,0.024774451091001386,0.7734126072609604,0.012428548313424173,1.8060263203815143,0.2552162465138595,2.2061343089851215,0.17432015668529935,2.7506110490817384,0.07790252685253837,0.12924350083215208,0.008215303883502735,0.11924801576833581,0.00270366814865853,0.11053190483928997,0.0012594799121272069,0.49757978150832416,0.03731620644433802,0.4481674429293403,0.01514257930621554,0.3997414975027377,0.0064539488007149095,0.00032901737202005406,537.0998284292506,0.9024097020599084,5.30054721530551,0.00013638768745327025,12.805005891920052,-0.19198158816875677,0.9644203408057612,0.12413815915878797,196.83585438917476,8.036508190235814,10467.181618894165,2751.070361830852
302_Catasticta_flisa_flisa.png,Dataset_pieridae,63735,0.006186834649332659,0.0066266608775116444,0.011632618807786696,0.014522792296092756,0.011155565226789331,0.012005958108983012,0.015648573378321463,0.014470852902216787,0.005110977549311148,0.004885958934049257,0.007581367299940482,0.009244399968634229,0.007219911082376762,0.007781726589098018,0.00962295693331535,0.009618924574752108,0.0050661959674153535,0.005598625260900662,0.00621284366415684,0.006928828899307615,0.006039803263244831,0.006195009310356936,0.00779882633855889,0.0074098512052563,0.004440834052944959,0.005746764839119147,0.004883053922386657,0.00543717865732239,0.004841971615481638,0.0051321144910178185,0.006462579254645327,0.006699018618992186,0.012218649841351927,0.002215767261539104,0.009932061566875256,0.001165518821777019,0.007729665149518591,0.0007517921828803728,5.130204379348651,1.3923987270970783,7.924765572626106,2.229604181233649,14.156459723788387,2.572414551976216,0.9377775310952037,0.01689189140965848,0.9038624153083934,0.027076350566362584,0.8282130009330051,0.03126605489513236,1.4007310940206594,0.23453540042343077,1.7732259296459056,0.27175604106195006,2.414618920463983,0.26261667464939253,0.1101160933601181,0.009648617748552454,0.0994746577678194,0.006070751918046417,0.08781371635601798,0.004291429745832032,0.552880899030859,0.049381931343071124,0.4920689531020537,0.037456549029969116,0.41667236515169076,0.028706170717643285,0.0002287527341105743,318.1962099943162,0.9395471713482423,4.9308049548260735,0.00018041161156403916,13.019410537108277,-0.25123180017945757,0.9867742183790313,0.1444049236887696,224.1214662311802,8.413721879186324,10209.220069513236,2631.8540698768916
303_Catasticta_flisa_flisa.png,Dataset_pieridae,57969,0.009048338437064745,0.009962782143031434,0.015810375286276216,0.015484181699120797,0.010459110063395172,0.010873248943054647,0.018726920804267935,0.016354930520418965,0.006561459482901118,0.007078786317353585,0.009680028997363971,0.01122719667213148,0.007185106765880939,0.007589069428279857,0.010469536897682322,0.010392475885249825,0.006535924316410248,0.006977045543960249,0.007861189357205856,0.008575911237615962,0.006507238048763844,0.006707510068302102,0.008351597738262826,0.007845990255970978,0.005992125889368976,0.007313335276045215,0.006308181694613768,0.007204972379928973,0.00564605061856411,0.006187382785751257,0.006944728489567574,0.007061625677299975,0.012457930397119208,0.0019371152954090743,0.010312047916304181,0.0010947384088668198,0.008175294435399756,0.0008015785746197494,7.447632363787029,1.8342404311087754,11.290855855699606,2.734252756944002,19.791217310747495,2.9299957688884244,0.9166086885215241,0.020491170874232818,0.8736949025958536,0.030545865520189064,0.7790204417910126,0.032683847839583016,1.6820306629653774,0.24446477281819076,2.0967587014321745,0.27913086328983205,2.8264888266871226,0.27265804753762496,0.11129304953635666,0.008472751738205839,0.10139735807041353,0.005533867783433847,0.09030901010394242,0.004424605004492687,0.5145225772285097,0.04359034161317695,0.45889798205165133,0.033332672084732486,0.3881720479695612,0.02863284736847255,0.00022680726292860406,466.50181273199604,0.9182317716655708,5.1790089465113525,0.00015381971382249701,13.082536549461324,-0.22067565547519274,0.9788599427679125,0.12746825725475125,203.38224509608673,8.307587311492819,10942.492404764156,2852.248554374042
304_Catasticta_flisa_flisoides.png,Dataset_pieridae,125746,0.01023450044025781,0.01319291139871568,0.007726775065377888,0.009782392060614964,0.00703214461861509,0.007499388162598263,0.005977147517759193,0.005628192290652657,0.0070142950645010384,0.008499217003272374,0.005682094429691106,0.00593202823271066,0.005418827543996205,0.005056259533856533,0.004929188735977017,0.004332647515296748,0.005684746830829559,0.006887450281139888,0.004616073416120368,0.004839861865600563,0.004500972032967888,0.0045839469617288825,0.004238623476509221,0.004120753187833815,0.004668949827731645,0.006460529284636064,0.003452665971264573,0.004113733206382696,0.003414646511768136,0.00404799969405023,0.003278614392408817,0.0036977013668103237,0.035334734101173736,0.003911542435767273,0.029465774695768675,0.0020353867738411888,0.02373454197999275,0.00040004716793515737,3.185569242244341,0.8853829621676637,4.833388592043617,1.208039859366852,8.582749974750048,1.2798513070917061,0.9463068270359685,0.01489580324259221,0.918623072575999,0.020308629903708495,0.8559184878532964,0.02149591794404929,1.0156722178478472,0.15801292315627483,1.2781824572609384,0.1438920568677963,1.7167030847987437,0.10610755691889101,0.1876869976698541,0.010407929998319427,0.17155317731313877,0.005939869488082287,0.15405471196483997,0.0012991156310890545,0.6434517494168979,0.03611696814382242,0.5874005437334007,0.02296047489113149,0.5180412547169551,0.008402038439118931,0.0007226242543675156,193.63268449044003,0.9488428204667211,4.459489571552991,0.0002662966030355885,11.76568189762506,-0.264115220921848,0.9848269938394246,0.2011904659257065,101.50305070111277,7.761353612881768,7375.208674994237,1892.2103398711693
305_Catasticta_flisa_flisoides.png,Dataset_pieridae,122087,0.005936585589837293,0.0062136606476681355,0.006341917800890455,0.006525230691376205,0.007057882050184769,0.006989494427774302,0.010118194046406594,0.011840706295117747,0.004050871316929102,0.003952512107304259,0.0030056622802029156,0.002652185354967903,0.004180922531190987,0.004241420716866172,0.00431697713835906,0.005625990643550413,0.0028196660649963063,0.002933455589204966,0.002025120739046011,0.0017792923533286717,0.0026142703154420884,0.0028616546134353923,0.002670846312135537,0.0031529966130613776,0.0021136393544516486,0.0022874933373303865,0.0014873027717582517,0.001410321083796691,0.0017282817946916984,0.001956938851379661,0.0020069664234885227,0.0022522377284575597,0.024810499543278554,0.0030533685863030594,0.019852543323374706,0.001941782953938606,0.014278116269095196,0.0003260800676046137,1.580111400328833,0.4825200526398728,2.6900629591089165,0.8866477348410001,5.883842202105906,1.179993960439303,0.9781239746347975,0.006662411712811505,0.9628059679158522,0.01223974856652815,0.9188976160065221,0.016241379116526174,0.7462908679039864,0.12993565481675268,0.9996713307570949,0.146616106512486,1.5183260636735596,0.11237109761126855,0.1572135438414186,0.009716026765139078,0.14073008790775465,0.006898237517681864,0.11948323931506455,0.0013681344503408885,0.6976770245490516,0.038493927126534475,0.6302530829904731,0.030662458683131808,0.5281703640606968,0.009728828405194566,0.0005072103052876696,91.15908206902068,0.9802396559304526,4.070614970834924,0.00034415857366332236,11.950194939201232,-0.33962313785920833,0.9958153963723362,0.22946104426218797,134.7624952186781,8.187517543456886,9132.852512947138,2306.002898754042
306_Catasticta_flisa_noakesi.png,Dataset_pieridae,102629,0.006666683327040091,0.006942766724780849,0.00905544612024778,0.009436397142059906,0.01047318723827504,0.01085493346257996,0.014556849500471852,0.012879304651724885,0.006863342028739375,0.006502098896339144,0.0081668126476581,0.00815685891129303,0.008059292358137916,0.00822377159136485,0.009850364751322803,0.008836447968703354,0.007635520755137499,0.008078245225552817,0.00837623730135591,0.00851435440972257,0.007938574278777153,0.008179509422836767,0.009306979107104653,0.009077479855956942,0.0074483229140052875,0.009442358976289367,0.00730076211977001,0.00815702986576387,0.007067719700202734,0.00780477370067095,0.008715272178418642,0.010222974584124554,0.014299030212260417,0.0019443185687845507,0.012076230705896506,0.0009744699012718891,0.01012374096270277,0.0008222135953707579,8.37829886979523,1.8453953189018275,11.47551166062215,1.997008429677507,16.972563624730654,2.519842644692346,0.9026849031464549,0.021439003944984197,0.8666787216018651,0.023198526106790393,0.8026558955043118,0.029235638058901347,1.7235867271317669,0.2234655223219853,2.0633804717043733,0.20293928330732705,2.5632260171966466,0.22337539132873951,0.11931220706201348,0.007976682158118037,0.10979783058687341,0.004546108700059084,0.10053446724861911,0.004069626240713145,0.5140103405712719,0.037745049723021444,0.4652848358895471,0.024085993825611978,0.4124498865603662,0.021953891756797978,0.0002559261689450601,525.8657434305205,0.9044704430052845,5.207147260652801,0.0001509492333256472,13.065449669988073,-0.203292151604682,0.9720746120922602,0.1289957168057102,217.4351962852172,8.218750044405546,10483.727587411311,2752.3983327104593
307_Catasticta_flisa_postaurea.png,Dataset_pieridae,106623,0.009197154952769787,0.010165569417623003,0.009189147328803125,0.01024074871158111,0.011989526380319191,0.015295674656955806,0.010314576957275072,0.012090712246090733,0.007225693566126594,0.009014980472183154,0.006535818783984929,0.008383705281669296,0.008022274221819775,0.01073209094634306,0.006757147624869606,0.008865198007882312,0.00676628376443434,0.008896978402709388,0.005446124179444882,0.007236860329976368,0.006192249220123325,0.0080990031151122,0.00539366545365342,0.007244238722321718,0.005789688107086996,0.008422267253033747,0.004303803349685762,0.005663647178980553,0.004611807264736443,0.006019055453031612,0.0043015518433456,0.005987097433817001,0.015878076064172273,0.0016583336709167528,0.013328340337353493,0.0009482767633122451,0.010777897680381055,0.00022534917661091915,5.4856911623551445,1.4461953328223196,8.457410276308222,1.6403057803797039,14.76207807114535,0.9583437789324197,0.9565516810818826,0.01144768674273608,0.9330704621680643,0.012949743578345569,0.8833653349898115,0.0076332411029203864,1.258481952415323,0.18100180675382446,1.5930982740845565,0.16863542847928586,2.156505231262459,0.08550316526554039,0.12583580283327275,0.006589900566623078,0.11537558441199214,0.0041005925114265575,0.10381104500716436,0.001079173249089354,0.6165836316018465,0.032069170139143705,0.5636491629330702,0.022618327025996966,0.4958922964567539,0.0071514433646414745,0.00032883711355752223,341.74492688557655,0.957676476872133,4.714921510682055,0.0002369736985807531,12.871831588809547,-0.29795569817773104,0.9940716853099048,0.1979846319399337,207.43143210903276,8.543596155278387,15806.444007108918,4037.047233498625
308_Catasticta_flisa_postaurea.png,Dataset_pieridae,84954,0.010673557172731106,0.011045743462462083,0.015912287969410178,0.014909975280795419,0.01147953156458697,0.011431138800999155,0.016957015348056437,0.015605426768892669,0.009402632844442755,0.009863622335857544,0.011574074787595888,0.011975620072242418,0.009090577958666371,0.008639252836823007,0.010662954764730443,0.009944781912643164,0.008790371822770088,0.009138093915869198,0.01039108466064749,0.011142200969576277,0.008634470179852066,0.008454617525734561,0.009491406383995524,0.009062151625867652,0.007700240715444197,0.008835372829253084,0.008706440014171516,0.010041193800933643,0.007510653822670061,0.00785560067239984,0.008132969197513593,0.008577216194942604,0.00875927746266977,0.0010668996191855469,0.007223347140845465,0.0006804252623398382,0.0056635757638724945,0.00038727282549212987,10.471453453249953,2.4665868310687125,15.509393061547408,3.058911592904612,24.833950392013655,2.2281225978099832,0.9124762164390468,0.020573212961847415,0.8704714318328974,0.025482559297498437,0.7929459047489752,0.01848697015990294,1.9631365397762541,0.24708833638515962,2.426266204013983,0.26624321535884193,3.1480124450219207,0.19578446009438605,0.09342054837293677,0.005646114094627421,0.08489249811352369,0.004075647787878845,0.0752122901800607,0.002585956253079003,0.49032855917349144,0.033507219641623995,0.4377055784009149,0.02717675928567684,0.3747432321964117,0.018454929996825197,0.00017325088553323063,659.8230150255793,0.9137129095996701,5.3878598879623825,0.00013472879976033023,13.520725073289757,-0.22693814116020564,0.9833596439566515,0.1256773030753347,208.20199070529873,8.603873823164813,14632.328065918777,3823.037770236094
309_Catasticta_flisa_postaurea.png,Dataset_pieridae,96245,0.010995646520978671,0.012245353707174602,0.00997544942578085,0.011498112703607573,0.013559407606430632,0.01661637402012381,0.012762085839179359,0.015142242531560112,0.006931180306189841,0.009542316299698256,0.006421612317272064,0.007589311274494345,0.00822475657355317,0.010880406413865772,0.007451161299204315,0.008821220619167344,0.006587233372947839,0.009149061894309637,0.005870484494133266,0.00670268287901284,0.0069812753139442425,0.008976508537255044,0.006589742297348755,0.0074852982930395185,0.006301853047383446,0.00967727734228325,0.005217896032226627,0.0065154890593959805,0.005825983550499039,0.007748131448053715,0.005961587651744238,0.00761171465632335,0.02205939946295593,0.0016298962420703467,0.01977785653583195,0.0007255262456808131,0.01722091432528434,0.00013690861296653358,7.200460111057184,1.7580495523968815,10.52510248309319,1.8480978167661435,17.819740767216928,1.473754847346499,0.9309211408381234,0.016826213276560198,0.899125597272689,0.01765464805986859,0.8295664584028255,0.01401535060374398,1.4137298618673229,0.18536729444644537,1.7447717565178968,0.16173936770412706,2.3251310042353097,0.09098772089624377,0.14842298857166522,0.005478679257929296,0.14061000428371237,0.002585194608988427,0.131227445869231,0.0005213213235580915,0.6114706331819422,0.028581970478307822,0.5673834374758144,0.01766959533316484,0.5112786902847074,0.005897168244379049,0.0014899128360369664,452.53224095880404,0.9319768168689381,4.821788269145706,0.0002498102532778307,12.30155436590698,-0.30790189428324377,0.9939500366667712,0.2609984709215694,212.01870271097982,8.193551036501729,12850.952167118046,3325.8711020192136
310_Catasticta_hebra_apollinari.png,Dataset_pieridae,77799,0.008778568995348297,0.011075406747275175,0.0086364918491335,0.01023082126021347,0.009625966706095215,0.012132887780215984,0.010114233926171992,0.01084806387008738,0.007147511972533475,0.008467180145467743,0.00668363558654505,0.006813003085847179,0.00670262609991056,0.0070905658187077015,0.00718139708838002,0.006891137324418796,0.006626337183588708,0.007841107267142515,0.006353897647796051,0.006824736667265726,0.006246189384710942,0.00670595053780651,0.006906729094415464,0.006901204757603708,0.006075075594617181,0.008056548245971188,0.005505071683281899,0.006389467452372274,0.005432388967315563,0.006350055778058127,0.006345229409042513,0.007259925979903597,0.016861218950098802,0.0013023026242852678,0.015013920459878646,0.0005665508533807904,0.012660219699980676,0.0002539258522008168,5.908035553658777,1.315409213013812,8.524010287651494,1.3152855923746012,14.060542960452024,0.5657562778923098,0.9423740199917486,0.012795828813432634,0.9169624834622583,0.01275924109091278,0.8633670106362265,0.005493960136488416,1.386544920775424,0.17947273246456405,1.6995875086931584,0.13671319469576837,2.2214071165347113,0.03986545119043424,0.12975376317761186,0.0050179568897126894,0.12250947030694245,0.0023130380435762983,0.1125119947456693,0.0011272703008416182,0.5966797678148668,0.030770561955680314,0.5504543250999461,0.016393265315987626,0.4914255818462413,0.0037913049334281504,0.0007829546262436925,369.26151332484915,0.9435729530531951,4.843106374306815,0.00023519859271413357,12.744754448846122,-0.3063693285220701,0.9946515093808104,0.2367851471295808,248.20807386164984,8.484613651850974,12716.971757012174,3271.5583175842585
311_Catasticta_hebra_apollinari.png,Dataset_pieridae,92398,0.007014528626908754,0.007376694535946233,0.009841238654474255,0.00814834292176346,0.006258617443091025,0.005323565092404259,0.008917486043943336,0.008501964621390546,0.006822553886290392,0.005815213745234931,0.007112259428034195,0.005194388668329258,0.006072820679211572,0.004544261330133849,0.00687076330333112,0.005754849907025081,0.00653222884073454,0.0058801435822962754,0.006430867743708809,0.005299674945123458,0.006043874758005841,0.005087419929574836,0.006800000657449424,0.005991057409067364,0.00572733751455762,0.006277695441880327,0.005258177707707743,0.005119242284625539,0.005141217161728513,0.005090029659618155,0.006172106102894915,0.0068342122850859575,0.014671220627566787,0.0017405727773764253,0.012184325538273375,0.0009106969444706269,0.009886535209178907,0.00043586127585598937,4.32332337467504,0.9607898044127878,6.021412034745554,0.8304311070800805,9.207919213155513,0.7713036686818676,0.9162057231186282,0.01860212751154273,0.8833295442083946,0.01610078351453685,0.8216854272521565,0.01497073319795604,1.3455329456072913,0.17879015825913977,1.6380192502511237,0.1312325168112754,2.082557516822447,0.10950685526017331,0.12090914380960813,0.00722492704421913,0.11030666098114553,0.004094640578121857,0.09940704046241376,0.002185295330828879,0.5462266024005303,0.03820231300290979,0.48831288090641295,0.023952482906672658,0.42043764329922056,0.01596886618588414,0.0002689467192838797,266.4645850226291,0.919057708992549,4.901293847976815,0.00020474906566842678,12.70451695333476,-0.2152763621964187,0.9748956148809789,0.13606075772186702,147.20933735913428,8.078550757948253,6317.257160265242,1645.9304363219644
312_Catasticta_hegemon_helle.png,Dataset_pieridae,81880,0.007079372417758247,0.008946851131849103,0.009951474011189634,0.012375808591506528,0.005476868808086702,0.0069773193366680615,0.0068812631069013995,0.009332677257909094,0.00553058543160011,0.006501172902992056,0.006838417488688508,0.00866961495405542,0.00478079198594332,0.006289264422434364,0.004964676059727129,0.006630842255050202,0.005348414926386534,0.006987094203060497,0.005440812224957618,0.007119954384922501,0.0044989898205961484,0.006200962209022236,0.004173260754251298,0.005333324583482053,0.005370207013849769,0.00826410460990544,0.004287995471765525,0.006034078723071796,0.003895898203860916,0.005630936592038236,0.003470237931441725,0.0044111291049953065,0.012451625144503202,0.0013717088014974371,0.010498953874870097,0.0010067669185065404,0.008269608424215272,0.0006557873950793844,4.067778631395058,1.1023854746154589,5.917330374895505,1.0928724694576182,9.743886588026243,1.2889171107975672,0.9729120961692547,0.007324315913330963,0.9606361024356228,0.007244373309310313,0.9353175378331985,0.008516820057191813,1.0295504237421718,0.15991574651564694,1.2850652878284516,0.1468822371892169,1.7120174877916452,0.15074663717325518,0.11141468803153469,0.006196162952909177,0.10234917188608648,0.004858074629153288,0.09086726476893227,0.003570520638230876,0.6751684236958535,0.032601027679476154,0.6254719402180176,0.02894054591600719,0.5548557902316654,0.025909677090858542,0.00030896073216800173,250.67069871452333,0.9738832665735945,4.371317646210675,0.0003251714298660208,12.782273488530004,-0.3631635129206703,0.9981118454439124,0.2591075845856967,280.7289554954069,8.791120966911084,18941.916979730682,4798.146919611297
313_Catasticta_hegemon_helle.png,Dataset_pieridae,76648,0.006642066321832911,0.0063975242567850445,0.01474471943456844,0.01392269767328372,0.00779503578516502,0.007045826726023439,0.022645847312999855,0.018169031352285706,0.006976767607028952,0.005933633932810322,0.011235056014378658,0.010736869547708484,0.006880100811953481,0.0057876786353385536,0.013758655098774128,0.011768344653895091,0.00720948267858584,0.006480091728085835,0.009776846477623427,0.009220413210058476,0.006991207099936229,0.005904882702640789,0.011238724930305798,0.009963820365159514,0.006785070712673909,0.0071728465874951195,0.007602978540631155,0.007348327636633913,0.00612969126199433,0.005407105093491787,0.009210950578940356,0.008821070829304571,0.006512387305033635,0.0012913090154095662,0.005320783466432787,0.0007829773352258146,0.00413115021156912,0.0006915936026726797,8.38635443442254,2.6341237810424873,12.616861773266166,4.193946760833022,21.6002621855244,5.622259426719577,0.9207735500200418,0.024921534371961748,0.8807152921092185,0.039733557332570515,0.7953519440618948,0.05347696335183255,1.904254858194416,0.3467694975357151,2.361718684355166,0.4172884581621044,3.1579815249871013,0.5051422050632115,0.08032465833209784,0.00776766173731714,0.07273547650205689,0.0055076242111745805,0.06405172423187924,0.0053410518151777425,0.46192783352379596,0.0522300751056774,0.4065333304890145,0.04068241542280669,0.33742219555449077,0.04186099403562098,0.000114887468638299,526.3744484293269,0.9221651498707307,5.369749256254341,0.00012277726851860917,13.743912211080675,-0.21753385926338992,0.9803657832858172,0.09939658827861356,239.4662689632184,8.676940250158285,13001.04795172186,3381.8556000377966
314_Catasticta_lycurgus.png,Dataset_pieridae,57936,0.013549970896707429,0.012175486606340912,0.017349402994235666,0.014411063952696498,0.013169537299955202,0.010856311840831637,0.017170365287539357,0.014101947973723878,0.008159312483156052,0.007344469927779943,0.010120399188271807,0.00916764817199259,0.008188410629027029,0.006342742383138666,0.009981002565956014,0.008540234640859738,0.005851465424486328,0.005423786135430232,0.006607890555937015,0.005916077305451159,0.00596191515856934,0.004912082999306736,0.00687879237989544,0.005974820007850298,0.004351629006884332,0.0045809628767277295,0.00438866660810792,0.004067389380587312,0.004163734352432404,0.003865844929607151,0.004842375704260626,0.004438685276612873,0.009063723927319285,0.0011639698964307581,0.007249175331338276,0.0006831439063921017,0.005375041816765217,0.00011464173882641678,5.618601150287629,1.6658764707351699,9.62774845152281,2.619979466377779,20.22166422445204,1.992153909584159,0.9489908043316698,0.015109613162966835,0.9125842108709242,0.02379092303722986,0.816335010139003,0.017934831802052506,1.5687578959084334,0.24975838267446698,2.069756695723527,0.27754898143301265,3.04124737429093,0.14314915313607662,0.09500664066248242,0.006120633737549291,0.08504741665556484,0.004014006919903148,0.07331052423354337,0.0007802905665621739,0.5088224785195775,0.041078414712338765,0.4414199224779829,0.028410560888765913,0.35811453486344463,0.006938165031442241,0.0001668009111092377,349.25523998036056,0.9503699148346361,5.103723719442405,0.00015308029693299993,13.261475497072531,-0.2444661824108043,0.9865237202011627,0.118883574807289,183.36217476413782,8.528913759075703,13723.930272959997,3518.2963782350876
315_Catasticta_notha_caucana.png,Dataset_pieridae,131165,0.006962180587578594,0.009278137758881519,0.006288898789332594,0.009446987186995789,0.00712694878213298,0.010383926748482536,0.00693008944231844,0.00940940317705628,0.005364264784279194,0.006828978184589547,0.004838277781238617,0.006565680915143962,0.005348535892312169,0.007225916148083563,0.005711822322762476,0.007340558059204501,0.005434585627718265,0.007207090604997167,0.004907256761319385,0.006692622586437158,0.005167811760747178,0.007118198863726773,0.005594926899461851,0.007438835002499228,0.0056242050824551375,0.008450198021422602,0.00472636803493263,0.00698514904318528,0.004853931091749395,0.007320406690634246,0.0056499764745784435,0.00869868581586242,0.04870031118150401,0.003640745826161736,0.043759952221238435,0.0013652333008392764,0.03787152156168558,0.0005247166778190025,5.269775701931574,0.8776130935499663,6.83996516777104,0.7065161875879765,10.202574690103319,0.3759199200973341,0.9767994195246626,0.0038613675989389103,0.9698931892368973,0.0031064912428242293,0.9551078738194113,0.0016583647674094136,1.083603105229775,0.12054721407536932,1.2722789040344666,0.06923306350003004,1.5879076274440314,0.02769944703569305,0.22052687867074633,0.008258750828178476,0.20916338845112584,0.003260238163367038,0.1946013715987217,0.0013519369740511305,0.6906490520033696,0.0263602557982868,0.6540803836605962,0.010510620735633585,0.6059477522296988,0.0044517897657190405,0.0023224592949228863,329.06596143244906,0.9772882070142649,4.339275185717055,0.00037100975456283924,11.464662280720418,-0.33908975181324624,0.9950117353911816,0.3239385514864821,259.16128848886564,7.847792631836402,28647.916391265964,7244.2455881745955
316_Catasticta_notha_caucana.png,Dataset_pieridae,77128,0.007658548004842573,0.008786605272920722,0.01660110778620788,0.014463115889650869,0.006374943467764229,0.005919572372744463,0.015746486004347575,0.014550792347224213,0.006339679610975541,0.006825924836608081,0.009236397391001567,0.008631919068797077,0.00554359301657009,0.004697602266662492,0.008190118733846391,0.007223028842633287,0.005472699433413833,0.005596124149192011,0.006445167283861263,0.0055318893504742485,0.005147437971709021,0.004457926100508076,0.006639804453515062,0.005654089237433649,0.004426807693109198,0.00502950590497434,0.004551372819349492,0.003994734822339342,0.004060186615454318,0.0038480282654621695,0.005343213871924375,0.005167790587381324,0.010026518914998695,0.0016578048942409436,0.008105063124754203,0.001176005112118864,0.006090560276312318,0.0008161132144770481,4.387649140533451,1.5014853019823708,7.105044087552509,2.1134697961000697,13.698824000770376,3.238831543407542,0.9443035166580211,0.019021124340305874,0.9098222032413148,0.026814589433110915,0.8261653984197992,0.04096887550468039,1.3689360036042852,0.26530379125347053,1.7726406683447793,0.3038461988916093,2.517644938990236,0.36805225787603946,0.09979077741119442,0.008265570680125175,0.08979014704678726,0.006541606688767159,0.07786620976754427,0.005235804880733407,0.5467506739005923,0.051382395415823526,0.48257799359785847,0.04480965625332329,0.40065018955296117,0.03880350150096943,0.00028431453399282725,270.27387989428956,0.9462631401781859,4.918119001340543,0.00018144914466061693,12.97767289868431,-0.25539259935723285,0.987216746394594,0.15832494516643614,279.0456971256041,8.412703054517216,9786.899762720637,2514.2934106537305
317_Catasticta_notha_caucana.png,Dataset_pieridae,93256,0.004821614694617255,0.004308880872744441,0.00930239535904665,0.009212186898031197,0.006018079410851078,0.005394220153287391,0.015963159853422504,0.012080770543990883,0.0045951304556979935,0.0038372306456776694,0.005973040060530713,0.005376703721219268,0.004800261085480079,0.004065520013686407,0.007602609198071271,0.006287826991352041,0.0037951915359665345,0.00368515920918539,0.0044668990542846565,0.004208059383632618,0.003913563760891905,0.0036181404275127003,0.005460416348292709,0.004640732073155568,0.0029866015874540353,0.003296510180719965,0.0031788360881610353,0.003169795286680523,0.0029363143706075258,0.0029168821505730132,0.0040977363072254485,0.0038353167620819037,0.01296336933810056,0.002957441181830426,0.010204997032680707,0.0017498520875847256,0.007269084075294119,0.001420252774303767,2.568273779953855,0.8054501268984271,4.192230397490701,1.5903041800812845,8.29926091104916,2.3383527825992414,0.950477310996836,0.015540850031231773,0.9191189659369637,0.030685294842577673,0.8396021098117598,0.04523050549532538,1.0500501618993618,0.21329288146683928,1.3713282857803815,0.2874143314143171,1.9975264958008978,0.35158118883448003,0.11318007766372655,0.012395134454026268,0.10061071107617386,0.009081951851192349,0.08486439151743913,0.008192626420686017,0.6023262779500531,0.06021603372450421,0.5324225135502925,0.05379466220359103,0.4318603338856042,0.05186515313391244,0.00023762479845943624,153.87402743929337,0.9535481040926043,4.537259913338045,0.00023474947858500002,12.661108175579725,-0.2713726362506198,0.9889437529495234,0.15952346227497058,249.56232825970451,8.30442608673004,6471.478284964125,1656.3380781008577
318_Catasticta_notha_caucana.png,Dataset_pieridae,68944,0.0056831328722566545,0.00521210272530097,0.014238017504603906,0.011975606996966549,0.006642338965812436,0.005626438138851083,0.019448940814146443,0.01464560359675956,0.006563778079810313,0.005234406265509768,0.011091742791140684,0.009437858208088316,0.006476258580410957,0.004657931647712668,0.012654778205666259,0.010677972670361725,0.007100082407280431,0.0057389777859128705,0.009525576123655085,0.007553930455386456,0.007115454102422665,0.005086384964246366,0.011117323577692876,0.008789813431667992,0.006388088839693973,0.006297213515294371,0.007606004079631761,0.006264273188187346,0.006366357787616622,0.004907764306528952,0.009768012993465428,0.008413997359984979,0.006015439224991357,0.0011351495396240774,0.004917320592510526,0.0006597381956694394,0.003899799383560244,0.0004982352793399972,7.414009800644906,2.375927030642533,10.85517283221309,3.3481504228147925,17.482292988993798,4.383507176735597,0.9071184559832883,0.02976016403706488,0.8639459182634861,0.04200999108135545,0.7803121582446525,0.05515443487646363,1.8796158461981303,0.3436444184938342,2.3137527765423203,0.37244411705767283,2.9933073025798476,0.41940979230599984,0.07723148005928956,0.007123040982818693,0.06995891248649032,0.004803244342953594,0.062320738593654015,0.003990604553408887,0.44467305189237505,0.05184478962524374,0.38854556018722136,0.03631037275682728,0.3271791771634104,0.031150165861799174,0.00010993704641049237,463.52864092664186,0.90906056381832,5.359693808093037,0.00011482765120185309,13.646938803945236,-0.2038095506262595,0.9745722471941004,0.09341326069474509,268.7552466506353,8.55392927648877,9730.67892173816,2548.551890666201
319_Catasticta_philais_philais.png,Dataset_pieridae,164248,0.009758520337692814,0.007402211380301265,0.012189894990358734,0.010730728885262466,0.013290269511820172,0.011961846827413207,0.013114128533299142,0.010449023429209283,0.011697696306742129,0.008401084552484936,0.012729602224655325,0.010262763475077987,0.01358616681939672,0.0113627597037383,0.013234254472090088,0.009880556546545,0.014226187247746231,0.01107164802347497,0.015673872174556333,0.012716815340671936,0.016376186801991845,0.013289675397137742,0.016329577873921027,0.012823831983027481,0.016275126915708465,0.014178057641928607,0.018306996669326333,0.015748426479082953,0.018785637329162514,0.016115189954958056,0.01927003023312979,0.017033572257998734,0.007087829790044728,0.0005062989995821747,0.006385260005415446,0.0002505098290635051,0.00574068997221874,0.0001206292083662411,30.616806432729447,2.2882110815168994,34.61196874316036,2.2229747857643467,40.31077823672638,1.608259079587176,0.6962076396362249,0.02272944884454331,0.6565688237446932,0.022116450190038685,0.6001180812119937,0.01616815521552415,3.766344962503303,0.17751993269166413,4.062608214420233,0.14860964578272373,4.445281753908682,0.09830977189650239,0.08413605341902153,0.0029923744946586945,0.07989228868751619,0.001575504264043941,0.07576312751758188,0.0007990500443446685,0.32016580485023627,0.015058280063731708,0.2971482829353967,0.008942230618971772,0.2737113216700151,0.004116483492632876,0.00012657029275979143,1949.2182043852895,0.6972854194062391,6.352770724442417,5.5903448983477794e-05,14.300798190620178,-0.09274178448034769,0.8654333239057339,0.07018433139066843,155.1127564620811,8.404432655758296,10929.12467849036,3219.585720718911
320_Catasticta_philais_philais.png,Dataset_pieridae,66781,0.007560486900043072,0.006388801893086942,0.014457335941643596,0.011595865133838335,0.010838631829244872,0.011397463987437455,0.0201843230713449,0.016833217007225638,0.007116163031208558,0.0054049574542495505,0.009511172245502235,0.007401142323643153,0.008294265370084125,0.006924677245560871,0.011542452764717078,0.009443977571127833,0.006406854464562046,0.0054024486628439245,0.007398487057009467,0.0056013899638264475,0.0071396694654180795,0.005724244085101952,0.008613274657149048,0.006831967437236042,0.004984249523817948,0.0049880072382307164,0.005339664129012188,0.004292465135749896,0.005330870273679745,0.004450734975713723,0.006249879546261228,0.005250837038910824,0.010954236549502982,0.0016010846347870875,0.008840522525482331,0.0010802479932155535,0.006742859577860374,0.0006866360877558917,5.728340796477228,1.6834042736674149,9.32061525556104,3.1205258697686657,17.71756155530336,4.01538872076636,0.9264828522551585,0.021630171819619057,0.8802560154064364,0.04023772284453411,0.7716775011043902,0.052024932526880376,1.6292273919657592,0.27568907105101165,2.0981902527961958,0.35076722358953694,2.9341651682704044,0.3717856254678468,0.10439075241178214,0.0075370657689171625,0.09384140456562941,0.0058577567918274755,0.082007278035543,0.00420308542163019,0.4855131478254104,0.04843171516083515,0.4205049819366679,0.03866695987441637,0.342198761524693,0.03073926489425666,0.0001964270608133075,356.1854547457205,0.9284409123480489,5.162403291075135,0.00013596816169634553,13.19174964690052,-0.21531800703784065,0.977146743341394,0.10762413397057836,148.6732428833385,8.357391548728323,9600.27195019865,2489.1143512360923
321_Catasticta_philais_philais.png,Dataset_pieridae,168064,0.012603265499397484,0.010859843463935417,0.018374256631381505,0.017648731803529976,0.019171966933877252,0.019247695454487835,0.021222929800262667,0.01964687783475928,0.010993325266982885,0.00832678840858111,0.013624661269466659,0.01252262169431118,0.01372168912123084,0.0129529761598132,0.014187330421689313,0.011998010018133734,0.01211404709706648,0.00948562375604877,0.013549537596479038,0.01127674619407704,0.013742487808017017,0.011403502697978954,0.013795173368607232,0.010746819843010348,0.01312805204717122,0.011953623864322513,0.013718570406418938,0.01154878347642446,0.01379270547039763,0.01175075940763569,0.014543652423637268,0.012621134407817007,0.004473513383929509,0.0003836796120209266,0.003914695052094221,0.00022474073705039472,0.0033200788828597625,0.00014004255232599372,20.88334624115224,3.263482720941665,27.650563453967344,4.120429313822935,41.41554441087075,3.705078705580601,0.8556669796003857,0.022584575057455772,0.808848770201168,0.028486092605864176,0.7135020366156398,0.025577137495760825,3.0874995272693186,0.26939314162458466,3.586767163818261,0.2838234999677395,4.4314940684738575,0.2317592363673072,0.06682336579228007,0.002855025064801254,0.06254121129029688,0.0018143710857100757,0.05760705820877131,0.0012270808412638149,0.3432715368765149,0.023461189493719135,0.30937946798872906,0.0147665780058503,0.2729004197822984,0.009934146950172303,7.973261754778335e-05,1326.2079218462402,0.8566430973722534,6.080207792966272,6.747415788797256e-05,14.458424482888569,-0.13865890986296156,0.9387798242775943,0.0705898035943889,222.0367862194744,8.712918538029019,17176.59129602158,4625.6998044669535
322_Catasticta_philone_philone.png,Dataset_pieridae,70339,0.012194249724635044,0.012771739138710408,0.012742348345513724,0.016464208842177773,0.012722867858490364,0.015824762447318414,0.010298604320449123,0.009269168059524102,0.00824488830507187,0.00924212031204398,0.007789243952159835,0.008077442641684418,0.008047800677598624,0.008230060229839306,0.007385599088067319,0.006352193376394749,0.00704028920694811,0.0071774358190713206,0.0065668370760599845,0.0057756228565452395,0.006825392018156425,0.006120969511749097,0.0071908529259969356,0.006184192515074543,0.006047824112375841,0.00656476838589212,0.005310391601929646,0.004889899020187984,0.0054793850076472915,0.005156079779181001,0.006503494319273889,0.006516035203580279,0.020206833794456376,0.002357279771649672,0.016812966574706687,0.0011363237744546587,0.013461781698201258,0.00015213115746147787,5.943016412884887,1.4826391444975726,9.143371677572238,1.7543101170175355,16.60770370274809,0.869809579327934,0.9139791214428087,0.021404686771619802,0.8677613878575731,0.02538642223195108,0.7603150929771636,0.012980824606218437,1.5526111085935996,0.2113357480044423,1.9455308009883667,0.18701444765520642,2.626793628449346,0.08574914365131861,0.14191049212953508,0.008261114816387721,0.12959044997013525,0.004391110479658192,0.1160230616723376,0.0006563980333640194,0.525656293025125,0.03558354913155797,0.4689629708239159,0.02124954767278144,0.4005553692915015,0.0050937461938168034,0.00038149238052524026,370.2117928929171,0.9160916938600672,5.085348744054175,0.0001593824438394798,12.751565488100177,-0.21158810891971264,0.9737139072531138,0.13431666834353978,191.56252597875965,8.09520435718024,8452.478520572919,2205.672578366458
323_Catasticta_philone_philone.png,Dataset_pieridae,58770,0.007354413808860287,0.008133412206748835,0.012866337586089514,0.012537674421385423,0.009514596846862925,0.008919196873467213,0.02007881993626089,0.016481211241619366,0.005710518781178467,0.005019844407129707,0.008209468776270046,0.008596435770999649,0.0063275933741409485,0.005388965246219093,0.010121771936268635,0.009509101191275586,0.005250333285486431,0.004891293300987801,0.006511670902729273,0.006274979422452247,0.0055998119651940684,0.004696256734513649,0.007851921369384163,0.007166523185143386,0.0042990479721413755,0.004809225641496063,0.00492833792883847,0.004922224735658053,0.00447306049878551,0.004071335607980728,0.006334665698626066,0.006353990000176891,0.013361291788444935,0.0025755265893397964,0.010715922026338812,0.0014705347539879048,0.007996749186064444,0.001104931950298017,5.127800470147439,1.5265197951872453,8.113069075472671,2.6019510466942277,15.235871690976843,3.3540774686678247,0.917271628875691,0.024582785182109487,0.8692630263897694,0.04178241983601489,0.7550894905648653,0.05355988311355025,1.4771604454632148,0.2639870120257553,1.890556610504197,0.3255864762172778,2.6536367474434135,0.36066436038980987,0.11509317485374503,0.01071694408542877,0.1032529068398728,0.00739994969275862,0.08921416363637422,0.006130431691707387,0.5230746640570844,0.05344197033836399,0.4578687853212656,0.04365439974675169,0.37253134464865634,0.03859672953849719,0.00024072326872183643,317.166168742859,0.9197534000814835,5.009068355557641,0.00017860295033169326,12.877655933407945,-0.2181407870131729,0.9759549614918447,0.1232561647311905,174.79144034200004,8.195161755752487,7586.056709501135,1975.8057195609972
324_Catasticta_philone_variabilis.png,Dataset_pieridae,111103,0.008297310263667174,0.009712164951179464,0.007772647111516824,0.00856709242612763,0.006576568467351546,0.007898693614128306,0.007079433289122808,0.008265346385591848,0.006023772469668241,0.007736602499823801,0.005661469481644908,0.006932157696732009,0.005207818640577866,0.006044445133232393,0.005566259163766036,0.006570074672076075,0.005754553193284818,0.007980178919305704,0.005558990232946175,0.007788333641680614,0.005177794001016723,0.006919036991879885,0.0055799617617671,0.007326323653233477,0.005862088292304552,0.009287813591637667,0.005253676191790058,0.008383482936919274,0.004904516030441888,0.007535945247768491,0.005381895799978116,0.0083076361845747,0.0327842449519985,0.002776722846118938,0.028678712530861145,0.001381855327645079,0.023954766899356064,0.0001638815319738282,5.884615914699483,0.9805634597315109,7.603049089963464,0.8628245051126477,10.978589883886423,0.5667481745063029,0.939323330429074,0.010099159954660753,0.9216301023101123,0.00889528355600006,0.8869238296615874,0.005885945299814012,1.1954269936303312,0.13142970863388173,1.412926798569209,0.09517613678402628,1.7758279821245002,0.05089581479328426,0.180901555563781,0.007672818686945948,0.1692987148711549,0.004081381363771817,0.15477236987492093,0.0005295494846860639,0.6650579004185269,0.025923403596759785,0.6247631347749918,0.015567759646745406,0.5671011165864627,0.008014037510839471,0.0011000540776833889,368.3271125858394,0.9406661731492884,4.497546998642257,0.00033138457563584584,11.935089246605154,-0.32101652267420266,0.9944378947605932,0.2900076856231432,151.82420248866572,8.05659513977337,12046.715194588867,3103.7605767936725
325_Catasticta_philone_variabilis.png,Dataset_pieridae,98499,0.013894987242324323,0.012943246927563738,0.012531682738993332,0.012871272226006618,0.012113235947690093,0.012585157772388063,0.010430021850041478,0.009968284078350887,0.01076246388763468,0.010914252701054008,0.010531498244721577,0.01086321384620142,0.01027958214628172,0.010727433874871791,0.01016961733266909,0.010234458470876171,0.011345311028658742,0.012424849921370823,0.011384607210638869,0.012164915300366527,0.011236831840207462,0.012348923973868362,0.011097848289300594,0.012031761930678925,0.012682111231234602,0.015149981661894817,0.011318728813758103,0.01270308508903795,0.011208689385679451,0.013031432291384287,0.011131309848344463,0.0132315740853018,0.02100018019843572,0.0018256852311764066,0.018513157738107612,0.0006848402544425782,0.01613160216717683,0.00024796029790001073,17.382805814637134,2.9914696972118477,22.29460341300309,2.0710387267457127,29.597333308419316,1.7608469018389101,0.8899428792993744,0.018944743289983395,0.8588654975892456,0.013149208232257646,0.8127198293711314,0.011478956211682432,2.3626603628404133,0.22626962455509075,2.7144602873674137,0.13580481180554074,3.1682580409645578,0.09234363224487112,0.14477721546341715,0.00630381480494234,0.13603975411786023,0.0025185387945683133,0.1270065066824529,0.0009743857023119522,0.508252815749154,0.023388045689332976,0.4751193798796836,0.00997400038885688,0.43922094064403505,0.003038990192004011,0.0005489283880073507,1103.5667662662022,0.8906246938745868,5.512949737410876,0.00015811801262808676,12.878732956011662,-0.20982478920381478,0.974356420115765,0.1862897739327008,165.81568119332042,8.145714528906037,19076.235383748906,5044.950537503778
326_Catasticta_philone_variabilis.png,Dataset_pieridae,128690,0.013695741691069258,0.014811045316430153,0.012995629058799639,0.012786572422387595,0.008572934579572858,0.008890548029256883,0.00983051164701805,0.010081051195676203,0.008789814553484496,0.009879369371505806,0.008467131330562466,0.008913881641506465,0.006673467146159631,0.006554285624755533,0.007543602953966809,0.00862953158909586,0.006888152902953589,0.007737523834058936,0.006608659483720086,0.007107911634340157,0.005865271465621313,0.006102769240768622,0.0062350402898130345,0.00700450580331595,0.005398676531637426,0.006421589642457949,0.004900347914016011,0.005471376470244289,0.004543156815709891,0.004924429732995521,0.004864066720131108,0.005629538896725288,0.012977363203168401,0.0013479758545254803,0.010917036920636095,0.0007932639371369501,0.008629200826260912,0.0003031966072063935,5.4573401194429465,1.5465588178537497,8.72920106678053,2.0995004790145884,16.264272426700877,1.9908929904811752,0.9507116193150591,0.013962222817787936,0.9211653643646411,0.01897546132468627,0.853095648029658,0.0180259487716509,1.3393572241494613,0.20512968478933988,1.7148175655951623,0.2068357425655288,2.3884991597389433,0.15792602083058666,0.11376326157514123,0.005939993177975572,0.10441624648201919,0.003779469703848767,0.09287921915808457,0.0016283349917653157,0.5975199507401576,0.03294955697145695,0.5442076068550267,0.02369115500172453,0.4753302482984741,0.012557056818018065,0.0004608426854547682,339.56569260152116,0.952004710874612,4.823555988269541,0.000221126254415963,12.86335717749433,-0.28635720080474353,0.9926529899603476,0.2124599042610393,230.6584815783044,8.479205260324637,13809.967209557173,3537.3832255396687
327_Catasticta_philone_variabilis.png,Dataset_pieridae,93502,0.009765002080007525,0.008664936026581516,0.01471628591708943,0.012021383102401475,0.010027545886890192,0.009945906753215963,0.016330511336023736,0.01465647367523508,0.007550833951846483,0.00691937576103112,0.009895698426019067,0.00896067339409019,0.007604303014623822,0.006823089250096298,0.010179053872752211,0.009832979974841697,0.006384348270213212,0.006133753122802813,0.0075453022384497845,0.007191341953245512,0.006493418174309438,0.006037878155251239,0.007795158017529829,0.007456622240882331,0.004867659186563108,0.005105137428205236,0.005369940172147647,0.005318932770326951,0.004892341982249337,0.004737984851779055,0.005816130503308071,0.00582238735323476,0.013270803738557884,0.0015870872143630842,0.01096586257942773,0.0009601332050554952,0.008547903406882731,0.00048629234042565065,5.901898826820336,1.7064015114503672,9.607758140225664,2.5421350428468643,18.134158622444904,2.533071865741947,0.9460370612270008,0.015595843933564772,0.9121669741542163,0.023247031165998532,0.8342353385346593,0.023194658238810374,1.485938136774935,0.2316987912427572,1.9098131883276215,0.2537138372353379,2.6630786745226662,0.21142526810696952,0.1149934540929298,0.006878172310660134,0.10461737901034063,0.004589835338492226,0.09241741284019891,0.0026315795270082107,0.551217082589222,0.03705280141265424,0.49435847615778034,0.02726045955941241,0.42442977726650544,0.016587500642857314,0.0002521938209146297,367.614228234939,0.9473892973496096,5.001220609468386,0.00019244155708204652,12.976138881501253,-0.24242988414701072,0.9848827996963847,0.15263931359920294,212.30428362292315,8.365319044620843,13606.857469054728,3493.617924322418
328_Catasticta_philone_variabilis.png,Dataset_pieridae,86595,0.009375635491201604,0.008645506965891161,0.01669790047391857,0.0140845365295322,0.011217810408172517,0.01067743958269333,0.01766601340588254,0.014284250769120098,0.007890458820185384,0.007500713072599903,0.010982950113846928,0.010780528536927002,0.008445812716085719,0.00833545088403939,0.011400626302756473,0.010142136091732522,0.007327307844203448,0.007603124591887954,0.009279335588203765,0.009425923432538582,0.007745208895752318,0.007675498440171305,0.009401715192952787,0.00866934852908489,0.0061709664436308586,0.007534444804298669,0.007336388864133525,0.007662364198601799,0.006500228184669502,0.006992228492074004,0.007796022446156272,0.007951716979338667,0.008062999020006912,0.0011305115196286594,0.006623380218629767,0.0006686769196287949,0.0051844992201903126,0.00043979313678387086,8.50886565780865,2.233760283706268,13.063666563015204,3.0819085077713253,22.61413485940985,3.2794765585532124,0.9290781488500135,0.018586712228003097,0.8911523246424983,0.025649892450658875,0.8117235671200386,0.027183690214164963,1.8117526593077011,0.2686465298489537,2.2749066998858796,0.2970832023623364,3.0591026734860027,0.28158923773031774,0.0895806517252878,0.0061891725197804155,0.08127627200747373,0.004189012675668218,0.0719380837246594,0.0030677891410928393,0.4961498243090975,0.041418093764183116,0.4408145682402923,0.031082677076414728,0.3745472481891874,0.024998663714120614,0.0001533938638382898,533.6277361575685,0.9303484220840861,5.289088651216765,0.00014023777412428784,13.545980717175398,-0.2275356077096837,0.9832739859193699,0.12486613641963243,208.447108173577,8.612957501800333,14787.74795418149,3830.3439225847706
329_Catasticta_philoscia_incertina.png,Dataset_pieridae,53693,0.01049513903675693,0.012440930562136117,0.007936565230204393,0.008957486473009618,0.007723265221020852,0.008948011882628733,0.005674972512000999,0.0057175990744144445,0.007992355722157639,0.009599581892196377,0.006289235914310593,0.006770913969515683,0.006541458350485825,0.007461311994894667,0.006104360336073851,0.006364131776122211,0.0078120124550457104,0.00924682451514739,0.006434824794712595,0.0076678221110867174,0.006723780164258432,0.008141951280721949,0.0066924297709244,0.0073834167260439605,0.007718642662746413,0.009978843688169372,0.005872645889290841,0.007363640822358432,0.00610850748825667,0.007787884435619678,0.006094408115007848,0.007362434782942083,0.022477946325560938,0.0017056703613478486,0.01994454797178303,0.0013305478252112377,0.016138810206427816,0.0011190731460000805,6.5463966299179805,1.5094594669635253,8.957034969157226,1.5355764308902964,13.19813951805022,1.9436801219974353,0.9177356356974371,0.018945866904846887,0.8875616354768034,0.01918628451397093,0.834671402618274,0.024291635486265232,1.4200933815860273,0.19446326366171787,1.7125223597044292,0.16753749940676071,2.1605967171582483,0.17978793238279886,0.14981878693612882,0.005681320845346671,0.14114484441162656,0.00476244346956021,0.12696178021058577,0.004417756465302869,0.6149750316675056,0.028585650808718752,0.5744065767719098,0.021641366930890586,0.5175541994161998,0.01968664902121274,0.0007641640353377177,410.4429005526195,0.9192626157765948,4.735279834569541,0.0003094345060629407,12.382552156125778,-0.326876205075015,0.9957129068273983,0.27854175978347845,268.93877132088505,8.355386708390139,9756.121430512969,2541.641082766394
330_Catasticta_philoscia_incertina.png,Dataset_pieridae,53072,0.008598937543617822,0.007575654567180407,0.017979474966416015,0.013913721911097517,0.009924208281724065,0.009720414040735263,0.02146913756236346,0.017157907346756006,0.007567453463034002,0.006396189170915308,0.012232540880039637,0.010856368042101118,0.008238809896796538,0.007866441402929473,0.013044039904764241,0.011503328042097239,0.0068181122106645295,0.006811154878427299,0.009703283781640693,0.008896851340277394,0.007766624388871124,0.007536543062362335,0.010076071105877802,0.0092898122280872,0.0056056254052460975,0.006430425488833678,0.007340176521386484,0.00715012052194283,0.006378134115979116,0.006472393151770144,0.008052447282551337,0.008002295838472548,0.008005123487363075,0.0012464480098643047,0.006582408731674185,0.0008265927132806552,0.005087002151843687,0.0006405125225483696,8.44742854680115,2.582842172953679,13.229564221756755,4.111453652876247,23.288223546704437,5.075533493643882,0.9259050011050088,0.02266356316617969,0.8839178768288151,0.0361784773587766,0.7954598277062029,0.04487260151317704,1.8341985190388015,0.32511639233148437,2.333776842400487,0.39501161400471857,3.1923291169476338,0.4291954708802586,0.0892071802924356,0.00687040549283402,0.08096861897758396,0.005146986743427132,0.07118094504602962,0.004502800705982872,0.48941916775867667,0.04641701916963254,0.43172482755533487,0.03897309460238519,0.3608906855800669,0.03419820117345516,0.0001582891023783151,529.2016474177558,0.9273539381606686,5.307830643657303,0.0001362409378489897,13.47370738162872,-0.2360642825138722,0.9849710304849723,0.12345896100880975,298.8420866250628,8.613188746608934,14040.623138478877,3642.456196474166
331_Catasticta_philoscia_incertina.png,Dataset_pieridae,81745,0.009726903197879064,0.009162503555256914,0.015480778987452704,0.011962255172539578,0.008928741445774801,0.007767411038113393,0.01638884568190076,0.01382081287177532,0.00812084204864592,0.0068980816919240896,0.009956150241387405,0.008301184251726204,0.00797346301201036,0.0064112642778047435,0.010345941100016385,0.00883681989583331,0.007326912020937228,0.006686652089930465,0.008043554889842437,0.006732010421865408,0.007277245971525679,0.006224999674802972,0.008676429711750127,0.007817032061785653,0.0062192082724166165,0.006984123974163297,0.006119756337216016,0.005577028655849808,0.005798094490105113,0.005449903250461057,0.007219914451481018,0.007501913679709581,0.008559510246697233,0.0011930192928710631,0.0069515779333194656,0.0007416722911844392,0.005287022552593909,0.0004550101197233525,6.620712486238661,1.767811653171836,10.074664571623616,2.168006857398672,17.644677731554363,2.390445449452919,0.9221921741195047,0.020808387232541962,0.8815002079643335,0.02554334311299704,0.7919354050949237,0.028197967113600963,1.6957811818198005,0.2581451848166111,2.131426281230376,0.25386075242390443,2.888611562132072,0.24574389995111626,0.09229263233621532,0.006448275982727233,0.08325728601527,0.004449972886546135,0.0726445047697196,0.003130252283138487,0.4877143063079096,0.04237446143483013,0.4280286394954622,0.030473958080792632,0.35563739087982515,0.022468706902374052,0.00015684004495729849,413.02442732440096,0.9239624452644317,5.219178736643803,0.00013684253607705677,13.40291680046942,-0.21742771660049232,0.9793032459012306,0.11293837701760909,225.36318873020565,8.49067474588501,10451.89984388764,2716.2310678029994
332_Catasticta_philoscia_incertina.png,Dataset_pieridae,125648,0.016340761474453992,0.014941925555206481,0.009861414386792848,0.010069029632920421,0.014298201066044331,0.013294465435254097,0.009247945079806336,0.009788337422708357,0.010436570152659875,0.009749195498819698,0.008100390820524436,0.007417141039484335,0.009702887664943509,0.008709363367448032,0.008233075618284538,0.008073472367144187,0.008990557512831395,0.008894376552516913,0.007317884581540456,0.007157127026508598,0.00809564129964798,0.007730507751739174,0.007403945779044846,0.007271220984465333,0.007664820403216358,0.008722407847241688,0.0058880079922406,0.006090544957700378,0.0062444924523552305,0.006459662427738289,0.0059623557557716795,0.006362745616952556,0.00980927596085985,0.0012356350383288077,0.008098974402090675,0.0007771918571544251,0.006328765195090007,0.0004964417989516064,7.318970583421846,2.0162799293907128,11.212459832495261,2.6304063409400107,19.548930618261856,2.8438379522927537,0.9348701759032744,0.017938780634027377,0.9002470231869483,0.023381728485361623,0.8261054602324551,0.025250624441485674,1.654803897288088,0.256741420874441,2.0813217935622643,0.2566763059280622,2.8174735391341494,0.2486697410261603,0.09884504667206734,0.0062396081012096255,0.08989092290987831,0.004312352084534575,0.07949239957197672,0.0031182696129749003,0.5255130476730336,0.03774036410179486,0.4709477372195068,0.027635256419691855,0.4040324061502377,0.020772824078994074,0.00018881339783195962,458.6484508201098,0.9361009810825447,5.157752035931205,0.00016077918550224928,13.343762120260044,-0.23459931861723554,0.9842857641843773,0.14499303823292395,238.90468674867003,8.531677974559745,13896.535856956423,3588.796076944134
333_Catasticta_philoscia_incertina.png,Dataset_pieridae,90312,0.019790137415028577,0.01914905923997834,0.015484326386099697,0.013657894645942968,0.018776375268358948,0.016710913568900927,0.016153423108312605,0.015630021165744204,0.01370688989771188,0.014236639826143586,0.009993940933107678,0.008806582756228712,0.01184771753790307,0.010506566724564381,0.011181421850880958,0.010973377765573259,0.011689232402827605,0.01116406724341284,0.009655104280238429,0.007713256520705766,0.010610821060060938,0.008585590614031783,0.010806311125806321,0.009697521922894874,0.01117272284636294,0.011102296890359128,0.009160225674662584,0.00820351751252967,0.009528402433488872,0.008565107271068479,0.010323513862111703,0.01016556701167566,0.0056418079735595225,0.0006470937733941222,0.004699830786975266,0.00030761231166724504,0.0036823148041951145,6.63712032257058e-05,13.955297921881597,3.0614634631068314,19.751735152301038,3.142228981897421,32.73265066339253,2.3165972162139803,0.868503890081894,0.028827766798757332,0.8139229045775676,0.029631108341808633,0.6916334883160491,0.021891276098866073,2.46986332539009,0.30526135426916373,2.994363339730613,0.24407826387977788,3.9550451555299793,0.13282822511579517,0.07498784064062575,0.004316448727326627,0.06851865428236137,0.0022416070818738914,0.06067962318787901,0.0005460164577465202,0.40014222979227015,0.03190564875414939,0.352264546874479,0.016327104526346135,0.29552328305537706,0.003085209616088066,9.854601290267096e-05,881.9026056276862,0.8699204582982628,5.7498764358801315,9.208045606823316e-05,13.96136502357465,-0.16588376227960208,0.9572885523495973,0.08219128626792097,220.35543321339983,8.560338260915028,12677.207924323622,3389.7776324878264
334_Catasticta_philoscia_incertina.png,Dataset_pieridae,106464,0.00934097900802192,0.008662374587678254,0.015714531864641137,0.013961196102090562,0.009659343816909045,0.009036536286392883,0.01990154127257597,0.017622512363084673,0.00913124409864971,0.008875622188081897,0.011273678726056448,0.011101060715849874,0.008567907149522712,0.007441046298507454,0.012092072685937651,0.011163971279097724,0.008686220905653474,0.010125585090242504,0.009829854431018819,0.010470786136176241,0.00816017190924871,0.007881619371239811,0.01043826156122586,0.010287793275787147,0.007591465457514621,0.01073643183893991,0.007764986647000939,0.008742636846679419,0.006782848314056734,0.007004176930634317,0.008878951193507297,0.010084147455129519,0.007389603515117147,0.0011169008039568413,0.00602642857164108,0.0006465889963243041,0.004620390293861642,0.00045803213881055147,10.160153578152578,2.64429982731772,14.899639946652991,3.0667236260130224,24.240446594313756,3.697255808361952,0.9011260010489364,0.025729413944957896,0.8550054344580637,0.029833661434315126,0.7641669891971957,0.03592496471559758,1.9555718846085064,0.29793087512343946,2.428738406847655,0.29348661650684715,3.2209769135441007,0.31878743312132013,0.08572338320029482,0.00641132496544642,0.07751487839890842,0.004227552299324143,0.06788963779674315,0.0033745182898698954,0.4724639283372165,0.044275123253872777,0.415076919824143,0.031185127664601433,0.345980237257612,0.026048360949106727,0.00013131064448314577,639.7429263422089,0.902567750591537,5.3911995233960806,0.00012765228642107367,13.672982482515348,-0.2064400841246971,0.9765501929166327,0.10711228719144854,203.45192286233652,8.578471890433827,12492.18318672619,3282.9815282671007
335_Catasticta_philothea.png,Dataset_pieridae,101558,0.01294868462531578,0.010416608856617916,0.011667747035960789,0.009648761342634229,0.011905884876215128,0.010078862087797054,0.010346812270716594,0.00858996072662842,0.012659613218699663,0.008666861125691733,0.012811836156333993,0.009426610140248922,0.012146296364579786,0.0087757601379211,0.012339075285958708,0.009567516166075164,0.013429477249423893,0.010138531629997267,0.014447339442506847,0.011907512378081821,0.012940560421678692,0.009915554289101349,0.013244154511254016,0.010605136512508844,0.012004622047089434,0.010425238040613466,0.013040834178833992,0.011887432252958267,0.011449426032023783,0.009376361757838824,0.011850693145855387,0.01067090252527304,0.00907887741331961,0.0008811226998691894,0.00774972960927629,0.0004748953089495727,0.006643244016725516,0.00015530684490124355,14.233796662558653,2.8129270994967626,19.47408443264307,2.565817329056237,24.999740817549657,0.6786438920314419,0.7498360092256544,0.0494337842468375,0.657762391907391,0.04511567249317536,0.560939942648819,0.012309411181531248,2.581719571908544,0.2753428012333586,3.0634269259410782,0.21515367279807301,3.5505252733992827,0.06865843148337447,0.09517081652769466,0.004625266994616451,0.08799084955689007,0.0027092440888608097,0.08150049739143587,0.0009554798135342657,0.37619060541973426,0.02868403423280851,0.33171372064260696,0.017002541095455025,0.29137615278160733,0.006951496925451437,0.00015359266904830138,900.950139451772,0.7520083986689123,5.821628643985067,8.233238599971506e-05,13.59920186216993,-0.11665939993316629,0.8990854635541676,0.07169469400041087,219.45176832312475,8.134323578606747,6364.99813602247,1816.487068868565
336_Catasticta_philothea.png,Dataset_pieridae,118317,0.011759824419489296,0.010194794154346574,0.008551823376470567,0.007002054485090843,0.009060000536848656,0.007766063952581481,0.007854534658350946,0.006167078510270724,0.009041443928593424,0.007020975677511221,0.006693131685144925,0.005464373716936606,0.0075324608297835955,0.0057556079198355856,0.0060044697508965005,0.004485503040654369,0.008028960777690925,0.006709469038726843,0.005335785344049128,0.004594727865759743,0.006064336906485428,0.004949446343844655,0.004746032977266178,0.003826544378998326,0.0062846511080096425,0.006190213626079113,0.003972408072185733,0.0036245537170907327,0.004298815517350226,0.003803622787140987,0.0034879748131560924,0.003148683670549278,0.022131562425422587,0.0031001218980809425,0.01803479535934875,0.001578146697732536,0.01384598827032645,0.0005255574531378077,3.657778948917252,1.0601861283252636,5.6682785013669585,1.4084438783740414,10.044607059688245,1.0461244654612956,0.9054255363721005,0.027414404323007135,0.8534287918184361,0.03651466619453806,0.7402695130502508,0.027281775169027835,1.2736546415799461,0.2124672129908401,1.617752606437663,0.19652617140362272,2.196649184265209,0.11102926536089844,0.14841294377860362,0.010254781537977018,0.13416115199959922,0.005964952094458998,0.11764784819745781,0.002229817219946862,0.5541168500054783,0.04573002268531361,0.4899295678272002,0.02842707504332336,0.4103068887881767,0.01109647288254585,0.0004058994978338788,223.8504052922476,0.9091866127003292,4.817983642656777,0.00018835832379640098,12.37654814127771,-0.2067539772417304,0.9678064078885975,0.13759786183574377,150.48930058576974,7.871191074928017,4706.214933755835,1232.5163347620205
337_Catasticta_philothea.png,Dataset_pieridae,115904,0.008723909693179389,0.00633484650853914,0.01527791536923166,0.01264011643574468,0.01233273515712277,0.012208526295208189,0.022193678923476897,0.018577433274284818,0.009618778192666898,0.007715499342469958,0.013412979995086114,0.01143343012633077,0.011953681064289618,0.0108322582729475,0.01590040692460504,0.014278889238409908,0.007233503346260858,0.005939318823985129,0.009823990646318743,0.008394639038799319,0.009255138046994417,0.00815005398111938,0.010645063172626019,0.00937144854260104,0.004897641301841588,0.004314334171259412,0.006309300850670244,0.005384328992331292,0.00604677005388326,0.005199913339632376,0.00675592664213518,0.005936990620787645,0.007502116763538312,0.0010409507347614066,0.0060205831170845915,0.000718327826832363,0.004572319992025887,0.0003746478399349257,8.51275878936194,2.6653561561243393,14.252210860023743,5.053775460165027,26.58993670604429,5.815008332316676,0.9168379730317794,0.026038524613301604,0.8606753471098222,0.049529846630060506,0.7396375487353164,0.05726540449729758,1.8985028412899045,0.3172067167511133,2.469136896518281,0.4172185740662707,3.41462771404243,0.38239624482991813,0.08641061344846299,0.005943285875558956,0.0774514663063602,0.004674771018920928,0.06756171166909233,0.0027812062793544116,0.4663961416925985,0.04086935787678724,0.40376544458507985,0.0338050032402164,0.3325055197236675,0.019778162983783147,0.00013217060416106311,534.3755112061582,0.9183051448338313,5.368732207451316,0.00012361021312053992,13.703958327219533,-0.2068432346036913,0.9766800171529401,0.10361271558129109,224.5723374219837,8.60494508010956,12548.025475109585,3270.6002465789425
338_Catasticta_prioneris_albescens.png,Dataset_pieridae,114420,0.00521566532742282,0.006555652729155593,0.004967018777040939,0.007761981012198064,0.005003581302843311,0.00724896766136864,0.005329012572608397,0.009208367772441528,0.003569277540144063,0.005097484549525238,0.0035307709994607506,0.0059650802285229655,0.003591134761663946,0.005690230906742462,0.0036429787612622445,0.005647159830157,0.002925772233468335,0.004494721477798611,0.002942968140349682,0.004887848119443126,0.0030189180879917218,0.004858808891612325,0.0031403022180854705,0.005023776518967243,0.002285183936368063,0.003753416246075415,0.002192803229715465,0.003613964288238498,0.002223446633632056,0.003630097305410432,0.002418789954437431,0.003926462355219457,0.23623162690648236,0.004191074820188298,0.22908641517474343,0.0031245748253907624,0.21842607485899201,0.0007768711876587814,1.7649369877919494,0.44508000681477233,2.8034697329147957,0.5970117722684748,5.016512473147591,0.18878834685816656,0.9790822903542391,0.005263117361274435,0.9668191364119847,0.0070385065223698045,0.9408002773242702,0.0021846886652015537,0.5556417569887291,0.07913349290867591,0.7115722800422356,0.07726480216211397,0.9725132129011892,0.018073042140274075,0.4860175369563059,0.004310530989129799,0.4786185832509591,0.0032660284120292933,0.4673600155331986,0.0008311075744715209,0.8079838356791407,0.018559391732559178,0.776765329180098,0.013561420165462931,0.7345803204564646,0.005601250282806176,0.09968163123789432,108.2101353819433,0.9804306271133563,3.4071772006067866,0.0010840405333388653,8.510162777377447,-0.3907972984438556,0.991576772116304,0.5125789957705694,79.1528047639444,6.087958856431191,10949.058731057936,2764.31721660997
339_Catasticta_prioneris_albescens.png,Dataset_pieridae,76617,0.008770140090868067,0.01101437738851706,0.007160887381053882,0.009372787323458651,0.008104581185586308,0.011709215336776187,0.007560776520627706,0.01155912055902459,0.0056881969079368355,0.007034003553314004,0.005146869402768352,0.006879983298366632,0.005386136558990343,0.007620854757279255,0.005232504255828526,0.00664530165032903,0.005107574810069786,0.0063930805308036005,0.00467300482039613,0.005907879679870511,0.0047106936335347075,0.006175370104042796,0.004782111378858262,0.005682093494662794,0.0045177258559183624,0.006322055400477037,0.0037973270620200684,0.004963751927467567,0.003817242734519599,0.004992032215488749,0.004083805630264161,0.005338269888204605,0.05295874025350905,0.0034115092297839424,0.04874094329384184,0.0013198127154949405,0.04395273456107502,0.0008916831822461589,3.700480892948079,0.901054486510336,5.61640330689678,1.0406523963572067,9.811804681531843,0.4763835222504186,0.9778065447971773,0.0053919153503512035,0.9663572278870418,0.006212634387726902,0.9413409493688518,0.002847381362155755,0.9943107699140024,0.13806748780194367,1.2406701505797897,0.11580626647741013,1.650057436601898,0.05124229547601764,0.23000934926212907,0.007378313189407253,0.22075300875889237,0.003008723606155197,0.20963840988770482,0.002114630187453022,0.685242886550717,0.028108069234793448,0.6436856495910451,0.015590314970632853,0.591202009775031,0.008206964568381742,0.0029057790558987633,228.55233715461281,0.9786164096618419,4.340359183597019,0.0003858709857851421,11.614076712664339,-0.3521378937739522,0.9962107126721133,0.3163411828354432,175.29009946420916,8.000495842961477,21144.714317284717,5343.316663609834
340_Catasticta_prioneris_albescens.png,Dataset_pieridae,75460,0.009573107423174233,0.011758333433762586,0.009766034913287426,0.012677558629218972,0.009916033487583563,0.012328476577497943,0.010725299945800577,0.014412979010429447,0.00619591270070969,0.007413598976600298,0.006338989765235571,0.008481627972957045,0.006249377024480595,0.008176187424400877,0.007395726850273065,0.010772247003216587,0.005724155059720211,0.006784839742114961,0.005767349458505527,0.007429977640058196,0.005683662912769289,0.007259248606930177,0.006495871308653305,0.008110972512190246,0.005570815451795821,0.007678622438402718,0.005026026103544603,0.006672637885630798,0.004938245639303079,0.006553867336122714,0.00583195408053889,0.0076948773715697525,0.022564701146918345,0.002066997697433122,0.019538804391322127,0.000985025943764826,0.01643883850581903,0.00027881434150954526,5.930528209876231,1.339204592383821,8.739579573795087,1.5712952835694658,15.123946238820164,0.703421829435904,0.9729853797391574,0.0060818251455871655,0.9602570601786339,0.007104256883478793,0.9314690111043094,0.003155158349867936,1.258642945863684,0.1593276495944479,1.545906156592984,0.12961380492706293,2.040306599422597,0.022879147840706708,0.1500575331320418,0.006887517495042914,0.1397366631524004,0.0035311984303787506,0.12820941108763043,0.0010887673681779142,0.6373366519137593,0.028936213044084176,0.592340114297419,0.016799425581307585,0.5337564426533825,0.007417141787133355,0.0006842962364241845,370.77734925289275,0.9735892034498123,4.654632217980684,0.0002696463580796365,12.393922542892453,-0.3196342188823192,0.9952316273341286,0.24652731677897058,222.7359435600638,8.34420426001017,27702.168581422346,7018.236482668812
341_Catasticta_prioneris_albescens.png,Dataset_pieridae,106957,0.006306193322868752,0.0067862948556530215,0.011080254027327546,0.012103727723388911,0.007465261373630828,0.00746461260423875,0.015886405677840575,0.01514694506211233,0.005487931082094135,0.005445863701855023,0.007698852814144136,0.00787634003161456,0.005789218126070469,0.00545397837435163,0.00874974726740803,0.00849938408785059,0.004856242526893377,0.005427434795368393,0.006043865209747137,0.005987117842396209,0.005110126159678598,0.0050877574334445685,0.006941229296307505,0.006363942992163091,0.0038327578956450893,0.004859965499297429,0.004384690421547477,0.0044749790608139255,0.003974500450030276,0.004071345096610847,0.005379419080329789,0.005262353487607257,0.013228855628530628,0.0023422731305624955,0.010757572644597441,0.0013115882370386173,0.008324465510697926,0.0009778455009886115,4.196996734357651,1.216410500545902,6.715485692425184,2.056746969962687,12.656312304727265,2.659148861596063,0.9614934766747903,0.011154049334700676,0.9384177210333935,0.01885471126841311,0.884051528545676,0.024395773644283223,1.2544464814109135,0.22159074108426882,1.6070937279198831,0.26246527541657344,2.239051465029723,0.28385016547352465,0.11459150662369162,0.009881408717539649,0.10351376385693481,0.0065171571078331825,0.0910823614474817,0.005335629658083828,0.5843913743420743,0.048870579643356185,0.5245286975740115,0.039208469891903755,0.447109685634151,0.03467615705187317,0.0002524561183631981,258.65511574281675,0.9628914578233811,4.7702837154963325,0.00021198524186958977,12.93727214034392,-0.27612438670627176,0.991070729156802,0.16691029370135052,178.8705508865555,8.484824342587556,13680.910477240694,3484.891398245882
342_Catasticta_prioneris_albescens.png,Dataset_pieridae,140845,0.005462791945694481,0.005569689270012003,0.008683299970883549,0.010050895881186796,0.007546201142668667,0.008172625460301694,0.012363988064384402,0.012088371712297267,0.005258189215166622,0.005955794450555322,0.006338972591607655,0.007610284751760088,0.005842311288189674,0.006866700174461371,0.007531498084158035,0.008674321226476545,0.0048690837097579934,0.006408913310881594,0.005401825094164577,0.006736051340871126,0.005157116856748141,0.006355997470662019,0.006681106772978693,0.008510854306977693,0.004138116116781616,0.0061802011923373125,0.004272603333849188,0.0055431584934546125,0.0041082500059055884,0.005181742246333376,0.00579358650898251,0.00821150225140603,0.016420577592212087,0.002279510088907563,0.013614157719321517,0.001343393536103039,0.010498945255219275,0.0009742551989290471,4.519360308301992,1.2098190847464607,6.661389401498653,1.514419041728066,11.032689747257772,1.814398546718375,0.9513576164883533,0.013023302408825415,0.9282637424677118,0.016352547201332814,0.8810510479107966,0.01965333869321886,1.1328532990306242,0.18272799326623046,1.418919867711768,0.18543628732708559,1.911176562309017,0.1969303157845653,0.12784678049671155,0.008705073741085735,0.11652897403149498,0.0059292436691946,0.10235430187335494,0.004747856699333596,0.6405026538163343,0.03829498683263178,0.5875680103492231,0.030084311713866354,0.5135443139379932,0.026678121600022146,0.0003612523504402883,279.28580161783805,0.9529336570937799,4.561015782174643,0.0002680891654930949,12.668639514326598,-0.3050800814869941,0.9942174440031396,0.21921249462458767,222.41537731786727,8.453510326119556,11588.778457846685,2967.0160648661276
343_Catasticta_prioneris_albescens.png,Dataset_pieridae,57081,0.006993575908011739,0.007027652586037704,0.012746302562743074,0.013282652883795876,0.0110364947409448,0.009903000153030703,0.021387699896017322,0.015715350392294353,0.006741646660092884,0.0053679365313814825,0.009639468549857741,0.010044232914745902,0.008234623615310875,0.006872790544448256,0.013355250804898319,0.011690645836230626,0.007393807085198466,0.006018934877401355,0.009205675782804243,0.008738157038181493,0.008174525447669855,0.006652445093471627,0.012118876388738504,0.010017225081662357,0.0067266826335722835,0.0063512095918075336,0.007776189339209561,0.007385453094260751,0.007224935029134822,0.006174773869765384,0.011403547420049294,0.01023177708948207,0.008351296883737272,0.0014241393552262547,0.0070455368740986925,0.0006770605644931334,0.005875079360502559,0.0006236315762662373,8.907799383052076,2.5837370339143284,12.920357167418647,3.5785730591301013,21.059972219338672,4.363764117871869,0.9208929717565424,0.022970243502311017,0.8851444147938445,0.03186807506526248,0.8125350886411191,0.03883484722117219,1.9624189107986036,0.335392766157591,2.3883260623953655,0.3341406020641462,3.0682465168319366,0.3657837639022793,0.09107588219266449,0.007515355385154422,0.08383570967476839,0.004136503043228381,0.07654272668586817,0.004036130819862413,0.4555509855804655,0.048943966062678534,0.4059242916553346,0.028869018825877713,0.35321156392698133,0.027388448895138168,0.00019181848698211908,559.540340304377,0.9222021308892336,5.4241956371779505,0.00011656517948082992,13.440973730396486,-0.21630797771029786,0.9787949188703848,0.11187222495098936,255.26782715332737,8.486050307261825,13826.477959815249,3596.504575029913
344_Catasticta_reducta_reducta.png,Dataset_pieridae,105168,0.0073614277116289435,0.00897949149462765,0.00709530930916517,0.009651473357625532,0.007112342956639226,0.009637433024447072,0.006466255288799503,0.008073442857001865,0.004313376500133293,0.005454408326023079,0.0036152955344849135,0.004795504647173536,0.0034521998623620823,0.0046900781143832514,0.003284740352864744,0.0040635153317463354,0.0035175223244066347,0.004643958585150129,0.002596078965976987,0.0033648080601473237,0.0024708997251056413,0.003156591300142048,0.0024071699751764563,0.0029996214982202637,0.002920294137276344,0.004164699801671753,0.00193951782221,0.002495343329302152,0.0018842405148950438,0.002409512284054364,0.002023116262345615,0.0026466887341842745,0.04865817646384295,0.003766842343326385,0.04293732286363402,0.0021062117894027673,0.03533739225650895,0.0005541021758513409,1.7153532976287464,0.4946885323138532,2.8846036849807533,0.7418747274573978,6.20511638470213,0.4054930192574781,0.9879673090783163,0.003464993137985073,0.9797825631257342,0.00519969774808121,0.9565929058412592,0.0028709545318195556,0.6416217705686645,0.10788542512858156,0.8453111982590431,0.10736208863277841,1.2539234794205993,0.04326791696769594,0.22042082373560593,0.008534455317118415,0.20715052145194895,0.005097482302043677,0.187976680358242,0.001469659145607807,0.764929585709027,0.027457820063452296,0.7219668986606443,0.018684137359541456,0.6564869589910848,0.008686431444506034,0.002307357203850422,101.70417518669295,0.9888255297432043,3.6981324400810336,0.0005814877597432324,10.817134962204703,-0.42910804808616165,0.9984902425347929,0.40940231571319113,186.01733028681028,7.845247694708359,18099.04090973788,4550.186271231144
345_Catasticta_reducta_reducta.png,Dataset_pieridae,166655,0.00943343410018474,0.012039874892655093,0.005568106315666459,0.005607810486408043,0.010535149353882669,0.01163252633556451,0.007418862177632945,0.008901194956439224,0.0055503431028794984,0.006554944059149628,0.00439918473732429,0.004601468461846037,0.005597362315612756,0.006434094375589374,0.005191494888920804,0.005855053445997914,0.004319249670692794,0.005238015368940685,0.0035759966504074945,0.004004618022121089,0.004129818139227792,0.0049921347112624114,0.004131837414808848,0.004560955998244978,0.0034131711531803144,0.004363583502379021,0.002720962606850166,0.0031297046816517794,0.0029746797977584006,0.0036857984143399652,0.003154577285526399,0.0035021731345823144,0.01904809616222519,0.001887166091804045,0.016132300259379232,0.0013606054729334302,0.012611640273127203,0.0006874060802781722,2.6368158648314153,0.8033658081882877,4.328463926245285,1.1039639715031664,8.562749528111347,1.2258869630254732,0.9654867302721226,0.010516271733031511,0.9433321946976471,0.014464957951616739,0.8878034191139248,0.01606248856405894,0.8976594143931637,0.15117148982339768,1.1735238475772318,0.15745311867507947,1.7011333779996545,0.14031171741459353,0.1378415619564471,0.006913751487589486,0.1269027251064106,0.005291372217677918,0.11226019881674354,0.0030476277253657295,0.6834989283553266,0.03340540066463894,0.6296826319848055,0.027373795532043037,0.5529436017876541,0.018944899884747356,0.0006505623886665702,160.17676700548444,0.9671761356635691,4.270657023034761,0.00037357099251334537,12.155671822244717,-0.34219538477772443,0.9963310515151661,0.29973563552633775,214.68841122887187,8.30781807967298,9599.684123745275,2439.965222687689
346_Catasticta_reducta_reducta.png,Dataset_pieridae,65470,0.006142991346944409,0.005497187172202429,0.012440231044299734,0.01054300864761945,0.007501106834729581,0.007203883659850972,0.01827701659530441,0.017111915676947923,0.006678447175566821,0.005880157405359503,0.008886678649476083,0.007916004736242608,0.007190322727394754,0.006407140832267056,0.011492896684327665,0.01064801111841013,0.006723281337329117,0.00655858907616081,0.008015553613075878,0.007543773864664,0.007132306881917198,0.006792093947425566,0.009715864721638913,0.00897828151255042,0.005695993379265194,0.006400324062356054,0.006463977907375504,0.006625064314998258,0.006009959630732787,0.006242473816226487,0.008362095079878935,0.008817303372684887,0.014677756561463235,0.0023094391841688056,0.01220314084959339,0.0014059069932883914,0.009723807083375668,0.0011987915282264865,6.648493128230023,1.8439577957401818,9.720433819835435,2.6313920714263928,15.726393686148006,3.515849548672484,0.9103872160197519,0.024965290386688172,0.8684273949109514,0.03616439709037923,0.7850970336221561,0.04902495721082816,1.6062325017214856,0.26432773448449937,1.9770108664980897,0.28410625583778143,2.57576871355099,0.34396329834727346,0.12079283905071847,0.00931915208216159,0.11027647070465484,0.006499296771097262,0.09842162298934323,0.006082040078728013,0.5195125625003206,0.04688453002572452,0.46446092022035323,0.03543558017982188,0.39809131187928387,0.035607018514099475,0.00029285590088222517,415.03966626548265,0.9124056797846669,5.128285284252447,0.00016120149902346443,12.950095787781008,-0.21519000959027215,0.9755814301770225,0.1326354572630911,147.57448721630095,8.20892354094381,9065.45364597188,2370.1233280593424
347_Catasticta_seitzi_seitzi.png,Dataset_pieridae,119281,0.013917656686413917,0.013721534066438326,0.01203914292749814,0.01057022364119269,0.008783582987787315,0.007626782780176272,0.009254919985221429,0.008947978531072442,0.008305592661563265,0.008401325265351775,0.007871095409026741,0.007382174392707086,0.006830781713203778,0.006016579911178618,0.007873642105227811,0.007232790560836249,0.007266481016838092,0.00779861178245607,0.006620095298564645,0.006913643868018487,0.00643631865502078,0.00678962973869436,0.007668903010488388,0.007897796644636008,0.0066649292475521585,0.008651891343438321,0.005520601558434938,0.006658427041283289,0.005403110293298157,0.006434150778200885,0.006781349476802599,0.008186911008943342,0.022417004002097562,0.0025683388042580767,0.018650820501700797,0.0012725395372747779,0.014824941922693619,0.0005498707003071647,6.866184910190828,1.6076251385662963,9.867699118242633,1.646456510680343,16.64915774741202,2.065810774685167,0.9245395777009324,0.017635657664470936,0.89163308415703,0.018047907401909966,0.8174535629402321,0.022602276518755245,1.5778007799191758,0.21477266447080381,1.9373959959087137,0.17237299081983565,2.5642232253079613,0.17050678697113725,0.1494759965260638,0.008598282656305644,0.1364886245780234,0.004655734367442343,0.12173676457086618,0.0022587772159115846,0.5453103574536682,0.03514900790372536,0.49227941744951265,0.020084133794176513,0.42525669137785066,0.012820833861729074,0.00043121919980009004,429.6036918532479,0.9261194820238746,5.0739277525978235,0.00017692970056434334,12.727508866157322,-0.22752267657527722,0.9794994913806234,0.1540047695926447,133.02220974793607,8.162610797581491,11198.876570738703,2907.1200656479837
348_Catasticta_seitzi_seitzi.png,Dataset_pieridae,82995,0.008048470981029836,0.00677642126543201,0.013292541372542417,0.01199139965763496,0.011237229324222754,0.009941585404571547,0.0240511078420895,0.018698115654342398,0.008054188795605937,0.00651701072017458,0.010188576516540883,0.009264112352799909,0.00908430768066919,0.007769368185650944,0.013494388672573021,0.011823636117242176,0.008177223629607008,0.007451981315393454,0.009227378109881928,0.008344230529185885,0.008995897984830555,0.00813497367811151,0.011802038105648316,0.010360430688291981,0.007713812638916705,0.00814362980638503,0.007774694932641518,0.007427828922996269,0.007712521439896012,0.0074945794877436436,0.01047573609900169,0.010367246439691176,0.006319933429113555,0.001012566709087764,0.005270159328519146,0.0005601628551360069,0.004195760925229463,0.0005029853927236176,10.195152336030624,2.7141760631813168,14.817986985690887,4.001282902985166,24.619246966139926,5.348580632867356,0.9091119080393947,0.024210570080715605,0.8678414876184333,0.0357326004256328,0.7801786045919008,0.047826745946928366,2.0482460433818135,0.3204866862451456,2.498226004427523,0.3512994694765046,3.2815240466111812,0.4275653626278351,0.07925606115029397,0.0061975963126373775,0.07248735047417537,0.00396778902579424,0.06465897073363171,0.0038701975268480926,0.4505994510350321,0.046216812194918584,0.40003620154254566,0.03207842535871881,0.33948147206539203,0.03208089248686143,0.0001135827274676473,642.0792960225795,0.9104622247162005,5.476939050169356,0.00011542769314083747,13.77014531635712,-0.20378279960035872,0.9760137953442205,0.10071420205753016,222.03789927046307,8.627547711836183,13700.644785963852,3585.6810204966064
349_Catasticta_semiramis_belmira.png,Dataset_pieridae,95853,0.008036769894865393,0.007544247489898618,0.00827955298820644,0.008351279177397586,0.007601153320744648,0.009011109402604382,0.007053854628055536,0.007652220416377739,0.006696773793771542,0.0061969308061382644,0.006996335335954944,0.006501282277618101,0.006996030569164439,0.007175631461061724,0.007504986379347392,0.007084931595822313,0.006597027969346925,0.007166771573382317,0.007056709382108634,0.0071877414933273496,0.007386456984944387,0.008088604980967069,0.008556699460137351,0.008566083298391106,0.006643695468781212,0.008973519930582749,0.006869248997226052,0.008310668274836423,0.007141552299472777,0.008900327152709518,0.008921768304914068,0.010435768145148412,0.01573275747263051,0.001356741762244695,0.013874361438193357,0.0005626679531767997,0.012043932621222218,0.0003917977661202984,7.903278429699602,1.1062155631485935,9.753568218197135,0.8039316680689326,13.128299094658797,0.3396008044398412,0.9519434223640098,0.006705284585694791,0.9407430299669772,0.004847421672114807,0.9203977929978915,0.0021073407281285545,1.5817608285403593,0.15426548704592816,1.8200717917894127,0.08954403476983541,2.165931665722777,0.058130686765900434,0.12531367415236308,0.00540745254864786,0.11776532672288767,0.002385216980670389,0.10973034667065931,0.0017842759761712145,0.5675206214438002,0.028375916572611255,0.5263164618451771,0.014838814715463612,0.4780653040032653,0.01293930997595044,0.0005050137329666008,495.2621112287123,0.9528636643573914,5.0372387421198095,0.00019407609063055038,12.701922989743291,-0.28245133366352554,0.9919462157473917,0.20017737867498742,220.40354810992608,8.3453379531603,20517.341201253148,5253.150828120469
350_Catasticta_semiramis_belmira.png,Dataset_pieridae,136719,0.019458851583269363,0.020151603845336732,0.010828259224420638,0.009403667139812008,0.01835357994463036,0.015748228201463686,0.012342969156173689,0.011446342569157103,0.013002354303069917,0.01087713217589889,0.01015875655235889,0.007910449722615193,0.012875085028650639,0.011049130340325937,0.010534456755522108,0.009000611636230322,0.010306801911826738,0.00846697714765208,0.009405471635448541,0.0077830517727616785,0.010517381886199618,0.009054238627801737,0.009448764921863164,0.008432694486669156,0.008051587429267046,0.007348419243533916,0.007568416943990972,0.006757897881206744,0.008090763585983705,0.007297573145187006,0.007736335419410336,0.007715280793534005,0.005969012652028815,0.000764297817327696,0.0048709196352783755,0.00047628395003423854,0.0038430401247690088,0.0002650233921793702,9.6040761604466,2.517871075103739,14.925188155192778,3.423361995897073,25.847769164745554,3.5088457520891114,0.9126711723621413,0.022878700765587984,0.8642548883713954,0.03117883465616946,0.7647727926539345,0.031984176313594195,2.0792201385772544,0.29883934411202884,2.615597921148608,0.31302174827105694,3.490829993650886,0.27988857960428964,0.07709898270261474,0.004975893713769189,0.06970940847784475,0.0033938186379593675,0.06195545229214726,0.002135897011672991,0.43744613215847217,0.037231223332562575,0.3824869829422711,0.02558617774070001,0.32195103540226194,0.016891350937738296,0.00010370301876351894,604.5678748137768,0.9140147144673431,5.50843597635186,0.00010834741462382777,13.890860330121853,-0.1915933228141951,0.971431761767164,0.09508937511084092,265.2403552393997,8.651651470223683,13456.894915219527,3515.3656975083304
351_Catasticta_semiramis_belmira.png,Dataset_pieridae,108138,0.008148228323045258,0.006462507832084017,0.017275292281032646,0.014810246937487791,0.009062962246962486,0.007412564481240767,0.01844883872234162,0.01599325299582018,0.007071070910663562,0.005117300394820394,0.010324423558611346,0.008777423997565006,0.008444470317887375,0.006368052099918675,0.011816836267075704,0.009472617120015856,0.0057487395935057,0.004534751765915339,0.007698947223869056,0.006225318100252518,0.007382137776443287,0.005699285528904931,0.009480092956755927,0.007550020026897383,0.004275330004037085,0.003895759680996177,0.005431464588271696,0.004438262877112677,0.005350996094810545,0.004345955638412694,0.0071174976579884055,0.006192569412993524,0.008088362071193986,0.001311924450983074,0.0064433625763228915,0.0008058809204248002,0.004807947041081654,0.0004973889932095902,5.717188521882942,1.8003967081660903,9.251251156203368,2.9257281542890405,17.262873303912407,3.55659421325209,0.9229322421554664,0.024262955919694382,0.8753174363975866,0.039419344540505635,0.7673142592256318,0.04794794897966821,1.6293492261790892,0.28733209745780913,2.096491988847031,0.33276163280030857,2.912268785660036,0.338300511166368,0.0896499327243442,0.007159024634302121,0.080108444446743,0.005098990551666126,0.06924595278718691,0.0035979249125481848,0.48647148133780826,0.04794185961122832,0.42170514753413346,0.03571519770132401,0.3442971524571025,0.02592541467744837,0.00013996208639650251,355.42437422491696,0.9249402329473561,5.158147609526895,0.0001567127365719564,13.320477057521739,-0.21138491093687817,0.976046939324958,0.10583925151811993,187.22534738561697,8.426823442607667,9114.894320995789,2367.579673805175
352_Catasticta_sisamnus_sisamnus.png,Dataset_pieridae,56010,0.006219026838327874,0.008081050282101031,0.008673333514437317,0.010637458200223217,0.009692263234060965,0.014303468025821902,0.014591348445989132,0.016024541530871468,0.005223898432697201,0.006220760319231208,0.006575692531479984,0.009036968665820577,0.007526821172497042,0.0125234265711531,0.010018225322083482,0.012531487703684686,0.005138740944455047,0.006405693236134929,0.006072331129824704,0.008507672031685117,0.006405522171976891,0.009461568662905305,0.007923767366535371,0.009686695195672095,0.0050362223179080765,0.006958211675995882,0.005366787176116315,0.0075781135012278214,0.005460693710230916,0.007839752806630332,0.006623113304758568,0.008402346823212621,0.05429984223623125,0.004331138146688519,0.050593084008352565,0.0037694781050246267,0.045267413294424796,0.004281156271066632,6.4591394684783685,1.6969349179307485,9.746670134981638,2.8016452573863515,16.54445361728397,3.216414465701036,0.9777370468253854,0.005850286866170455,0.966389803418344,0.00968719574243817,0.9428759091284131,0.011164244832891386,1.2666735217858938,0.20139183020988147,1.5717540146865459,0.23791922718639744,2.0855363555587183,0.24724951902780076,0.23284479503635003,0.009118314576247148,0.22476955525047693,0.008469417976186795,0.2125301769003278,0.009916511540867598,0.6542307699500216,0.03682078322896322,0.6137545326840854,0.031011032801307677,0.558323445250273,0.03150704201359333,0.003502164506144347,406.6768030113104,0.9782473660244395,4.594635123594806,0.0003240910805855751,11.700040040273564,-0.357634169420298,0.9965475556212937,0.30759960228615074,285.13241288778306,8.082433357214896,36985.536247121025,9348.053262533085
353_Catasticta_sisamnus_sisamnus.png,Dataset_pieridae,46490,0.007375240076193548,0.006832207321371918,0.007120016643398125,0.007731342547963856,0.006813801003184987,0.008324555664049077,0.006598695807453526,0.008844566045185853,0.006186733905449148,0.005922476909832775,0.005784885947402878,0.006302499791767009,0.005719818801024601,0.006626699639240042,0.005474216532311262,0.006909217643066224,0.00593274589908417,0.006272579551735022,0.0053270040220549115,0.00604702491630942,0.00526878174910297,0.006131147484550753,0.0050163304630461494,0.0059643421376147305,0.005456055269080483,0.006701171633051174,0.0045047056348026734,0.005545223259768736,0.004453572314256791,0.00555799081291428,0.004434617464692827,0.005916057984656656,0.018603214847948427,0.0018891408474510595,0.015956595401350627,0.0010864521321667113,0.013256431467867395,0.0004907030533665706,3.676484146054518,0.8085146365330063,5.233777292192827,0.7986562568582422,8.114092915496043,0.26777982417728113,0.9760194280167855,0.005267782688747891,0.9658873507900813,0.005180801389651555,0.9471614933399783,0.0016876670401617371,1.0823439439354579,0.1477660289321454,1.3252576160225544,0.1181369199117299,1.6876715600693335,0.057111680575901345,0.13622053476923487,0.006868824872720131,0.12624405531164745,0.004362785786664412,0.11511682197623586,0.0021327836174853923,0.640244030389041,0.035049049621542455,0.5906241771481762,0.024654792518918216,0.529924463768406,0.016253999636764112,0.0005522670952131945,225.73495960216928,0.9769279574713186,4.539957629304567,0.0003082278266302903,12.349060021701666,-0.3351673458300052,0.9962939171645055,0.222821830079806,220.0013096014605,8.396130911072994,19340.752896590016,4891.621964048045
354_Catasticta_sisamnus_sisamnus.png,Dataset_pieridae,125099,0.006843364763257705,0.007419014947538194,0.00948792589587864,0.010881316883642115,0.00862271331258693,0.00951164629070203,0.01429641589845674,0.014088513294281377,0.0049772344179081045,0.0058903609654618536,0.00588197082318547,0.007489886584309499,0.005293227489604387,0.005615029658393864,0.007913251153119203,0.009501138965789089,0.0038218720762772996,0.00477314357112358,0.0042858721742277785,0.005878515963382485,0.003984804323501114,0.004528773238963403,0.00558640712511124,0.007098442020208349,0.003013574455201405,0.004099966096436865,0.0031292488108115007,0.0044653132956031984,0.0029588961745993223,0.0037006385492831186,0.004302272345748592,0.006087290411953888,0.028247830559311713,0.00340494918891854,0.023684825634617997,0.0020949556328491246,0.01827175914617603,0.0012509534488960709,3.849616669562142,1.164922765199672,6.271568228269871,1.9259469063173744,12.460802354624574,2.3155179256429856,0.9723745098680838,0.008348016836217711,0.9550359280722345,0.013786762468794452,0.9108250583061066,0.016566548369581168,1.070023333163939,0.19318026198260338,1.3921374170049192,0.21553807786628562,2.0158712531994176,0.20259872272433177,0.16777111600562677,0.010034101531190602,0.15374328099868545,0.006915864543008291,0.13509398187427915,0.0046233329458272715,0.6495148059508832,0.04116200448736471,0.5929172807959888,0.03039503129102658,0.5126240141211128,0.022967812313429748,0.0007251107931866243,237.22223434695152,0.9733641564925232,4.492893376011929,0.0002816902101195245,12.261130461929895,-0.31110371255501,0.993839418485978,0.2366582950719796,173.54634973042943,8.24062462326999,17572.1063497883,4452.332146033811
355_Catasticta_sisamnus_sisamnus.png,Dataset_pieridae,55849,0.006726353818008991,0.006129441450461112,0.01424487087108387,0.014764444129814586,0.01180866472502902,0.01086010378922197,0.026146760215391238,0.019442906789216903,0.0070233463781656765,0.004820164228512366,0.010066778714979494,0.009286440897887702,0.008631632320400554,0.006451345794335287,0.01435056522627295,0.011421320277933418,0.007075579782946517,0.0052498735011872405,0.00849308765773695,0.0070589299427712415,0.007786381379935975,0.005673026847073665,0.011068174304321252,0.008183514990282094,0.006103521816655914,0.005575052835059578,0.0065947819117870895,0.005659060767132506,0.006337418042290589,0.004887880562804796,0.00898843760963167,0.007196900345107086,0.006020063931177387,0.0012920267537564372,0.004836724915182416,0.0007181532370995788,0.003672286981314418,0.0006114791419234032,7.700733742157909,2.392604819073462,12.050032767731121,4.389395055357785,22.047357751241165,5.936908349568275,0.9018016455463193,0.030534374537896977,0.8461734984632855,0.056140676072179214,0.7180517281744736,0.0760171276773039,1.9377283670539098,0.36061226341402025,2.44702153339484,0.46152590425530415,3.35652070615967,0.5429245885908003,0.0771817628693234,0.007939736240009303,0.06933734702070202,0.005390475240009864,0.06039591847763495,0.004961855757404789,0.4336665334557764,0.05707381804263575,0.37394600961321794,0.04111085874792663,0.30367167376431947,0.03934005828083381,0.00010887666345790613,482.35751477903534,0.9037799964082561,5.3966916860494365,0.00011202541041833933,13.636400787298737,-0.20172741318686463,0.9734334990457187,0.0883804858197894,243.71241059568973,8.540952275483493,9544.619921829717,2506.7443591521883
356_Catasticta_sisamnus_sisamnus.png,Dataset_pieridae,98687,0.006901929000017001,0.007524710390914397,0.010968506954357504,0.012463455463897904,0.007298338854015853,0.007552614872428674,0.013272036432209105,0.013112501377760063,0.0054355968474439605,0.005551058202663549,0.006916177865330777,0.008003349990098248,0.005371169253285898,0.005239682968640172,0.007563485409619081,0.00830517522622401,0.004767857884106232,0.005237766759333691,0.0054382332366755,0.006235002638419151,0.004735630312912876,0.004943217740043892,0.006232828499682762,0.0068660478966773705,0.003959273353524673,0.005164259342322077,0.004128672611390684,0.005004098161704377,0.003796873010775901,0.004319483462783098,0.005166386908301381,0.006396853143488063,0.024656263320084613,0.003003548183890468,0.02064166634984976,0.0016588503062951135,0.01666261585673242,0.0010212307779860097,4.265267724351493,1.2149510751229509,6.672002423844728,1.7190654795981888,12.403166846422753,2.011416326319889,0.9657526058099609,0.009744096679577523,0.9464629239909805,0.013785994144692774,0.9006146204792893,0.016114867757127737,1.1376611669416157,0.18255247863167323,1.4444690576037267,0.18796385066233331,1.9923915974772473,0.17618820699212664,0.15673684312011088,0.009477622530274444,0.14355311265684328,0.005845527895872171,0.1290233511164298,0.003948509012132893,0.6330312342549161,0.03715100422228872,0.5790508381320587,0.026672226492909158,0.5095066658554466,0.019804712880595283,0.0005214715326935297,263.1447345439043,0.9669605292401912,4.5832624012922025,0.0002553917628756861,12.244996194916293,-0.2890098098316086,0.9912891094692229,0.20468639484612142,167.51775312717172,8.126475567843345,15664.429605896406,3981.893585110076
357_Catasticta_sisamnus_telasco.png,Dataset_pieridae,92662,0.013281323173644128,0.010963970175419708,0.008609950731513587,0.00689191900531885,0.010170373176872761,0.007972394607880361,0.008311254367270024,0.007196309530799217,0.0107705572489864,0.008720838321248214,0.0075938793728777725,0.00608552474713286,0.009250915961460453,0.007078794769855432,0.00759362797139385,0.006195520708332479,0.009689938267476541,0.008430536348044023,0.0068693013338584664,0.006169405165571405,0.008409778480468267,0.007233979267220364,0.00694872051343204,0.006230397931393172,0.008581498622025866,0.009032017469242848,0.005910540673466691,0.005878850674419019,0.006799179960858528,0.006737939303923961,0.005796409282976065,0.006088825866023811,0.01248421936998227,0.0015728247321076185,0.010590755831785217,0.0007783446767429998,0.00893927755578669,0.00041034457325376,6.536281236393611,1.6694611858675963,9.277056421127181,1.7486445648769198,14.397118299944898,1.5507279262437195,0.9503887612402844,0.01265127773728502,0.9296911499348277,0.013243415803775074,0.8912868707769925,0.011827019762918896,1.6320549674574556,0.24380462053819613,1.9968806837281643,0.20539729984481223,2.543847564214313,0.1498544219554534,0.11151801162830105,0.006924770931401332,0.10283976942051554,0.003838965657623882,0.09452295426901972,0.0021653341643945697,0.5048889314311994,0.04243064958444226,0.4482144307799274,0.026417315447018176,0.38652316102649953,0.01445585560379143,0.0003819374882208899,409.9332685665663,0.951505623422536,5.17946135456851,0.0001399321809307991,13.113062354072328,-0.23076540139393178,0.9823279831789999,0.12590962419503438,256.7364950446176,8.397917685316553,16494.86830855775,4226.200394281084
358_Catasticta_sisamnus_telasco.png,Dataset_pieridae,99141,0.0070049522098552955,0.007398873971000546,0.009134344209462329,0.008836489553344136,0.008001153379399353,0.007918971080495732,0.014656649861932106,0.015939430278484483,0.005385350188974044,0.005747921447306883,0.0059123873170464775,0.005694627206954679,0.005599135450616665,0.005561172230446764,0.007822874676407472,0.008494133705180653,0.004332599340312686,0.004992231593103596,0.004447301061884766,0.00451155201470315,0.004462599556245311,0.0048450331492128785,0.005816269308844183,0.006345996317228409,0.003388911480827001,0.004268528002257639,0.0032587612673048317,0.0035721598371493517,0.0033021216854203436,0.0038792960280696425,0.004393805374425041,0.005180141212921487,0.01996570017961533,0.003109964405286708,0.016290211812338022,0.0018623201953300555,0.012362931804425886,0.001324398784855767,3.4461988268121053,1.0079333674374922,5.562655799165563,1.72898700332857,10.864972658841033,2.2000664614716348,0.961137774547633,0.011365213523851088,0.9372642323809222,0.019521521206396497,0.8774057629776113,0.02486418231942817,1.1033510719146389,0.1928288467881972,1.4263037723919834,0.21498095683667154,2.0337422963755216,0.21936099142863325,0.14088615463047333,0.010807016843407255,0.12741420739467102,0.007472052350310888,0.11102989792450299,0.005940839275753397,0.6192196772054479,0.04440054477362706,0.5573658011714233,0.034197978577362786,0.4732855984111704,0.027959304945570126,0.00039650498347732583,210.82805832610396,0.9628049248213897,4.586647867233643,0.0002419503459686392,12.593202403951366,-0.28279408198753975,0.9911128151659494,0.18505391080910133,177.82241361035383,8.311450001934812,11125.526740991605,2834.0886998294272
359_Catasticta_sp_florencia.png,Dataset_pieridae,139607,0.009538827915146892,0.009923371163886903,0.010507086787839707,0.01283431669397565,0.015476953538707768,0.016960650483861275,0.013816790565692487,0.014218747157039295,0.0071837692674674,0.008411518080788303,0.007707096384027316,0.010117802207463236,0.009545458406528873,0.011420287781017871,0.00841575117638272,0.009742330438928646,0.005850299717802673,0.00706816761728721,0.005861990213201094,0.00701882512591191,0.006966941496925451,0.008441210028671039,0.00601073426696298,0.006735626779064164,0.004718494091314235,0.0062939142269477335,0.004458058517410329,0.0052683654271433854,0.005071157731130853,0.006243988335330349,0.004590257290090332,0.005311106298736047,0.012843039547997856,0.0015424010983983874,0.010750850527577321,0.0009333813897232999,0.008365746377984871,0.0006044331175966976,5.946804838628638,1.658322502476118,9.746101465713265,2.583032145108238,18.418451959205072,2.4983140718038106,0.9641916883557476,0.009987750291674867,0.9412920384739583,0.015582914004517784,0.8889452643774605,0.01508991236916639,1.4300793623883175,0.2143075949253252,1.8595958442248628,0.26285505393416564,2.62320880859478,0.19752054806588826,0.11312709850134113,0.006730463035015898,0.10358429128364285,0.004598383068291859,0.09140483175108319,0.003301985848098943,0.5688231151569728,0.03402555452837613,0.5088848673772047,0.02958618935205509,0.4300200141109246,0.01287943175585711,0.0003723839288501473,370.6805690864154,0.965060123947636,4.94699356136686,0.00018831406357049593,13.2178411228171,-0.2933431351906853,0.9942357323594353,0.18019719196496414,215.51220273378974,8.731139567153537,20848.03030594271,5304.677718757281
360_Catasticta_sp_normandia.png,Dataset_pieridae,64265,0.014681185319476386,0.011451941560287294,0.01366064921838093,0.012136503776063833,0.012344069049151937,0.01061120125498126,0.011496052418690703,0.009678708492667746,0.00955557259250011,0.007904771629740785,0.009092538862455025,0.008106543416929294,0.008678812061340191,0.007386927753181874,0.009304923346240244,0.008306313485830583,0.009304443892529473,0.008198307730517301,0.008908172942735056,0.008072122609608311,0.008634397694244749,0.007759739202926259,0.009624819041699978,0.00943559142181546,0.009555230682617512,0.01002505431091976,0.008218078672321175,0.008309497563224594,0.008051159361940402,0.008046683768125184,0.009520774169354219,0.01059507140242825,0.02959799608867056,0.0024862204132437642,0.02598899484584282,0.0011480353302764897,0.022041001017189345,0.00035914956875867114,10.03013889178244,2.0264358309308634,13.51905591756438,1.5142923263244843,20.338838460125274,0.9908171963847048,0.8038369282763812,0.03952775382289021,0.7358998222915932,0.02947181335728221,0.6039350944838218,0.01969103502638147,1.983391497296092,0.2284911167296496,2.3435314037617596,0.13612311827233367,2.9070406351689613,0.0700355079176941,0.1718885963890148,0.007232324666725777,0.16117158172202656,0.0035659628521524413,0.14845720767947732,0.001207685887097644,0.4881962915497322,0.029782589977452138,0.4451582828132923,0.013647100662996504,0.39598278880115195,0.005489388198065148,0.0008163522516438861,631.894625966485,0.8058845003941268,5.413593172169262,0.00013427619338669334,12.502873696232554,-0.15766449340205962,0.9368328048316439,0.14704328422834537,104.83420606938088,7.699243507376429,5877.868791601435,1627.44085439198
361_Catasticta_sp_x_iguaque_otra.png,Dataset_pieridae,45971,0.015206922695381781,0.01302395701889371,0.029172259390627262,0.021192030516749033,0.01473487710041306,0.013287333133506827,0.029722846201855856,0.02535571483736076,0.010687949113094713,0.009466877115628637,0.017798153766346234,0.015312868184635876,0.009717306474985954,0.00838562266449475,0.01738825135503476,0.016198956331009876,0.009529648468572769,0.008165115179967647,0.012953638857658989,0.010880982917972208,0.008752136935406418,0.006863572201019565,0.012716028364528625,0.01122552007974001,0.008313767738822286,0.007902153994415115,0.009550821394084894,0.007947813721249504,0.0074359728085887575,0.0058642040738706895,0.010204232924497405,0.009122665051498077,0.005642542872622798,0.0008155365624789313,0.004613057619474064,0.0005604369857957089,0.0034923535842592878,0.000430340999913809,14.599474604304344,4.885920057077535,23.55403652096987,7.061862096893837,44.68686040720185,9.078832077546684,0.9057830025290178,0.031599099962829995,0.8478409960031533,0.04565933447106662,0.7105312688253063,0.05893140164937906,2.5334592366503177,0.45685640448885584,3.23915279348863,0.5200056723854924,4.563075741196588,0.5757149985200369,0.07492085096557721,0.005423003154762601,0.06779377280586366,0.004130615961452448,0.05898341989835077,0.0036482545626814315,0.40186840557898873,0.04093630638088055,0.3492519201928709,0.03168560590400267,0.2861899084441101,0.02754918505572084,0.0001057813064253086,923.190424535407,0.906807274490348,5.768807407361391,9.11155838260016e-05,13.907393626936813,-0.20908215260207316,0.9789973770921665,0.08396451641830051,264.152954990234,8.738042402980968,18892.884303787923,4954.018682080833
362_Catasticta_sp_x_naranja.png,Dataset_pieridae,52483,0.010682467260946495,0.009341804677372532,0.019690229019143676,0.015459565652265852,0.012147496791570732,0.011843995805132623,0.020876946030248016,0.01733978372459853,0.008061261313886538,0.0068009476929598005,0.012505297959182801,0.011961285946627204,0.008230263687900108,0.007373643650614842,0.01155921849272526,0.010642207583606606,0.007553577776948728,0.006376208707069085,0.00910599275478846,0.00838079808832355,0.007183328033694785,0.005952343034722644,0.008843903846410895,0.007623738816468092,0.006635816843164205,0.006571345953043627,0.006826547062613843,0.006339665986982138,0.005953375664777767,0.005172216989435038,0.0070531932034805945,0.006430467211016742,0.011473079118182896,0.0013724296890177754,0.009566691345121472,0.0009637652809513901,0.007449154930476383,0.0007410782032875848,8.172125379004381,2.387686464047442,13.1387237398929,3.6620480117148437,24.83814318861869,4.512619541345975,0.9176302878776458,0.024045838547296267,0.8676427433001016,0.036883254206988944,0.7501430625238015,0.04544526119448089,1.8578754373579454,0.28766511475451967,2.3689745409917435,0.34164205879953624,3.3080319529724997,0.35965105744329906,0.10692178405633482,0.00638836539291566,0.09768293084162359,0.00497356686011717,0.08620098423192166,0.004306419385565671,0.4798135112953453,0.03723848173529451,0.4249865548867912,0.031118417953567106,0.3562216322777299,0.026683429855554608,0.00021254484542357284,513.3395431818408,0.9190592853656767,5.331502731667204,0.00013742511150567375,13.152076067013493,-0.204802642574547,0.9732878879334599,0.11429056776275509,159.36983867589285,8.293150246938566,12170.19827652679,3170.8844549271566
363_Catasticta_sp_x_romera.png,Dataset_pieridae,69419,0.013230330992898923,0.011636779379289952,0.011093676571048736,0.010126165706019026,0.011291065892980122,0.010167962976853745,0.009872546827417818,0.008447207906956453,0.008855182181686908,0.008567599013865883,0.007379314277081936,0.006388870559001281,0.007209870879798509,0.006110964800753402,0.007349789439519308,0.0060105686126658555,0.007661486897838278,0.007679635451122092,0.006538538313572854,0.00606850383172074,0.0062089591749411935,0.0055938456435260945,0.00667522374550092,0.005877177503406291,0.0067710345118664785,0.007812943939811455,0.005182798810264655,0.005231924937098127,0.005059427385491474,0.005037442951163751,0.005513482696237316,0.005679422872529461,0.022298068469701844,0.002630688477998528,0.01843859823646114,0.001316995258597397,0.014679087004262308,0.0004591021845806463,5.4274834524562845,1.3918327545295888,8.104996367079805,1.5890526203602413,14.040871569128832,1.402185153013939,0.9090405575845575,0.023307065107802102,0.8641977845243654,0.02667407720814735,0.7648475607778187,0.02362278445734057,1.447301956182559,0.2058512877303336,1.796496116336192,0.17361846623005284,2.3853556053062377,0.12048536172111396,0.1490652324660439,0.008810501662569614,0.13570127648041333,0.004874607476255579,0.12114249247996073,0.0018930187545198188,0.5488079408407769,0.03638333032438963,0.4927365653766485,0.02186200799911159,0.42472327013479827,0.009051513092754112,0.00040744225985933993,337.34373140711847,0.9115255523705255,4.974398023381801,0.000176657910162281,12.514401289195757,-0.21321501747399882,0.9728141960435399,0.1414187458955213,163.29976590877152,7.9728327403960115,7288.133383178972,1906.3692786465256
364_Catasticta_sp_x_iguaque.png,Dataset_pieridae,44219,0.019866503771907174,0.01563023479586249,0.027916665816065705,0.01999799079173273,0.016054542109569563,0.012876531432994496,0.02516005459154268,0.021240371893628963,0.013221462184670702,0.013698583150677334,0.019023673904102787,0.017173043998677476,0.009890541384695643,0.00824681509859409,0.017135783252383175,0.017311201824361563,0.01083735133543723,0.010499488130549694,0.01381625250032831,0.012519495992391723,0.009305363855141196,0.0069541326994566775,0.013208849937376442,0.012749088140401875,0.009327311372068893,0.009510353614711689,0.010366860171603456,0.009128168685363706,0.008220976786299052,0.006344427004211712,0.010784973233420817,0.010261719021357541,0.0054079128140102455,0.0006871201998013532,0.004462087531349208,0.0004460419852442574,0.003437045656987663,0.0002970459725486411,15.778282998080261,5.069809461611213,25.00095188974217,6.306360498667666,45.786308427876335,6.81343191458614,0.8930890147615955,0.034360748887590845,0.8305649623069933,0.04265302137799445,0.6894426749385602,0.04595114929725939,2.6461310685603285,0.4447162632014802,3.3557985388748053,0.4463363868262899,4.64530024662897,0.4215776894353092,0.0733848763420531,0.004751077590591529,0.06671872916540567,0.0032708882436512403,0.058572504411567666,0.0025114505658183094,0.3933239181064487,0.03622487900201611,0.34365309364134383,0.024208373521537346,0.2841004409357474,0.018435131583403517,0.0001029106027378498,1000.0278264361536,0.8939811732914826,5.834711000508628,8.645069975927787e-05,13.963652324568747,-0.20191406595628214,0.9767147740338428,0.0846279246897436,241.82032797224775,8.733760954838768,17865.100332104783,4716.2820396352345
365_Catasticta_sp_x_iguaque.png,Dataset_pieridae,47026,0.014356975591575111,0.011178849357939369,0.025815314978983574,0.019896194244234673,0.015987091782391598,0.012898881396670593,0.026095181674037314,0.021495220232622854,0.010272244312669354,0.00902467383562509,0.017310689108746988,0.016565772728450733,0.010082046977554387,0.008057988635798088,0.01726501632058418,0.016512827833611837,0.009101656962776582,0.008234899414480043,0.012817768392963462,0.012091952271502488,0.009145971966720422,0.007348707598047795,0.012676426706145095,0.011827750151239063,0.008008475388025734,0.008207573049164456,0.009846461335050915,0.009013134326738668,0.008003905740743096,0.006685839275988937,0.010186637110054719,0.009883374611789113,0.005959775753583701,0.0008448039582078384,0.004850330258410978,0.0005034488099298404,0.0037102083882048996,0.0002581631854628836,14.332166664303422,4.507405346339791,22.681347655633804,6.3974862107637,41.39853117964429,7.3070689698795,0.9028761798626512,0.030509089057187178,0.8464212842079868,0.04322601621059441,0.7201281587774475,0.04924240842509267,2.512407809979015,0.413088183531887,3.19021682083096,0.47008947593077605,4.404636964879883,0.4505402825582413,0.07701033686087405,0.005402200492244484,0.06954766192113686,0.0036678303824232753,0.060874382861289184,0.0021255351001761417,0.4018262892826158,0.03878753251284856,0.3486397266773763,0.02794248757243543,0.2866054953181782,0.019328725635054025,0.00011365815168248748,907.1058768010275,0.9038974527818058,5.764626353536487,9.109832331999368e-05,13.895757007130001,-0.20782444359266283,0.9786704423811711,0.08623490898466474,185.9362937856992,8.73482494151277,17968.50573937114,4718.902904043041
366_Catasticta_tomyris_tomyris.png,Dataset_pieridae,48076,0.012731189900608965,0.010458058590695683,0.0198351551903603,0.014969929292278993,0.014347878673430963,0.011876748735740362,0.022533756110979797,0.01761917052027795,0.007167058966800734,0.0065073220589857966,0.010383805906076885,0.00944830516769647,0.007828217127448057,0.007137428867112032,0.012155354463454794,0.01097391821350629,0.004810408607108648,0.004298250513214095,0.006352233355657219,0.005710674533867155,0.005191076505138756,0.004458619050555959,0.0075403221871814695,0.006813206009737339,0.003624822747533438,0.00346164061166175,0.004138113142619389,0.0036898274496510934,0.0036727802747933943,0.0031204981284717916,0.0051327584607054055,0.004455031977024345,0.00992336916176555,0.0014726271186760007,0.007900160007454061,0.0009446648600645293,0.005609349859267329,0.0005078289214691296,6.116663473506193,1.9731151600521344,10.714512318996675,3.5242532963405426,23.324458778893103,3.6438929203121115,0.9477349106475337,0.016849260116090805,0.9084783223579744,0.03010067020667491,0.8007911018526989,0.03112232062883664,1.6183254777701148,0.2958926804927288,2.162531203094223,0.3655616603500975,3.278175373010242,0.3073402118597653,0.0993505026832875,0.0072695789660495716,0.08871675306934718,0.005431181481642775,0.07481828553120247,0.003402059587777156,0.5142089009546821,0.04653604937837655,0.44772267674364913,0.0352856203499569,0.3579292318919397,0.021066797693402885,0.0001955144762726154,380.8743195478375,0.9490687598533648,5.130321123565227,0.0001557451956970297,13.210756713795416,-0.2659896630771648,0.9904466131252992,0.13150494008765407,270.94315983286486,8.612024097886987,14574.357104270384,3738.8078559545493
367_Catasticta_tomyris_tomyris.png,Dataset_pieridae,71949,0.010976606681736242,0.011730138471869711,0.017317537255065227,0.01801305122385744,0.014194381229617564,0.014613138270675119,0.02450594904136536,0.022147509868634018,0.008267608673961264,0.009984975324616901,0.011346174449806951,0.014065338315861028,0.009160069423513188,0.00969728390090918,0.014683111437320855,0.015183097257974494,0.007255319007380092,0.00806659073179563,0.009429982445980926,0.010992220045283385,0.007992539026808304,0.008032036096799174,0.01106395579963746,0.011141362003882022,0.006457925074315089,0.007349472196533661,0.007475267209064282,0.008260847277229609,0.006742616898322272,0.006655261707516317,0.008987108186261803,0.00888467719724978,0.038490682491485885,0.002330109252000996,0.03597390889055563,0.0012920824096238758,0.033130696437477014,0.0012070290227017032,11.133413094969697,3.196508282074828,17.67142184692008,5.2991080232636,32.553107853514476,5.723209663590765,0.9225412322207733,0.02226263799406145,0.8769793990031871,0.036955083894688795,0.7731424346182305,0.04000332831785341,1.9523997105368993,0.3169515105934336,2.473847924856907,0.3725182870117775,3.435509661797767,0.3561395629875599,0.1961024678328768,0.005874061741368241,0.18963668552127824,0.003440406234654402,0.18198841305881358,0.0033036267663982648,0.5267787475566492,0.03481847479873287,0.4841908916455805,0.022045251235521722,0.43502911879661177,0.017478633842261275,0.01805539175624772,704.0549858482141,0.9237947426326698,5.269295360213263,0.00019672134526258267,12.273713068723872,-0.25825525986997244,0.9859902057853969,0.2360018050969628,330.8634030068953,7.929542410447019,17775.37740406368,4619.858097477988
368_Catasticta_troezene_troezene.png,Dataset_pieridae,169111,0.005391071808062379,0.004570282001536676,0.007024876607298362,0.006825191115397864,0.007224908628354746,0.007115857563442971,0.00895263139169543,0.009264852894677605,0.005737908144089805,0.004713176269850854,0.006322851262079801,0.005600984409735701,0.006121776359162264,0.005549289184965709,0.006494488869365101,0.005911068405964686,0.005617714477699647,0.005326300950251865,0.005719766100130248,0.005224661248390649,0.005398887071890423,0.004997575781175173,0.0055682854896868805,0.005119111146630703,0.004602142869451342,0.00505521467555838,0.004322459800916363,0.004216531889176796,0.004131983377645387,0.004053659052761327,0.004361736831299039,0.004387015400948041,0.024704358385132626,0.002432854010697932,0.020881843737060483,0.0014323505467907643,0.017181990960629487,0.00036666549542594453,3.0128182082261423,0.7027529542510782,4.517886694398382,0.8772349243512325,7.313278988941507,0.7812554468379519,0.965685304154251,0.007998213100150019,0.9485856980234246,0.009962526475677788,0.9168747232018244,0.008894807217894148,1.0824277872299493,0.14340967103253618,1.3529489051842742,0.13766251335131507,1.751072198036463,0.09239937368453605,0.15698535247932063,0.007743222331567315,0.14442011515890668,0.004967300529323726,0.1310725867129332,0.0014028446136658025,0.6136291435828899,0.03242914611175363,0.5584665439248736,0.024137774505137384,0.49399501649247063,0.01041107669301623,0.0004995938230519378,182.66505887370533,0.9674302947009781,4.586496851273214,0.000242432243352826,12.278072118563312,-0.2638892122623287,0.9871846855608555,0.18329667062586608,215.8196120273962,8.047842954243686,11033.726313742163,2804.0978431539675
369_Catasticta_troezene_troezene.png,Dataset_pieridae,162965,0.006404392126043131,0.005545947936709635,0.00886103353583315,0.009202779803616215,0.008357621919403438,0.008205196508167988,0.01074573178272478,0.00911774387802189,0.00435095390752862,0.00356760991989784,0.005360176088965799,0.005439355915866391,0.004620517346522752,0.004378329352752079,0.005427784404331954,0.004638439723923084,0.0031837360395424474,0.0028086279689894886,0.003490610179566825,0.003497938921049211,0.0030411974915616913,0.0026458766062378404,0.0034912720236041387,0.0028268136443670862,0.00245169870832565,0.0023471433106574163,0.002314448471368021,0.0022415820889450594,0.0021186681238822185,0.0018333469936488772,0.0025540766562639756,0.0021829136142648277,0.02056698654559983,0.0026266290847430144,0.016550040426404948,0.0017715231168296227,0.01196266492138766,0.0007330881686827905,1.8484104242045285,0.5124977849789076,3.1520197837857458,0.8758917881691473,6.711546451367172,0.7428310959532337,0.9662995611298768,0.009341200428513453,0.9425769302955282,0.015939324896457153,0.8778270452631554,0.013550508321325143,0.8643323706064178,0.14058620492110666,1.1531184862605532,0.17308670025723494,1.7297411231028166,0.11771515496930016,0.14312442015663057,0.00907672300051698,0.1284559807512998,0.007007241656075844,0.10932188258489711,0.003375042145163532,0.6555834463788144,0.04057894357412089,0.58716951953917,0.03592265997852104,0.48685352998602316,0.02019549669572841,0.0004040006236300736,108.28069562609213,0.9690741421879039,4.282807020120506,0.00034310120722193396,12.105422993482225,-0.29988440941937444,0.9922768680303272,0.19906906578706243,213.90879127091551,8.111991859150937,6894.154943478954,1750.6089097762615
370_Catasticta_uricoecheae_flava.png,Dataset_pieridae,37617,0.014198394460822052,0.012444251034923162,0.012486440600245955,0.01159229227742225,0.014652837624219267,0.012918932418276598,0.013976895680992273,0.012409979547247636,0.008953929420233491,0.009742434954671614,0.007848987452426825,0.008240710883285669,0.009850604982278074,0.010217406511916534,0.008744569849118701,0.008782895651943403,0.008368799783694883,0.009510664364957403,0.007074617181853732,0.00692349229591676,0.008650989427577273,0.009315761450952092,0.007260034909198753,0.007131995767646174,0.008059728535161632,0.010040809960421006,0.00648295951006561,0.006842114588070148,0.007436804229674068,0.008751095137832931,0.0060993649646879705,0.006752874025111415,0.009377573939122483,0.0010712951718253017,0.00775517389177493,0.000621493317536871,0.006072349873279268,0.00019856477583391573,8.575357647531582,2.0314635450603036,12.45994826685175,2.260584703930162,20.78840624876776,1.2896088290053662,0.9181086970204417,0.019460908290397497,0.8806891898675625,0.021849759688426344,0.7995522706147578,0.012637743288173351,1.8041281264638183,0.23467132709903984,2.2208025815804815,0.20610316508639479,2.9441394511918713,0.08276070581508962,0.09667790886989287,0.005563800469748269,0.08799358416654043,0.003507568573940453,0.07791505261493592,0.0012627150474416287,0.49976225270203883,0.03403039715364257,0.44595833037494537,0.021330897640624832,0.3777083186126348,0.007311452346726225,0.000196271276345166,538.5615252216878,0.9195665194691438,5.287111756531196,0.0001405974282417735,13.347261860998518,-0.25348316935148696,0.9890359767661508,0.1334036134697996,190.97483856204434,8.609019288149328,12855.481265592556,3348.510697703561
371_Catasticta_uricoecheae_uricoecheae.png,Dataset_pieridae,70791,0.008029695853653842,0.0064091250677682345,0.010329217253842591,0.010450044068859594,0.010146074132311857,0.010601584404139998,0.01344814878747471,0.015000040059709993,0.007032047149556131,0.006278874971388424,0.0071907063499549815,0.006868175620660667,0.007442836937538354,0.007227468542479529,0.008815367533533302,0.011464227449932845,0.006738393471161167,0.0068318043102218095,0.006429499528860426,0.006513028290226187,0.006671871625022563,0.006959654648889965,0.007553705059067434,0.009169587711726318,0.006199330780464147,0.007708360295392881,0.005531611357349214,0.00652430781396657,0.005639578474319196,0.006760760156675961,0.0066241394646692235,0.008825837487501494,0.03489758495848845,0.0034866342688122903,0.029707154820609177,0.001707228382878119,0.024702468106181166,8.533958342089298e-05,6.589540293885474,1.4729559197532487,9.310204497852403,1.771040327694085,15.160101772625799,1.8636976673024075,0.876353690944208,0.02764349348060648,0.8250185742488341,0.03359417984011426,0.7140343678129473,0.03593309946895961,1.4504938339012892,0.18292141100497744,1.7565270960451964,0.14584672048525607,2.2621670974201242,0.10263402298331277,0.18657511907834884,0.009343976636764686,0.17228641822408955,0.004954282604300935,0.1571699539220183,0.00027145963201160846,0.5753764006297779,0.032428435492443904,0.5249193478560239,0.01812819707940162,0.4638116153929417,0.0023661521386544515,0.000670017856163585,411.51200779498146,0.8789667285366356,4.92212861379512,0.00019963128211048067,11.98325435106969,-0.19404565441476315,0.9591383740884006,0.1635007911743675,124.33620650332384,7.583439477848704,6388.522904256872,1700.0087280129642
372_Catasticta_uricoecheae_uricoecheae.png,Dataset_pieridae,102793,0.010021220041597811,0.00933820672035093,0.009117516142597343,0.008527511459600913,0.010009921491582398,0.009666654343506335,0.010545995912164347,0.01252161679643251,0.008880361428329745,0.007745978907665504,0.008246533493597953,0.007851319958783982,0.008172063669557894,0.00779401863699543,0.008170005438018444,0.009206338646711524,0.00877252936012863,0.008684247368293055,0.0077002610535002215,0.00799904054205554,0.00755093917719278,0.007683868785354274,0.007093119483312355,0.00793651666425518,0.008100025814520732,0.009633449886002989,0.006391797167094977,0.0072968971469100224,0.00629147585943169,0.007044283482622352,0.0057789363939116595,0.007119457735957839,0.0317030454494796,0.0035426953796966073,0.026932649309266116,0.0016912876999505947,0.022706813020981133,0.0004791983431799102,7.238811607217183,1.6313778315117935,10.290253952994698,1.4650888520084375,15.909311109778042,0.49477973042451967,0.8841597353050177,0.02612129124305585,0.8352051485558435,0.023556948563039918,0.74486729422361,0.008101138529324719,1.5652016226733025,0.2009611945885636,1.8974381011943973,0.13981613468369108,2.3786265317219644,0.018731624342081053,0.17778040910508208,0.009857565009130768,0.16402920601080323,0.005202776636719422,0.1506794140850215,0.0015897144321424296,0.5540997041243887,0.03386895983815069,0.504653789773339,0.019560142204515536,0.45059571147672056,0.005261015882984817,0.000608087721504547,453.38208902921525,0.8863914933437009,5.040943853075073,0.00018270530100273537,12.199477220199345,-0.18299811816274394,0.9536518588325269,0.15678472145470512,127.47368588544114,7.668819170399292,7528.371738228649,1995.4384568144642
373_Catasticta_uricoecheae_uricoecheae.png,Dataset_pieridae,106468,0.010284279485517014,0.008215073405893898,0.014950824597757904,0.012910996709530947,0.012248495213138063,0.010904839648029312,0.017522057232694056,0.015345644312174982,0.009589367677130239,0.007808321676171799,0.011403987559967344,0.010259117957097242,0.009347922080563377,0.007795472768848289,0.010990181213575827,0.009443210881483569,0.00876718440249589,0.008128009416974608,0.009436795671915953,0.00880029501956092,0.008017903914168019,0.006965083378378118,0.008715154981774855,0.007923865409057353,0.007067033228611601,0.007399695822403177,0.00696753068242186,0.006687783509010943,0.006238806377321408,0.005656720113462961,0.006711997631009957,0.006532616737892472,0.010607893324934333,0.0012030935992638173,0.008699150140976964,0.0007556617039936422,0.006732503300094559,0.00025111677801289517,7.991372970893349,2.094360277840382,12.638200891385576,2.9056941759259676,22.588650557482953,2.5157925220191375,0.9426039915224839,0.015012390854629893,0.9093346931499576,0.02076500524349048,0.8383091222812784,0.017855407013247525,1.8026225809241487,0.25264909201493313,2.2889637711465385,0.2703337954665889,3.0961607071528876,0.18925220701402423,0.10282818371015578,0.005853029967869958,0.09318092385702242,0.004057778964994491,0.08203741759847746,0.0015379902039934106,0.4881954268016465,0.03507821711494433,0.42976219528781484,0.026746008435610175,0.3612359089838056,0.012860277736745276,0.00019528318156478895,500.7118355498629,0.943731551058542,5.293390740845048,0.0001355644811543288,13.483059602985678,-0.23019728899114683,0.9839588666497653,0.11580279471635932,182.3557216975225,8.601514933388913,17294.01436661814,4448.681550542
374_Cunizza_hirlanda_helvia.png,Dataset_pieridae,93070,0.004445708280191513,0.005079181270730111,0.0057988685577934455,0.0064857812520625144,0.004469988290601653,0.006832354491626321,0.006865496530305109,0.007350438278903843,0.0038485598841504925,0.004341123526166888,0.00422296835236805,0.004944289003024079,0.0038440793265074073,0.004595805365524735,0.004927645335457798,0.005699618706810507,0.0033455526917715076,0.004014238003969922,0.0033153270968994245,0.0038056882261570295,0.00318274999436706,0.003666846773720005,0.004132518127268825,0.004902482696999855,0.0027808618551732546,0.003627209000463424,0.0024879482001446177,0.0028785032474152278,0.0024546828066774763,0.0029010683736036087,0.0032374022889109905,0.0039349896102063514,0.022654773780811162,0.0028234846665968396,0.018814514039770164,0.001428325331773764,0.014571208096307698,0.0007204360374291273,1.7339536039890207,0.4260184873936706,2.639660934061859,0.5218951595210902,4.684023121406207,0.2981870919562233,0.9715133989699499,0.0070113474856005305,0.9566061444735402,0.008580857499183867,0.9228425566012647,0.004880153701172065,0.7365446617118492,0.11479491954595282,0.936759182583471,0.09789369609035586,1.2895369295315668,0.05928670910879014,0.15022290578538575,0.009372958882139956,0.13706697018629133,0.005211499181664721,0.12067421708402103,0.002990221976085425,0.7089995836521591,0.03565874928734761,0.6543979753247943,0.023320936590057427,0.5764217813660002,0.014356227438179688,0.0005017458851944876,101.43838932604261,0.9738949462534245,4.04223568789539,0.0003464891600672942,11.964503712023863,-0.34174246128711244,0.9959975160911444,0.2562824647332865,211.79334834635583,8.190528641794229,7671.0224366009825,1943.1152064817588
375_Cunizza_hirlanda_serda.png,Dataset_pieridae,47937,0.004830333877026806,0.006220546245112214,0.007247676867705814,0.009097130904666762,0.009114748364430275,0.010681576601062876,0.013952846808665752,0.014746083056428307,0.005307504554216689,0.006357394552853902,0.006560092137801593,0.008733043614111464,0.00776290725701875,0.009998401731014135,0.010838690493453963,0.012353288119140248,0.005213971278058887,0.006916562359773355,0.0059941147050327475,0.008325564886114894,0.006703169672681124,0.009391048737932551,0.009213587314931205,0.011538842491174811,0.004743872845714293,0.006655820195183342,0.005185146296837533,0.007878039372353261,0.005621430621693877,0.008697975494566565,0.007793485799113532,0.010504232382255136,0.018487121300948605,0.003095709548687893,0.015541850020721004,0.0017547091367769985,0.012609254415138457,0.0014816310292968763,5.893448574555393,1.9097418708587375,8.677820605860264,2.911344538846888,13.837779091534436,3.6253053719313244,0.932754058919114,0.02195888910455492,0.8998953921126215,0.034393468922095,0.8375999475136644,0.04312439183384273,1.2978520121664636,0.25525588561200535,1.6120783752261527,0.29108076032211155,2.1161479882468406,0.3222630593265388,0.1355227767756458,0.010986276710837052,0.12445570045590237,0.007254560272801191,0.11210154779662775,0.006519002741128577,0.605645976746063,0.050310515574015946,0.5508968358579218,0.039700485870333,0.4817144634217596,0.03548440365476305,0.0004444226166028279,367.3049505982616,0.9345435589117812,4.747124779585182,0.0002246776206649207,12.489675266730465,-0.30524194911467634,0.9936440918636318,0.1810582347100801,382.5392881650861,8.358155560037137,10868.99685811509,2809.07545217834
376_Cunizza_hirlanda_serda.png,Dataset_pieridae,115166,0.005201232352115711,0.00819856771851833,0.010130274030925583,0.01714697647969065,0.005500401564202542,0.007660325422643423,0.009918070658630398,0.009568126032231016,0.004403422490639981,0.004985868399574911,0.006362041328236116,0.009314293899218904,0.0047665346605582325,0.005915201182410699,0.006690808357038026,0.006907223251405374,0.0040146951488038716,0.00467044653422246,0.005140459906535495,0.0073467576686788195,0.004255894487827951,0.005064675942826465,0.005673416786844657,0.005953800518543167,0.003440627603001525,0.004560097083803669,0.0039002454667394124,0.005499893314223369,0.0034848684048743275,0.004383935353553923,0.0047033441714507155,0.005665349753847931,0.01936544350412208,0.0027633514597858863,0.016186190884601832,0.0015386064696243918,0.012827054357250001,0.0010762756803476563,3.594680705101735,1.0393479592299966,5.544206143160734,1.4386594203780672,9.883250046469282,1.8744627779030905,0.9664712962281347,0.009694517300057937,0.948306085501451,0.013412864639740254,0.9078164832229016,0.017635921120860532,1.0658125175140234,0.17431306364561347,1.3451490985532182,0.18732995663832203,1.8317346019361969,0.19533256724046116,0.13882043268029512,0.00971241342703947,0.12707374657189657,0.006201114156604198,0.11315763431284945,0.0047333026492548495,0.63361033311091,0.04233306365382013,0.5777829616807963,0.03300529960885881,0.503390108881016,0.028400199883710304,0.0004273588134353373,220.4532895817042,0.9678212677246912,4.52879150083464,0.00025346776570087787,12.56308469640232,-0.3004677300377354,0.9934325556890973,0.20442617201111798,168.67463844718455,8.368790547663016,13481.03114541721,3425.3711087497304
377_Cunizza_hirlanda_serda.png,Dataset_pieridae,113162,0.0068253548826349,0.008299378563291786,0.01004269799693516,0.010247752570183597,0.005895160118835665,0.007100309599830398,0.009753985122465234,0.008786535012809045,0.004683128352488636,0.0054722444742007,0.006715803364799051,0.007244131753071513,0.004704931719907004,0.005429004098844785,0.0066429695539099495,0.006957443677884279,0.003804394038518669,0.004229081459847458,0.004770497646335261,0.005284689028752586,0.003905674609492435,0.004320386618924736,0.004973504267515432,0.005348859750282906,0.003115013276365839,0.003660147923425667,0.003365075438771615,0.0036888274633967945,0.0030067390218857645,0.003232029135583832,0.0038025268066624747,0.004310905373865675,0.014980830848563467,0.002125903434574511,0.012198604953249707,0.00142469855017498,0.00925515845921927,0.0008317408160292917,2.8320966605860667,0.8695946059364436,4.587216733422502,1.147303065242275,8.810755762539332,1.4117488207111761,0.976610877035313,0.007172510815873401,0.9621563047943666,0.009442508828259798,0.9274689505569598,0.011606696344392955,0.9985286905653569,0.17018183570377426,1.2940717359093479,0.1801571433952596,1.8312983436201344,0.16286408501174465,0.12209162597358031,0.008629351985568724,0.11025599633229974,0.006497709290328127,0.09610636770244144,0.004327186876296514,0.638233966298031,0.04225058989748135,0.576181333410305,0.03600802059565854,0.4902790779332042,0.02740593737924251,0.00029740003875603795,171.16365808534232,0.9778953474426355,4.459605362727599,0.00025878833524961846,12.667922205834007,-0.316275716119746,0.995197239904978,0.19958726845912605,202.96577557734355,8.504818693095428,15313.391192751764,3871.138712709277
378_Ganyra_phaloe.png,Dataset_pieridae,78447,0.0031750566451275997,0.004945362524938569,0.007174895724512792,0.006894019552429114,0.0024922464032111347,0.0028933703328766066,0.00661407430288184,0.006677255333130959,0.002844385585501745,0.004615747903300786,0.0048098040462213046,0.004911495199392564,0.002292731030258449,0.0023759272197415976,0.004653186565733191,0.005183330316053362,0.0025627518616159264,0.0037330561930576343,0.0031825823538775464,0.003400147699165402,0.002136164615066741,0.0021168194268315955,0.003466698081195198,0.0037446222433580255,0.0024885409733099847,0.0030343772606523075,0.002356676321908066,0.002540139842420059,0.0019894615392665755,0.002032361495607262,0.0028807217168704343,0.002942887354758205,0.042607471679872055,0.006219681707520352,0.03552045417015756,0.004729672677941792,0.02723320681379515,0.0037207898180637825,1.1052230038932502,0.3763874140958841,1.715030747826427,0.4946223408264954,3.1364138254354748,0.745250000994695,0.9418517922729595,0.019935233120926377,0.9094086599077966,0.026312731502367327,0.8330452244578455,0.03984238681310807,0.5971162124615682,0.13669098854483505,0.7784941942371173,0.1454449397336459,1.1119099362654157,0.18357007183750082,0.20585799382623368,0.0151643680287173,0.18805248460937798,0.012518674146938457,0.16463910912095728,0.011276992580146267,0.746680241113743,0.04775801001307276,0.6898219023629211,0.04410976504585897,0.6033692534230312,0.04642527241653347,0.0010315465087065109,61.181225386899584,0.949195591097873,3.7613354621234905,0.00041463046539346127,10.973810157375674,-0.3179247448468722,0.9903131846272515,0.288290665169228,399.12153738411126,7.500927456567743,2349.264422107757,602.6114118736696
379_Glutophrissa_drusilla_drusilla.png,Dataset_pieridae,55466,0.002789490493951879,0.0043656421972042845,0.0033582359533941043,0.003564236146031708,0.0019144624547559747,0.002898815208244333,0.003251175381309553,0.004179785275914948,0.002793248643021436,0.004204149654020078,0.002951259211339495,0.004031563991136213,0.0021026507092675156,0.0032425438811907645,0.003293687102683079,0.004142454076708613,0.0026801822889900287,0.0037144722685880237,0.0026040385150871963,0.0038268217836658724,0.0022188898763281363,0.0031425556952128526,0.0031167580995233556,0.004197247192352753,0.002851295089444391,0.0038433649949223855,0.0024615449772371714,0.003393864487684814,0.0023139900169063038,0.003068266479675503,0.00307665101968826,0.004164703651101959,0.2013566882045774,0.014505048455251857,0.1848743654193078,0.008142928863372268,0.1640250274798695,0.008150605446214907,0.9026715235419964,0.2025787057577209,1.2233880120433918,0.1423490027359133,1.736870318585114,0.0985317570605915,0.882766744051955,0.027480001862603125,0.8384854126809653,0.02028974101788128,0.7627731486971724,0.014638215005745702,0.40071738917588795,0.06725336362670349,0.49345516755641516,0.04098865853209227,0.6285454825207416,0.03835696032341056,0.4484368354028748,0.016158368062163905,0.4298660511600958,0.009462741639382141,0.4048745777808391,0.010079868384894398,0.838381379006679,0.024593360483357314,0.8074121426157348,0.01494924603895868,0.7636146634393512,0.016037290299896624,0.012050586084689504,50.74583274852086,0.8936566253684275,3.130679197320019,0.0007401181154775649,8.51482926523119,-0.3287662444484669,0.9795777238634172,0.48440368093015473,467.8151190684926,6.00890346281674,906.015049414993,239.19022054089146
380_Glutophrissa_drusilla_drusilla.png,Dataset_pieridae,47082,0.003741164006941758,0.005658995819329899,0.005211781641932328,0.003912776157621516,0.0027703183145072288,0.003526344756175236,0.004733160006273603,0.00464003651413556,0.004326295109337157,0.004855043990263041,0.006156094510753221,0.005554600103417958,0.0036830230746841583,0.003301671695053762,0.005256411988732284,0.004805879830206484,0.004987088249141109,0.005674253692642351,0.00743393697802896,0.008132925512799004,0.004912939929130824,0.00460973333515538,0.005919033586401992,0.005506094370725297,0.0047424620166409606,0.0065302354324261,0.006989466581617261,0.009053876912827765,0.0052050648707952386,0.0058598202130502606,0.005706636162292322,0.0068789547860345236,0.01668550301888194,0.002138899312348923,0.014323266535730822,0.0011861401386433436,0.01283946326280723,0.000875873349555533,3.8531608809411395,0.728635945377812,4.728617744117999,0.7500045456348589,4.961337605146014,0.33306262299835976,0.9003335956529718,0.018926034135910534,0.8771549345606576,0.019372147200842918,0.8698561491602687,0.00816292534694107,1.1864810928310465,0.14232615625171166,1.367358300183365,0.11760001726813331,1.4707356161228295,0.06920213030863089,0.12890408283413254,0.00832108451904185,0.11957917801932419,0.004907822322945205,0.11324542963363125,0.0038647030806390867,0.5905751439721698,0.03761134195647007,0.5460209064995829,0.022037858237896515,0.5133068027177642,0.01708963066295645,0.000314609701591619,235.863506713127,0.9042481632016486,4.695583642745632,0.00021474683651397385,12.477789648559028,-0.2523397895044997,0.9853721886083233,0.15741961836276763,247.86474782881493,8.084582730045828,4691.234351614015,1231.7744645817888
381_Glutophrissa_drusilla_drusilla.png,Dataset_pieridae,55803,0.0027758601407090627,0.004585552212383846,0.004290295738772601,0.004431731219450288,0.002205426682319013,0.0034848969844071924,0.003769920057041372,0.003980521771125165,0.00275352280068369,0.004130526725602149,0.003769972390206194,0.004675678495923508,0.0022214054649986005,0.002819478736654348,0.003687427114846928,0.004015550431566256,0.002507098843411884,0.003409041484400778,0.003067923322492757,0.00400257600449691,0.002273554071582981,0.0027062968074241947,0.0033222599999789275,0.003821719689747876,0.0025489770717199434,0.0032241318891962256,0.002559226326677639,0.0032804639760783826,0.0022195197697436556,0.0025765325564775492,0.0030053649068724985,0.003463593112092283,0.11494693389250263,0.01124576863872342,0.10224501843387565,0.007458518964522853,0.08757036303950509,0.0066893424027637755,0.8949065576403002,0.22258076901767238,1.261809709871501,0.2131789267189392,1.8886526022550512,0.17369334101495926,0.929998606645229,0.017777998895135424,0.9001278748405497,0.01762191843296401,0.8468617433103371,0.01481423342949765,0.4716722445247422,0.08385556418650801,0.5899464138486922,0.06821397194809445,0.7645029761026363,0.061898476297905396,0.33863306528008,0.016570485554735455,0.3195456776867092,0.011643809755288906,0.29570821355975474,0.011270114143324777,0.8000804560010801,0.031413261913843256,0.7600279829057119,0.023673647125441892,0.7047272529681078,0.022482957964532473,0.003599044589383546,49.17439589871778,0.9391460354966794,3.4494860285995665,0.0005696532164706767,9.719672861320038,-0.31258586604454364,0.9839991796492927,0.3797772033051766,419.04260871472763,6.713579284317678,1569.2330676238635,404.6018658806461
382_Glutophrissa_drusilla_drusilla.png,Dataset_pieridae,49456,0.0019486694400295463,0.002632632005197087,0.00403161772425415,0.0036656399076633586,0.001657653542575346,0.0019921329760494034,0.004754885034740677,0.0042447400935490855,0.0021128346364633387,0.002751412762426266,0.003844958072063865,0.004567593697146083,0.0019408338426767896,0.001990623537986285,0.0041126295961017925,0.00404608826532916,0.002139440260958481,0.0030186614005882255,0.002958649856924142,0.004038486340024831,0.0019981251840779915,0.00212278797542834,0.0034024640717706845,0.0035364827242746946,0.0022483964155794456,0.003058017171328395,0.0023156779088343593,0.002867373690162332,0.0019335168824045153,0.0019999436456036215,0.002914529500716975,0.0029762203691615194,0.0918403341001122,0.01448346548941996,0.07865506780923752,0.009582976933092688,0.06447152431030709,0.0072336388322539035,0.9234688028579339,0.2663516235642848,1.3040208639475037,0.29933049883096297,1.8853871983230448,0.3170914539935913,0.8307266752181567,0.04952047403967528,0.7595803200890858,0.05611949949101386,0.6458921015710983,0.06234874753297809,0.5020230481014235,0.10968451307876757,0.6322466652340618,0.11184970995849529,0.8270261391539175,0.11665976873485302,0.30214304946736836,0.023450197412209675,0.2799181775716146,0.01734594114551246,0.2535128679586435,0.014239034015356375,0.7840808985332197,0.043984331059000285,0.7378447058429458,0.040757316607200084,0.6708264240063417,0.04080839358466627,0.0023306338773351233,49.836586153359804,0.8527138170209508,3.498121906945853,0.0005359694156999508,9.852640236001886,-0.26228398661285224,0.9678616930998721,0.3258706293982565,369.44016728157067,6.614516287204987,627.8161787707359,169.41319123102403
383_Hesperocharis_marchalii.png,Dataset_pieridae,53594,0.009010473226672613,0.009975022286181917,0.014579401587420897,0.015245464875007516,0.014155631868840814,0.013322927040952375,0.02174135913942019,0.01674843453731977,0.006670506513601864,0.008477365789458081,0.010369808298785308,0.013265257635059225,0.009806250404119688,0.010785212596508892,0.015316520038941413,0.015417511393356483,0.005960399410095313,0.00699413432832543,0.00809609361786323,0.00965258520051317,0.007688628583904774,0.007868007111111915,0.01108616999864864,0.01126187475395747,0.005161839308274135,0.006113474558665605,0.006286288662226902,0.006820882302114404,0.0060250626505674,0.0058420096840910265,0.008511469263576989,0.008580988276393947,0.017047523164341903,0.003145960879378739,0.014157952607048488,0.0016473789769357637,0.011366209731167438,0.001381055968193043,9.191294854923362,2.8479505668878664,14.633991067841823,4.8008041837926205,26.222246728732614,4.8107944501783155,0.8705859847651072,0.04019918445307773,0.7936441031184467,0.06796113339895808,0.6288800724306893,0.06863203337573041,1.86692179059856,0.34169543521675605,2.3779498046580487,0.39972451106114393,3.2701080802710893,0.37958809239545277,0.13005341680667454,0.011559928254590743,0.11877185538664062,0.007155345908019902,0.10641793809825086,0.006436783520073234,0.500636136165145,0.04966823480990332,0.4455826211311737,0.033787859973914314,0.3795334897905252,0.0314251616641644,0.0003197183627081377,577.5847532033772,0.872651199806368,5.295090918240015,0.00015175148621008637,12.956655802383061,-0.1982101127379157,0.9673053907664024,0.1257490897349255,309.4315120975998,8.15083094082477,8496.43461856791,2268.5048429428243
384_Hesperocharis_marchalii.png,Dataset_pieridae,115200,0.004694679232795123,0.007039617041912412,0.005561484834236606,0.008194066471544345,0.0037011319989988657,0.005873104111738266,0.0036520048674620253,0.005287914959640104,0.004132737633399958,0.0056512061042798,0.005006714027224159,0.00823974960926252,0.0036914343333461336,0.005637663348046411,0.0037019516294041163,0.004938410499219572,0.003589061534203199,0.004894976134912239,0.004273759447991144,0.006779316349810327,0.003499286752367399,0.00508181227034049,0.003600241003373467,0.004887802595123818,0.003124811902423591,0.004245963596214976,0.0033777241968899153,0.005045474948786449,0.0030222848263426324,0.004256939617830299,0.0032272181307400442,0.004465425382361374,0.04470663306384934,0.004308423708034689,0.038511976055596045,0.002435166575727741,0.03230210884266283,0.0013310820816602323,2.0919118483682047,0.5180239423563653,3.141316911203785,0.6581356033266142,4.83798466906191,0.6229640190110836,0.9540521164632965,0.011478509307821726,0.9307879549240454,0.014652715231723498,0.8926396548296706,0.01424639135435413,0.6912897637885755,0.09486160933918994,0.8657709532572251,0.09418061344345066,1.102079354308977,0.06707795800893075,0.21119581723928868,0.01014691305167812,0.1961441420353585,0.006281050931903387,0.1796897049177794,0.003703888392512623,0.7475949274763379,0.026028368111523065,0.7040991865081078,0.019958547017205796,0.6505858458983586,0.011051019034240907,0.001133692870832025,124.56590369096152,0.9571098226142978,3.8625067983255086,0.0004648505975883498,11.191819317666994,-0.33436348713304304,0.993929163652305,0.31782132121318296,315.3022586991645,7.68429159138772,5687.000696737443,1452.891650107099
385_Hesperocharis_marchalii.png,Dataset_pieridae,103630,0.0046393858418777465,0.005658353981540112,0.003886168501411432,0.004246849892294779,0.0031904989431194336,0.004502453384919872,0.003440575717287867,0.004822076792921462,0.0038369485689084357,0.0040963779701098215,0.0034145468327375647,0.0038767704420154983,0.0028362859002767143,0.0034673385189823353,0.0031332737459881725,0.0035358479631836044,0.0032056073187316696,0.0033586092506096505,0.0028112905561774692,0.00334744647131901,0.0024969395993865934,0.002812858061296506,0.0028512203005029483,0.003056133871973641,0.0028987866365869845,0.0029766936259854417,0.002379089434828981,0.002811842745109807,0.0022460547934042537,0.002496322213005707,0.002670404982552743,0.00272071726789958,0.08571888938659736,0.008133700634398148,0.07475378834939822,0.004887818341419079,0.06262072456215945,0.003175741626321761,0.9761223420474434,0.2247649735580371,1.4442993075410353,0.29344492023703184,2.3954418646809716,0.2381605334463871,0.9417651931153554,0.01350712658292753,0.9134999187252753,0.017622166384154057,0.8555452257171633,0.013935359441162528,0.5010447077556123,0.0804254460101908,0.6353631881684285,0.07465338729920672,0.8480439700740986,0.059332196462911,0.2924539232844354,0.013769246244399238,0.27326041300455184,0.009084879414717417,0.25016128734658055,0.006328892103757421,0.7884274152944428,0.02929570848675168,0.7443769482279474,0.02259716781501973,0.6835832369896745,0.016943681973639473,0.0027575370933321333,53.75668970067101,0.9497146336370526,3.5259028905699035,0.0005134243177765352,10.061722234856141,-0.3260648246515429,0.9889355663512277,0.35768550920693615,416.6476401843554,6.973686598605632,2085.180714041271,534.7343509354832
386_Hesperocharis_marchalii.png,Dataset_pieridae,57128,0.012682501400274736,0.014441509117082356,0.01316043628051843,0.01532501538633777,0.019824705180384823,0.018170707180193004,0.02049029827995466,0.0187383705834297,0.008199660477484981,0.011144098191257152,0.008135855694318777,0.010876999736143,0.012331314175622082,0.01459744312089078,0.012874260145712687,0.015068070631600561,0.006734246900497933,0.008254846223319456,0.006504102425625848,0.007620156925083127,0.008610198791940797,0.010018368430153666,0.009268944536200183,0.011142246811091631,0.005833577804486601,0.006932158650942438,0.0054304330561842805,0.0057120567808577865,0.006394949115444836,0.006940417371350437,0.007316707549728811,0.00884211355564387,0.030132409307911105,0.004378405231637367,0.025418881442590253,0.0026216149710242206,0.02022130462162994,0.0022370956365612735,9.258161415153541,2.746459050805553,14.972560743026685,3.966244935590064,28.09045137801515,3.6216835246765138,0.867306610643674,0.03941758037934733,0.7853106482847474,0.05705039494098564,0.5972009548661215,0.052626899238820274,1.771090297065026,0.2999279130330415,2.2747892729768817,0.32309502447046967,3.190242560999893,0.28951950123256315,0.17314908542581792,0.012320857279991292,0.15920995783863498,0.008430348012409144,0.14198527309356318,0.007841354868657894,0.5408751108252953,0.04170230282169299,0.4886950184739862,0.031330349589629936,0.4200709329493596,0.031006656083210068,0.0006473628458085617,582.421200065857,0.8692206907231189,5.173827191072947,0.00017773510139539497,12.446731699309531,-0.2060297404470936,0.9679060481410149,0.16486423789211896,399.48885642013124,7.90666133976553,8325.236092130857,2226.9143230491973
387_Hesperocharis_marchalii.png,Dataset_pieridae,59166,0.008039558219400209,0.009635350727749917,0.015478563164081314,0.016539943561055453,0.009152285892539802,0.010298160307960281,0.015990257302334027,0.014552241216459873,0.006299336659817786,0.007804684568592842,0.011737810052222842,0.015591092765306123,0.006729488404536069,0.008505441082357668,0.011825588256152767,0.014055970920271346,0.005930323421827928,0.007113177553177369,0.00941148395585796,0.01260330360557211,0.006308902332139285,0.006961477789794798,0.009694256316067665,0.011626562772606765,0.0054318333560902056,0.006493153317009022,0.007494866530512246,0.009391746812075327,0.005766721916905781,0.005804373127986988,0.008371856742232687,0.010013613428401971,0.02423346849713887,0.0026187480648212267,0.021351367996286726,0.001321421541357193,0.018871502760652636,0.0010425076652211922,8.720100531134353,2.73647321258372,13.317057687106486,3.642132525408317,21.842772974290654,3.6523639223946787,0.8742883262857293,0.03958501286737647,0.807747906737566,0.05289507690376609,0.6837422152511893,0.05339541061471828,1.635527271881196,0.2694580787208977,2.0384203382237738,0.27908389596850375,2.6561173402214755,0.2480781168644524,0.15544933428460733,0.00830499654492817,0.14605058683436783,0.004538070253257822,0.13732115703896774,0.0037950744566860603,0.571826558931489,0.035735171811380986,0.5275185187543279,0.02131943047883812,0.4821230088850952,0.015815005474092,0.000674561935685046,549.0766180892509,0.876072444605505,5.038253983398283,0.00019848686902750338,12.54886260369556,-0.23952467626802598,0.9820754980746506,0.18954134608681064,395.85156890518056,8.075497714817939,8315.880235976736,2216.2392135164973
388_Hesperocharis_nera_nera.png,Dataset_pieridae,72934,0.0047951588282021985,0.0065782223339595205,0.0034455960778673063,0.005151022695200024,0.00339215396941585,0.005018361018057536,0.0031972094626469996,0.005180285238434436,0.003860764121382002,0.005808186095930421,0.002981173064754497,0.004420132246094702,0.002942180179576255,0.004387013997816453,0.003046046263677241,0.0044601318258030275,0.003491794354665614,0.005381490421841416,0.0027294319990143296,0.004245652343099938,0.0027423719940521452,0.004286141183332737,0.0029156068671383085,0.004275868857264118,0.0033697429123822464,0.005416101888049968,0.002504059077326162,0.004048866105241491,0.0025213107935687876,0.004107279696003724,0.0027964160390619107,0.004224579261263197,0.1000381870350656,0.007916411809774059,0.08957675281637299,0.00518235883360075,0.07678505148245798,0.004276040504959608,1.3218628414215583,0.307769465894463,1.8131501124597638,0.26534802506013316,2.72889355784695,0.2721331317946722,0.9347198013490257,0.015618612448958515,0.9088678382485585,0.014049987020521222,0.8574464650453957,0.013839454544698126,0.5106107261985837,0.08086021812036985,0.6285866686974205,0.062027056357480216,0.8152753630303865,0.05963142675537766,0.3160441438128192,0.012421199486669983,0.2991640833003957,0.008809317760582937,0.27699518760420005,0.007662736232704047,0.8055842888697169,0.0251734469637042,0.7706095417304554,0.018446390638598716,0.72011210994792,0.01685519817298241,0.003466386553025352,76.67840542495927,0.9402394147242624,3.413882712175896,0.0007760822790676058,9.899022953972317,-0.3717365767865018,0.9938353492897768,0.4238354999542135,315.95718678733203,7.038101250343306,2494.13651348438,642.7037297273309
389_Hesperocharis_nera_nera.png,Dataset_pieridae,87366,0.003649019539519121,0.004899597925261023,0.0077042359482277735,0.010223596685988105,0.004230508337305779,0.0047427745041988,0.009860284828972811,0.010790526524918572,0.003337552404974963,0.0038730217096708043,0.005165609111433793,0.007137731621006866,0.0036951383897426064,0.004018968403577345,0.0065694927043928155,0.008240741884068472,0.0026196164718596277,0.0030334005065867854,0.0033784500181455643,0.004268703278171006,0.002859694617683682,0.0030964481800048946,0.004458888591298633,0.005217628526848837,0.002214721531348619,0.002531069773687222,0.0023648709529895647,0.0027674866527132814,0.0021775443511223317,0.0024284297795654974,0.003203103613900927,0.0034269726767061567,0.049990616347056524,0.005783448662569881,0.043233091202197274,0.00353602555104999,0.03512530534521444,0.0029362545875967687,1.828002523241739,0.6163008779708202,3.014763088490463,1.1523556389699061,5.930650609922126,1.515574246824634,0.9467022319556246,0.017960704794395897,0.9119238216274521,0.03359296826678986,0.8260218402741036,0.04382218012686403,0.7538151943968396,0.1541078465521645,0.9879608363993978,0.18385797006514376,1.4252320753232455,0.1966967312138096,0.22322390389706742,0.012716331075013037,0.20774457441042277,0.00867657796770071,0.18725427045648807,0.007819433548720514,0.7106771359011577,0.04258996001390634,0.6548194725314032,0.03393318884981477,0.5758099098901505,0.027612849432072477,0.0015792586876887261,107.59937202918358,0.9507359577793368,4.057645827868669,0.00047512843760785567,11.224941809358029,-0.30248844155194277,0.9893213332150156,0.2816072340560074,247.33463274196959,7.5811718536284465,4260.656673521715,1092.064011387724
390_Hesperocharis_nera_nera.png,Dataset_pieridae,122718,0.0025585276123579123,0.004055112978820547,0.003867691074088106,0.00467956025387381,0.002756538266147002,0.0034916903301571676,0.005463215261543927,0.005674414655630609,0.001857059893090406,0.002986436970198704,0.002055332312689994,0.0027315803712190273,0.0016840174978201019,0.002041101412964716,0.002749259218340877,0.003191019335501885,0.0015503044479105313,0.0026078457630941032,0.0013699024446209799,0.0021057689291210146,0.0012202060273604062,0.0015433217058919897,0.0019270146260641696,0.002436318011578145,0.0015948229962009857,0.002633062204210105,0.0012199451674345168,0.00191947068312941,0.0011432377118097271,0.0015098336662586406,0.0017587241215251377,0.002273029899772572,0.04190261743103564,0.004820314172793005,0.03590141502453421,0.0040642280136818235,0.0273101922305115,0.00323146886850339,0.4807887648133894,0.1408408741362256,0.7695765398022217,0.2842553466107894,1.6227609238255656,0.4311535306191896,0.9937632642566672,0.0018283697936260666,0.9900160393464099,0.003674121649327161,0.9789231636671113,0.005551879820108412,0.35781310926795906,0.07700159177088473,0.4850544623097531,0.10207499522205701,0.7559336095805032,0.1112079860937235,0.20437489161290723,0.011555133458686416,0.1891532969102001,0.011065500103288738,0.16496911480838022,0.009766442026191811,0.8328409633090048,0.03251038305300591,0.783295852602229,0.035963587641106125,0.6939465032150636,0.03244085275753682,0.0011694526394217491,22.179897641547647,0.9954925518325468,3.105752834028212,0.0008024960037669185,10.790572980128678,-0.4714021828681736,0.9992287370342802,0.38219635352082654,262.5986432095032,8.0496770772235,9819.662428597829,2460.460581559848
391_Itaballia_demophile.png,Dataset_pieridae,115700,0.00412786268254245,0.0071981208289916545,0.006461610859256302,0.008325878912791202,0.003438764281107388,0.005587028226893866,0.006185545096959951,0.007512935493232055,0.003701153488892526,0.00569243751015154,0.0048033196084233355,0.006979081924118928,0.003274664725264169,0.004759746692794212,0.005012789636054563,0.006949075009346,0.0033755265363355383,0.00535662124321248,0.0037492726203302816,0.005566586583191936,0.003081242252799577,0.004680547896362668,0.004246787140011976,0.006048487213601748,0.003181900811524612,0.005163358148826237,0.0030693487923994732,0.004724666145411834,0.0027520561880816185,0.004073227484629062,0.00360133011010161,0.0051829706284289585,0.06640016734555704,0.0054299794807976705,0.05984003589794857,0.0037626144570258487,0.051188292370277846,0.0033646730137564694,1.85636026339915,0.5018000489010656,2.803581085827613,0.6515285973460188,4.727170808568891,0.7570390343771805,0.9798263579822368,0.005490548591657919,0.9694398989606685,0.007112359998257543,0.948108091387406,0.008289520985126472,0.6566139383560707,0.11573695139792933,0.835992952359162,0.11390329764771562,1.1346626456471118,0.11108053004822503,0.25747031557943595,0.010450068946314029,0.24449812601969875,0.007791166203084166,0.22612636352993676,0.007426983708392939,0.756671901133037,0.03281404122971667,0.711313652925992,0.02554856929809212,0.6479764060766557,0.019919859871625274,0.0036576775193204814,110.32904599071429,0.9811964760497102,3.8101544936575173,0.00046493140394762223,10.916520186479813,-0.37988785332212877,0.9965538354192107,0.3639044716683629,385.18947624240707,7.6889746525083345,11630.109520296013,2935.10964157168
392_Itaballia_demophile.png,Dataset_pieridae,55436,0.005089428405268139,0.009055523921425408,0.007970200438861019,0.010616378473881352,0.003479049770127924,0.005383196200427822,0.007272250307456926,0.008234374627215692,0.004077329702027676,0.006751137923713579,0.005855896279645113,0.007443532762102489,0.0032121857398348334,0.0044098642240384895,0.005806172217765793,0.0072854096201322265,0.0038242650522092594,0.006282632616332344,0.004709913230335087,0.006591626381024835,0.0032952444322745383,0.004341867075559109,0.004903833405933785,0.006005932817836137,0.0037210654860492507,0.006557727533201802,0.0037781264940687045,0.0057998780698624445,0.0030629577168158673,0.004319091236964362,0.004141761915146662,0.005259423492119155,0.09299897220115402,0.007064285582013959,0.08572569220757258,0.004982436753880172,0.07642000428812573,0.004780720724210837,2.2539777634390443,0.776594682829038,3.4280729375410477,0.9602046295815229,6.005273349088455,1.3796480436504293,0.9797973387382857,0.00700027810063205,0.9691490037713586,0.008595374894634402,0.9454063339458114,0.01239684253182812,0.7630694939704448,0.14588023454235705,0.9653048681581633,0.1447237888463045,1.3082161530709362,0.14765153113322876,0.30474094513544603,0.011486015806582397,0.2926636250016114,0.008584568043224439,0.27630717205112343,0.008622700344822624,0.7257479263182488,0.03548748178016108,0.6808263576970109,0.027364904120666448,0.6202110535253361,0.020760506368822557,0.005454237355570991,135.90207124256997,0.9809903155286959,4.007742010436399,0.0004195513636887192,10.755104013820326,-0.36152036553955424,0.9950144191547651,0.35039585049467054,376.02202609704466,7.500845706128089,14168.844201245527,3576.1865681220243
393_Itaballia_demophile.png,Dataset_pieridae,55744,0.005253697935039671,0.009305578774278098,0.008158713419538825,0.010672353431464882,0.003625020089825143,0.0057892768517649835,0.007625747125188819,0.008811309162857267,0.004183844532932464,0.006979009762369169,0.006019246190777546,0.007947314222640221,0.0033459750882199784,0.004689844058486598,0.006085634046614036,0.008063106018339605,0.003943693731064636,0.006532896868222741,0.004883290378623219,0.007114433590876325,0.0033767198139816853,0.00458783199006475,0.005111210651493552,0.006758960306680124,0.0038495293006618313,0.0069940683550524215,0.003943892022475981,0.006354110502873907,0.0031443443977453647,0.004645363052312104,0.004384638730171258,0.006218029827195358,0.09094588103725229,0.007089628757667036,0.08389991622146414,0.005037663128416703,0.0748732310160774,0.004779904491661816,2.5481164781459666,0.8594000309294892,3.827837987705417,1.0559008387486537,6.63428720631532,1.463600944026803,0.9774030103256465,0.007677847592358868,0.9659008337069867,0.00936547910802179,0.9402716378116579,0.013027989901228498,0.7979006595249503,0.15369508496528503,1.0058543859555742,0.14863506108495372,1.3564136806945941,0.15178493077412222,0.30134748481001394,0.011643643584837235,0.2895219015409389,0.00877409537120687,0.2734911329966839,0.008708110487788578,0.7211095302977546,0.03606708934710223,0.6759917990707003,0.02718159106581942,0.6161806809263276,0.020931634047007656,0.005067282842593033,154.70286374592797,0.9785642080052144,4.055517533180526,0.000411319944502248,10.821506532190174,-0.3576883052240321,0.9948268594755204,0.34500359689699933,374.8808516688964,7.5198409910543935,14288.418101849136,3610.780241398783
394_Itaballia_demophile.png,Dataset_pieridae,119415,0.003896630852275899,0.006651403630010786,0.008324342939063072,0.008088253114609666,0.00481030167257351,0.006060464065905054,0.013309243574808432,0.013703634828549348,0.0037980343515885123,0.005078370087739718,0.006277694884339706,0.006840919912205493,0.00428474461970531,0.004716515384951994,0.008493406348300484,0.009985779065773097,0.0034640238161909977,0.004469010468519156,0.005000676127757706,0.0054477487889627516,0.003998216140501095,0.004228783386638412,0.00663278549308543,0.00759336607307328,0.003113401867985529,0.004066788123074778,0.003793349493250765,0.004254083601514311,0.003366272705959037,0.0036471547929364996,0.005360925911175264,0.006486693628381896,0.018185485995642958,0.003490647671428276,0.014914948813540996,0.002079755531710877,0.011530808275722216,0.001644979105543576,3.398753249354196,1.1496088814170784,5.186847491659466,2.0344892060478412,9.257897760065596,2.8140056491974903,0.9765171436173127,0.007952174484730453,0.9641405027719809,0.014056454881466198,0.9358733873936378,0.019455972390374766,1.0464054707044927,0.22312114117587922,1.3232885024527747,0.2622174729482788,1.8153410681870144,0.30663610211794157,0.13427389175488535,0.012490315794258184,0.12181065806925494,0.008781366310321646,0.10710714155699518,0.007672581261349529,0.6375455502409955,0.055313527828962046,0.5789079362133425,0.04551705139336325,0.4986548581323962,0.044496063483914626,0.00036419579439364846,207.47150230506494,0.9775721839800122,4.480299277641042,0.0002636320478754413,12.580376312503311,-0.3085796407170896,0.993955681822912,0.19219084447932977,280.1600648601388,8.417647751402018,18295.618651260742,4625.772538391452
395_Itaballia_demophile.png,Dataset_pieridae,59624,0.004258023888806434,0.007003203506465137,0.0065085245777184225,0.006779799106450385,0.00361070288299891,0.004276585718436609,0.00858121206384241,0.007344560808901948,0.003776963200839286,0.005920886701293619,0.00509683598053642,0.005882591986604351,0.0034687585008781065,0.003932215276926837,0.006199376203929195,0.0062555365635621266,0.0034238581870795265,0.00537215012892976,0.003937377827197986,0.005030658070995412,0.0030976467205594454,0.0036562470607460645,0.004810709978956549,0.005248503573342319,0.0031882053272328484,0.005528407229046566,0.0030443487282871247,0.004171793947321271,0.0026750428223543863,0.003465402238560616,0.003849705472150363,0.0046455354408834314,0.045049472945945884,0.006341135334399048,0.03867758007521298,0.0041794062074373434,0.03128083436646207,0.0033646028954758,1.770042494176252,0.5363173463608588,2.6680355073306203,0.7682344166996647,4.647172630113842,1.0135912483516458,0.9785946973614799,0.006519746303228456,0.9676376958075701,0.009266335974062496,0.9431791932748713,0.012224103150483528,0.7492348857177005,0.1487867468443677,0.9555498326521189,0.1598451586259398,1.3190208579681029,0.1697142226605477,0.21174477952681917,0.0146157890339397,0.1963663502191743,0.010855255723084257,0.17660899500670463,0.009491957078698344,0.7070620257472569,0.04595709635460334,0.6517695582840581,0.03818851459517549,0.5713990938142319,0.03457131136331993,0.0012497515321564163,103.42894804787157,0.9804262661263402,4.05651080732127,0.00038115133615452396,11.521241970063702,-0.33749950134057927,0.9945079369289218,0.2610871859634396,316.61123367631745,7.905715190547545,10468.86557070717,2643.073629688759
396_Itaballia_demophile.png,Dataset_pieridae,66829,0.0034966349794901736,0.005328574528795081,0.006085692634287419,0.00644356802248569,0.003260588179264176,0.0037595918494383184,0.009613343953511176,0.009394247220149596,0.0030260309565455293,0.004641436419388097,0.004299901282831807,0.005124961494705044,0.0030378535922901523,0.0037549476272415476,0.006763897334310599,0.008064649541576275,0.002745003287127851,0.004222069676016032,0.0031882880193685893,0.0038663905525826723,0.0027204160268782668,0.0033277591281624425,0.00495477083002171,0.0055456242206578035,0.002567513382808742,0.0038327663461040573,0.00251530420147335,0.0029421281298638276,0.0023464279523879006,0.0027409759647568557,0.003820215165816031,0.004013401294981093,0.02819510934202168,0.005685913749353264,0.023561990690247378,0.003404211786478763,0.01836568350659453,0.0026846460526254233,1.7498486166937113,0.599948325850435,2.7233171261765023,1.0657709223208836,4.947095157426332,1.4314769799048257,0.9682193625003692,0.010898939846228965,0.9504982325334206,0.019294343588186266,0.9098049258014125,0.02584201397779664,0.734253533677576,0.17463097179204393,0.9449268202583987,0.20409338963916882,1.3381405490753893,0.23398666700053836,0.1671294219656663,0.0162131321910339,0.15307496155100525,0.011403807978287227,0.13516649038295872,0.009782810646642402,0.7155189123083867,0.05535300079492262,0.6605646607423661,0.047656821131386994,0.5758589668379571,0.046559781800499654,0.0007700121373760134,102.68064192327017,0.9707679055860456,4.009649329809109,0.0003930199858797075,11.703993986671104,-0.3513873518355698,0.9957113242933993,0.28640621572392355,318.4539128056726,8.068167103213508,6922.20185043005,1756.2206230883303
397_Itaballia_demophile.png,Dataset_pieridae,40757,0.004349438659995194,0.006754066364338259,0.01015498534676388,0.009935660128892304,0.003677851754143487,0.005023130288222483,0.011907121163665772,0.012104097949880998,0.003697540519144738,0.005213872850258415,0.008505201325758775,0.00924373065513401,0.003657429029359682,0.003991308158607177,0.0100625345600636,0.012376960821007687,0.0034788139715180243,0.00481901916366817,0.0063485629620465365,0.0070274341838281905,0.0036984090201142967,0.003417577964667589,0.007586242179610081,0.00963124563161368,0.0032305338669247155,0.004703209762561508,0.004573855240583713,0.00491920294827429,0.0034021043109448007,0.003281618772661563,0.006027188989789425,0.007888650950834849,0.028114609042028754,0.004656227379470009,0.02339809104660139,0.003372483211392622,0.018878517069444444,0.0026971057376969296,3.7456831165295124,1.4253940824955027,5.698420213340886,2.137859287755999,9.701852946773815,2.651517082643039,0.930494352759838,0.026494050603068656,0.8940712187484637,0.039459956997777164,0.8182723430195284,0.0490221459407724,1.1403569499862036,0.2662515060670669,1.4460938271062795,0.28378000522398406,1.9515433081613722,0.31636494470089144,0.16708713190240246,0.014017824177022225,0.1525732731209774,0.010931028119670505,0.1370497678539025,0.009791741450624798,0.6154152685518521,0.05885254650748527,0.5551902548711272,0.04611038235505376,0.4768146130729105,0.045389150057755255,0.0005921827416055028,229.7592018861964,0.9331882310934664,4.617528546630993,0.0002710163092803302,12.123684163884532,-0.2595669858326517,0.98385726637969,0.19066192284443473,292.7702734322558,7.9198078681344715,6648.852538263793,1719.652935037493
398_Itaballia_demophile_calydonia.png,Dataset_pieridae,90343,0.004141729232434481,0.005511845250032025,0.010819881855320521,0.009321499428544605,0.003719642169794818,0.0041094292603206925,0.01292824769634767,0.012796271154025124,0.00347816580087181,0.004064470932911785,0.006263007325075602,0.006071142031726932,0.00319444735772628,0.003231537402740077,0.007033107328261103,0.007926557249806636,0.002954263690115406,0.0038195562796102087,0.004003098444983174,0.004103726028630386,0.0027703410079829853,0.002741676177633913,0.004656052053895527,0.005024676314119183,0.002593300449468401,0.003685455989725726,0.002777339894370634,0.0031425073297601837,0.002294431349586857,0.002419109077047368,0.0034949494265713883,0.003663119885372586,0.013893174605078634,0.00267163730317537,0.011087861931734383,0.0020589922317495414,0.007971357888675578,0.00149490551438624,2.1231318832272303,0.844882162154453,3.558733173666232,1.6371234536470345,7.414388905761675,2.6456381635509745,0.9843329558323572,0.006235135238811043,0.9737310361166064,0.012076539535063147,0.9452045202520257,0.019525568236335382,0.8800366293176212,0.21452250210740686,1.1681575867451182,0.27774155680753565,1.743751090286651,0.35597944409820254,0.11732643223793954,0.011299685986558021,0.10483822686925229,0.009839111679698078,0.08888580691613138,0.008406617485278461,0.6612948839669757,0.05943008511759827,0.5921027560199869,0.057601060070385186,0.4891295654761285,0.056974780566007965,0.0002892187592926781,125.76775662064159,0.9854823128010413,4.279038394141276,0.0002839781003467929,12.626526057237282,-0.3455191409438389,0.9968204309900569,0.20751561208425717,310.3733582730257,8.615702077983048,17200.04093139547,4331.452172004025
399_Itaballia_demophile_calydonia.png,Dataset_pieridae,97583,0.002331774105330072,0.0034229205983274482,0.004846273312235034,0.006234311805077853,0.0016129484662787711,0.002190738793672073,0.004924781908362911,0.006810104000385336,0.0020517789285318336,0.003291704759238045,0.0030027780080062795,0.004358067573054544,0.0015710522210269345,0.0018057704766670515,0.003403031781549338,0.00578588539713541,0.0017494248760224213,0.0026463051130735725,0.002095611376173577,0.0032457129766133856,0.0014165299776810567,0.0016155141146611577,0.002621437508864461,0.004500092765507377,0.0015701143416808317,0.002144622791063331,0.00155590804561032,0.0022383177610007005,0.001255919907210811,0.0014217402754812681,0.0021593276115640728,0.003521076486220123,0.04084757826641715,0.003994549913329665,0.036286549098032715,0.0027573318047066264,0.030070433721230083,0.0024925436024274836,0.9559184072075211,0.36016697814938103,1.484079940263159,0.5390203723593691,2.813780840417012,0.9009856230378493,0.9852822563090733,0.005545425234126029,0.9771600724261104,0.008280397676075314,0.9566914258337946,0.013843215707614698,0.44933701018684,0.10433799576407199,0.582334221206134,0.11158404951487143,0.8388670023740825,0.1438060288248339,0.20186630335468195,0.009877946969521451,0.19035138045622405,0.007273311243344628,0.17325888068289957,0.007196803855799782,0.8166757449425335,0.03356189763916638,0.7772148417834364,0.028216039427715483,0.7123654702079281,0.030437519284007574,0.001979822285853679,53.295028173411666,0.987156427091885,3.3013306057037166,0.0007946414450917342,10.815783411951669,-0.4533932129812271,0.9989296726240294,0.43316917543688704,179.8559546403158,7.959216065491662,8245.714668890836,2074.752424266064
400_Itaballia_pandosia.png,Dataset_pieridae,64600,0.008308862605908256,0.009382318207227737,0.0075833861721018294,0.009750469465174275,0.008883595351091298,0.010848754953683799,0.007326780194593589,0.008914755500501354,0.007400564851760053,0.010229648948910422,0.0061050941158408535,0.008964441094821739,0.006543426970154893,0.008826213517406976,0.006230692510300136,0.007835658678162997,0.006145959131371785,0.008535968893463149,0.005135575439783493,0.007373743684348106,0.005105901629411428,0.0068042374612282104,0.005204291669482295,0.006749060334224957,0.004885383883012954,0.006800626018701035,0.003938459747006349,0.005289674445876811,0.0038833228334448178,0.005125184659114507,0.004108786797540128,0.005621515548116869,0.057998202475111574,0.0013043003173735766,0.05612479763264028,0.0009777377300109393,0.054013694733137205,0.0008617730941561524,3.9664011489576065,1.0786661513791165,6.291504633654105,1.4407951997507524,11.104399494311497,0.8558860005358885,0.9830788471276768,0.004599443692900474,0.9731707037050874,0.0061343983481739256,0.9526877789038305,0.003642521615109462,0.9966855477671422,0.15180436226618732,1.2689927643835328,0.13981082571866382,1.714093006970484,0.07293221221455162,0.24081301417200462,0.0027008666211902604,0.23689765940636892,0.0020728242627648876,0.2324010535913332,0.0018560772547162713,0.6927788514950994,0.0280678932901303,0.6515186309352312,0.015746743089679865,0.6006363067752326,0.007724546316989586,0.0312859433049529,247.1401346457402,0.983867901974716,4.256796063032915,0.0004318093118200806,11.09257644206492,-0.40533301886556494,0.9981088855910856,0.371653531559975,270.4562254234894,7.804968337434914,30390.98069970462,7659.530208587594
401_Itaballia_pandosia.png,Dataset_pieridae,85334,0.005300922242604812,0.008044798724516784,0.006901845469582227,0.008072201737767909,0.004106014733084752,0.005704228425231047,0.00635655096622146,0.007395134668898773,0.004188484943557143,0.00554945774705799,0.005141391422232538,0.006257391926033796,0.0035788761560604093,0.004426591498020903,0.0054653666041262075,0.0067466081282179825,0.003571511107030534,0.004979714256264678,0.0038303703025760073,0.005106016853695984,0.0031044291899896817,0.003938818226356414,0.004431856787189857,0.005946276243570968,0.0031823201207832256,0.0048293962088291845,0.0029904984276538423,0.00439259643838438,0.0026380039741872078,0.003678743939041834,0.003610600046032126,0.005358769080598404,0.04857133202805516,0.004456178933284453,0.04317646435634572,0.002744102366760769,0.03596023751391754,0.002300929379279619,1.8656706009475936,0.5525214577825346,2.8589195641636493,0.6040986106871498,5.070998379941468,0.5694982153683795,0.9871733484885676,0.003804538551381463,0.9803184304108021,0.004163249067620315,0.9649842061481695,0.003923655079070482,0.69774104425927,0.1225474863817518,0.8971841265501848,0.10892437334127111,1.241599916022353,0.08605772078894092,0.22016163621876328,0.010009293957722602,0.2076809502043461,0.0067147061414215125,0.18953636398417634,0.00601699605911212,0.7358715676070047,0.03317606767198139,0.6857547661289722,0.025473021645332515,0.616616920299003,0.01697645314768557,0.004913957359975529,110.79428847782758,0.9880323693135734,3.9112591478020327,0.00043001701791570303,11.065237037405458,-0.3995194480783326,0.9977509672879816,0.34521222273660435,342.68522788463935,7.851035875804625,18406.90187740249,4629.42404147009
402_Itaballia_pandosia.png,Dataset_pieridae,35294,0.006331909983278379,0.00808034160166792,0.014880533234725149,0.013783423779415351,0.0043154948687262485,0.005029898920650699,0.012334042155762379,0.013356950178745688,0.0045871252763785494,0.006324532208683252,0.01224815478852622,0.012962130164067148,0.0034652423425847573,0.0037156675408268674,0.008887516743087914,0.010438753630159761,0.003802465378381568,0.005307048621425373,0.00894803008663644,0.010218612731177875,0.0035071221657612065,0.003443950803518095,0.006353388326537239,0.007322667634301006,0.0033387832256361444,0.0047927199123687,0.0060004285666037,0.007100225178419681,0.003381528396090279,0.003630987475141788,0.004756559693867609,0.0053781750973414125,0.012663894722300006,0.0019139188820382035,0.010528425962132361,0.0019312096488059217,0.008427412629989818,0.0012892543312679435,4.380245730337332,2.0818660243564833,7.119254068308215,2.721393084149916,12.496535557804787,3.466542336388333,0.9694927019768107,0.014482707465900007,0.950376012260634,0.019050534347410022,0.912722978723003,0.02440297394583577,1.2434929541899358,0.3017260083854773,1.6136588627537614,0.34405560311850336,2.212763243445057,0.3644282457740534,0.11218644180248119,0.008837250590455347,0.10220978681954604,0.009032465911106949,0.0915464074438516,0.006831391813834833,0.5942135311752531,0.05175805402035542,0.5327864198154776,0.05051751966019348,0.45425354504385695,0.04152458556909327,0.00028421612694618154,270.72895948845223,0.9705173683915821,4.747516317107262,0.00021260472064119312,12.903879096310025,-0.32024748840540684,0.9957570322045061,0.18286239062783516,291.04982031765337,8.646787328662361,18091.279279630282,4590.502059779683
403_Itaballia_pandosia.png,Dataset_pieridae,85909,0.005409800221537931,0.008458528633735422,0.006860757120637322,0.008166691061635874,0.003971418540806383,0.005626449246291171,0.006130608134540881,0.007208918980288189,0.004313571268537389,0.005712631122868794,0.005328369363652445,0.006448474108544355,0.003652169747642492,0.004459594582576278,0.0052233122385598385,0.006558091233821758,0.0039832373440900634,0.0052944397049032,0.00429718567625025,0.005540408867188655,0.0034054627124096896,0.004134948119556818,0.004552857971121074,0.006085593362659506,0.0035604734104924423,0.005181421288440605,0.0033914110853908116,0.004750737481050157,0.002931915058912479,0.0037899676806307176,0.003875410931516423,0.005746242891669511,0.049286718069210235,0.00375491249730811,0.04423335728879766,0.0021033941589549566,0.037212911617417244,0.001471392283762211,2.0547853603265116,0.589681847536774,3.081081198668176,0.6015203353120675,5.217855539044265,0.5675291610734854,0.9859232739502379,0.004048387183778381,0.9788611233529864,0.0041329857528436065,0.9640733493791793,0.0039074424349392805,0.7319916074598374,0.12051743823819878,0.9294578403169854,0.10514617813765034,1.2528580975475165,0.08112630555589397,0.22184598780919115,0.008430644232467506,0.21025683858079272,0.0050417376774403045,0.19286885301591422,0.003810138283962952,0.7290362016341441,0.030334030983046455,0.681713144929776,0.023168427335997305,0.6183596577223505,0.014312574434718837,0.004666054631294853,122.97072417530241,0.9867785874434388,3.9627585312261018,0.00042951870184477613,11.077922836117557,-0.3986930517161412,0.9977754697269927,0.3510636439122824,342.1097614947226,7.861719428676206,18481.565154613076,4651.133969697086
404_Itaballia_pandosia_pisonis.png,Dataset_pieridae,65319,0.007146432706177025,0.008059137202023317,0.008941430338485865,0.008090152401514167,0.004649472182278649,0.005506308215371712,0.00699155120278548,0.007540908029878703,0.004306842727306891,0.005458810228057518,0.004608182146203103,0.0048600455000620945,0.003846618489871593,0.004601554024133102,0.004312297875830324,0.005061437996236881,0.003301041437162051,0.004516366618103293,0.0028915633559156518,0.0033401481537967113,0.0029962633436931324,0.003761142853478507,0.0031242064775818,0.003970061745238873,0.0027673803534291564,0.004301514963320038,0.0021486714418518164,0.002877255293091128,0.0022260670701252836,0.003025395478747724,0.0025088912683170145,0.0035266475643964184,0.02245168872762881,0.0026097351074650756,0.018661446889441335,0.002311075233500248,0.01415783400336649,0.0017440980896396671,1.7246825343262322,0.5967753793509936,2.965665026788863,0.8530254786909379,6.555172077049559,1.4530937894730138,0.9871556597025737,0.004444022813076019,0.9779168172392028,0.0063492688380861004,0.9512163518083394,0.010797308639729174,0.7502381764849642,0.15369166908591209,1.0064364770226277,0.16519550649126885,1.5396992123325188,0.21251313334538616,0.14957129814565212,0.008950726152287689,0.1363581271103094,0.008240634709173855,0.11876837050324383,0.0072047325676037645,0.7078063954425863,0.04227821503677173,0.6465620098074997,0.03728747017607162,0.5521440609696309,0.035626200213026565,0.000586461964604192,100.79843845693618,0.9882395870862526,4.050991007710138,0.00039627380125235694,12.006679414681079,-0.3888707602942398,0.9982474635219212,0.26306695568105404,223.63226407208083,8.44076209422261,17041.27636870707,4285.518701791001
405_Leodonta_dysoni.png,Dataset_pieridae,64599,0.007838338825138185,0.007707635324492496,0.013639338197249088,0.014578680215396765,0.011774193419071485,0.010848645047015677,0.020546328938627706,0.015589349279809449,0.006614555081259598,0.006713564614833869,0.010448655552325882,0.012977071705854416,0.00843510534678854,0.009543950288019935,0.014222453397055815,0.014923475886769948,0.006358701412175605,0.00722171869535499,0.008773438799909519,0.010891495708457882,0.007655788287361129,0.008773953939267267,0.011391219182024136,0.01309643174172474,0.005766601218084429,0.007912698883304585,0.007113633007331633,0.00865829667220112,0.006587097047943702,0.007789933831225197,0.009594686285350972,0.012006657891020225,0.013557081104872833,0.002070712753347097,0.011474520305985895,0.0011968889071821915,0.009168557894897959,0.001037936968879095,10.77127438410214,3.1446465105426507,15.886787371316403,4.480294443703298,25.94232137897446,4.551925672980128,0.9317286519913439,0.019907839739576157,0.8993786572078851,0.02834409401520052,0.8359533947693678,0.02882146205016376,1.8636592081361751,0.31837353872255575,2.308517492514721,0.34576974083733963,3.0603270104658615,0.3406041760471701,0.11611617801193806,0.00860896676568931,0.1069641193366229,0.005761725481710048,0.09560208106056335,0.005366562380838694,0.5279364856877949,0.04553759827250007,0.476922850517159,0.0338009931764545,0.4093030301644226,0.032797417458437735,0.000346589287339301,678.6933963891419,0.9327096038397136,5.256103229658811,0.00016430608093980615,13.092595542629201,-0.2482393549277621,0.9865056503892469,0.16523872801217201,208.54503124983532,8.42345115005858,19490.348084606077,5042.260370248803
406_Leodonta_dysoni.png,Dataset_pieridae,96841,0.008301114489442794,0.008232393121969576,0.014045977652832171,0.016274629137072227,0.014349782223621668,0.01668539646143421,0.01727760917222856,0.015971940158785728,0.007135147667660467,0.0074313742556590566,0.010442138431929968,0.013757374944817265,0.010028626151445952,0.013676931242055898,0.011470914229823367,0.013345647695612918,0.007318313306159558,0.00845531452453054,0.009048746127362077,0.011122753052001907,0.008425020266458482,0.01075070285535641,0.009525525098885197,0.011527606932403343,0.0069462240417726305,0.008967958169751546,0.007513816123739575,0.009109521888475698,0.007146899506307015,0.00896339496616596,0.008657786905968424,0.011150041835173352,0.016597728859764238,0.002064875502816029,0.01421229861577453,0.00125850028412794,0.011450489524301435,0.0011136210267484836,11.044753413926975,2.7819028061690623,16.40241031423357,3.8516965774416114,26.874057843010515,3.663577019435983,0.9423213350020927,0.014519815126388596,0.9143832695115346,0.020077181758276417,0.859816347772266,0.019101714655603574,1.8314472395412031,0.2487691854180368,2.2647909749497193,0.2780508254557205,2.9779196302324964,0.24346091491724775,0.1285927827545702,0.007850164533317334,0.11909197949702852,0.00542208772096801,0.10688159564706923,0.0051782271326999444,0.5549924228896055,0.03173663570273558,0.5094727690480828,0.02514024245510471,0.4499965228162358,0.021937967409646045,0.0005491083712540544,696.6367787722713,0.9430198044253717,5.1709084150308176,0.00019293995562909383,13.061420242171426,-0.26779484020639693,0.9905149785220991,0.19709039935600087,200.161375931616,8.515077190060083,23754.10648009339,6112.685814716422
407_Leodonta_dysoni_batzebina.png,Dataset_pieridae,131013,0.006245458519661455,0.008297667234043495,0.00672483186169256,0.009777852208439625,0.005981505687511229,0.008787190027305552,0.0070703389226161725,0.01078117430440792,0.003925350799514552,0.0052695103382661155,0.003876984857041548,0.005951943864336351,0.003561773192301583,0.005281591521848431,0.004036577003593072,0.0058803158416956686,0.0030856675835440554,0.004300766001589452,0.0028597818055873148,0.004419622027940284,0.0026825172474145877,0.0039029962527780612,0.0030658098033310203,0.004334049601113141,0.002561982772804345,0.003787528544880134,0.002209724233153128,0.003472841448791272,0.002112629618381906,0.003094546156412886,0.002564740746136568,0.0037359168221921778,0.06577270544107114,0.004384033989736471,0.05941552662258644,0.002263664609307361,0.05092777021046099,0.0011250719670047816,2.06537656901417,0.5674155219503217,3.4438766385586077,0.8564591984804671,7.133969049189127,0.5573702666162021,0.9903021587268197,0.002658703790613428,0.9838490220207274,0.004007968961670645,0.966625654785888,0.0026032902217464522,0.6316995277853578,0.10036418867199903,0.8248053530625101,0.0961128333732781,1.2018150290612881,0.04111871501413962,0.25631963001675834,0.008541235808902104,0.24370838253054303,0.004663786758950141,0.22565816233189837,0.0024827370886970047,0.7803024524496507,0.024722998906871695,0.7404340475557027,0.015718544125558065,0.679984271425097,0.005633416347135701,0.002846201135987694,124.25803366040368,0.9908830757714628,3.6414435891047225,0.0005794910754087581,10.929969822309548,-0.41785610553218433,0.9982787747903421,0.4013428952227589,191.6055609788968,7.872888003614779,27129.797463570074,6813.513874307619
408_Leodonta_dysoni_batzebina.png,Dataset_pieridae,83375,0.00828783095318182,0.007889231102456339,0.014230054723542315,0.01454003851490582,0.011506719283206087,0.01111773154022607,0.020966638346223004,0.01568411787945575,0.007292997895793906,0.006292011931188415,0.01027638992309814,0.012144211922141114,0.008739700950770351,0.007937560766593401,0.01329643560257714,0.012405152424118005,0.007941514285249671,0.0071626252737027355,0.009796583538546613,0.010091315029857406,0.009223885900699978,0.008313480497450728,0.012170315997142023,0.010983591385695476,0.008157518882539678,0.008599007987555368,0.009327403930703426,0.009422432425421703,0.009057642284111841,0.008909644612749264,0.0125453153199886,0.012548651179161829,0.00712181759042918,0.000987781421566897,0.006112232524642103,0.0004897629747009748,0.0050424857421734,0.0004228152654254909,12.982582504517858,2.9905463964064976,17.50656263857232,3.590688457526605,26.938914714153388,4.062154484920499,0.9151183072777689,0.019544256370389573,0.885582047825451,0.02347337888181342,0.8240727777244908,0.02663025745874784,2.241484252801431,0.3035986395060789,2.640149336855344,0.27688569681771424,3.326446887983146,0.29783691490642394,0.08419835041224225,0.005696962198088137,0.07811514342820074,0.0032026382614541993,0.07094804469216812,0.002976692213097489,0.44872893099513483,0.03889965533975867,0.4068821333178692,0.02185216988876695,0.3567517625498628,0.022220468135492118,0.00014026421525030637,821.2279098936053,0.9160737034007013,5.589028510416149,0.00011247974335848435,13.796536448822225,-0.20888731096169894,0.9784856105647246,0.11156211546136328,243.54075360432316,8.657618394768086,18748.24551969013,4892.3683573959315
409_Leodonta_sp_jardin.png,Dataset_pieridae,107153,0.010338390112125012,0.010921513736138356,0.01633463914879999,0.01678038149993121,0.011997420689034805,0.012904399626427181,0.014592808063965344,0.013256490136747616,0.008682250826072269,0.008895363552415563,0.011717923054670312,0.013855225352246292,0.009410308761853501,0.010458657637844999,0.010356563678443733,0.010707581394364792,0.007921727215913018,0.008909872433641105,0.009657290984578498,0.011765082351337037,0.008225753363154339,0.009335244181472444,0.008711220191963385,0.009375865108320218,0.0064180723671212565,0.008101593273580013,0.007276443172508611,0.009011713686025175,0.006549435043726183,0.0077125039413224504,0.006818121590010459,0.007629454663064873,0.027484419098288453,0.0025658138770304076,0.023456594100423184,0.0019061998999136448,0.018849747234921086,0.0012187284551198876,9.064334473346078,2.330884770629264,14.25898567589789,3.213950279397253,24.242464044304935,2.3317705576179537,0.937409739627926,0.016068012928910497,0.9016081141391448,0.022131950424687352,0.8329706091922988,0.01597882278798836,1.7092294507169283,0.22515841623522628,2.1621720879945485,0.2575489951201553,2.870226891441154,0.16437856886256155,0.16560487937305418,0.007709930357962107,0.15302671647666227,0.00627838711727754,0.1372224609331305,0.004443360257346298,0.5482620037500134,0.031036955763807255,0.4964277476582989,0.026143698048719164,0.4342709691121185,0.01697912042880951,0.0012900972588399603,572.2304480483692,0.938404783973827,5.170360428154114,0.0001695836516201042,12.573752878200008,-0.22548377787357698,0.9782104727919491,0.16816792508286393,129.078909430664,8.094747041556626,18006.39261829963,4644.655766586999
410_Leodonta_tellane_intermedia.png,Dataset_pieridae,90984,0.007448334498554033,0.009040882409650532,0.00572843446117304,0.006550018503708311,0.006916802091360112,0.009824398923647091,0.005382278625916388,0.006475722967522127,0.006353080381820986,0.007602011181505575,0.0050615088705671645,0.005739451566563168,0.005665393077070417,0.007558015166710194,0.004815175420596854,0.005343295681706153,0.006644874887983103,0.008509719139538432,0.005269490264836351,0.006592860637317367,0.005683853901778168,0.007619468780681347,0.005181852078785589,0.0063010759882898325,0.007096671722182685,0.010344157882965724,0.005177261771148661,0.007366936360032922,0.005495468961678476,0.008127696685147557,0.0051370292195488795,0.007262340953024314,0.019588765250372384,0.0016175058407591836,0.01726097173203628,0.0007664774484307201,0.014765175780418381,0.0001874413508324451,5.852975840972928,1.0875790440363058,7.387698830389855,0.752035052694751,10.17186613571701,0.6340265012232302,0.9591210277959602,0.007578573907598697,0.9484627908780535,0.005222318316491357,0.9292284070805027,0.004429419444029436,1.206490601945341,0.1394556698359873,1.3997959094431314,0.08107237515390942,1.6918701013658561,0.05258624152240157,0.13984081957969366,0.0057715188340633754,0.1313484666606748,0.00292438676065292,0.12150959820506632,0.000770275575182556,0.6560385069022139,0.027495495469500742,0.6171333821967045,0.01497777379962718,0.5668761825672805,0.008140053938896514,0.0005436899277996503,365.72207174878963,0.9600729784986658,4.543655445218537,0.0003086955544973124,12.532456393373895,-0.3437693713087825,0.9970690282615872,0.2688021575310252,214.14537693782688,8.511221582033123,17952.301636994063,4579.505927185715
411_Leodonta_tellane_intermedia.png,Dataset_pieridae,121721,0.005341444873796442,0.007442323734397114,0.0052576248170716055,0.008341278225819017,0.00480091022012873,0.007165364484477966,0.004656380758297089,0.006465333191631966,0.0038929952367785375,0.005775125262759689,0.00378455780605912,0.006425035140912368,0.003513068429359047,0.005114551547418714,0.0035810066741340752,0.005021590249631601,0.003600877496582593,0.005783818309346052,0.003418334549198992,0.006032204993957583,0.00321154027273088,0.0051313685747346365,0.0033193340335422638,0.005024811470538098,0.0034419891733835895,0.006234813035053351,0.0029237085327972695,0.005463110217992025,0.0027547851975604117,0.004737226380335749,0.0029464457787154274,0.004951155912212401,0.0737625910353433,0.004681329707830606,0.06688588980388194,0.002222713899648339,0.058096023576861104,0.0006792592100533415,2.533032060689981,0.5706014406143113,3.6508576293992148,0.5875796494620323,5.91825680854397,0.30317603721317704,0.9846051190331165,0.0034626040885066037,0.977831779735504,0.003561111419359971,0.9641375966155723,0.0018587224176712794,0.6631899312884613,0.09072031688805718,0.8175851013339568,0.06905591336707867,1.0705216571677885,0.028899034925688943,0.27145577246412056,0.008622913153390603,0.2585873212429128,0.004299662346807888,0.24102706633588242,0.001406012225847318,0.7830122190643394,0.022410074649009133,0.7485795717779573,0.013148075724092979,0.6993966085226059,0.006685494469847198,0.004210499452469159,154.43056035531106,0.98528088305301,3.63101192744974,0.0005934110478086898,10.708709898836512,-0.4141706416632278,0.9979617485709827,0.42032254875943525,163.73855984216868,7.695187660554767,20827.575402809154,5245.501490791119
412_Leodonta_tellane_intermedia.png,Dataset_pieridae,119779,0.00810144461851039,0.010568378854542457,0.006810650173455275,0.009787288825452925,0.006954868704025696,0.009619732181657513,0.005994383880713988,0.006934446979788797,0.005770012878379523,0.007460575069970992,0.005426275811627554,0.0078081591967906466,0.005134634088058262,0.007092131109261658,0.00480389660355955,0.00561127356845091,0.0050267169817498755,0.006557202712776514,0.004650721727742045,0.0065828023338879715,0.004538639780518555,0.006080318178048681,0.004418779632916699,0.005487073109601862,0.0045842310043877794,0.006878224742684199,0.003790903295429609,0.0055334555150531265,0.0037390819684458383,0.005275210752335426,0.0037682724752272963,0.005176101218209983,0.02544920206523303,0.0020373931561824803,0.022367374808399593,0.0011187852266679938,0.019227259565452407,0.0003019735805730852,3.721882786653117,0.8743863979929376,5.5061179131708045,1.022755805098342,9.293848982411198,0.683464103252117,0.9788449364497467,0.0049596726170991305,0.968735615590637,0.005790809832180884,0.9473492941802923,0.00386797865441574,0.948957469253809,0.12776371816606275,1.1746508704187,0.11003718568748044,1.535497937024681,0.05321149949267399,0.15940030734921867,0.0063831091333022534,0.14951023484860304,0.0037502645126924546,0.13865810833763376,0.0010902099253965883,0.6903007704947517,0.029029546279711858,0.6448137585370843,0.018697657772255384,0.5886433104794868,0.007784637552789046,0.001104999076216531,229.65381177058856,0.979742351148712,4.308693817438986,0.0003206210538816673,12.080187717292088,-0.3590388280159293,0.9972878117737038,0.27633817780041386,189.13729043684378,8.329962906070282,22440.738866013242,5667.598169445955
413_Leodonta_tellane_intermedia.png,Dataset_pieridae,81693,0.005834588392587637,0.006423254238158071,0.008962426392316708,0.009629397904094858,0.005522994717796318,0.005571660199290676,0.009136066412133964,0.008704850313378818,0.004315999478789839,0.004888140393273238,0.0045161697002028675,0.0054815509792415186,0.003705727408883645,0.004148819346128479,0.004242562758781608,0.004536549162987566,0.003644774852815896,0.00457826715810524,0.00277225377887203,0.0031897405530130637,0.002657092025883103,0.0031665597526976067,0.0024686299334113044,0.0024532089976181887,0.0029532241130469056,0.004358601070798328,0.0018890155740156041,0.002211238434580992,0.0018631107657636117,0.002267041611270286,0.001827626852899677,0.0018804856078509912,0.043554831067633984,0.003917673604922578,0.03755885991042582,0.002877375789598943,0.029775744136379272,0.002095928510682752,1.746461494505203,0.4928473850262898,2.84984686337767,0.6551168762312244,5.7813800959979655,0.6445418772516532,0.9699898321070697,0.008454774721250832,0.9510823653844316,0.011216921256975522,0.9009450443215292,0.0110548471659436,0.7411090507396098,0.12164855292173926,0.9750522480055898,0.1303236550247319,1.430318543924332,0.11387484889989857,0.20848652019500657,0.009391590100249965,0.19365519594597275,0.0075183105517613764,0.17244957196452132,0.006073653400767511,0.7133334533087898,0.03335837505250656,0.6567345846792381,0.03040004761120691,0.5726729970001734,0.02399457979023166,0.0013563149234393098,102.31218325086435,0.9724636476494954,4.044485343565489,0.0004023589500144354,11.393334283158971,-0.3420150356394413,0.994941914678747,0.2852768316594206,122.68677430090915,7.857686340779257,7327.646446934994,1857.4896575464647
414_Leodonta_tellane_intermedia.png,Dataset_pieridae,108804,0.007995617850205049,0.008092343856565777,0.01419452683759266,0.016676729219534028,0.011961915308025513,0.01275071202088356,0.016975985300395593,0.014784498226840524,0.006937844438741384,0.006897156509462601,0.009559114389057884,0.012939817544507933,0.008409560153243666,0.009494516290440477,0.010849724617722012,0.012115834959116287,0.007117072028090552,0.007758308844154115,0.008260954832998112,0.010193359868336216,0.007935912314226318,0.009084318900273702,0.009285128928513518,0.01098591161684105,0.006725138115944984,0.008465872523975855,0.007014431168531778,0.008630065472655303,0.006925614258340961,0.008536360377071726,0.008211897257300592,0.010339253212247608,0.0149315147271544,0.001841463977773747,0.012800930081827913,0.0011102139631551235,0.010452010527637319,0.0009325378130926463,9.601189772835601,2.3352196788970327,14.19227398593044,3.378415443348166,23.389121041051908,3.562951360072928,0.9444584532263219,0.013495825728156493,0.9179533010786828,0.019497629247175012,0.8649912337880588,0.020574630629723114,1.7517903740006835,0.23906556439047108,2.1570730429886598,0.27072284195500285,2.8297769750940547,0.2569285249317687,0.12197205562817856,0.0073710496532663145,0.1130290058885344,0.0050372521951523195,0.10213392845788173,0.004546557532641099,0.5478017977322046,0.034508170079216874,0.5019379379305329,0.026220329360895068,0.4432187019398421,0.02350140189460596,0.0004538850689416363,604.4512009685275,0.9453441137537479,5.165801271183793,0.00018099523873297573,13.063998695179622,-0.2615052614628959,0.9893900128361657,0.18806463271002577,196.23550615350402,8.493403623783843,21512.588864452504,5529.2600163552615
415_Leodonta_tellane_intermedia.png,Dataset_pieridae,81672,0.008001219356070934,0.007097109212735187,0.014008476008148566,0.014818157039806466,0.012629231923590391,0.012060773978260289,0.020689921374867228,0.01686593250476614,0.008467951324424159,0.006942165850712489,0.01028165306261597,0.010169700923858885,0.009994593519052004,0.01055498586141451,0.012620204549315853,0.012344429256652896,0.009792741519440595,0.008454099906671932,0.010103777950886975,0.009208667001271218,0.01016927391650456,0.01011605906081848,0.011451670445696862,0.011171319311887218,0.010022610764559533,0.01012563012271071,0.009575894148330358,0.00949405322603113,0.009494575273017473,0.009665569574503081,0.011217375563907356,0.012332903322704017,0.00926406297091481,0.000911736112343328,0.008159890348646906,0.0005582559058679367,0.006973050987383794,0.0005702381012029045,13.414020367465763,2.7494046936326026,18.18440987766989,3.594151116276164,27.67574816142316,4.59762310821014,0.9163882081952237,0.01713196742614974,0.8866632741766844,0.022421216972703613,0.8275042117660858,0.028726149539932105,2.271358495555196,0.2640973250394945,2.681419638209559,0.2740632626986651,3.3475903522738557,0.32217152955031825,0.09613662651169039,0.004670333378524388,0.09027700606680893,0.0031547621558922624,0.08343532530716646,0.0034055070505143044,0.451250790453096,0.030178465969553765,0.41066218757913947,0.021723295840086945,0.3643137153987018,0.021952172862717053,0.0002671975609683329,848.5513142353456,0.9173027127222119,5.6116430838580635,0.00011176230028029259,13.608805330973965,-0.21362892116691218,0.9796174957266901,0.12979612772337007,228.2056307713378,8.57946786977154,19673.034320276547,5130.396408627976
416_Leodonta_tellane_intermedia.png,Dataset_pieridae,105466,0.006800944584163565,0.008058370166075772,0.010490026941764295,0.011597451302664524,0.007139038553593988,0.008172534361937054,0.010118476561066037,0.01094490422837106,0.005476576920200812,0.006781658083084066,0.0076018055914127665,0.010417874367290145,0.005507438572999724,0.006609614590772927,0.00718030803868471,0.008829477111253899,0.0053107628283178224,0.00694164252131239,0.0065087142028127706,0.009139117065888675,0.005303514058294119,0.006413202417216265,0.006373985106727648,0.008003545683076764,0.0051310525950070685,0.007644987467442722,0.005370384755279224,0.007591798378214863,0.004728981180253465,0.006060393093544799,0.005821475043454427,0.007863848019505192,0.016959980721402076,0.0015482175761467232,0.014699503511080679,0.0009856448081626645,0.012069648850683692,0.0004996824006855163,5.611295217222201,1.4295156805399818,8.171170262982503,1.601710380471167,13.03393827650618,1.47688343892568,0.9590695174093986,0.010416674747700623,0.9404117963086814,0.011657539824294037,0.9049920422271358,0.010698275482276172,1.2128671130241488,0.16819693498878902,1.4957328232261196,0.1620291825739025,1.9525957076846172,0.1312579291277952,0.13009622873439963,0.0059120208464492245,0.12117259776050734,0.00408718277679993,0.10983833910395846,0.0022777430863725467,0.6521252800538893,0.02897772004337892,0.6078571058378418,0.022573593036243907,0.5474867145402819,0.015881733583843864,0.0005606766217273613,349.9498051065975,0.9600347526099876,4.566132447618758,0.000310823341877745,12.573277641945513,-0.3402288131650987,0.9968915744094065,0.2747092382042067,220.90882992295553,8.545970576481503,17161.558573887974,4377.877094748639
417_Leodonta_zenobia_zenobia.png,Dataset_pieridae,84466,0.011790787447724587,0.013652295165183391,0.01835650947421757,0.01767790915000335,0.010553115746911312,0.010562704115719745,0.018954725636146665,0.01770856577955022,0.008599638041408472,0.010705748152651361,0.011690654914092812,0.014911568316571122,0.008555575391692832,0.009401726974722949,0.01207118621895102,0.01337641281222453,0.00741828923350552,0.009611490664331099,0.008865802340119602,0.012302391960879493,0.007339062082527161,0.00839709854393599,0.009309111244698779,0.010665625904550797,0.00601595576099773,0.008254789521159192,0.00668447480677271,0.009307196344942177,0.005870174855819599,0.006803238338167222,0.00742672797671064,0.009304977463825635,0.011077590097452173,0.0016426586325137707,0.009072106973184252,0.0010854537243786392,0.006872880490580342,0.0007503923605831354,9.969819670940428,2.9041890544894944,15.638880851099595,3.7064683813085146,27.659185804063103,3.5695495116945026,0.9499828892716686,0.014550173337566004,0.9215853809406391,0.01854177260789347,0.8614307582157887,0.017804951145205868,1.767823480707938,0.28280720392080516,2.2513931692279265,0.3000256325919049,3.1043726831636844,0.27183405684864376,0.10496390221612734,0.007756889132598839,0.09507430977452105,0.005743047456069433,0.08277888253586056,0.0045317873620175034,0.5409400077680397,0.04205991111600766,0.4840114708462605,0.03289019286347659,0.40723973801779173,0.028146521248083905,0.00023032620180086274,628.0294645811983,0.9507758509973782,5.184269834607286,0.00017073292491517612,13.327588592105608,-0.26375980304685703,0.9904449880895775,0.15634656264888686,204.66348614191622,8.66181984074309,24886.49891260219,6378.632094295848
418_Leodonta_zenobia_zenobia.png,Dataset_pieridae,104698,0.01059592050398437,0.011360550409342243,0.015959331098948162,0.016379194058737556,0.011334807489035764,0.012295890957032658,0.014454987158223742,0.01344973720654863,0.009508340031091106,0.009580884836642475,0.012016274025680373,0.0141604799098021,0.009476599603017456,0.009993646289811205,0.010912848907951037,0.011185705900683268,0.009567468495970963,0.010454743483022872,0.0109536303409711,0.013044960486972939,0.009494111751223226,0.010340231580402667,0.010448947645329653,0.011050112285410663,0.008853535097948813,0.011026670008320026,0.009246186058936014,0.011166956755750489,0.008491892496468647,0.009926689748486154,0.009381765785423468,0.010771677565985878,0.023838961468984742,0.002300599712294624,0.02058445643023956,0.001339650442404958,0.017296662236459617,0.0008419613960848502,12.50624546742926,2.817625186632464,17.996178172632785,3.0354464082228234,27.346614035339098,2.1169680083278055,0.9197700910000192,0.018088607377267304,0.8844817830763383,0.019537967094175247,0.8244318870900917,0.013670079655799116,1.9921332230279318,0.23727984648522898,2.4166731034528444,0.21468509050427,3.0263674888909544,0.13841960756019644,0.1542205739449048,0.007414583001686381,0.14339562125036967,0.00470661624313035,0.1314777470421189,0.003203789816484971,0.5159925928872398,0.03048488842740791,0.4705266167548072,0.019809329057978834,0.42090507821542045,0.013122489383351239,0.0009427589146711458,792.9778145664001,0.920672063771523,5.373318477575325,0.00014606238624215558,12.750232219232098,-0.20333340349038112,0.9704509654825167,0.14996104005142114,134.25113373783032,8.107906391743562,19200.28025127332,4998.314516459929
419_Leptophobia_aripa_aripa.png,Dataset_pieridae,139777,0.0033720568035371886,0.0046711688903349315,0.003567138418528939,0.0058695174807300125,0.0034654971774010267,0.004315170703424666,0.003664513015391262,0.005629028246946735,0.002728990368777093,0.0034803041379681027,0.003243544999397443,0.005464013300312692,0.0029601708207032786,0.0035310226172391955,0.0033519370938353463,0.004822122789621762,0.0024173948716012168,0.0033613049125034173,0.002696061416018772,0.004690633169866828,0.0023944042186634026,0.0032368402295318596,0.0029785151767532836,0.004572767609496511,0.0022130386216849436,0.003343594719333979,0.0021395431338426508,0.003759561162899369,0.001980776852621995,0.002957134468532942,0.0026282037390719945,0.004302802265779124,0.027323839942074542,0.0024872829100426323,0.023549322419583022,0.0014413463196905783,0.0193418462691526,0.0003694230594077419,1.2363007847967107,0.3062081488936817,1.7775595934642978,0.31672854809157,2.785327299202148,0.19042179476768473,0.983267301743875,0.0041395137442401175,0.9759388981341512,0.004283868943377993,0.9622876868170035,0.002547544912493145,0.5111915761702939,0.07764300399334374,0.646006225052173,0.06374617804616385,0.8591476124783889,0.019908875095240492,0.1651288529161721,0.007503457647227604,0.15338528799927736,0.0047197293314080405,0.13906860945062915,0.0013297122323936443,0.7950856399513808,0.02599198079389777,0.7520050780294036,0.01882927248789421,0.6903425368000581,0.006465081808640439,0.0008305544421730463,70.72560601425411,0.9850307339034376,3.4932974354798922,0.0006266969636198177,11.4397728828033,-0.43275139782748706,0.9990048310209384,0.36383380427064493,234.11978962536745,8.268552958215686,9378.071118737456,2362.199181187931
420_Leptophobia_aripa_aripa.png,Dataset_pieridae,97963,0.0052929610639316175,0.005902208060686432,0.007067832840805908,0.007240720102192417,0.006491751651653098,0.0065306002775383145,0.007662924145708791,0.007307136497758217,0.004510181000414758,0.004644848570091316,0.0060505280866372585,0.005880024299291882,0.005725269136883265,0.005676303040597562,0.006414332450810715,0.006145800007302892,0.0038043021732764304,0.004332284900770236,0.004764023997328518,0.004808884035056269,0.004624733433669479,0.004934982855374412,0.005461258770049606,0.005620708590615763,0.003257311830486753,0.004156958609960843,0.0035979183697008366,0.0040395052313675255,0.0035221147755316144,0.004061574556039025,0.004394187793925239,0.0051726495912032015,0.016634194761766224,0.0022934295431168363,0.013600910120599045,0.0012919303741492961,0.010749518287582686,0.0004893728587965872,2.2965092350532927,0.5600936182469891,3.4831538025547233,0.6679881111903634,5.850593702120144,0.19151686170931811,0.9770553179157185,0.005603783914603944,0.9651593570318655,0.006703396058157658,0.9413126417565393,0.0019436644884195887,0.9228013303914129,0.1368633741895659,1.169242171331331,0.1286547769215797,1.5450505760016844,0.04803914715960218,0.12867884917559333,0.008714845759457166,0.11648596742462433,0.005650620651610278,0.10365257662952533,0.00237942128322514,0.6440900033825163,0.039392012565354094,0.5813497284106621,0.030278966330513316,0.5054165385916094,0.011526121778875976,0.00031327575807803336,136.77320049010467,0.9786183099973539,4.35741388644565,0.000261880604001721,12.370222977689746,-0.3053269737615088,0.9936777286661536,0.17889807516308392,298.54119972965725,8.26754398517741,12657.874244097984,3198.6618611470194
421_Leptophobia_aripa_aripa.png,Dataset_pieridae,106317,0.004180673160667444,0.005716076931935915,0.005453890412319692,0.005914865031503431,0.004449239594505384,0.005725221868095621,0.007736259408793097,0.006630875736468227,0.0034518686097206298,0.004525956078624441,0.004384513189702068,0.0057096552486579485,0.0034678005103550825,0.004272240522635032,0.005236195760731038,0.0055145284890520474,0.0031366334485029056,0.004648116057426217,0.0035309030700794906,0.004956711940080716,0.003012383907155233,0.003773723082196999,0.004110767207967984,0.004562078148440807,0.002981896969096775,0.005402878607573896,0.002824241515305651,0.00407963518167023,0.0025830514744181353,0.003413894166846453,0.003397834083350686,0.004087561544937926,0.040777262948290566,0.006340012869786829,0.03460168111927825,0.0041730518804368386,0.027334086042684162,0.003661231682532912,1.8396524484234296,0.4270432020499126,2.63547269999432,0.49553609473211646,4.234732717921402,0.46582209151541465,0.949142156431025,0.011863782826076637,0.926941806261564,0.013838596608730392,0.8818553664199628,0.013031650196223953,0.7067636699205375,0.11818578151493375,0.8881630628710809,0.12074422646655927,1.194366634230547,0.11803543094319517,0.20135740813730324,0.015246545068245652,0.1856570198494139,0.011539155077932595,0.1649679125902612,0.010939554757671659,0.7276945241560652,0.039827692974635016,0.6769040549799531,0.03482504504830576,0.6023365549839498,0.033717316877600094,0.001033692841290182,108.24779559025427,0.9530234185485199,3.947513393953663,0.00039359012771237825,11.449275194585693,-0.3270368321786317,0.9933820031944351,0.2891841433308364,281.1873476713632,7.819401307301327,4501.765049897807,1152.50321137202
422_Leptophobia_aripa_aripa.png,Dataset_pieridae,97238,0.0027555387111635773,0.003550082313714739,0.006547022624524035,0.0068400236452552405,0.005247380320712771,0.006019401540409391,0.0124245629039638,0.011881796918663578,0.0029806167333824335,0.0035113224237575593,0.005349412464512074,0.005837210746513539,0.004041123569890116,0.004251631711855849,0.008433091803238809,0.0092719047155076,0.002741127584283137,0.0036974756311012216,0.004200343469628106,0.0046062894058619625,0.003461993913833811,0.003269273278537316,0.006396954458256251,0.006935337845145509,0.0025022585259667526,0.0039666365116392726,0.0031500776467736275,0.0035240777133303623,0.0028047377051843513,0.002802877692369456,0.0049546750425513595,0.005670578425170742,0.025644979341894428,0.00586704780750939,0.02070533682795985,0.003178946274273085,0.01573948097555776,0.0024931078880217374,2.4120437537728887,0.8511345262185848,3.6609998103891965,1.5371288961172926,6.380322588170978,1.9577087895976182,0.9014283778268486,0.03490516096725179,0.8500137109175419,0.0632332137887197,0.7373310428362757,0.08099141857099267,0.9330063765679021,0.21810745342221835,1.1878658119629772,0.2614132253399418,1.6341440253884065,0.2922529934356137,0.1591920620744844,0.017403066234659408,0.1434335861468874,0.01149535527955935,0.12506919861593532,0.009857815839499486,0.6478248739500245,0.06316051448845869,0.5841094083550668,0.054168614079185606,0.49478464498830443,0.05251186586230614,0.000489239163866422,144.16466538056957,0.9073820029617812,4.338947275498798,0.0002967032530901022,11.931440595848201,-0.2478802849137383,0.9787829886599688,0.18612018488821336,265.34844824757556,7.771633719418626,2971.0146457641094,778.7948277861615
423_Leptophobia_caesia_phanokia.png,Dataset_pieridae,85978,0.010818573411765673,0.008682979972740801,0.010616937593410924,0.009613315992845506,0.013117083500893842,0.012055734907709814,0.011841777917582608,0.010475854754928196,0.009948961244166088,0.008548798814269228,0.009326844959476797,0.008309320752705624,0.011371126844405924,0.010704677884635735,0.009795797024487643,0.00795069531320319,0.008414318477479206,0.007598245865681559,0.007674505619770014,0.006890198403373165,0.008958323700912799,0.008618038396522825,0.008121745763848564,0.007168039720407247,0.006655245357320364,0.006847432933433421,0.005784578785381913,0.005519870554080169,0.006381116122427982,0.00635400761746014,0.006311433369324655,0.006373481005486633,0.009834231571550032,0.0011776452459214106,0.008057909528674637,0.0006629483616958818,0.006369791042348216,0.0001820586077136625,6.727071336697113,1.736863625597383,10.41876379827218,2.088619603280279,17.501148839742847,1.1240996308305313,0.9459530348950917,0.013915025975485855,0.9164262034556803,0.016695581098084063,0.8601138434473362,0.008956234510895085,1.6900452997113762,0.23087390268029395,2.125723968688135,0.21640467918548065,2.7807579683695804,0.0849002935483035,0.09898947028840743,0.0059427555536582044,0.08968977522440771,0.0036950979513211183,0.079802824538369,0.0011402798106196483,0.4906984159187596,0.03601883602708951,0.4315061719740035,0.02427448769319501,0.36646053544365337,0.006989936697436363,0.0001807144654337299,419.83599261596606,0.9472328361160617,5.214110431901947,0.00013721408061673763,13.45125054171631,-0.23935516201474744,0.9862341463646186,0.11242031025013723,178.18106333240905,8.6177667007359,15489.859337792524,3977.4238326021205
424_Leptophobia_caesia_phanokia.png,Dataset_pieridae,69480,0.008461192447185855,0.011437806344455069,0.00540692988571816,0.007143812970711758,0.008863545891013437,0.010870030628818205,0.0072862195264547765,0.008969151411803138,0.006996749108307538,0.010142466617947187,0.004213297949660473,0.004674157937016877,0.006926630422385365,0.008833691892462666,0.0048461463776851765,0.0057055870415322054,0.005984762496062,0.00807782484585589,0.0036621908755101163,0.0037994018068545723,0.005350552969996811,0.00681815571546553,0.0038537265033572548,0.004574333931283492,0.004945435304546395,0.006884505080675605,0.0030367151133350472,0.0033872207282168005,0.003899824853020563,0.0050514752857918855,0.0029939848662426756,0.003954368190039486,0.03582581372409315,0.0022141271232278756,0.03257387415592114,0.0011652678908704319,0.028612937686919908,0.0005358984607928129,3.24619391135532,1.0829704750234392,5.000363831148961,1.40372654484457,8.68805101325284,1.2021992450607595,0.9752490308048352,0.00826792249352734,0.9618779565236424,0.01065451713717146,0.9336316797325331,0.009146784470251038,0.9971365341936647,0.17399281735649125,1.2588446218996687,0.15844290407681022,1.678849798389785,0.10605414164847166,0.1891863035574009,0.005861422214796907,0.18045359744466113,0.0032207646920148414,0.16914616536462332,0.0015850644666395863,0.6579422717916957,0.03544533778529128,0.6053979336881021,0.022871071148092205,0.540616292964651,0.010062817373367916,0.0022162513906092167,199.0308636220039,0.9763944060001832,4.434721466512656,0.00028058900879198134,12.164800398749533,-0.35046913002599345,0.9968824012275737,0.2577190989059513,206.6177915508947,8.343356398093729,16665.01363811052,4216.011125433133
425_Leptophobia_caesia_phanokia.png,Dataset_pieridae,40450,0.008798201341448306,0.00995215256710229,0.0196668455175305,0.01579303453235028,0.00771686685725364,0.010371053705552262,0.01323983134971637,0.01179938606486146,0.007263786035421981,0.007871185426994286,0.015750223025460454,0.01657558958247536,0.0059240961605862875,0.006630956999652189,0.010746327500491018,0.010639069267909423,0.005934457087461755,0.006404430444428443,0.0116131631807112,0.01327498410806042,0.005610993039676744,0.004913135164865564,0.008630355211390018,0.008634723666092133,0.004879028398407617,0.005512785630328434,0.007987026260745411,0.009033401303781531,0.004937483937251785,0.004301333486568688,0.0067207547844873585,0.006560854356704863,0.01776250174549063,0.0022439966031741424,0.0149258525391098,0.001595231991596864,0.012002617232223723,0.001122233927261118,7.8488271370890175,3.3359268559330717,12.744004429988623,4.31015310719433,22.01519191557996,5.1177560128039925,0.9333657022484572,0.028396918369142085,0.8917914180568254,0.03662148037748932,0.8129485793240642,0.04384123741384588,1.7144660633959377,0.34328990450611774,2.207220377990899,0.4000636040267826,2.9815329556936216,0.3932053860291284,0.1330105144007237,0.008408614888642536,0.12199860919411913,0.006495528755258362,0.10943727740993517,0.005108771410487993,0.5185389393544635,0.04111488916763737,0.4608819346057228,0.037763304328262005,0.3916622027939031,0.029999963914775843,0.0003574052474352977,491.33284246994486,0.9347037653469883,5.189861228717646,0.00015615209925206618,12.906713527635272,-0.241171594304442,0.9840995457541011,0.13501382078304242,315.9137041771414,8.29622618490136,14563.296340640823,3763.6572957776943
426_Leptophobia_caesia_phanokia.png,Dataset_pieridae,69417,0.0036766288133442317,0.005539111634954605,0.012103885806534823,0.015393771997342594,0.004049354952856481,0.004359586221582384,0.011648258700140976,0.010491928399886073,0.0037675627873480447,0.005216290446986433,0.00929176404609848,0.015836997976116537,0.004045685345082834,0.0048363029219055794,0.009621795950590442,0.012795528218198954,0.003907171563313522,0.005747137309793134,0.007100341940237691,0.011798431570396091,0.004361176961638751,0.005089277617098006,0.007912253089045905,0.011185149865947656,0.0037761455510423063,0.006020799071745038,0.0054537059931783595,0.007995891796631918,0.00421992640249661,0.0049410112552570745,0.006720396052208495,0.009155262779181767,0.05035727419232709,0.006497893505280798,0.043835844688298244,0.003816076499639722,0.03660010662603065,0.0036248836987692054,5.972482850071723,2.1780931171091686,8.962457647085527,2.9507048768668596,14.093169283251742,3.579357478124667,0.7719395612485762,0.08305220826406239,0.6570451700816351,0.11284679484256907,0.458659438404241,0.1364055096098898,1.2055809504864041,0.2461784163376362,1.497436384567041,0.2612131132310106,1.9438666648048262,0.28873851006807016,0.22395475568966464,0.014196534658490339,0.20916575467512888,0.009248338201106761,0.19107626151510154,0.009485194328171052,0.6655815390840514,0.03841211660292909,0.6251999590936079,0.02684536940980423,0.5725412507797725,0.028435505299346308,0.0013405118850956638,373.96614757954353,0.7752457555564831,4.4819263910699965,0.000354362985475741,11.322281866465499,-0.24237826749051483,0.9746341920600529,0.27609519468450977,347.0245950313477,7.403592053674688,2953.4505328590603,831.8541701096583
427_Leptophobia_caesia_phanokia.png,Dataset_pieridae,131185,0.0056067802969996606,0.0071881988832856545,0.005628815880071451,0.008006946860756252,0.005622734768178767,0.008187056253400436,0.004506206828734673,0.00557571598224596,0.005683300933756715,0.006548596060621352,0.005549026642481396,0.007136048461234327,0.005407310901558489,0.00702702212097816,0.004686785535386918,0.004672139254409535,0.0066234093830405995,0.007869243841710498,0.005849732592573541,0.0071369946188975086,0.005858577510716191,0.007200116226369326,0.005211834534731388,0.005608102374478664,0.007299459746747201,0.009877083972552552,0.005562950026682048,0.007310757292247729,0.0055930523597230285,0.0073962787236000055,0.0050913389293734,0.006673167190326646,0.04383705003576385,0.002872504752596298,0.03970048808775341,0.0012736909301607833,0.03525418203013307,0.00015112329240484946,5.446614031852234,1.0141101769636713,6.79213264555059,0.6308594955703651,8.904792860532194,0.5042974529080289,0.9483924242258828,0.009602800988510556,0.9356887271322702,0.005973656350556504,0.9158133903680055,0.004813463401948664,1.2468849010682512,0.13850838800644497,1.428321707286009,0.06811716012200214,1.6546243708865038,0.036626401614538374,0.2092605201414349,0.006861832546774975,0.19922416786733016,0.0031967210268126745,0.1877605390782459,0.000402486247657122,0.6400514547332331,0.024654888575585725,0.6064543533735913,0.010344240173252367,0.5693941800362105,0.0018495758883504921,0.0029579406744919424,340.34404622963666,0.9493850526431993,4.618226860620351,0.00032285935312393915,11.761288883180333,-0.2900841067385361,0.9902194426979161,0.29739075105602486,161.09013179824439,7.80579684401682,13107.805724607817,3362.0374427093648
428_Leptophobia_caesia_phanokia.png,Dataset_pieridae,59649,0.007820292775141471,0.01000804286824359,0.01388882139954306,0.014203962003233069,0.007969133620916575,0.009330325034439377,0.017587920364889813,0.01786133537887869,0.00618519492959881,0.0066163888798401365,0.011356343069557557,0.013466980037532512,0.00631536833050846,0.006635683107688305,0.013139777059451477,0.014732602732608496,0.004995345011489183,0.005429997887354041,0.008298422637728686,0.010076589172526091,0.005488912383659073,0.0054540623059528065,0.009272998581918714,0.010232666460565632,0.004066321427736117,0.004748311844323665,0.005838741261107638,0.006987227219861813,0.00442389458542946,0.004271004583403811,0.006625562079756215,0.006894564916873572,0.02006093012265201,0.003077932717159596,0.016756418880238738,0.001629286530068094,0.013330617659330813,0.00116497932006871,6.4759850247510435,2.497770027131481,10.552606321380333,4.018247804223703,19.296115597577092,4.732610251918303,0.945693237150182,0.021009172368245264,0.9114616174732365,0.033761250711473303,0.8379550452765219,0.04003934246562014,1.530102591575665,0.31186334851402875,1.971596948109453,0.3647495660853069,2.7344018304485265,0.36344229772111497,0.14124027223379537,0.01058846646003943,0.1292869214763075,0.006427349019450736,0.11534805408260947,0.005044212395033938,0.5516326608051714,0.04764678502530398,0.4933312721024718,0.03470629315189256,0.41893943445073184,0.028602631721652064,0.00041191229388070846,403.94449789406303,0.9469947414063582,5.014163015145014,0.0001825656024892562,12.81834759971447,-0.25230662240615753,0.9860074245644219,0.15538060059189499,315.9171681483018,8.30323506916588,14842.774593658323,3811.679772888093
429_Leptophobia_caesia_phanokia.png,Dataset_pieridae,92584,0.005573944020171029,0.006173313928304256,0.011701682315918959,0.012696832647967862,0.0060401434883695605,0.005969438641862947,0.011877173447327005,0.010124765593085592,0.006707051140729162,0.005699844288479272,0.00986568372762131,0.010194389961823373,0.006598269260405408,0.005587184781641732,0.00986635194230262,0.009217622976982353,0.007038905727179288,0.005800498131038476,0.008434982357445586,0.007083748289435478,0.006948665507986899,0.005565340123861381,0.009110630582761311,0.007692919811122508,0.006398783686780023,0.006393782990883893,0.006600223464382923,0.005603647099825511,0.005951726208469081,0.00495949816267585,0.007861349505938593,0.007133006835763065,0.008407338043813507,0.0011693715149480295,0.006995878433146278,0.0006511446470131115,0.005825752415805281,0.00047606087982508957,5.453496655159536,1.4910932435983826,7.915922655565545,1.726616552221208,12.103838605160233,2.004934109337013,0.9290351517063107,0.019409893241705813,0.896902042506739,0.022513086228754576,0.8420712543350111,0.026095911502535655,1.5708096406852499,0.2364387736036768,1.9198802186647852,0.21870027280215085,2.393278014504982,0.22299690666896677,0.09147378973551454,0.006315365012125716,0.08354896521068964,0.00393050192332335,0.07626269871023683,0.003123011565287768,0.49831408601258764,0.0421509133555024,0.4436475977549394,0.029038779415856662,0.38826594058927216,0.024217726473486953,0.00014969765574555187,338.6909291387291,0.9309639332356435,5.117180409191064,0.0001451673168861847,13.288046695868546,-0.2219144623897731,0.9802196330845563,0.113590837463959,282.42511167920713,8.440241691390767,9473.654207549298,2453.086284172002
430_Leptophobia_caesia_phanokia.png,Dataset_pieridae,60766,0.005672370425372542,0.007079800257451145,0.012712441768645782,0.017387906297672902,0.007989444643116022,0.007350905546816085,0.02134125044243912,0.015634790857783683,0.005374945124823522,0.006741470764007611,0.009342027003122571,0.014384648651150146,0.006735005635909731,0.007442838572365503,0.014289497529580917,0.013484709642225775,0.0042582153052849875,0.004938959180305402,0.00643703942621087,0.009769958666713707,0.005368083653559388,0.006242771175326409,0.00928607209034886,0.009845299392429034,0.003503231063526055,0.0038512965692508753,0.004567384805541116,0.006243071655308019,0.004161928064709939,0.0046561728058757725,0.006502661024937895,0.006901977548503849,0.0268626194039165,0.003773401208513229,0.023506901648459148,0.0020752624508125752,0.019702746199788908,0.0019691848257991913,6.181883142931943,2.18278462711024,10.2242059935339,4.217272944941746,19.160606997008024,5.080910608418899,0.9395776529898461,0.02142817035509548,0.8996751780837706,0.04184227229093469,0.8103849011506077,0.0515216422948565,1.4381391167650255,0.3227904926721464,1.8741640043640344,0.41428440269388206,2.679086883529365,0.44704329261455095,0.16351909769790263,0.01114109922674949,0.15316345900901743,0.006917837295874446,0.14019239506207204,0.006988459526163585,0.5867961230514094,0.057455720308782106,0.5321227743702237,0.039182351836027945,0.4600735435789661,0.036666414458324484,0.0016614782277560773,386.1427392408376,0.941069811750988,4.885112473663879,0.00022139097911965945,12.388180396634985,-0.28857443241575026,0.9909739987205592,0.22969403391395363,384.7438602717924,8.214817595617834,12727.874058977439,3278.5041995545707
431_Leptophobia_caesia_phanokia.png,Dataset_pieridae,161767,0.0034726759013588827,0.0030630356047508713,0.003855645527008191,0.0034371882473262136,0.0034570906832138175,0.0027067432487151194,0.00361950919268408,0.0030878310882878537,0.0028655402419340966,0.0022751968371578545,0.003183044281746524,0.002465957735894565,0.0028023355909056434,0.001947665653959653,0.0033109224271194817,0.002441026806506931,0.0021313508382396324,0.0018679988194703929,0.0023354092709081922,0.0018446371213132738,0.0021394505604389416,0.0015606428701946166,0.0025770158477052925,0.0019640491079121335,0.0017122681964212446,0.0017083103510766513,0.0016191436199521096,0.0013941949005652492,0.0015493656076447486,0.0012947111039966392,0.0019529690355026583,0.0017495647036864313,0.03257523085596798,0.003468273550478924,0.02706920591459491,0.002110234341139163,0.0213938921002727,0.00022693337378566146,0.6340429092361105,0.14035689750770491,0.9419286346159603,0.18307594557206247,1.650410011126409,0.11128767342754019,0.9847461611619339,0.0033717570549312405,0.9773578117292769,0.004391890786097584,0.9604004346980022,0.0026790254906100563,0.48447911258853066,0.07430940666289551,0.626703369455456,0.071198773129891,0.8627494070996833,0.019035652349114435,0.1802302167775169,0.009607279338982727,0.16440192793509822,0.006419657764840229,0.14626446198764895,0.0007741186835976784,0.7723268602126918,0.030996221023510042,0.7165523764198196,0.02564536805505546,0.6390466248894857,0.003235620647896478,0.0006766870411112525,30.582158295410736,0.9884500489574172,3.493893699513176,0.0005540317781290241,11.277686700032094,-0.3815880786234251,0.9973186072080502,0.26586065758372013,167.57844514768655,7.958109930355519,5264.516409202735,1323.7746418745394
432_Leptophobia_caesia_phanokia.png,Dataset_pieridae,85333,0.009181271744084216,0.010411091230661484,0.006830220623938183,0.007546950682240846,0.011496427864738036,0.012912948241275157,0.00825824455867469,0.009723543549304796,0.006904795460439178,0.008411389827566602,0.005319866208071914,0.006322006883451828,0.007754229240743828,0.010378601925009718,0.005922398273887868,0.007694570789876316,0.005206940678058965,0.006707416411971386,0.00413096102909349,0.00521843451654273,0.005251928687384009,0.007431845726314031,0.0044229959615065,0.005900852977472408,0.00398320279078128,0.00544106909086005,0.003061079680095604,0.004055437722502478,0.003522225107890715,0.0049232812056751105,0.003293692774969771,0.0044642321334165454,0.05629575752268548,0.0040121256323419315,0.05019562881838094,0.002589602993636263,0.04239169776933765,0.001523872422228608,3.87053945125821,1.2279076491453715,6.311306472488224,1.6191287423364735,11.907455675605792,1.8110896400434333,0.9730278124529725,0.008547253747229875,0.9560953558395833,0.011240024884055757,0.9174731299256098,0.012611861612584093,1.0751788140149119,0.17828071493826603,1.3923485975383871,0.18509819098682428,1.94981281766004,0.1519078215176476,0.23711499952405674,0.008499089562538576,0.22397014080424155,0.005744984465526383,0.20585923904833095,0.003697494797802765,0.6544045167822632,0.03219255863891318,0.6023413135726645,0.024712376280299528,0.5326979791113458,0.014022648305835909,0.0018850477160594745,238.76923255052904,0.9739923412832339,4.486021326159728,0.00029683295759050653,11.855217322954358,-0.3238215645268714,0.9943748881047453,0.26548672698546083,148.99204581619318,8.04690354211229,18120.478168088055,4589.811850159647
433_Leptophobia_cinerea_cinerea.png,Dataset_pieridae,88773,0.0054019879897862265,0.007823087938495125,0.008144950007837725,0.007638638481302809,0.005288378483462136,0.005787235137171422,0.009782073847004134,0.008390386117764093,0.004423920693239318,0.0060823862179904325,0.005640155475991883,0.006065298273450177,0.0045259577637655375,0.004483765995476538,0.006406240513646444,0.005659513497521197,0.0035544200669070424,0.0048079501680615535,0.004083636021859236,0.004512845887674917,0.0036284768128494534,0.003734227772987293,0.004696895352695704,0.004206277578336582,0.0028265369922618423,0.004226066206077759,0.002866635354608455,0.0032292024172407897,0.0026733386131043463,0.002949259628971561,0.0034302188507614904,0.003341151195201676,0.024722319345481407,0.004284658834823184,0.020053491746648236,0.0025418323340167244,0.015112784143290071,0.0017817345787773998,2.257373546726337,0.6038334068481287,3.569146863237047,0.8470000237274309,6.5762746988786445,0.7830609755689368,0.9627699779744345,0.00993530522230163,0.9412081172821636,0.01394384948756686,0.8919922269323974,0.012943341305808178,0.9105301764561359,0.15738923048777242,1.175068221554589,0.17084396338474506,1.6526036477059187,0.16197096506997402,0.15667493817126094,0.013239452198371984,0.14130686197319842,0.009266202347007611,0.12272063470899194,0.007240853534786694,0.6512119502156691,0.04717701829720587,0.5876653284799468,0.040652972240433516,0.4977998722690832,0.035860523590207014,0.0004920599617793942,134.3665983582403,0.96522304640183,4.338895482805814,0.00029191933688318104,12.089849355625178,-0.2899948176104743,0.990564926815179,0.19452411865450744,158.9614408911182,8.043570863800936,7591.6203238918515,1931.4967305625216
434_Leptophobia_cinerea_cinerea.png,Dataset_pieridae,103135,0.005594440196599601,0.0061100506375650265,0.010997914018261076,0.01299188303679299,0.006207251637717943,0.005214251521364207,0.011521056595736776,0.008940259041168946,0.006491510054589878,0.005503152171691202,0.008825629594658754,0.008695626177812789,0.006724721572357165,0.0046807371334033725,0.00908312785047591,0.006935150239821075,0.006547735020728328,0.005304000277081326,0.00776657919725385,0.006871701715683182,0.006805404474525333,0.004909208770997454,0.008520867105471957,0.006261830397620181,0.005345647941532137,0.0051160505966573394,0.005941632391491428,0.005322833166085154,0.00547685387160381,0.004301997468238058,0.006917505232399301,0.005605502098554514,0.010889330838378742,0.0016079923410860007,0.008983982175593937,0.0008160267803246515,0.007387383935216629,0.0005644921971915918,4.604395773878654,1.3007329216629162,6.9152181198627956,1.626780738264975,11.028669300595777,1.9391755070800158,0.9264529461451697,0.020823542222983535,0.8895145882744908,0.025971000768253108,0.823560713883886,0.031141297358512468,1.4687448405049115,0.22321193392903327,1.8219840558629283,0.21875728568084546,2.3152805716403657,0.21137546890142883,0.104078259585581,0.00755292791009913,0.0946816960918247,0.004399840993636533,0.08588713538379922,0.0032838865360381143,0.5022851997685752,0.04495108678965645,0.4420336784474298,0.02910499269003454,0.3814975891705848,0.021483463091880362,0.00019073676505879978,284.10593047691793,0.928911617314137,5.015708463105305,0.00016477976327838173,12.970108567312552,-0.2053475543974983,0.9718467424520246,0.11001712994560203,190.25309143260444,8.176223842656166,7709.956823389884,1998.5156884667008
435_Leptophobia_eleone_denigrata.png,Dataset_pieridae,69739,0.013276746726992722,0.015490849426326335,0.007212670049269572,0.007895984469669137,0.006676152496927479,0.008392834145647069,0.00492914177982466,0.006038709236724229,0.008862612048129761,0.011047154568671606,0.0056617220174229954,0.005863508843801562,0.005296790006230996,0.0059612231543786495,0.004532039185696016,0.004759556210637858,0.0068975707450431925,0.008560273581590089,0.004956145996327978,0.005640962296128169,0.004809602797835829,0.00559297460492883,0.004074366974062451,0.004678383295198441,0.005592923660229813,0.007480141734655538,0.003897361176091892,0.004749800271772936,0.0038282532619523437,0.004720728789899074,0.0033043681972135244,0.004095508072330346,0.024610167690709873,0.0029895258847718025,0.020873518198331775,0.0017864978275363836,0.017083112640523795,0.00131633124607601,4.188144645669143,1.3017891945688729,6.408430486207052,2.2135189612032873,11.475378243437223,2.9897846886406665,0.9695411286541402,0.009459395660067035,0.953459180560903,0.016029002353166903,0.9168587487166246,0.02159258852920831,1.0904112996341337,0.19666112771418978,1.364795660790469,0.21027568835113034,1.8291607074431768,0.2385739573574503,0.15659591121610972,0.00937487499149515,0.14433763715048886,0.00633756263445121,0.13060614838067253,0.005014643126837608,0.6488134647868213,0.04045796167805588,0.5981544858911991,0.02887074377837383,0.5361613956332156,0.0253098608902478,0.000803447281847777,257.6897157454232,0.9705534347136296,4.501491695377522,0.0002890154554089164,12.118642176012234,-0.31527252887045804,0.9940737684837097,0.2336163515777322,155.6127078504938,8.15478960818196,17242.444524412593,4375.033560039506
436_Leptophobia_eleone_denigrata.png,Dataset_pieridae,78602,0.003260625179037718,0.003987604434231488,0.006641438545182423,0.005585857881323213,0.0037961631611282717,0.003511564352153623,0.009791425898421822,0.007458777070696562,0.003296963708785917,0.0036576815438765405,0.005808955318221797,0.006435527219712306,0.0038095232648039804,0.0038149462732272807,0.008128054920465736,0.00801858360926712,0.0029351482022858446,0.00349246822053847,0.004664865354637084,0.005453279308765465,0.0034012617751572405,0.003451884080617153,0.006377692765785898,0.006584579125913942,0.0025910662607282306,0.002991166310344956,0.0034725288304543844,0.004046541440907579,0.002834908742420503,0.0028715960333789464,0.004798927329310876,0.004958790722513195,0.04517870933654818,0.008496526183305843,0.03739548834047879,0.004435155680322914,0.02962253450827793,0.003321845546651208,2.31433448474374,0.8129681469511076,3.487956361872877,1.2659344036075921,5.612630352100211,1.3109767212490913,0.8150718743365366,0.06520557047305199,0.719964398026151,0.10276420829795108,0.5453015981987066,0.1074071731438181,0.9009037050402977,0.2008765206424299,1.138856003537289,0.22031301102749426,1.5165985530090027,0.2171340592987613,0.21167830111116936,0.019261520584763957,0.19301995537584934,0.011780711658635687,0.17184458587540685,0.009590245752213799,0.6608339182219565,0.05669158034551673,0.6022879054994571,0.043898760158119214,0.5223109352666472,0.040846486378649884,0.0008982443238592406,137.86834340106938,0.8253584598225152,4.299071980169801,0.00029340236258138414,11.250609546859955,-0.19909045709852782,0.948825738861106,0.20622255891005387,344.98329759625994,7.187191379531261,1442.2808369290142,395.0372950825131
437_Leptophobia_eleone_eleone.png,Dataset_pieridae,58568,0.010320542292198129,0.012663612305152123,0.008671857719593178,0.010222079406471237,0.006688786635986179,0.007635403349064741,0.006752808713128344,0.00821140016429779,0.008096412651215076,0.009198144858301215,0.006102271524072968,0.006783070294219276,0.004937690381041787,0.005021319413971622,0.005269834619141802,0.005244170015693927,0.006551442717322443,0.007225167488158374,0.005015218454871319,0.00545728582758766,0.004251017624962419,0.004433799621225628,0.0044929891359930686,0.004435488743085092,0.0052543293947469654,0.006004617518587458,0.003838752513892099,0.004254819195451137,0.0034320752369487307,0.0035365502915533794,0.003590856679846882,0.0035400996792494684,0.03344377690884526,0.003314779796989863,0.0299492888400057,0.0021697046116087564,0.025670003360547717,0.0020097632476605088,3.5538715036497264,1.0613966304237752,5.644657113891176,1.4325005684725989,10.704961890311969,1.4107501142642536,0.9766762683477382,0.006948678950897772,0.9630065003071137,0.009384646606596459,0.9300449741150199,0.009206661660365363,1.066038794816537,0.1778469544249329,1.3579883452674635,0.1661976061740986,1.8710490819069072,0.1253726039196563,0.18265890234071847,0.008916406480703217,0.17294103907718983,0.006378545516621138,0.16009973249264095,0.006170819745586315,0.6451270389723811,0.036906172075369816,0.5945877285354987,0.02566749254452107,0.5312473613441384,0.01828416753584109,0.0022946228091712158,217.88982439005696,0.9776055485780639,4.503199150630168,0.000285619117746212,11.906845114212022,-0.334157170662306,0.9952958744897139,0.2646587461394738,302.08027477309014,8.09866147759925,19238.336060122907,4864.0564711282395
438_Leptophobia_eleone_eleone.png,Dataset_pieridae,25752,0.004287554194257259,0.005856887464007161,0.005992909305204957,0.0073110515207269085,0.008719629768183385,0.0095581459495657,0.01625872708055433,0.013603766892941852,0.0032264946868257155,0.003819007316594743,0.003974614182428182,0.005104770546981654,0.005383635689701811,0.006163183351721671,0.010303663596932333,0.00910670735414838,0.0026840615392090743,0.003116240569952478,0.0031992332258744417,0.0036525966509417364,0.00407947998819814,0.00451562243104025,0.008239979486396546,0.007655794817423766,0.0023395222124894177,0.0026717891503614402,0.0026562435079228665,0.00287542093032284,0.003077795549951325,0.0034400778780650752,0.006144047620370651,0.006172781177337131,0.02001837422218452,0.00465855381218726,0.017038543797263148,0.002433644136509796,0.014039874437349692,0.002076959747486504,3.298939833455433,1.2915481539918254,5.338760622035283,2.4438817521023473,10.6499524777286,3.4770000766259472,0.9755394838827685,0.009570160452000822,0.9604439193665864,0.01807969454147132,0.9210855784756874,0.02574526866713237,1.0467594412491357,0.2781613129057939,1.330374699376501,0.31681854812365356,1.8668343441229749,0.3553672553957016,0.14062208696789372,0.015614188386805668,0.13019566633745935,0.009361210616587,0.11818385949092089,0.00851174442637682,0.638183597927373,0.07476928072427422,0.5854258112314946,0.05623354760696992,0.5148560850853282,0.051610197464600605,0.0005919396193505714,201.2474968043419,0.9766034911586435,4.467285039378478,0.00028155219482397327,12.158523849704107,-0.3494284064434743,0.9962838689226869,0.21892212594482185,238.94787809654588,8.322050529521206,16997.666159338343,4299.728414035671
439_Leptophobia_eleone_eleone.png,Dataset_pieridae,66712,0.009713617116912135,0.011484163049285073,0.009854549676120424,0.010180690062350761,0.006071155238965334,0.0075996641458561534,0.006872717275565491,0.008554384682732143,0.006561645297622246,0.007992268633224818,0.006927319801670869,0.006950347447176528,0.004230776753484069,0.004462835392665595,0.005289837146084362,0.005446869631362461,0.004960383453082477,0.005622722335351282,0.005075776023438978,0.0051293593739557275,0.0038874230808486356,0.0039674914341933315,0.0045125487012621455,0.0049948124473494756,0.003927220697221226,0.004413207902047821,0.0036770391339789217,0.0038243735113307636,0.0032351561712064695,0.0034676206523098743,0.0037296881254611273,0.004405942164694085,0.023763636599798958,0.00219421702351527,0.02073106170937719,0.001495171066935541,0.017408485309594227,0.0010287419164257438,3.033223986818897,0.9151834400167121,4.924593338827597,1.305812718980891,9.611487894642716,1.4706939706186568,0.9743186732802332,0.007740493681707908,0.9583258418100188,0.011051221590314337,0.9187019388275959,0.01245485340412156,0.977346577954809,0.16445401859453118,1.2585711132113218,0.16580371063907678,1.7511799154805043,0.14889073498013622,0.15398749013035173,0.00717561726639523,0.14389007679228497,0.0051679309290589195,0.13188359013616016,0.00389922587080373,0.6574092435711152,0.03744715423047117,0.6015043416430645,0.02941314841259665,0.5326117970889119,0.021919246300958383,0.0008941312499336495,184.49366876258588,0.9755214655279054,4.416339205043866,0.0002790350680108535,12.189077737318897,-0.33412500187104555,0.9958466848194223,0.23748994564431422,332.16922995854225,8.279166288320551,14888.248854531492,3768.1856308235147
440_Leptophobia_eleone_eleone.png,Dataset_pieridae,46167,0.006477145414368454,0.0061146510472852265,0.006455045362868953,0.005572501856123135,0.007030976514269551,0.005941462275722353,0.009061276196121123,0.007843841088476659,0.005065761385310955,0.006836187138280467,0.005773367391850852,0.007395955845710198,0.0050840533303934034,0.005011607129584619,0.0072058930151978964,0.006956371135924768,0.004097488853411545,0.005827969497922999,0.004829133132590395,0.007920828395164949,0.003997965193072036,0.004349465705627635,0.0056080833208528354,0.006260441001994379,0.0036424150016857925,0.005480339800659823,0.0038112862320692272,0.006635534060269839,0.0032913975369253507,0.004177715267404356,0.004457276417940632,0.0057255558235876575,0.047071368856669335,0.006692604283498522,0.03879855532765453,0.003301370459184604,0.030920717119441513,0.0013724122018307172,2.6352204646287545,0.6877290599414815,4.000199002815058,0.8475214712888288,6.394445405187847,0.39134346412146837,0.8448973439224604,0.042216508255536196,0.760538272490965,0.0532711650822021,0.606663581903086,0.027833141068187146,0.9368716214963295,0.14538196121834934,1.1881441146327054,0.13578068264424212,1.578683715886375,0.07456101121450832,0.21643188065321073,0.015119850977562013,0.19678721510355773,0.008564303791939289,0.1757998054246922,0.0038917261057108844,0.6500450311525376,0.04312463350257798,0.5866754669289023,0.03084946779997233,0.5031028254233894,0.017460390419116824,0.0008973938441998305,157.97711333491674,0.8533705691338673,4.340689310044674,0.000271104842715593,11.1661768951076,-0.20828771897027504,0.9581612042341976,0.18377906320843826,386.61323998962916,7.181354372863645,2003.6538906867936,540.4077510054303
441_Leptophobia_eleone_eleone.png,Dataset_pieridae,124408,0.0035007386441033212,0.004493610345677713,0.006772849739475677,0.008080483040178289,0.002914842211995183,0.003891912552580377,0.006158037736847122,0.006196599235235715,0.0027624354495139796,0.003684387064260818,0.004227710086809795,0.005393931190404236,0.0024965461023564897,0.0033372938719701635,0.004110173565308192,0.0046773802824782214,0.002434519712739631,0.00329604381167759,0.0029450037351145676,0.004027382938094593,0.0022216528620719236,0.0032568640661983124,0.003085356820102078,0.0035567521861465303,0.002323815669393858,0.0032543666788790787,0.0022327360688308,0.0032043100071027487,0.001966987588822157,0.003040133917073725,0.002541490182108524,0.002933777142922443,0.03612389203736149,0.004086835232680178,0.03109802484334565,0.0032887424115318783,0.02490031412561091,0.0023300376125123803,1.0815198987348602,0.3162355132203276,1.6707358019393859,0.4405177747657841,2.930273852046718,0.5781751740803598,0.9834649952134394,0.004834315706357741,0.9744508950101793,0.0067310248149159745,0.9551660673403477,0.008811216937263368,0.5457812709591492,0.10457162251065708,0.7083647221518765,0.12008352543135133,0.9914795559418672,0.1315178238283853,0.18976042960871878,0.010717807241967171,0.17609596955068446,0.009393314183506236,0.15762459161991962,0.007402853656832368,0.7711596185350372,0.03661194558415818,0.7205023663400297,0.03654934964713969,0.6441438638138868,0.03446224635726866,0.00129811038080338,60.50110006849123,0.9855371243214008,3.6416720353039866,0.0004805556788701713,10.99041798353101,-0.40995396392818306,0.9980012713493129,0.3495467910838055,310.4562962210703,7.876915765385511,8305.86996035948,2091.5927651069833
442_Leptophobia_eleone_eleone.png,Dataset_pieridae,59444,0.004034987080817078,0.0052821546965470265,0.004978285752099895,0.004791773405698417,0.004879267971948767,0.0042825061697135715,0.007037148986375437,0.005401283981797588,0.003440584701548054,0.004521439929159495,0.004166564386278312,0.004443457310340092,0.003977403482088387,0.003758036759428239,0.005862237439317513,0.0050257367793462735,0.0029286890128578658,0.0038356491169292788,0.0033154082271097825,0.0036565195491407576,0.0031544933245276907,0.003357991119833272,0.004562263161276188,0.004275450707096277,0.002658180388480132,0.003422078271610081,0.0025909138096167615,0.002906857139736416,0.0025375635436958076,0.0029147704829987683,0.0035551544132806,0.003635177917486276,0.050852265301420875,0.008375833248681385,0.04217897887619926,0.0044160501042651975,0.03361085341175156,0.002748905636365885,1.5121605998579501,0.36836463158168964,2.246895422931098,0.47636572716307096,3.731137771620813,0.370180558743773,0.9264763343731445,0.017988668481726082,0.8905279037049938,0.02340588577078922,0.8173048922928681,0.018393012554858326,0.7216193283584132,0.12825848513872667,0.9132578029083254,0.12662113466134298,1.223110908147555,0.10794570140481227,0.2247896656815321,0.017940777692338355,0.20507435877967944,0.011112436605109171,0.1831810623786751,0.0074533078275019725,0.7036302854544452,0.046418982400752415,0.6458119964845008,0.037862622712175734,0.5667564601491644,0.030683935610126587,0.0010333284167739017,86.10382319087685,0.9339611673935522,3.9939279692331064,0.0003542044451255689,11.050640891478956,-0.26021193949661786,0.9788523275249603,0.22283442852087812,330.61250432859947,7.312458396077067,2522.469409614707,652.1433082013928
443_Leptophobia_eleusis_eleusis.png,Dataset_pieridae,46123,0.004985647792293739,0.006878525035347696,0.004526217314014878,0.006433932834354914,0.0033643723194764844,0.0052131939322529654,0.0035858160657571084,0.005420945864568258,0.003485938017298619,0.005292158652868063,0.0028263217711840594,0.004148143852074619,0.0023743452745578577,0.0033761375674349805,0.002557058024009432,0.0033334950404424373,0.002627496580098716,0.004230550309505887,0.0019950770018812673,0.003190070708727455,0.0018335747195521535,0.0027473796429122645,0.0021050383963958728,0.0028534977683456766,0.002254233784468868,0.003648361016178505,0.0016325663794351773,0.002739212994732852,0.001573758671352121,0.0024016498695142888,0.001914744452771513,0.0026194948239961144,0.09366610800672545,0.0060290670611443525,0.08511802326786078,0.004309955242431906,0.07283332231543728,0.003433756772174878,0.8985862875382853,0.25318488988028093,1.467039659256453,0.37785720868615147,2.9945636627716716,0.2997237612088111,0.9920679998986944,0.002234171399769065,0.9870586495173873,0.003328387484248982,0.9736177176984244,0.002641746582614834,0.4440310866996947,0.07852335671122158,0.5838423960515835,0.07482146349932045,0.8578437249911416,0.04649479340784755,0.3058905454062019,0.00985303191011706,0.29165551907766113,0.007421688446764044,0.2698014682529721,0.006363178763619466,0.8183712445373446,0.02509430244277186,0.7793402647077562,0.018341174879649924,0.7175400447280882,0.013088587074334575,0.004534324694197757,50.14819785899227,0.9930681010493156,3.2667859105476458,0.0008591554168739731,9.886837275835362,-0.450576468337612,0.998211136058834,0.45184448179539394,251.4580913735429,7.3430429257545935,14417.902076525028,3617.012568596004
444_Leptophobia_eleusis_eleusis.png,Dataset_pieridae,114820,0.005026020145974503,0.008336510891780963,0.004298480642266245,0.00730048864305096,0.005044741251619906,0.008048542456135701,0.004245624689824712,0.0065281595943361545,0.003653254372649226,0.005408613448319121,0.003413661475286816,0.005952045510556212,0.003612495099705988,0.00617613318195357,0.0034552335528471737,0.005014255782201008,0.003337263867976622,0.004999552192385202,0.0030682830215343886,0.0052833469184540224,0.0031385700707296862,0.005286469213429674,0.0032589220517035243,0.004740098260693392,0.0031603995680187613,0.004941058227164094,0.0027083506761986405,0.004555666531843134,0.0027057893555907206,0.004408699360341178,0.00301012904766854,0.004448655339312539,0.040789617504085815,0.0026137590951606747,0.037047614480024575,0.0013576518035631586,0.03223623647984756,0.0007705001776001712,1.979001512944582,0.4692808347980843,2.973993903709772,0.5455511313434489,5.0547751845335895,0.32960753077703886,0.9854612060390284,0.003448249359054952,0.9781350590427099,0.004025082132412423,0.9627712501838869,0.002448439241443473,0.575999714064799,0.08195242997049282,0.7206421537163831,0.0675004455721592,0.955906245670203,0.036921362676582935,0.20186083263971424,0.006466973796691303,0.19244483431403325,0.0035496796853893464,0.17953181455485362,0.0021363619752289027,0.8006010483165599,0.021826992345515456,0.7666929466803503,0.013871649975174916,0.7192134635708459,0.008344651481914827,0.002179776091126332,119.31355715127506,0.986260035690709,3.4786182389296196,0.0006529476034881234,11.009236023048473,-0.4588081703490519,0.9992125017364906,0.4421297045732299,282.6626067026906,8.089733496253604,17248.299014142718,4341.903142823502
445_Leptophobia_eleusis_eleusis.png,Dataset_pieridae,104583,0.004327045270083545,0.006145851299306557,0.0048106615936485825,0.0069664958567166434,0.005966677420893722,0.00845279614974467,0.008726995043796409,0.009882545566705295,0.0038596072998594673,0.004781243015337628,0.004185965525324665,0.005362908258412954,0.004862426365372696,0.006180508880030701,0.006646682542655128,0.0074520462836668465,0.003856616395175416,0.005008467366657586,0.004155547401192019,0.005425226268984333,0.004684104296413238,0.006110643605979666,0.006416900154731211,0.007546178275469479,0.0037356893427079726,0.005571213210994369,0.00383638911343516,0.0052350137375681205,0.004180160421304325,0.005790060248326716,0.006041484252504426,0.008137249155699093,0.038953824098552914,0.0049972441191536605,0.03510141519045227,0.00326326135527028,0.03027650008092774,0.003025096178481656,3.729692428333733,0.9770070226205518,5.207460658487092,1.104339091887973,8.291568945262473,1.2366115804189115,0.9836545632521679,0.004281483147849458,0.9771847306692173,0.004845339168109339,0.9636854447965386,0.00544562172438258,0.9741188233443019,0.16574569516134585,1.1769282621638715,0.13590112862396225,1.5002392236466187,0.130788436021033,0.19698445389436658,0.0122861313069284,0.18714688475138547,0.008801063475734621,0.17379097290211887,0.008555572374933507,0.6933558136658279,0.039067126297771385,0.654504890447434,0.027800525807798186,0.6043795177240537,0.026617142518976834,0.0016668775491160874,230.64951845415658,0.9842105387199728,4.267314733379357,0.00038142522417353056,11.756797857569827,-0.37275369987879003,0.9972633712714516,0.3233953173791413,292.4258175864579,8.194382979722594,28984.864547192497,7303.8785164116625
446_Leptophobia_eleusis_eleusis.png,Dataset_pieridae,101723,0.0023681382413778913,0.0035353417413460588,0.0047855047430413,0.005425223465048941,0.0021731963877858933,0.002783575083859267,0.005191767425065427,0.005780104469252734,0.0023810671170566224,0.0030632118424328714,0.003906341199462186,0.005361909642968758,0.0022002395165896436,0.0026834165763796702,0.00396704114232765,0.004815423941383151,0.0021943216893795885,0.002826465601292542,0.0029632355915353106,0.004423124719244835,0.0021064722287886207,0.00259180048360575,0.003302529972703698,0.004281373514691718,0.0021842058858532755,0.002823308705705971,0.0023443109808010424,0.0036060651890325503,0.0019459239601245393,0.002438587359974788,0.002909226730993166,0.003955238395797575,0.09443979515868883,0.011086574385065762,0.0816101495527553,0.007872582866628609,0.06629380670543154,0.006264786076288447,0.9955066267627879,0.29900811411159284,1.4492278373885568,0.3668199901390362,2.2637096788598194,0.4091012499119651,0.8860909727189081,0.03470651045371291,0.8324755428693251,0.043027326096026185,0.7330658595088906,0.04847681797843945,0.4885051849574496,0.09716270407434278,0.6212036062033408,0.09876047970108857,0.8325928301972787,0.10486695800854903,0.3067913580322067,0.01785658969241306,0.28533312570238817,0.013969857896931384,0.2571875780541011,0.012180164206495989,0.7955872719881554,0.03455097780326675,0.7515431370523107,0.030678926710149226,0.6869177538038933,0.03087840706637172,0.0025432397615031423,55.08395380552268,0.8995644356733553,3.4552289148362316,0.0006087809314456417,9.92581441687,-0.2971707671160012,0.9814009087425993,0.3545254330741326,337.5679142306486,6.7950263198609555,1043.315340981393,274.5998236967289
447_Leptophobia_eleusis_eleusis.png,Dataset_pieridae,98661,0.004808761613839396,0.004805928929081234,0.006819108948632925,0.005210104101717361,0.0044343234137737084,0.004477623833118324,0.005369540367300833,0.004741557440435126,0.005022282941997993,0.005095304867410499,0.006433514486925856,0.005689397320506185,0.004579142354813435,0.003888376332150247,0.005197473752304039,0.005191970638427418,0.004828490341470398,0.004808965826840326,0.005684571673858686,0.005195761621547116,0.004635394126291384,0.003951305380575254,0.0050315732700553055,0.004955861763518837,0.004247625226778488,0.004894786162912344,0.004469778437078704,0.0044163691996577424,0.003985993936816508,0.0038627820617514546,0.004467905856322938,0.005003541525787291,0.028149635770635565,0.0031611664398194287,0.023459621466972443,0.0019667488338294256,0.019582027016165026,0.0009387906218994035,2.495766612102009,0.5592804834444821,3.4833955064860143,0.5390434470874585,4.996656368026139,0.34983594932845286,0.8432519673019401,0.0353262730690861,0.7802967732303215,0.03439130030408748,0.6824185459822643,0.022218282924036922,0.9967381349543065,0.13282040056349495,1.221578933764506,0.1120350696080303,1.5066844117127354,0.06962073037427761,0.16750913095223463,0.009504042206486596,0.15303370464393523,0.006348756565284395,0.1398963911048848,0.003320658367572873,0.6175966557219706,0.03638792774597396,0.5593585830323302,0.026336253205643523,0.4976743910504082,0.015545025211308494,0.0005031787789906133,149.46232275146576,0.8518285584370564,4.476238513282739,0.00023112268130353307,11.71584936835507,-0.18923733063184883,0.9527962068475883,0.1625261477449317,369.31737706582754,7.413270414230788,1868.65205668017,504.52859485789304
448_Leptophobia_eleusis_eleusis.png,Dataset_pieridae,77834,0.0032331312614107713,0.004065961879979493,0.0088142141731055,0.0082315885452823,0.005037305196006565,0.004530415509070731,0.015017543743501801,0.010744505264417293,0.0026532085901377267,0.0034599182843215136,0.0050093501788380955,0.00538811664079273,0.003538612363938612,0.0034677349142721143,0.009048118353942798,0.009023894594196558,0.002184934479699497,0.0029317598462008784,0.003305257953185067,0.0038009804460140627,0.002690815996247773,0.0026294157714061273,0.00595830529695756,0.006751280440823957,0.0021307045573928348,0.0028757642627280696,0.0024431388828883424,0.003146707928990742,0.0021934633080344856,0.0024224384509274424,0.004341713003661026,0.005603574575703869,0.02546223520624765,0.007162162975044148,0.020007207502955406,0.0039314351081505975,0.01429001482805342,0.0028958715388705983,2.018127343794518,0.813283142700603,3.2956232179932154,1.685495398269334,6.656151656374281,2.427256039811458,0.9403174722159061,0.02438807584921568,0.9013684753952315,0.05177989284556977,0.7964313902761992,0.07689530007775022,0.881497358937386,0.24351374062491843,1.1606819439623395,0.3165766911045953,1.7268640282227334,0.3787429628460518,0.15815103825162705,0.02122461557202053,0.14070810435655162,0.014437342946026527,0.11894282177921393,0.011942360539339437,0.6544497585729981,0.07616358678403429,0.583094911900889,0.06827290102347569,0.47280425909469626,0.06585816641510357,0.0004902352124237494,119.19631852067917,0.9446544463062352,4.254484434499631,0.00030238543122837876,11.922766209892545,-0.27330402896932715,0.9845468925634407,0.18913129822270547,303.97931956163563,7.875418955736599,4205.514571660773,1081.1777225453634
449_Leptophobia_gonzaga_sotara.png,Dataset_pieridae,12918,0.006403548000112504,0.006067302283025549,0.004282758892171118,0.0050718383749931905,0.005057807662558355,0.005744611996679131,0.0036892533032936623,0.0038305368555757694,0.006673290388866794,0.00772577009920819,0.004092797527660909,0.0050057533378516945,0.005222592565578456,0.0067900556933473905,0.003921349902644999,0.004516858985855159,0.006863072754618806,0.009028173727561324,0.0043339242871917915,0.0054771986247046135,0.005083481992531968,0.007175165955090715,0.004238991675790788,0.005079940393629205,0.007102610422585493,0.01035296322206473,0.00427902683200058,0.005798872667565386,0.00481587331486015,0.0070705126068619575,0.00388512665663925,0.0047487213410798215,0.15449333171350216,0.011887502496975783,0.14228810417788382,0.005094146902996088,0.1284782859094055,0.005410022745103368,3.7708750727096985,1.0341622966494748,4.7971402654510165,0.8161276035765707,5.9697157561346765,0.7633602134903728,0.7198945871621394,0.08015946173813238,0.6364793039103129,0.06794764738119409,0.5234828606273838,0.06352394734288883,0.9261368214064961,0.1482741498905006,1.0759121201126918,0.09667902558401315,1.2386245719813487,0.08917351724868619,0.39277049752550397,0.014988928816637211,0.3771495916538051,0.006803652934408638,0.3583610213256619,0.00746085141481894,0.7184083087033518,0.029131097477585625,0.6874583346871501,0.015865231475394523,0.6511544966235497,0.01663373709470763,0.005268169184655997,233.08572352723127,0.7273584022401305,4.149933747718762,0.000503161924434221,9.595873388022243,-0.24074881037756296,0.9594484092622079,0.33806103420317196,339.03519239973343,6.347021065694819,1486.0584333293555,429.78603921413924
450_Leptophobia_helena_helena.png,Dataset_pieridae,70745,0.00786473370633873,0.008606386405025401,0.006122200731188581,0.007143678595514642,0.006350659389624726,0.0077786036441857935,0.005377685770006295,0.006359596250965336,0.005118872480545669,0.005562096122304452,0.00457602078999611,0.005266022561452598,0.005316109954648628,0.00613683397134395,0.005194353406789634,0.0061599831553091,0.0040665668330259145,0.0041798675006649135,0.0037840918382552676,0.004277781263554804,0.004393287384601675,0.00502558219411773,0.005191248666873434,0.006129849348967098,0.0035580965436528087,0.003667304064376097,0.003184709865023906,0.003376253397886795,0.003487810040702225,0.0038127680108162843,0.004631984671129069,0.005498418972859285,0.04843018370342929,0.00335313560119274,0.04343689508029677,0.001715608749177277,0.03719076097969638,0.0007237092061295109,2.5970910502934608,0.6717998739795269,3.99091617472482,0.7869785547737258,7.159964059526264,0.8582176804745029,0.9782570936147613,0.005616953574621784,0.9665979854059378,0.00658737964674342,0.9401024047879274,0.007197869102978951,0.8623268691600603,0.1267719951266577,1.0914015744312324,0.11246266405817197,1.4824489368560374,0.09448092152263264,0.2199365673579581,0.007621682375148445,0.20837434845521746,0.004126255707100405,0.19283997988488938,0.0018716670889458232,0.6987720205244159,0.02891990807432914,0.6522709054709332,0.01863555197502302,0.5917213019630824,0.009312669774007768,0.004015202764900119,157.1231199617555,0.9793356086011753,4.1661786206951845,0.00037930538657914665,11.287328819947664,-0.3696453339973878,0.9967570746254103,0.3280587211082628,385.2609470102683,7.882196509940987,15048.485559029432,3801.4021697478056
451_Leptophobia_helena_helena.png,Dataset_pieridae,66136,0.009901838022796879,0.010637313372281257,0.005545588150430975,0.00801730238362328,0.004651507080800419,0.006491074887398527,0.0032079906199189755,0.004052634564169122,0.006603244520107055,0.007866400241247445,0.004095312025604398,0.005106993001588266,0.003740449892140611,0.004470805326051575,0.00317863445346548,0.0037365195523805677,0.005568350781881554,0.006943585283312271,0.0033539871154448305,0.00383394954126525,0.0032492709861266806,0.0038284228841295393,0.0028769205390361875,0.0033527625488504456,0.004675710591844559,0.006269325697280004,0.0026534741003743866,0.002960801716300634,0.002633269010596742,0.00307865420027342,0.0024382883342058737,0.0028732929043044724,0.028469596712604663,0.004293095492550104,0.0250111134498868,0.002575135794219762,0.021089835435293865,0.002348622483289747,2.188630903057256,0.7555721879807773,3.3310116271943566,1.2532047268701727,6.150420368814095,1.765956287755642,0.9875490477018631,0.0042971681431243115,0.981064429193754,0.007118523252881483,0.9650751777425672,0.010034489423003948,0.7865586615828449,0.17480532582810332,0.9867273687555153,0.17755629436028642,1.344956319884595,0.20715285842854883,0.16828119594204852,0.012289662522564896,0.1579330176301859,0.008262892478435185,0.14500742992653276,0.007917114461440646,0.7097723973447861,0.04887308529672513,0.663090498174324,0.0351066183960526,0.5996349643858944,0.035387141759879386,0.0011086297742685257,131.13017010636977,0.9883463171755377,4.084787370129803,0.00037529836030296616,11.766607167645061,-0.389059008907236,0.9979401116455768,0.2984636591877232,251.15361301448172,8.26513616112527,22371.98869780106,5625.779716976858
452_Leptophobia_helena_helena.png,Dataset_pieridae,126879,0.0031163463287466673,0.0043559067889382234,0.003359094578878992,0.00533729268285046,0.0031903726250555684,0.005028586116033167,0.0035094307000796917,0.005672535238015887,0.002489565041244666,0.003602390232061652,0.0022865795344622288,0.0037498530142470294,0.0023925390166231234,0.004123925645281268,0.0026158559961128665,0.003979364900848798,0.0021602036279225133,0.00336186432185128,0.0018418426383899262,0.003214359458163784,0.0019104739692462236,0.0033776955169504256,0.0022064350398264456,0.003411274695028535,0.0020119882801301753,0.00325070650099542,0.0016032741802642825,0.0028433696317216976,0.0016204314568804543,0.0027605212534597776,0.001982716920670825,0.0029868807875087265,0.044833470785429444,0.0029835734001819937,0.04039310045884294,0.001769767512788835,0.034225281990193465,0.000848917269956562,0.7886424945508466,0.1988234457939576,1.2413175798086118,0.2595310223520214,2.335693456639959,0.11295775875859795,0.9929783988005363,0.0017693018363464784,0.9889473142476042,0.002312344796297657,0.9792012900811792,0.0010109930991272535,0.367038357957976,0.060575577692477525,0.4769355013568626,0.049508755315168934,0.6798541108534418,0.003714520245635548,0.21162236719298994,0.007031677542718631,0.20093139587981698,0.004435606906749036,0.18498657664390405,0.0022909499694406163,0.8501145647106981,0.02080542916233255,0.8167045799800301,0.013359960126337386,0.7633791676291445,0.0047600342371756955,0.0020125466845132894,43.469732841606785,0.9939273555260412,3.0052429745725804,0.0009492371900382249,10.525924397917226,-0.511798953362023,0.999597958981465,0.49542606282221,248.68746537302007,8.03947590219461,14272.601813527228,3579.0178865922103
453_Leptophobia_helena_helena.png,Dataset_pieridae,104420,0.0027047902222574497,0.002703384731155045,0.005269730773110124,0.005309616827747528,0.0037062655588112926,0.003492693643865676,0.008662273170450728,0.008001944523786832,0.002803603549801253,0.002837432916876054,0.003869631418192624,0.004130314104775563,0.003198369082799888,0.0030809804366624853,0.005411782793608369,0.005303123771493311,0.002546304962046902,0.0025496764547603278,0.0028982225693821545,0.0030598456896982437,0.0026381304803110056,0.002638914194018553,0.004041781461901446,0.0037199914722528017,0.002354995240880368,0.0023173841920945135,0.0022907745013037006,0.0024204383902384696,0.002171479602436289,0.0021007302185784217,0.0032325465803877745,0.0030445641818841757,0.05315755876739336,0.008762713132333524,0.04402356442202611,0.005353649512573498,0.03419359361582806,0.0039460423496374426,1.1600949506321725,0.3321692712846024,1.7627391014092941,0.5851774246459943,3.0853003243683346,0.762464784805097,0.9041982992301093,0.027519286948562878,0.8541190280107528,0.048726650066004865,0.74313258419633,0.06393946177124296,0.6299072020737793,0.1282839839177135,0.8083292742159711,0.1498564965918921,1.1176699148146636,0.16502959900501357,0.22982046033304387,0.018442201053593555,0.20940489109668523,0.013158875590699509,0.18460936854599874,0.010628953893759648,0.7307526966466408,0.0472363881410543,0.6731859039577454,0.042616014439131406,0.5891562827767807,0.04070451212052368,0.0011334569660774942,64.10171249708856,0.916141485791403,3.8264841843857473,0.00038819917094691574,10.857898550974198,-0.26658976411219004,0.9788097805928117,0.2492562004535195,364.8432102691043,7.232960845641121,1465.3701379857375,382.36796262069583
454_Leptophobia_helena_helena.png,Dataset_pieridae,56198,0.004148571592201746,0.0048722299427721005,0.005013122128717924,0.005196909052769302,0.007577417997527855,0.008378305257071327,0.008714759581175114,0.00705235920641,0.004179022347335058,0.004766300929913109,0.004833825325330584,0.004949636707941155,0.006441303742119665,0.006502431494064829,0.008578076028620612,0.008108084175412505,0.0037610095053162555,0.004116128912556509,0.004377568730840714,0.004457491356911371,0.0052877969347229275,0.005021229475061971,0.0076922737216079,0.00720117596952232,0.0033424687091251947,0.003575423880529904,0.0036245655364943972,0.0036488114151136076,0.0039920579590044655,0.003776994553475054,0.0060802343456137185,0.005767362351771463,0.030972171869588144,0.006157003907956259,0.025962382552797432,0.0033747900351012096,0.02121087752762929,0.002415183134037916,2.7333320198787363,0.851547416347391,4.048637763142051,1.1066162617458555,6.405926452175721,1.0414412048208805,0.8815207124950404,0.03690142143913557,0.823949823010883,0.04838215241777304,0.7196055325919779,0.04555127744450149,1.0098482186311057,0.204092592219329,1.2584992895506346,0.19195646330198543,1.6148235244943232,0.16434151837828304,0.17518462074838195,0.016808346820366478,0.1607716455029788,0.010717301668888174,0.1454074182861363,0.00821950332987854,0.6297407612896295,0.05602040960124473,0.5730866071609835,0.04007740349313006,0.507777079105129,0.031344542643623824,0.0007825981310611931,165.68149572990637,0.8874739752340721,4.498011211392113,0.00024138171924746658,11.621963746817293,-0.22763927908692094,0.969587125896267,0.2014284965247164,435.4859432954129,7.522001025249487,2779.1233572129786,736.2012132357213
455_Leptophobia_helena_helena.png,Dataset_pieridae,97530,0.003295309787079761,0.004586264373909588,0.006485587995972605,0.007515684389024149,0.0029705096089578872,0.003143558614346075,0.0062431674378244425,0.005251868195698721,0.003193846988398654,0.004088948878900024,0.004855750531247657,0.00656454540219073,0.0030599938295524905,0.0031439548930315684,0.004846379657392051,0.0048758630738649136,0.0029241928240872207,0.0038206202072814137,0.00360727928435699,0.005612804632057444,0.0027316692845449617,0.002932874448559927,0.0037684043444861995,0.0038485257435845566,0.0027268596174836717,0.00367551782673761,0.002746691126347706,0.004688198137031929,0.0023275093915168118,0.002780032154162766,0.003063564280863839,0.003298570748030418,0.061501971906033466,0.00900690154877324,0.051611151371491,0.0058938641644497676,0.041342394677997205,0.004332785445089677,1.3129829229658285,0.38641113644265346,1.995350144397223,0.47302826630183953,3.2640782173930094,0.5457438292242923,0.9273057094680212,0.022113237910958233,0.8882267248381027,0.027378368841733502,0.8132493505638811,0.03287806231233284,0.629462760365916,0.11345918867304279,0.8037355033649022,0.11829530272195374,1.0768925821422979,0.12148168117160474,0.2473504337583291,0.01788113043406121,0.2267986189609253,0.013173375000660584,0.20304819325186893,0.010668921930021513,0.7371419959288829,0.040724878621774735,0.6820515064874733,0.036992026338857176,0.6064478332833734,0.03513435535317774,0.0013255799886634496,74.22070139846062,0.9351977829920375,3.806873473986831,0.0004448652335745157,10.688349547624469,-0.2746112386310875,0.9806414768803549,0.25334829144577,355.2246371446123,7.16694035698834,2222.587172010197,574.2019683521639
456_Leptophobia_helena_helena.png,Dataset_pieridae,84997,0.00279359782444019,0.004397478313736052,0.0031609346717199702,0.004390796276328268,0.003405246334081962,0.003522324933648454,0.005485534983805862,0.005032416844473451,0.0027062309445789624,0.004590515963784175,0.0028218237184978994,0.004047413709187778,0.0029136763065847025,0.003725649613669636,0.004214398534535767,0.0051092293653499585,0.0023006092205530605,0.003436114249072391,0.002467167009430294,0.003682432196269226,0.00241825608223479,0.003236501981170643,0.0035055157837252555,0.004481889932237862,0.00213344821487758,0.003053730304010359,0.002102953262217325,0.0031657003221519787,0.0020339995671403333,0.002667206652885003,0.0029974328631585086,0.003923251929378579,0.1004854428091366,0.01161499408605479,0.08746384414624936,0.007065507205388565,0.07109865236135086,0.0055344912609749585,1.082767310128868,0.28891549278293543,1.6076291758878287,0.3775538244694596,2.5975211518426002,0.2891268283930993,0.8643320868949483,0.03686254490535543,0.7969309548646534,0.048187325820145954,0.6667521051434397,0.0371564053700207,0.5109482362284419,0.09717132451129355,0.649433111783882,0.09050893760958238,0.8790793059537203,0.08097501426247741,0.316487326628075,0.017922468941268838,0.2954893364895892,0.01224320902344256,0.2664432737694844,0.010326384863563565,0.7901097788867674,0.03453844221497715,0.7465556312348973,0.0267477099722466,0.6802016522638447,0.024806349279330845,0.003007317457740094,60.710510161854074,0.8786050973310681,3.5076526092728995,0.0005948116315338374,9.930102149805975,-0.2967698938830596,0.9814370308748775,0.36274830102329125,301.6196160640049,6.791343016020104,941.3251885853351,250.5089246867974
457_Leptophobia_olympia_olympia.png,Dataset_pieridae,50259,0.005805714915857624,0.006984033363996896,0.013233938729302805,0.013816576993930876,0.005350334259131944,0.005921942464137927,0.016528087218260337,0.017835063438675275,0.005396133632253883,0.007289981311618286,0.0117949552375726,0.017125854189711215,0.004817227674242894,0.005423371882399445,0.01283937694681577,0.01751651228578151,0.004820404915981455,0.006590509401943916,0.008915489139148384,0.013716698035600342,0.0045029106556187404,0.004904190298538078,0.009210258131282041,0.012716741494113169,0.004203188633946355,0.005834657558115137,0.0064305700889484806,0.009512732143308316,0.0042328533784635565,0.004751233265324014,0.00687294170015502,0.008974647355945243,0.03828081572147651,0.005128102426437425,0.03258051539212722,0.002626779337135665,0.026413364487335864,0.0019455157540214554,7.275438427807169,2.670512995735482,11.490980072099237,3.903357883946301,19.209264297541033,4.495614958054941,0.807054878226852,0.07120107084022811,0.693994094267865,0.1048491873477977,0.4845194385025584,0.12212277994398954,1.4492092257515257,0.303932917856088,1.8410676924832536,0.3343203147315414,2.4677354607966144,0.3515496094410984,0.1952294306598244,0.012895159003181292,0.18034955849723738,0.00738594218625907,0.1624114370066636,0.00599079433517875,0.6124946269138075,0.043493222188450566,0.5654805646413551,0.029077818157539116,0.505008905295812,0.024928320985832333,0.0008974535409540677,455.9101355629456,0.8101088495753931,4.801214011954936,0.00026657265306635563,11.807818482605299,-0.2283122787233075,0.9728428563180285,0.22457029715389054,346.7302730051398,7.634375977182796,4349.403158399531,1201.3283234906194
458_Leptophobia_olympia_olympia.png,Dataset_pieridae,46450,0.00921837212903099,0.010500113826220656,0.014611913301207377,0.012726489164797397,0.005803407465231925,0.006355380091139748,0.012440680840468083,0.01433839464660779,0.00847110495531569,0.009443309435469074,0.011700475609167274,0.012578518253095933,0.0054895817910123445,0.005195751409356189,0.009213184990402254,0.011585058889565302,0.007248663522392288,0.008472030789221728,0.008453275969948531,0.009313298927947267,0.005202858444918732,0.004769208922495369,0.006816652526141992,0.007717986872686324,0.005878932967642997,0.007446433913595896,0.005811504067337085,0.00610160276957319,0.004446214772107519,0.004344398695444147,0.005162187472931383,0.005478106769312681,0.015188276975120853,0.0019291994564668562,0.012489109207661803,0.0014148600665219503,0.009778838984406646,0.0009983626378631588,5.73882352899223,1.851560234036369,9.009659883896749,2.180174034504014,15.49628952928554,2.385779730436569,0.91770398666096,0.02650630932540419,0.8709017012117011,0.031161502348236746,0.778179701002692,0.033932299972696235,1.4950269213566636,0.26311931652465936,1.899764428649783,0.24531761196187488,2.5597241602330083,0.243214174473042,0.1229815819744272,0.00798795782337997,0.11158355489241127,0.00618219097359861,0.0987629771905912,0.004971249426191706,0.5444402342807292,0.042647658382508224,0.4853881571886628,0.031138509292304876,0.4135367031556952,0.026463253184849902,0.00028289139556919026,355.9923643031303,0.9200529469636245,5.0016696818816735,0.00017836718081649434,12.787548513151137,-0.23546011247968548,0.981883011547644,0.13824321145943236,334.249731651074,8.221351539323317,8548.252576666178,2226.0612352423295
459_Leptophobia_penthica_penthica.png,Dataset_pieridae,49380,0.014794267520822768,0.014779185468301306,0.008931346526660078,0.009998502430173733,0.00912377079914143,0.009934687523985007,0.006867690211213004,0.005897454255667628,0.01120443612788279,0.010716542729577136,0.007972942082783102,0.008234833497273336,0.008114251380899756,0.00794270300202959,0.00748324640334892,0.007140114921333439,0.010119629391168053,0.00953597949063282,0.00787280194484002,0.0074849916638539266,0.008065815866756513,0.007556248259234889,0.007664277323867015,0.007163662679008903,0.00945311485786835,0.009608833758797846,0.006899927681106855,0.006712177960841634,0.007051617270147892,0.0067297535504367454,0.007119712882226732,0.00756536934148319,0.027948827906448252,0.0016607355983557501,0.02603915500535462,0.0010322235023254036,0.024329365073322867,0.0010216939760758956,7.85263274059839,1.9512308888090062,11.139919318333066,2.41623376103965,17.80846934428444,3.4052747016478704,0.9612525464268387,0.009617860183555161,0.9450978080510202,0.011943985737681281,0.9125096566634423,0.016898508578076184,1.69896499077625,0.23751839386650023,2.035623854921095,0.19363607835114643,2.5365076336151877,0.22131711386766936,0.16710680575848738,0.004913590911281164,0.16133407474271527,0.003235943798426598,0.15594443160101318,0.003270982415084239,0.5260254777779706,0.03462746246867766,0.4837138290346277,0.018611654190273132,0.44137728377407526,0.016577901107494013,0.0030713039568405686,495.31840165299707,0.9620757661093389,5.202518171074827,0.00015991588909725334,12.602001355987607,-0.27909676088766416,0.9911328395335847,0.19083939811496242,267.1002188856486,8.276378176569885,25624.967471364813,6530.071468254455
460_Leptophobia_penthica_penthica.png,Dataset_pieridae,51524,0.00635833088205373,0.006182306316124355,0.01774395224009232,0.014583644533578992,0.006299395574664932,0.006452584252811382,0.015171968660310734,0.010851800442318978,0.0064716913547537835,0.006613075290143341,0.01465339974796113,0.015243937017449598,0.005995390219629842,0.005928204644831776,0.012638564797650716,0.011385456868079041,0.006087959913937634,0.006426720722044477,0.011397283938958084,0.013435837118319702,0.006189836707526349,0.0055564740363195555,0.010278089586023158,0.010120029080107985,0.005498653967019797,0.0068423723565464575,0.008636574366140078,0.010165647555979962,0.005834252695108502,0.005456260176568016,0.008662455793536219,0.009292370452690692,0.011204689840148106,0.0019208408247174708,0.009161050855747616,0.0014130101902205192,0.007186555872246662,0.0010535924336949186,8.693842200965964,3.183402821425241,13.07915360475546,4.069928072548969,20.575912013589626,4.760117007576607,0.8887227214579916,0.04079365657190291,0.8324726205687232,0.05223835637218355,0.7358672977568561,0.0613197834232933,1.851918622017247,0.36362698199650006,2.317728504143551,0.4034185962336629,3.018531175568909,0.425943735222204,0.10546198316114574,0.009080745997236002,0.0954338777601611,0.007309297600060033,0.08454814279439796,0.0061779788171176025,0.4827904148596316,0.051270155633572304,0.4235301294952756,0.04348163392987921,0.35371322435338387,0.039527589461516355,0.00020081131989541562,546.4878734868053,0.8905493811193497,5.305697242613233,0.0001349646399788695,13.201708936401992,-0.20611904818880766,0.9728164958709337,0.10584440197357045,366.1733770476393,8.318908335079648,9441.169297659202,2496.9142927865123
461_Leptophobia_penthica_penthica.png,Dataset_pieridae,58074,0.005383772320169694,0.005501809008807144,0.012548752624947243,0.011473118514982804,0.005746098033374992,0.00578859281708354,0.013678164520353392,0.011359107393322614,0.005496325965655461,0.005591905659861086,0.012082067752133524,0.015526023237493856,0.00547161151738931,0.004923002216376375,0.011460505549427421,0.012380575948550493,0.005191990061169716,0.005484023949023609,0.00970712595988893,0.013258076606279572,0.005386538250133423,0.0048329241228148925,0.009557652605828722,0.011149050769556253,0.004607114327097616,0.0055513510928054234,0.007569333852093072,0.010299897893886432,0.005043225121004496,0.005104858269695312,0.007882861555794396,0.009773387787797657,0.019386346880295967,0.0033995015350246735,0.01594423348475514,0.0019092344474221112,0.012687592488254892,0.001488979373131548,6.818840109006366,2.550974930958357,10.07888734777022,3.1949344581843513,15.045599120084244,3.359412806472265,0.8232314813278431,0.06637191690249543,0.7373172547326161,0.0836591275198738,0.603364582941867,0.08830610763737023,1.5417599843776424,0.300686450185118,1.9156187626817993,0.3270263773794574,2.44422804676591,0.3177611196018213,0.1387269329696597,0.011882127298068828,0.1260343387665137,0.007718739303979535,0.11244432838632946,0.006623103653287917,0.5444815001785216,0.05004803029778776,0.4871500126143058,0.03850395760500914,0.4176700196883821,0.03448562952476413,0.0003551065989608097,425.76223155381973,0.8268517790101625,5.021656576928538,0.00017441946688540828,12.516315365458777,-0.19557336803689898,0.9622005117953991,0.13698676715570565,380.5124112427431,7.891562132770474,4494.705913160891,1230.117036178679
462_Leptophobia_penthica_penthica.png,Dataset_pieridae,23819,0.007909567005929034,0.00832674759124581,0.006025079225450801,0.005013703723039306,0.018133537802484643,0.01279376932837124,0.01310614875746345,0.010176797520273735,0.007091876713873978,0.0061941796786055036,0.006795781363741766,0.006221298919713918,0.017196792180875078,0.01345361808836393,0.014927303390489425,0.01583259168994393,0.007513686628917984,0.006191863668870974,0.008703567662107024,0.006422313840400783,0.0168079092500987,0.013737994939429492,0.014614612677197183,0.01619338495776409,0.0066642470036570416,0.00606936599529762,0.009137388175481282,0.006750889209337244,0.014534441299818896,0.012498637791186021,0.013655090374535316,0.014960520360917951,0.007022312872510204,0.000991366656024316,0.0060576522568612755,0.0007830665871439025,0.00532847293090268,0.0005343660830612398,14.596392507686744,5.186422956075657,20.213838860079072,5.28941181646175,27.234569931296086,4.686675727094059,0.8226507938007296,0.06291892738109262,0.754580602186567,0.06417740499338548,0.6702077238198074,0.056322116577554024,2.557908360125287,0.47234941432417554,3.057015046034458,0.44630208883801004,3.600259490956113,0.39545456779969174,0.08358582397928134,0.005976863911350126,0.07767611848667644,0.004906411489579527,0.07290707368312094,0.003609922141356365,0.379088889052685,0.04314273086631244,0.3347794864132444,0.036706726283488644,0.29616830810062655,0.03014482747666316,0.00013536086035737552,923.4212339877986,0.8243025418918392,5.783623941515496,8.528781787909172e-05,13.398874945358227,-0.1883930558382425,0.9671558061372778,0.07031677823120548,309.89377703352346,8.272716955442641,9586.35276533939,2627.4434998317984
463_Leptophobia_penthica_penthica.png,Dataset_pieridae,77455,0.006321147206708754,0.006485758360433373,0.006261488311219063,0.006786344082607185,0.010704530026866884,0.01050012612847824,0.011926027474664173,0.009950371922824766,0.0048532062164768726,0.00559746921145032,0.004146949319611493,0.004443508816456592,0.007277780843284622,0.00837878662705049,0.007555117724184543,0.007461894867097904,0.0031746706248614504,0.0033755987231002824,0.002834114990420053,0.0027563508833121017,0.004077375496631796,0.004348521310500811,0.00438338004433317,0.004298124372833788,0.0025275002746346716,0.0024887758095847893,0.002118138183561783,0.0020337715043384982,0.0025490374740057917,0.002446421354945272,0.0030616301917388736,0.0029655456758468034,0.012938338447520716,0.002618507114534146,0.010250804761684806,0.001570780385236963,0.007333039970715537,0.0010853329896913328,2.3634020273012295,0.8474688863810806,4.061564651287463,1.3276549608291661,8.520031970751097,1.7821320722430591,0.9798411167076526,0.007226885957677464,0.9653914587691304,0.011286063584075016,0.9275383810366054,0.01513339025235109,0.941350798659083,0.19408859743784976,1.2547140376505428,0.2245722278918451,1.8625800224434208,0.23042935209818122,0.1131904875376302,0.011236190569508054,0.10093283098506889,0.007960426560450337,0.08540141952322111,0.0062958330770696335,0.643148996060938,0.052320407945348237,0.5733380706869369,0.044925240862175565,0.47058654027987334,0.03639932189289655,0.00025933923332809494,141.30183908008797,0.9811581000346339,4.380381275408838,0.00026299543067337465,12.70010678450495,-0.33436580466529403,0.9964241874235041,0.19087010779261981,302.5055073578161,8.610882895759552,14855.846704754731,3749.287135958716
464_Leptophobia_philoma.png,Dataset_pieridae,176711,0.005362493329717261,0.007052515938889575,0.005284539891485836,0.007249113463950939,0.005660654553349862,0.008497383346296112,0.005182754219926084,0.007035166114589535,0.004463001200064554,0.00614816814647456,0.004339230614152727,0.005885768892603177,0.004574809250590226,0.006835253740448432,0.004491009903046894,0.005971160016606678,0.004186299792187469,0.006605163453453907,0.00378471750160187,0.0055879201104851684,0.004067933831626778,0.006695532509802658,0.004085364402591364,0.005958477718642703,0.00407357706537697,0.007271601347379649,0.0032647365430099845,0.0053500135330849085,0.003417951392570369,0.006004125102503255,0.0036253938297421116,0.005801673233454878,0.029520171835853454,0.0022465811365799805,0.02593291929253167,0.00134702734129872,0.021625943189395494,0.00012007300829325072,3.042809149133626,0.6721159707693398,4.26748465293481,0.5994981636849412,6.582719337924713,0.27051942961859493,0.983185709565627,0.003711474696197752,0.9764252551023901,0.003307090596306567,0.9636537434730521,0.0014786198430682305,0.7906474583296473,0.10380221351348871,0.9713170899451045,0.0790705030745888,1.253075685531219,0.020587277627305174,0.1716897563223614,0.0065421257876644,0.16098263279194297,0.004184642386885709,0.1470570520038962,0.0004082221440062666,0.7451782768843414,0.02382321122882434,0.7056288216242346,0.015979797876773855,0.6510201633761394,0.0032212237372554117,0.0010553107646588565,186.07581994808174,0.9839011684416372,3.9064049676328545,0.0004863127547197957,11.683230613835004,-0.40913728949298434,0.9986702994322239,0.3592141538413242,215.02198996856436,8.329935940758194,22929.8915577698,5778.991844429464
465_Leptophobia_philoma.png,Dataset_pieridae,133971,0.006693302609549754,0.0068844201879263295,0.012464165491967273,0.014733168786246423,0.00917661495126616,0.00947207263351787,0.01858422131914315,0.01614837180881451,0.009196083072714675,0.007415005186557145,0.013154906265444213,0.014268405933736865,0.010593251406758842,0.009857013825988288,0.015543686650502347,0.015065109030211398,0.009835671060071364,0.008185113487122593,0.012777180445992848,0.012413824719255204,0.010863906632397367,0.009500955601979368,0.0136272329369958,0.012446500032972237,0.008181453963462431,0.007619412352622577,0.010034714859774838,0.00955953062935939,0.008817790851059309,0.0076462146009628265,0.010787519904385026,0.009926793480469952,0.0074953049884611544,0.000916871942106202,0.006311679721028047,0.00045839681622052034,0.005506934366469218,0.0002879043365108051,11.838523953758646,3.4432430719907403,17.857161565504327,5.199947943638021,26.717322239111947,5.131985473594947,0.8569629447394063,0.041640307529466944,0.7841614745255948,0.06286171668067403,0.6762920345782139,0.0622250254287083,2.218949919267202,0.32685035125727047,2.7332475749459917,0.3516503529359391,3.354211046250952,0.30480354321494174,0.08641757274476572,0.005225716158028409,0.07939212290030886,0.0029275488741093447,0.0741833832530765,0.001939075964573653,0.43184444332650573,0.035402037206832264,0.3822334448283222,0.020888909140755835,0.3420775088492308,0.012052994010185352,0.0001286973156142563,747.6121376075487,0.8586071177970563,5.586797745841498,0.0001054940168161945,13.756729514955325,-0.16313478745936563,0.9526847229987078,0.09069008702776431,347.7217215126157,8.430911710020286,9828.331682287531,2643.9859549737794
466_Leptophobia_pinara_pinara.png,Dataset_pieridae,132539,0.003379629692308211,0.005720950136662697,0.0029181011725117434,0.005092920551940564,0.0028562321613712946,0.004321668425313167,0.0030322786350892796,0.005835000723045029,0.002501617848139778,0.003890983122210249,0.0019989212230375054,0.0035710975808097563,0.0020049682272585646,0.0033527605018940543,0.002197365687857745,0.003989315389528709,0.002124545388210327,0.003229889030099589,0.0016359717395140758,0.0029959536040904755,0.0016422865859313867,0.002835549076743842,0.0019131117342249362,0.003292631117697868,0.002028899695600547,0.0030161304056666206,0.001521392848292519,0.0026198657488618942,0.0015084783182672309,0.002412124371099602,0.0018601010774723775,0.002959489569426607,0.0855018053145947,0.005352171694739499,0.07805520426669245,0.003128662765167832,0.06748637723549661,0.001795814485521533,0.6960764548779825,0.17548126435275174,1.096480737758738,0.23513971479224552,2.033132682421066,0.1152046580214159,0.9878386793709801,0.0030708255043623137,0.9808388336743659,0.004100618296484893,0.9644558131724211,0.0019467087170656338,0.3175057918062335,0.0555349815928072,0.41262632867681365,0.048351400392830236,0.5872707538297705,0.03210013320826922,0.29226489317379445,0.009112493221133545,0.27932640340161874,0.005653727036974515,0.259758615018029,0.003440807959185671,0.8715024648530214,0.019622537858892532,0.8424271593724342,0.014140721589804105,0.7945035783039104,0.010924446265570674,0.0046756873512238135,37.90191193253705,0.9896287566569081,2.770725288204001,0.0011256787235949224,9.684399424374284,-0.5121900226749464,0.9992833055140388,0.5369274441400408,293.2139325407056,7.464295016450127,7271.947236728985,1827.46228716538
467_Leptophobia_pinara_pinara.png,Dataset_pieridae,116961,0.0031021939271699828,0.003066727302899905,0.005124259763427526,0.004379336455455785,0.0033466864110184326,0.0027280027895884417,0.005958446012977519,0.004962423560968365,0.0020527666749773077,0.002175643500738223,0.0025883452234001015,0.002794265248155799,0.0018948714048256676,0.0018316303043135643,0.003045035167652996,0.0031094519535572445,0.001672290725487438,0.0017509868087990776,0.0016134215370013744,0.0020489015988782093,0.0013653622731472895,0.0013952218007586856,0.002068012660644652,0.00229623991479839,0.0017005167832585745,0.0017406682303827677,0.0013614211964430175,0.0017852720932613503,0.0012624037939453236,0.0013454020784182384,0.0018948843737134028,0.002212561032915224,0.07019431879745157,0.008810099687221755,0.058234336276514476,0.006762624147267287,0.04286990111161154,0.004216421221429882,0.5152203420409627,0.13514649950717483,0.7926621052925674,0.2240894410139203,1.5407581415861307,0.2975870017160531,0.9505279732607498,0.013175564863438639,0.9233922831939699,0.022123780880306556,0.8492299921901095,0.029875382648375807,0.4002214551660019,0.07870649836791457,0.53601161710314,0.09581256450121133,0.810318735710679,0.09643397773384633,0.26443229230520954,0.016428073035623186,0.24089370996983872,0.01430233454655962,0.20679768375394414,0.01022834813717528,0.8109018555009169,0.034120832136853955,0.7560860918287617,0.03613811811700676,0.6602771133501577,0.03092012674103274,0.0016396000874111868,23.626421693258056,0.9640110090167788,3.2443459457974626,0.0006216709365552705,10.175398551699784,-0.350247885863532,0.9922157656966658,0.32370528196927295,301.84837183749966,7.155013639855433,1291.4448946624289,328.76782908891164
468_Leptophobia_pinara_pinara.png,Dataset_pieridae,555753,0.004197350727420736,0.004289298328799093,0.0052293831096123814,0.005540529750163704,0.004466128789352122,0.004447761070549232,0.0059075270236180885,0.005682826035644844,0.005511221477934391,0.005481409042371094,0.005042900241999022,0.005114444979583305,0.0048727501237061065,0.004726281047666495,0.005864919203407573,0.005429132029644494,0.005466530360381977,0.006382432564629859,0.0038601053518563387,0.0038971187156646033,0.003894939033995959,0.003994682346016621,0.0046483120292074,0.0044131576440247415,0.004367694239188172,0.005363032966847151,0.002843543993838959,0.002884231981001752,0.0028818707877121584,0.0030083933377603933,0.003350082787672156,0.0030782706027875023,0.046881986371289784,0.004068376768979278,0.04106227867001324,0.0019713878099287723,0.03520507791982845,0.0013047697460214995,1.90499365402256,0.4903266204215066,2.820970490662568,0.43421082019786256,4.442530299785482,0.3356873526496957,0.8978346650751011,0.026460237366805466,0.8480583446684958,0.023773268555241305,0.758939299991017,0.0177517277251157,0.8194364466501528,0.12376977780095784,1.0266722370567787,0.08589509118899454,1.3218678917577595,0.06201672723060859,0.21631808748001624,0.009405923680204402,0.20257940215466808,0.004885129749608493,0.18759814695916424,0.00346600307505136,0.6837196846045629,0.03325349347626102,0.6322313578826927,0.01945150265873406,0.5710627633329237,0.012602599927157803,0.0019316891593341898,113.0907012750755,0.9046174853887392,4.215438346910133,0.0003140098319328405,11.258949453476834,-0.2464760696321004,0.9765890547023734,0.27761313496903817,327.151931738205,7.361585145944785,2259.4416009201886,593.1330755488107
469_Leptophobia_smithii.png,Dataset_pieridae,132257,0.003468701055412182,0.004872663788348816,0.00630755743966453,0.00799658012089431,0.002799939047214309,0.0038920142249085975,0.005874989713863769,0.006150290276552311,0.0026855512618640404,0.003819557822119655,0.003940529362346478,0.005226636989547484,0.0023663291911825554,0.0032105744219813417,0.003952054960527105,0.004678134021853743,0.0023607298422377606,0.0033565617800012403,0.0027536553417535667,0.003833799575360195,0.002106896688536046,0.0030727481096073815,0.0029958493266922493,0.0036313267429878993,0.0022499255509353298,0.003269987145462783,0.00209650519312388,0.0029994628180563384,0.0018678850701229067,0.0028288509894891624,0.002476210681128522,0.003002127623664416,0.03708960969763233,0.003850946443715228,0.032291306906687745,0.003108539897669008,0.026122480631917883,0.002243979348292384,1.0369643926115344,0.30449886548035093,1.6055123743104402,0.4203875953217572,2.8401758399734858,0.5348223016202338,0.9853912486898673,0.0042865780447054296,0.977388481869913,0.005907530658000967,0.9600224710414123,0.007488027205275702,0.522663256094297,0.10001256070352106,0.6790312043932949,0.11410226704943097,0.9532987099589177,0.12289257123674381,0.19232964704879554,0.00994568065634809,0.1794851128118859,0.00874077717324599,0.16147457430620268,0.006960063544862028,0.780934469479781,0.035026562893717944,0.7321554709521794,0.034898522752198714,0.6579178948391221,0.03268249299353081,0.0014489969965305078,57.92044211318669,0.9872371094972426,3.5749123723704455,0.0005132387399899201,10.922865524031256,-0.42747389223245386,0.9984786516938622,0.368322051198692,301.8511099616559,7.911378557469891,9017.945145380043,2268.9663968733075
470_Leptophobia_sp_x_angelopolis.png,Dataset_pieridae,43621,0.005069853106886453,0.0066909574307949405,0.00962199717999444,0.008475390388277111,0.0044610679903445555,0.004429218248706884,0.012612529740275423,0.011131640933276536,0.00433145913370518,0.005202052536036994,0.0081167242823109,0.00999718800659115,0.004060911111965007,0.0041221083850615505,0.00953179173707289,0.009517356169984826,0.0037457613777212738,0.004684541299124391,0.005922071519720102,0.008010612277867191,0.0035730982667299418,0.0036524455076590184,0.00669526000207223,0.007147824925843729,0.0034188626755162457,0.0046795556541972955,0.004245764881899598,0.005468267256005241,0.0031412374009809666,0.0032360976215490772,0.004948369547907936,0.005345594994086284,0.02953953834924017,0.005673303721641589,0.024022198512851187,0.0034109414754224417,0.018266307044489415,0.0025852189390657195,3.1532217787834256,1.1094153164302427,4.972393189937109,1.6444599227956622,8.548831921936362,1.880483304552595,0.9012499251002466,0.03495619218416622,0.8436572107900864,0.052164376166685504,0.7284073655415403,0.06069846221474725,1.0621966385098045,0.22257249764457437,1.363680912235284,0.26156787254853214,1.8699978937253061,0.27283418907674256,0.17112302439943247,0.016014021032564496,0.1545778403108582,0.011308837149857939,0.1348145406469909,0.009557545429149763,0.6286612951591257,0.054753961257245715,0.5677935395858539,0.04703676786528282,0.48216066793337864,0.044706345957375805,0.0005891672615204416,192.12366992105888,0.9055868973861029,4.51876958831248,0.0002536237917735269,11.844908813100542,-0.24224664571841847,0.9772628357220708,0.19205592367394952,374.9258378440262,7.696776705186165,3881.1985799816393,1018.3305624756795
471_Leptophobia_tovaria_pseudolympia.png,Dataset_pieridae,77268,0.005188767177366411,0.0065195091159897765,0.004629526527481958,0.0059171518108324835,0.008825252367059442,0.010030558571608467,0.010072741033461986,0.012079603373924603,0.004683785046253476,0.00610356804863207,0.0046687933444409776,0.00609540995999043,0.006618946948064648,0.00833380029937503,0.00747628485596848,0.008870355778470292,0.004639374701036347,0.006181791543355625,0.004627395151387707,0.005799343292966399,0.0058299078602552295,0.007599757184251479,0.006844475676857061,0.008236132877192553,0.004495767656370383,0.006533710438931738,0.004189518869914118,0.005514919910795948,0.004754459162358323,0.00633572589990815,0.005991662702990069,0.007790823728052213,0.03446038701785177,0.0030278093992665415,0.031090042200293953,0.00200195844970522,0.026782216088440784,0.0017477910231014752,4.700767893580881,1.3525186442808736,6.862316217333536,1.7478584498913488,11.199642214088712,2.350983949224014,0.9799472633723929,0.0057637153492851746,0.9707609724839812,0.007436239153113531,0.9523804469920288,0.010010935845630259,1.1398297939132422,0.1930472888061289,1.40259036859905,0.1863390924826532,1.8223771759302039,0.1984381244870528,0.18545798035216982,0.008107067382596991,0.17623114321623728,0.005711948966159957,0.16356551562166038,0.005342114549610684,0.6577581357815033,0.037219526767114416,0.6151743957829873,0.027180196452768948,0.559850295385796,0.02353897379964099,0.0018331514193888994,292.86470560575253,0.9804482477484417,4.496602661432492,0.0003257197724024535,12.052140597546607,-0.36896074483882224,0.9975753582855461,0.3038818163343033,246.22972476317562,8.359530010090543,29662.310091941028,7488.793699386697
472_Leptophobia_tovaria_pseudolympia.png,Dataset_pieridae,167096,0.0049318939190986085,0.007322512375157567,0.00468235099246973,0.007460755155453821,0.004034255295734586,0.006818168118727224,0.004868996675679818,0.008062538708751664,0.004294040753032454,0.006542353424560161,0.003928788447405585,0.006049953873519107,0.003667906842396683,0.005860880265084975,0.004378126998035994,0.00691497974296989,0.00423619495232996,0.006952630284338386,0.0035380199474704175,0.005745898617988046,0.0035811618911175173,0.006119948730422315,0.004060256804681639,0.006842426437524845,0.004075926948503338,0.007069766366545356,0.0031814590912256024,0.005306014092840576,0.003267026281679835,0.005768542110233878,0.003895047601313016,0.007017083237499506,0.0370018256000561,0.0016956953676366719,0.034519443502497985,0.0007893133304417704,0.031664077731806586,5.07139422596056e-05,3.0572977732240507,0.6453482762231951,4.1832251551611375,0.48204177893150235,6.2833662261700445,0.19042369262325712,0.9845481158298789,0.0032601888181048085,0.9788588825817836,0.002435374024546059,0.968247644594589,0.0009569067489058348,0.6982328910934541,0.09160277958717039,0.8452764906261292,0.05726649977403213,1.0750869923225101,0.02258229500051214,0.19230805812556892,0.004408671004838393,0.1857819445707955,0.0021242819944278847,0.17794397273216875,0.00014247841862108317,0.7832675684673776,0.021306430345275566,0.7505746546466383,0.012239926841492154,0.7046591507779979,0.005209983265265165,0.002741468703808677,188.8969339891084,0.9851296665982656,3.679911247080443,0.0005728892340721705,11.439558299386338,-0.45406814531978223,0.9993417141467262,0.4191147782080716,286.40842087898477,8.34481319449915,25216.427349947415,6351.331070984136
473_Leptophobia_tovaria_pseudolympia.png,Dataset_pieridae,74037,0.005589492813950049,0.007133677777574527,0.006467054889532159,0.008176543841674622,0.009667703899071388,0.01344693678853736,0.007591227883087406,0.009137147606791598,0.0050301404830768864,0.006522518995205596,0.006025951899541564,0.0085302704084424,0.007458679648667045,0.010931593341952511,0.0063927719425560005,0.007710678644609075,0.005153116962871893,0.00704749705685557,0.005609171788177557,0.007632579799533508,0.006285658132582154,0.009196503933830747,0.005940533244592836,0.007632707153021417,0.004877553135783338,0.007234073285674191,0.0048393969556442895,0.006592206820814962,0.00524647757978591,0.007809333352673072,0.0054550856568857204,0.007748369753724499,0.03930671528924895,0.0033932453622586975,0.035486075821007775,0.002300463756070437,0.030856424817140474,0.0018637551560231834,5.366802547575033,1.235075973762937,7.823915339809727,1.43533926011501,12.165337274582006,1.2988127288532918,0.9807771001702998,0.0044193702813071535,0.9720104843860295,0.005112955398018859,0.956564940018981,0.004624696901984365,1.1559396550351653,0.14626122753771872,1.4259288760108006,0.15176546980628347,1.8177661942633572,0.10861301428197132,0.19807809702686816,0.008472471154483675,0.18827623464832904,0.006175377531383112,0.1755799122054214,0.005302758440376127,0.6681351978191061,0.02719227301481136,0.6268890046460286,0.02286785657144667,0.5751829328725295,0.016330047499362177,0.0018768180130038833,335.9920676100097,0.9811827621046849,4.468575046932787,0.00034582728362646936,11.90683157297666,-0.37000037212944764,0.9975328997010028,0.3150713070374797,262.25095298221714,8.274414654512885,35373.10985094427,8927.275479638569
474_Leptophobia_tovaria_pseudolympia.png,Dataset_pieridae,80069,0.0040360113737381974,0.004763282843264808,0.008082100322733096,0.01138404568497155,0.014867704650502332,0.019870499712702074,0.015949088893679596,0.015273009859118482,0.0038206542106574677,0.004754510073951019,0.006359646180064749,0.009598082681810519,0.00984822496511967,0.01554434601621588,0.011641755692915657,0.01462065093723859,0.003424684630547894,0.004611277073636932,0.005089599885681273,0.00695698425157515,0.006455284652219249,0.009147645167024066,0.008353503735682036,0.010560252675832067,0.0031266664353853664,0.004147350025451011,0.004169644435228911,0.005162648150651847,0.004651247980247503,0.00571839180460009,0.006748704776283628,0.008316634024696352,0.03700816744788954,0.006071055572565922,0.031198963006446888,0.0037439308274304227,0.02436846631484129,0.0030989722100903698,6.207611367048225,2.3801007573893633,10.068192975155533,4.298690359955734,18.555848470496663,5.4317316968360325,0.8600306784642869,0.053775201224444666,0.7716462487093574,0.09827152662282385,0.5751700370114586,0.12469443785100326,1.3172741197230635,0.29639294921432136,1.704655815498716,0.37625949995898583,2.395997839168523,0.4064122468363445,0.19177175118018744,0.015223760940510592,0.1762927025173513,0.010947421868895435,0.1557869723795041,0.009944121462900751,0.628492982460171,0.04832680869665925,0.5763696348618971,0.039858245622686875,0.501421027899901,0.03733239474303124,0.0008344830958597443,387.2552470183198,0.8631843697146684,4.676331931713609,0.00026790857445636396,11.980981017855726,-0.2506055795191408,0.9808480606359345,0.22019782056568216,380.66684989331776,7.822555177301453,5277.500776636232,1416.189005913633
475_Leptophobia_tovaria_pseudolympia.png,Dataset_pieridae,101047,0.004903195025940983,0.0053407370186918535,0.013785262800193442,0.01738742664953075,0.006441976566768666,0.006022979172009101,0.020368667120212958,0.02002560954116859,0.005388974620290403,0.005195298235062802,0.011086904452512002,0.016048792386739397,0.005806832824766922,0.0056170096353172555,0.01378786332446967,0.017725122740532027,0.005437045737643172,0.005585024426658986,0.008423887982385022,0.011032219407794697,0.005701982017721287,0.005427311438394619,0.009792654420495036,0.0119953717540543,0.0049375176066416985,0.0062498679507278256,0.006294959107023054,0.007421713509796885,0.005053876961891365,0.005238329482316995,0.007899270127162631,0.009314311759397478,0.017433653305631406,0.0024890168394424606,0.014468447672072844,0.0012996829521056007,0.011721010825280475,0.0010766150397445871,8.054986893577185,2.9227234872015044,12.492311605953363,5.094919110130265,21.740296521710324,6.571452263090951,0.8635257218173095,0.04963527608132831,0.7878794537269926,0.08694345454920006,0.6293738819606793,0.1125449957143303,1.606692201652935,0.3190149988457255,2.0206089002821166,0.3830468660447008,2.7131460449979654,0.4433150257744603,0.1317107829289882,0.009269464162741776,0.12015896578638854,0.00550187360981254,0.10814890124481934,0.004982568094746894,0.5530481668648979,0.04309554861867136,0.49915206431296416,0.02839720570765952,0.43772069109865774,0.02533128345860114,0.00032491638334554776,505.07379980278785,0.8659648603028607,5.042076524753926,0.00018036707909396696,12.819723743075015,-0.21722531612366366,0.975329410894447,0.1471877369819421,370.542102770692,8.161542765650463,7034.658693499958,1884.9331233256762
476_Leptophobia_tovaria_subflavescens.png,Dataset_pieridae,106994,0.003420250563715939,0.004616412586658097,0.0034513316364661777,0.005128509400244454,0.003283304222618469,0.004896283724949049,0.0027907447197835365,0.0037378824987822023,0.003039785597955248,0.004310048159393977,0.002805250629860341,0.004152982247434774,0.0028049820274022117,0.004206077892398066,0.002799538631012928,0.003931769440164395,0.0029858750156825766,0.004689469972060521,0.002691284961135295,0.00430646747596161,0.0026978654761945766,0.004506132850794347,0.002786583028698021,0.0042249612488948615,0.002898425996383733,0.005294861380490341,0.002295610490700437,0.0038924847417187054,0.0023397199740384346,0.004176133533453443,0.0025252099849272357,0.004198853008249998,0.09541865983933707,0.0034981079618813166,0.09037875664543882,0.0015836954080875021,0.08424853320621976,0.000704314037698701,1.6056533044369372,0.3341039182018554,2.192638957135352,0.26274933853901905,3.180559477140174,0.15219654145009584,0.9855918916406139,0.002987935916925443,0.9803589067445294,0.002333396526788727,0.9716067927634315,0.001341521792062945,0.5332733518056137,0.07017752520684974,0.6480070494970721,0.048791226649060424,0.8100568788860946,0.028413967718533894,0.3088472008275909,0.00566271845484557,0.3006190448573455,0.0026356241189012188,0.2902534481645783,0.001212037454956965,0.8112418346282806,0.018788032973331613,0.7827262041259586,0.011789900191897176,0.7460706678154587,0.007476553391478645,0.009492740543314756,96.62113860748794,0.9864786140802603,3.3626467180840707,0.0009858357059267118,9.886704054294956,-0.4484419546418345,0.9982163733650367,0.4975676586832548,153.39862487820488,7.252440980903184,14192.667130980215,3572.3220673969245
477_Leptophobia_tovaria_subflavescens.png,Dataset_pieridae,119884,0.0033361248600524054,0.0046440161267605065,0.0031758156339069224,0.00482543677044307,0.003040323017075454,0.004424785107778246,0.002810060922049031,0.004050254169608468,0.0029992552890564616,0.004360917590132567,0.0027181160662567675,0.004087312311193834,0.0026367158081931747,0.003961553500102237,0.002693361969803452,0.003874274880374128,0.0028438044835370907,0.004619388126543234,0.0025059635087285714,0.004176875367939502,0.0025331239731984033,0.004371816917141926,0.002660778307614275,0.004165968144633942,0.002682076199426446,0.004978779214618441,0.002146162775343778,0.0038038177077870374,0.0021910594451445727,0.004057460661343481,0.002399227545305183,0.004089842995107862,0.08735365509084994,0.003249377645937121,0.08278009088092242,0.0014368561974898708,0.07681825238644034,0.0008438619428246022,1.45193946429255,0.29820118259840755,1.9867273305994448,0.2512048363918633,2.8874827330128876,0.1452148241322549,0.9860807712001464,0.0028525725317966504,0.9809750318668373,0.0023967216710015053,0.9724101139576153,0.001397812589938818,0.49118841314617745,0.06563527769524873,0.5989193894588479,0.046886298052279805,0.7553842963576771,0.026902222033016836,0.29550538744746774,0.00549737031424088,0.28770442870220175,0.0025005171589328485,0.2771568973119583,0.0015187688596169761,0.8240910366794374,0.018273432381347727,0.7965511108262655,0.011079331650648734,0.7594072233051465,0.0068823691606050156,0.00863959339925484,87.03630019504315,0.9869832278614575,3.247847552347047,0.0010034775788863926,9.908920718734354,-0.47216804177800625,0.998806388575559,0.5177311804289803,155.19139213444612,7.366767724416922,13284.601575742763,3342.9094689844524
478_Leptophobia_tovaria_subflavescens.png,Dataset_pieridae,110718,0.004913075210294044,0.004414253871302639,0.01386081110580041,0.01460251889305803,0.004743806078084793,0.0036776856024518857,0.013447372372487176,0.014741555657527647,0.005637924444631108,0.00457787331011188,0.010054462724566672,0.012091323256796491,0.005317933540997204,0.003954518605134374,0.009701418386238874,0.011614211833556418,0.005210550706765218,0.004621364588466712,0.007229699843271176,0.007916433640323059,0.004891512462648647,0.0036660639425453835,0.007216799819840845,0.00740345296082333,0.004147996208385491,0.0043951424515300975,0.004905510672731537,0.005021729252671812,0.0038411800149224596,0.003121746645733245,0.0054127047190471725,0.005590262054375119,0.01594304646693365,0.0020172052844319825,0.013145712425675315,0.0011150214960458117,0.010653929041913385,0.0007017581345294875,4.274046535894058,1.624035472058268,6.827244274199277,2.4190852727900793,12.191080861107379,3.476974944573106,0.9079908824927431,0.03501149707700883,0.8529226749887128,0.05220016225949723,0.7369576006779103,0.07522706466862422,1.302995102701088,0.24477644687181618,1.662481330382191,0.2711241770137361,2.234845283506225,0.3102897382371334,0.12601441460256876,0.007963276920059754,0.11455061247271095,0.004885653262575252,0.10316178784152254,0.0034021421566531223,0.562081160715498,0.042292326606083945,0.5011141142893172,0.02954431553548174,0.43372941491283945,0.02032408638980712,0.00028150706073872494,263.3682830749126,0.9111587825777623,4.824362660438437,0.0001971506246988854,12.61255935535439,-0.21298641999736373,0.9723375901000051,0.13818297028956578,240.4248950581317,8.021195226532614,5666.7586264846395,1482.5317273898922
479_Leptophobia_tovaria_subflavescens.png,Dataset_pieridae,107763,0.005666319657596167,0.006212524233542894,0.013429374156536146,0.011898050412982012,0.005079224078065545,0.005816294115720146,0.012044553491740165,0.012382220645607041,0.005797387222584954,0.005915509996096939,0.010214118200602801,0.011265003904436426,0.005089757230037494,0.004597374358265918,0.009091440691560497,0.010927298783705732,0.005164834837558198,0.005229642430681801,0.007281887578817929,0.007821652362346129,0.0048824976307635815,0.004419799193514016,0.007120798228350632,0.00803893349448625,0.004367507465018423,0.005013820113859996,0.005138192010565211,0.0053624918099767415,0.004133956239046357,0.004218701673687142,0.005533375774729233,0.005925040264332077,0.015913457579648446,0.0022655176101495453,0.013080120355057425,0.0013811033466411364,0.010393498232344228,0.0010342759870951772,4.177914304239543,1.4850086497442159,6.601809861977624,2.0524252727753907,11.496624971115823,2.7039331894236205,0.9352432678774768,0.02301295872491781,0.8974093073337556,0.03204221298298025,0.820540510825062,0.042211286041707166,1.2729987791898965,0.23755162750639877,1.6254645718919924,0.25575200005659915,2.188569361374394,0.27949189153586934,0.12583260812776492,0.008922573138550981,0.11420729623948692,0.006067441035848924,0.10182194053490579,0.0050784503591486015,0.5745902776838543,0.04404296520644232,0.513507260076427,0.03483516649629574,0.44158816975732507,0.027576326956710494,0.0002969484957373609,257.2714498630173,0.9375382786818043,4.794814638680755,0.00019588659240449735,12.692041486337843,-0.2400329836267326,0.9823078390925797,0.15052143450586541,388.0720628200746,8.186803170714008,7980.998358508012,2059.5674520927623
480_Leptophobia_tovaria_subflavescens.png,Dataset_pieridae,90369,0.004486439142496653,0.0038930634793812105,0.014092760363571082,0.014587071088481318,0.004293011234493267,0.003316382298934804,0.013835944025997391,0.015066866519803374,0.005294860741069981,0.004097967192621612,0.010459427047315277,0.012645692693621736,0.005055546467891676,0.0035448805319046955,0.010102291977107589,0.012325858854060918,0.004874372738166734,0.0037839164021343115,0.007495549956525195,0.008429609609325423,0.004776740629002523,0.0033681366201233722,0.007429227630430652,0.007797895047679052,0.003924854127062753,0.003649863260147384,0.005087689267939955,0.005281318305261572,0.003821033533201717,0.002908869456997907,0.005529684808152644,0.005429768449377031,0.01764234659476998,0.0022427488275317876,0.014583692802809758,0.0012398323442416757,0.011871010887422508,0.0008353016317643716,4.322102699255165,1.7487375070645887,6.984838978329842,2.7027116549142964,12.53012905780856,3.8259380135692083,0.8956917995528269,0.04224289369336443,0.8314657024627552,0.0650999962911222,0.6976590940977319,0.0922002620654615,1.3104290311914484,0.2586691862202439,1.673531750893644,0.29633496825973477,2.252704907332268,0.342375067663611,0.13255834561954957,0.008404260906113466,0.12065221588278706,0.005170648448995882,0.10888653007422114,0.0038385486603982363,0.5623475226172283,0.04343253149745158,0.5022207282479723,0.03086419952096502,0.4357961848753785,0.023271849391123894,0.00031099625066175347,266.49317735820955,0.8991383481528639,4.829150169525992,0.00023413049845108332,12.473251548368095,-0.2039185875005531,0.9669629227004642,0.1376748755261378,247.6890846866076,7.906451191732112,5018.171093402125,1321.1660676900792
481_Leptophobia_tovaria_subflavescens.png,Dataset_pieridae,99859,0.0125400638202946,0.01781027978684957,0.021923282223518983,0.02119486852440136,0.004914442684617703,0.005026807359393161,0.013396213266653408,0.01781258814675357,0.010678828780911817,0.016262751235161427,0.0154019890027878,0.019478879041309665,0.0057201385769669435,0.005641272602562628,0.009956030290438452,0.01345576685079885,0.009089323877598355,0.012489250920094341,0.011206222869916882,0.013798357859499,0.006346812423837563,0.00639099729184681,0.008038665008267542,0.009129034894668174,0.008487269288676949,0.011424385399257877,0.008623798872082351,0.010103811410917875,0.006274431688821211,0.006622007952913713,0.007018427497282895,0.007943078054078116,0.02356691796729509,0.002533702064924715,0.020139300182624876,0.0014551805943005724,0.01686122395722922,0.001280418925559603,11.937040624915355,4.737911861321384,18.094593581177186,5.038459249977688,30.576632320065702,7.87660209440879,0.8854292090757951,0.04549301899178398,0.8264975164614631,0.04830927098945915,0.7073531738999943,0.07563963980881724,1.8951027085270895,0.36503395898954083,2.3620332076824564,0.35607034810945304,3.1278064997261716,0.46227135791855756,0.15328998037562291,0.008312633983054867,0.14182197370728533,0.005082121249531939,0.12975802122657248,0.004907125899504345,0.5525978434790685,0.032017373830711154,0.5082232427406563,0.0243962029912771,0.4573227136491209,0.023348730529688402,0.0005148139792109645,755.6931351904477,0.8865473651148081,5.199403704428709,0.0001864800116749408,12.714876751084702,-0.22006933444189875,0.9763997783150571,0.18099540416557083,375.83900655734874,8.13255771206773,12566.658983924266,3330.5880297786844
482_Leptophobia_tovaria_subflavescens.png,Dataset_pieridae,108339,0.0048288658953518256,0.005653725626736968,0.015949317158779185,0.02090552749970093,0.0066017017397346596,0.00670265022386283,0.022509692552971364,0.021886924680528892,0.005403224976032765,0.005873816416951285,0.012267247789835033,0.018116996260475794,0.006043361561743986,0.006276697043741877,0.015362211636553153,0.019362984872478384,0.00540802472253664,0.00640928620051224,0.009073415525207372,0.012486124818344803,0.005873486616038688,0.005974570115874377,0.010933616194095183,0.0135646875975319,0.005178120407352714,0.007709150756869035,0.007128127887465978,0.00908071032270519,0.005551196226534145,0.00591960706607497,0.00917652440422423,0.011262652098335133,0.023964698012312158,0.003598481346350602,0.020183980917712334,0.0019782252874859805,0.016353186834629788,0.0018077512235864827,10.530012599815585,3.937546256393268,15.991398993679779,6.503903922076635,27.62681690789349,8.68588023133158,0.8484063339505292,0.05677557284395083,0.7693242589462412,0.09434952689413814,0.6002918997305179,0.1263311520549324,1.7538551782489007,0.3705763322935593,2.1943073203624426,0.4529985598533399,2.9632042465464306,0.5375752301836918,0.15439102036364652,0.011318606070724454,0.14189108477346082,0.007134492240018691,0.12768368247703377,0.007075596351814648,0.5684406213055471,0.04455607177980989,0.5206120232285858,0.03258187105002117,0.4604970279416747,0.03240210194693358,0.0004876274236636746,664.280120036055,0.8502947640282659,5.07932835634098,0.00020217263337512283,12.62118344865896,-0.2211809295947892,0.9751793849953587,0.1797766382228899,393.20304047882655,8.074814818497323,8213.192608399615,2219.3681821089267
483_Melete_leucadia.png,Dataset_pieridae,88462,0.0028271208709497145,0.004877841633506683,0.0032647511605756324,0.0040589758533491884,0.0031376683165979537,0.004298429395556823,0.005400100984837525,0.00632255721253954,0.0027127505134147494,0.0047532869857050495,0.002690181685189535,0.0037216862067768444,0.0029779660047035018,0.004470134526188713,0.004055281932179697,0.005727139494911797,0.0024896247722696087,0.004100673592170109,0.0023116741297003955,0.003356961027362989,0.002555396876940987,0.003819253184859289,0.0035321258671394897,0.005358922374839602,0.0023435893529777994,0.003809214205865418,0.002063020510510879,0.0030412623911417734,0.0021759067692470146,0.0032093138597433287,0.0030550594548523825,0.0050911542433372614,0.08498702338473638,0.006258140088386855,0.07763243503358058,0.003711520543344937,0.06788273500569172,0.003576608210773162,1.186095461665841,0.2857643553510807,1.6764295685452981,0.2581015322405937,2.618136828436114,0.20680258752946468,0.9754014893170408,0.005961388717065079,0.9651709196268374,0.005458198346247993,0.9453887907156076,0.004532197405548352,0.5046130654393046,0.09057741997797349,0.6345666145368779,0.07958877576026603,0.8495137249848483,0.07913725602006584,0.29133083993142556,0.010647304334265925,0.27854454340122625,0.006735901942797948,0.26045322911769414,0.006844738699003911,0.7974272110200337,0.032303634867426295,0.7568924892773364,0.027095059391825587,0.6947931805796539,0.027942717927966588,0.0041336149568011035,67.90229125639831,0.9778275787370572,3.465677018234211,0.0007386240747793995,10.454171173156432,-0.4072924353985588,0.9972156569505615,0.40129761374905654,262.4782690667212,7.522178647012964,6059.865235787747,1531.9418817610358
484_Melete_leucanthe_leucanthe.png,Dataset_pieridae,118261,0.0037248281848540634,0.004964152820146304,0.002913523721431588,0.0039976901261435825,0.002741207618137994,0.0034747633439143446,0.0029379918558967337,0.004546059292234683,0.0028429570495023195,0.0038850877103382567,0.002385192308841624,0.003444114713385255,0.002185462032842583,0.0031000822714028174,0.0024758634294034455,0.0042365037470642524,0.0023437928621795117,0.003369072499179061,0.0018791539969127398,0.002831663377013668,0.0017543528237948553,0.0026548287805212623,0.002140760751868351,0.0036019702131326378,0.002123793230493965,0.0031235115342313166,0.0015910353925693973,0.0023950824773309874,0.001539530252754778,0.0023428986864965804,0.0019695762702185353,0.0032025957714042807,0.0937540240835914,0.007463270910442578,0.08347151401204755,0.004632901801935315,0.0700118757641375,0.003187402549813109,0.7471994703012209,0.18170814834159355,1.0997101709137462,0.17772802222584624,1.8426631050788076,0.09737581643677772,0.9453828108859944,0.013429606958812977,0.9192313135024474,0.013187652931603466,0.8635101350226153,0.006984434269349051,0.37918145993859503,0.0649941653879707,0.48520519793968186,0.050278430671774565,0.6699985771376693,0.036079653678007875,0.30595319927329484,0.012110488760860362,0.28879967640283777,0.00814008118287304,0.26452953613456476,0.006000023047414765,0.8404953383533136,0.024075718378387366,0.8048027198318823,0.017293439683047748,0.749001737686797,0.01349556693392562,0.0032458089485646957,40.43096760186446,0.9534459829536048,3.109040196052944,0.0010684635944222896,9.73617741340783,-0.3973198396001645,0.9954187469811571,0.45476152920597473,249.45128077219346,7.0444277229300365,1697.926645898664,434.5894033751324
485_Melete_leucanthe_leucanthe.png,Dataset_pieridae,129472,0.002924828487369092,0.004340856943628141,0.00532168877266276,0.006486348961954961,0.0030678440494052053,0.003975827625421363,0.007168077382215922,0.009076670080990324,0.003439438574616185,0.003981835076130547,0.004614825248370141,0.005496564838245019,0.003317598979910607,0.003556611926980407,0.005532332103215454,0.007091767563176168,0.0033036089301697676,0.0038534328124891696,0.003988351139578924,0.004921513650141145,0.0032909646355087836,0.0036123745149659898,0.004825342436990667,0.005881928472801574,0.0030071505623912305,0.0039412364919590775,0.0032343181948984836,0.004115973338745527,0.002852863361907141,0.0032875669978378085,0.0040886215344703445,0.005081212160616014,0.09332378628005286,0.009125223108885706,0.08199070893926963,0.005298841661222456,0.07069763936916855,0.004001002338731579,1.7817825885306973,0.4727328050831658,2.590513247530531,0.6758655487155365,4.0091548717187315,0.76082890491388,0.8912451290142871,0.029508083777946264,0.840248249679935,0.04350068845184806,0.7462630004020875,0.05128400716364864,0.713659091749226,0.12360601418383443,0.8872485065515093,0.12247794791040498,1.1367905085526742,0.1263520356992226,0.3051293685673804,0.014827498700879661,0.2861883128864727,0.0093251545008136,0.26578387232959655,0.0075214744999410055,0.7271111719564376,0.03641731833672032,0.6818119725234278,0.02578981964861214,0.6273277807749961,0.023834335275921655,0.0025362787470668362,104.55580981034593,0.8991721384024491,3.9649737134095515,0.00042456008290330194,10.44988165346257,-0.24277662283583296,0.9682235173279526,0.295113083163991,338.6737489373165,6.900792587737067,1973.9159749743121,519.6179461961647
486_Melete_leucanthe_leucanthe.png,Dataset_pieridae,102428,0.0028769061011004312,0.0039881560301231215,0.00412684290663048,0.005290740334662237,0.0032804464765428883,0.004634850968685936,0.0036817250663074967,0.004547274676739964,0.002778125816065088,0.003726071050975046,0.003348985114145806,0.005201319710400359,0.0027962547283504305,0.004177613145412297,0.0031969977817216623,0.004384720048864698,0.002584404336949257,0.0034690248956221943,0.0027258455383930135,0.004514506182643081,0.0024358345575063566,0.003772311353527909,0.002907934087586518,0.00425405734751201,0.0025591585696183583,0.003557262899042992,0.0023494244183565006,0.003870858783326346,0.0022183696573970946,0.003481216680211818,0.002704717941980935,0.003962713443798615,0.0648684810932325,0.005630079018332491,0.05643050747722454,0.0035161450720554623,0.04660591725814204,0.001287073300760721,1.0725328576825917,0.2437286104675035,1.5477510642385144,0.265145391730989,2.376902134516678,0.12277227646253604,0.966473463133575,0.00767196322959487,0.9513995989826238,0.008471969644961573,0.924812901728264,0.004015548106182717,0.46736810548166696,0.0696504767253458,0.5900238754486883,0.05911062269127807,0.7801031058583066,0.02477368022414904,0.25445388451212253,0.011031851609041085,0.23743453171392725,0.00743980019977779,0.215863372152446,0.0029869417665279287,0.8117179879753582,0.023727119725476194,0.7724065318831146,0.017249767309067368,0.7154155288640192,0.006870943922716835,0.001966354356386474,60.361906304487796,0.9703464369252046,3.3650157027521077,0.0006435561187285293,10.359902207122701,-0.3906069086439934,0.9963885540548134,0.3971617950884423,348.00116408894615,7.406949374207816,4012.4656781765843,1018.2068961202713
487_Melete_leucanthe_leucanthe.png,Dataset_pieridae,100825,0.0028810733656834875,0.004195085523207655,0.005973404256974085,0.007454270505816166,0.0028664155893250885,0.005028529688807621,0.005335462981284337,0.006142129177926354,0.0029086601583099853,0.00437689651898102,0.004821629017464124,0.007196215480040715,0.002792084814847725,0.004679115593557696,0.004614535089859501,0.006549297766256711,0.0027014784498032083,0.004231610781494496,0.003817218800065535,0.006368389024233664,0.002684374036070024,0.004037103272419912,0.003937565818810656,0.005800393391745202,0.0026105319773088885,0.0042328793596669335,0.003104150053044274,0.005237206818111209,0.002493003362252448,0.0036413874000776805,0.003396935744994601,0.00495072211019589,0.08874755057431831,0.009027736928991732,0.07794216922291364,0.00625863120627483,0.06506267338594662,0.005319139972881236,1.786529663463452,0.5313062804770365,2.6509895124326497,0.6516543007297785,4.0723050222522925,0.5844679160530853,0.9154223167514219,0.025575037407697367,0.8730996700551443,0.0317084308325927,0.800666899127071,0.029023895572794715,0.6274116086959097,0.11504221156933155,0.7916344509545543,0.11342372752137884,1.0399031659631772,0.1055290618519059,0.2975223927841887,0.015098886259896043,0.2789542990471669,0.01125469973021959,0.25486070301793323,0.010425710678484698,0.7701288360908078,0.03205295473194203,0.7282612760734068,0.025845860274535035,0.6685568676336204,0.024371796562739696,0.0026573901060595907,105.35439662742945,0.921363705712956,3.6895041679039258,0.0006029987650217075,10.364063992525871,-0.31178115432426556,0.9873588002140562,0.3520753677914054,321.81048596877633,7.106243100700572,2577.923206614734,670.8194008105456
488_Melete_leucanthe_leucanthe.png,Dataset_pieridae,89157,0.0022141008484156044,0.0032244116780386725,0.004107670510006514,0.005454852990047543,0.0024989746710653315,0.00395327297309882,0.005461131017242506,0.007024852361008317,0.0022749230825577092,0.0030023717217946243,0.0033904144250356126,0.005747404723212312,0.0023820289979183335,0.004367096966780793,0.004207555280184864,0.006681267803968772,0.002153143176906799,0.002758657753261514,0.0028195860892490554,0.004837351079855843,0.002192471491525118,0.003331143421712128,0.0034540134156339874,0.005427477591078797,0.0022355717990178276,0.0027795934638927804,0.0024293471773065498,0.003641759295337114,0.0021380911580304533,0.00284924166216131,0.0030414338076648153,0.00428902469435531,0.13297475680142085,0.01197170757923695,0.11947857963520644,0.008420646780015577,0.10162640640691284,0.007340089927021346,1.2181339932652497,0.37259138343470866,1.8228643808158171,0.5739933122162325,2.9152230732081215,0.5684756311280371,0.8733669918583782,0.03884072738534865,0.8089613422484012,0.06056151680856237,0.6901241909304743,0.06034436394495569,0.4710557389773127,0.09311720090454832,0.5975800318642766,0.10086594150919356,0.8032048987562554,0.09838599882581925,0.3642973521974467,0.016192466870441898,0.3454347018062622,0.01238734932199774,0.31858218055784604,0.01148044589381574,0.8195446424860505,0.028924635765977386,0.7838497705859074,0.024895472032443383,0.7294363963917083,0.02396503335548725,0.005607755175751164,70.77984077247244,0.8835034944155268,3.3186872579296,0.0007304772040578596,9.436960133727844,-0.33623364858977023,0.9869527396790636,0.4373955386451064,377.9876868415639,6.6227702683902425,1144.9340554872106,303.92847406492365
489_Melete_leucanthe_veronica.png,Dataset_pieridae,93107,0.0024186136361441586,0.0034128361384290493,0.0022914543631888133,0.0047482139767039645,0.0022908773441388587,0.003763370607367981,0.0023554451837973353,0.0048133178791251886,0.002049113227606662,0.0028855061429141986,0.0019589617680650013,0.004542991934955296,0.0018834764825753927,0.003606392925962365,0.0021059017236203462,0.004605553663320462,0.0018478257055065336,0.0026119835020562837,0.0016940054674516906,0.003738731655744818,0.0016090446656757545,0.003020839339947487,0.0019151347376173882,0.0036736369144975425,0.001861023932760239,0.0026154650964299855,0.001598108225540458,0.0032436449001763358,0.001524096457315952,0.002688778200563215,0.0018643040920759955,0.0030497864828964694,0.21536502659382745,0.011179958076339416,0.20239423390650157,0.008605177414676167,0.18281309794940911,0.008837132667380678,0.5483325944532396,0.13596585349368506,0.8246474985046461,0.17006462838214134,1.3791510481823932,0.10480696835273719,0.9042433594812165,0.025037400688830858,0.8498813836416741,0.036140858598477564,0.7324947678854032,0.027945874956696103,0.2541918829639211,0.04131672922811493,0.32418244068350854,0.030811770114642357,0.4415479830534865,0.014896262643124858,0.46391995095148053,0.011971036003762339,0.449778773428848,0.009658616844177561,0.42744344667997286,0.01025659981447624,0.8962983069039617,0.015441322590900634,0.8744608870222165,0.012372951990826464,0.8399218148601575,0.012401485430652448,0.014255025648002427,30.035530820423645,0.9151877252501622,2.520677715957489,0.0016799390226588445,7.944276719455527,-0.46615179906790993,0.9953137216638475,0.6124744350342919,286.5708798127951,6.076473185423388,681.6938140589264,177.93233621983563
490_Melete_leucanthe_veronica.png,Dataset_pieridae,118730,0.002572965342104433,0.003712399668803935,0.002104741575077265,0.0032381221818029433,0.0023186899220180735,0.003167868291800522,0.0024005003078625717,0.004180785485867567,0.002115900685771438,0.003163790832724292,0.0016415069739233693,0.0027814087224183968,0.001883934072154963,0.0031317710887711274,0.0020947341090620094,0.003616206264096297,0.0018411277787611206,0.002715730530134599,0.0014297939273040787,0.002366089442447816,0.0015185466863533315,0.002508683428867438,0.0018995560321912065,0.003312556286596575,0.0018238129069383787,0.0025897613223531974,0.001373668690486437,0.002099344461274897,0.0013961747906868186,0.0021096599975835542,0.0019153423885673474,0.0033509882380297674,0.08053090693710542,0.004921270966349048,0.07330549919717072,0.0025238280083621375,0.06301599927021066,0.0011151471884518042,0.46738224813603346,0.11329382629591202,0.6952715423971549,0.11634253846515027,1.1837787153919457,0.05638203339384177,0.9821869597456829,0.0043513027007981795,0.9734505586557349,0.004449239339930755,0.9546367347901897,0.0021002365193941146,0.26286147029449974,0.04576080744213741,0.3389603536439778,0.03359696311703789,0.4729097734989726,0.021202916541777698,0.28364716657344924,0.008671322388156825,0.27070956886953,0.00467210013204954,0.25102009208796205,0.002216447238649298,0.8857535179466193,0.017797629910979638,0.8585100236214183,0.011099301228872826,0.8143820377011755,0.006786663139552694,0.0035669445726198225,23.786235225837586,0.9858922470717363,2.6623617868552287,0.0010661460269586708,9.476021578707861,-0.5051267017128356,0.999060579916622,0.5445052327926336,303.33717385607366,7.29589699753657,3350.184298797103,843.4926335057389
491_Melete_leucanthe_veronica.png,Dataset_pieridae,97387,0.0027896364970927292,0.00422972034340138,0.002477864313071773,0.004764935044435762,0.0022342971287331987,0.003825299468660622,0.002355226082607576,0.004182072515486569,0.002251659599391694,0.0035670461974983644,0.0019960553172319656,0.004372550139100401,0.0017263171903770097,0.0034412936875171897,0.0020426651989580093,0.003901835008358736,0.0019776255956449884,0.0032623727145081765,0.0017143004662725527,0.003780458108326329,0.0015506097033473538,0.00305883068277106,0.0018971154064443216,0.003462834631934279,0.0019586483492060975,0.0031982626977178435,0.0016399427813350187,0.0034321583118863434,0.0015431726507123599,0.002889886483187971,0.0019207321439569831,0.003283467467978429,0.1329713986592942,0.00784089988496862,0.12380622794986573,0.0056698685320863956,0.1091015244946116,0.005972468530290456,0.5313798300234089,0.1297748205240004,0.7974314509971543,0.1476786096368228,1.3234887693690212,0.09122680998509489,0.9731256040339491,0.0066743443231328395,0.9592504732237512,0.007746428171706587,0.9311089978682621,0.004741684721462699,0.24983691882898285,0.04176563059223336,0.31998054359026507,0.03478418525570196,0.4411440490912705,0.027306439107885945,0.36449630814715006,0.010669583234222787,0.3517666129516035,0.008153401892616152,0.3301839995349648,0.008947119408275325,0.8973287537544927,0.015922668580733938,0.8747616040732167,0.013068200138601266,0.8366894897868727,0.013102116581551568,0.008401978990349022,28.64937989569815,0.9773610240908941,2.5126165612962854,0.0015630612190972739,8.63257519492312,-0.5145037730213121,0.9985234702845778,0.5989775217690005,295.59312802026267,6.7262501090409375,2505.2049120724005,633.4635729920265
492_Melete_leucanthe_veronica.png,Dataset_pieridae,50001,0.003888574339547318,0.006716669074933305,0.008850527378621409,0.00831105326160351,0.003315069381163098,0.005214212613691289,0.008085833604398959,0.008508402642121403,0.003828703296823165,0.006966705626329031,0.007430411081154962,0.008757951445665395,0.003420676671908539,0.005178307687564251,0.006921863374177439,0.009094271034762173,0.003548897580840901,0.006021488413466759,0.0054887384009711755,0.007348907866760486,0.0035402137724557616,0.005076087506526397,0.005596400218194093,0.008147809630014989,0.0035117812662638468,0.0060290323517103155,0.0042053403623376374,0.005684016975148021,0.0033924509855812,0.004794238707329408,0.004791070820533294,0.007162118534453827,0.058927278548410324,0.007689635144615327,0.05050386271161052,0.005987108850614661,0.04192394690247493,0.005010529835239414,3.100460558193345,0.8663406871833363,4.439776805156695,0.9646895531643765,6.628018475164306,1.1125769667056455,0.8718189542863322,0.036103280266446235,0.8147238281474465,0.04048565170853819,0.7163621667611743,0.0461253964000797,0.9229547951828501,0.1774042478182495,1.1509830916580495,0.17610224937845467,1.4870380078099636,0.20543232401353462,0.24222422677426445,0.015959401994437253,0.22434309232566518,0.013192408323296973,0.20439168874855107,0.012164886887692522,0.6842398178986854,0.04631319072645841,0.6323644904375851,0.0405605133014536,0.5653741861293528,0.04293278809740752,0.0013820226016408056,189.1989430109701,0.8771438104378977,4.266328221749212,0.00033639246981606195,11.142976788717121,-0.24998923925199254,0.97542292118146,0.2503583510718287,390.45413875784686,7.31678205074358,2893.0217291846056,770.5551680488988
493_Melete_leucanthe_veronica.png,Dataset_pieridae,95753,0.003608850404435564,0.00612828282734562,0.0063853988307061155,0.008001397838642427,0.002954822119219461,0.004539602123496194,0.0067998517540080825,0.009223255344408344,0.0032374983148200673,0.005558815277617518,0.00487169022738695,0.007879611704868908,0.0027364714653382674,0.004090418460895101,0.005366756537206777,0.008893217156585372,0.003037060825219076,0.005014941185226044,0.0038745005830398325,0.006670170660613801,0.0026249711487463462,0.0038458172636938476,0.004239412759160101,0.007131728559892336,0.002911296110777938,0.004546115989613375,0.003154097785611786,0.005064649903257744,0.0025660619231517687,0.0038093110652438,0.00361343343491161,0.005689356280343495,0.11911199321887325,0.008638084246721783,0.10951860126397613,0.005945380685244761,0.09640540820018778,0.006005112104717741,1.9796748214282078,0.7218227030804837,2.9882876273680345,0.8541293080429064,4.871758525778528,1.049441165949369,0.9632719974465224,0.013423960836731554,0.9443319236491684,0.016000276741360685,0.908525785220332,0.01969602248504223,0.625978193696525,0.12755291209094186,0.7916007087953043,0.12370240868456377,1.061989008140537,0.1381453785831374,0.34490027129799483,0.012481829891599397,0.33081291180262856,0.009023228282740284,0.31034141439057505,0.009675469717029154,0.7794966599453792,0.03170407003029452,0.7404947922478413,0.024394675205319613,0.6833263515769451,0.024894566020669532,0.00649286413584751,118.7892370031224,0.9655050628599453,3.652409922950705,0.0005622855328251527,10.25363192973402,-0.3531722738993994,0.9928971132336674,0.3969143488681039,375.7442836933249,7.177864810514781,6771.041259081161,1722.4576240210517
494_Melete_leucanthe_veronica.png,Dataset_pieridae,80123,0.0022417449565399063,0.0027451863084522895,0.00444470434168914,0.005528494977423761,0.001410991942508488,0.0018315577415125813,0.003962686219744848,0.006026276251394486,0.0020881203402115917,0.0031443584709771283,0.0028262713398453988,0.004515317772914275,0.0012992395554506041,0.001514107087298423,0.0025245573693628417,0.004269048302277629,0.0017306832654111054,0.002395667129578,0.001818050078942897,0.0026982109993314895,0.0012267933506105186,0.0014279870818878796,0.0018377232621013696,0.0025635587031451836,0.0016096956597412872,0.0020521466890409037,0.001376843484080737,0.0017574335183604683,0.0011685296366490995,0.0013526704652502373,0.001594480735889404,0.0017896164267933083,0.13591383072613963,0.009741897113575705,0.12313270356625747,0.005739842494018409,0.10440198668455461,0.006219385855397024,0.5961202735436825,0.2204382278790297,0.9270930120029368,0.2642688993996998,1.7016512927491159,0.45124763244019866,0.908260952753825,0.03409741828870872,0.8568707299344638,0.040964705263805266,0.7355462665207109,0.07005933542502385,0.3431674545492362,0.077876211348768,0.4478744131816651,0.07085985454731339,0.643803523944633,0.0956734791956665,0.368423493430274,0.013340172966363613,0.35080958114106614,0.008083399401688786,0.322968648631108,0.009656018120865553,0.8521938713496385,0.026425513153333177,0.818746116248898,0.01933684158461792,0.7638849716953842,0.021774201022960675,0.0066160490742604525,31.394894090917646,0.9228964633336387,2.9605816051319733,0.0011914991506029192,8.994943502326674,-0.4063130284635588,0.9940358976886465,0.5087365193017627,212.5330840070083,6.594750059725225,783.5305384079311,203.7313581247099
495_Melete_leucanthe_veronica.png,Dataset_pieridae,118718,0.0037789431979866747,0.0053059422464789546,0.007727828064600603,0.006956307065391667,0.002501864621300298,0.0030909063814817217,0.005715803213209652,0.008017232889559734,0.003597090688416654,0.005389850601849904,0.0062925968844172,0.007755669070057637,0.0025883887363977102,0.0027755067167158733,0.004594989452329382,0.007125378671009568,0.002966494834427894,0.004400694414229261,0.004586623003120798,0.006480811768035041,0.0025601189626410894,0.0027662437805826613,0.0035805981538070525,0.005304547906688077,0.0025915720286464397,0.0038203108824252097,0.0032516276029256764,0.0046687246785816336,0.002310035731975027,0.002680679393360014,0.0029116449256117866,0.003932534281709387,0.041883846036601106,0.004693242346867007,0.03539180344977054,0.004018993894371889,0.02806380922011867,0.0029781361985124944,1.9082700379075523,0.7000818796447336,2.9641195556270974,0.8364267990147491,4.926495629407727,0.9893759563591382,0.9195418696127158,0.029650016437048312,0.8748351631220482,0.03540119117106479,0.7912994338511781,0.04212499061263665,0.7059402353430568,0.14511038389423303,0.9098838070327004,0.15159820868326504,1.2332115003112334,0.16244717122215746,0.20431966102877147,0.01171845355364887,0.1878364808939806,0.010452745818003437,0.16729225044718976,0.008781352995603944,0.7362045251889613,0.03652102331501179,0.68511433614317,0.03444568029175713,0.614001037986025,0.03226823152630308,0.0010493177059119811,112.863034206613,0.9250672917504776,3.914114444890678,0.0005134294166573596,11.234468781200608,-0.316579952360557,0.9914618769186194,0.2933972670895329,264.7944902435527,7.651186348214367,2901.0300046432676,753.4732597124685
496_Melete_leucanthe_veronica.png,Dataset_pieridae,103126,0.0020768125440961366,0.0032283622158931955,0.00448665046850332,0.00611828828477217,0.002254421884796369,0.003127220528986456,0.005845589316302008,0.007743221976664688,0.0022177887849744544,0.0032299593681105357,0.004004737050888338,0.006886271506031938,0.00220498729642776,0.0030612826311705353,0.004847777407804425,0.008373515972360806,0.0021189142018890354,0.002910974575035272,0.003382097572394668,0.006271963170756788,0.0022227827132131157,0.002890574523575225,0.003969576979186089,0.007022379690593506,0.002119230063472773,0.002926505166792298,0.0028161405608609267,0.004843804269191851,0.0022113369350029942,0.0028464922430707557,0.0034184771845769736,0.005484241594479071,0.12937144149369628,0.010223251759016604,0.117868881900436,0.006796071899520416,0.10224547686707339,0.006255989416809612,1.64943723272026,0.5647991765408341,2.4245649570528416,0.8282614816223144,3.6784571396556425,0.7805588889270478,0.8648985790295002,0.046528010825041786,0.8004440728403803,0.06831392353872445,0.6941407435943778,0.0649499785113831,0.5415221765742191,0.11175422103503406,0.679587668735193,0.11635341867274708,0.8938248055060254,0.11307623032366057,0.35940862302997295,0.014031506882551717,0.3431735937626559,0.010038249073399846,0.31960949681365,0.009759426909345652,0.8060542862229223,0.029123510210043477,0.7715089158530841,0.02241184985198994,0.7196418876861722,0.022140269186419714,0.006876131048346327,98.30194827861146,0.8727560569096501,3.4286516317757574,0.0007829734834960279,9.578844035353352,-0.3368510358734147,0.987926043347746,0.4476463198253138,320.61613233824124,6.68079415337095,1447.8892053341806,386.5477884032016
497_Melete_lycimnia_eurymnia.png,Dataset_pieridae,82797,0.002998072088600692,0.005368448360205348,0.002355325860947956,0.003982861325994264,0.0020975005334335135,0.003392138604723255,0.002302741043600776,0.004502169101766401,0.0019283792742663662,0.004099411988022985,0.001373378582241648,0.002627763867465731,0.0012582919475177935,0.002330410495563382,0.0016226290447839153,0.003392443076224487,0.0016104254487737356,0.003603241147903491,0.0010723788988504,0.0020947918934213798,0.0010178919634402453,0.0019307220254486865,0.0014259456975409422,0.0029572216891419006,0.0015728427153146464,0.0035025784446527245,0.0010152571498497226,0.001876804869504932,0.0009958453530102196,0.0018299005381759363,0.0014026000252517932,0.0028224470905875024,0.10862048622625942,0.004022098651482132,0.10254141889154761,0.0025863195953779103,0.09226819840158695,0.001586756187048252,0.33392199163299113,0.08480244549528858,0.5267255093584309,0.11226384853411074,1.039506055565239,0.06665874077762553,0.9968421552177169,0.0008018948224484072,0.9950227995994801,0.0010582812124782174,0.9901900019494487,0.0006313595587581201,0.20728265630374262,0.037877071450180474,0.27497590692006607,0.03388006268734059,0.41200421049634733,0.02103333887426132,0.32951987994152576,0.006093845221360974,0.3201951874654249,0.004057193060355396,0.30374561610187134,0.002607508481589037,0.9079908584352147,0.01492613596821951,0.8841299963172209,0.01124821518958052,0.841334276004075,0.007883632981719835,0.012025506228679083,16.28253001875991,0.9975793594152568,2.3563951834459163,0.0017556303220242911,8.55413403458118,-0.5907012529270235,0.9995739842427764,0.6330771239399667,205.4610588149144,6.932494597492759,13436.811598694487,3363.2735321783066
498_Melete_lycimnia_eurymnia.png,Dataset_pieridae,71427,0.002490125237996015,0.0035970635330615486,0.004201425972716345,0.003697116629270509,0.0024886870166087294,0.0036102198541645408,0.00581990516792691,0.006274040131442057,0.002664412636620359,0.00402801749489517,0.003278247113612162,0.0036420698581101545,0.002471902225379989,0.003209374549665088,0.00454395916539598,0.005686312767712491,0.0024206433829686413,0.003845960401390499,0.002433025145245676,0.002942100800972423,0.002162377794222504,0.002803080380255981,0.003640782185487371,0.004681197256699721,0.0023231786469730775,0.0035530500254466655,0.001988762705129085,0.002468345233562009,0.00191369368778352,0.0024755924140746283,0.003040946875894253,0.004180748043370896,0.08013671531372889,0.00977465528656047,0.06922180703755945,0.006572570340938715,0.05614931423406632,0.005384170067567835,1.0448235941721227,0.29953710003722167,1.5133073717513066,0.38757101217335815,2.4889469511194187,0.49299434292157684,0.9378030165193242,0.017994291321155095,0.9094383164485224,0.023365663150927005,0.8493129135946275,0.0298537414215489,0.5093060520701918,0.10559759439795471,0.6449262036069378,0.09961861465023837,0.8764862693066571,0.11205169780502414,0.28256353775721627,0.017162821558680375,0.2627995298679661,0.012578320187347905,0.2366853278564487,0.011374085086357838,0.787759233509119,0.038547881775441814,0.7425172205465291,0.030845115687610294,0.6745587868343285,0.031931048546123136,0.0023223601800841077,58.08154338109978,0.9454425999034697,3.5095605873606948,0.0006076888124093707,10.298325398769482,-0.33593095258246025,0.9905937006789735,0.34651846295485206,315.9867117380621,7.161171401964788,2073.3202385946715,532.8504454939393
499_Melete_lycimnia_eurymnia.png,Dataset_pieridae,81693,0.0036183544180267845,0.0062427769302184815,0.004212119790785013,0.006525230829090502,0.0037221078101613795,0.006940715764757262,0.004983484416254381,0.00917582860886062,0.0030586495518791796,0.0054904753333765615,0.003339026972779094,0.005306838974576156,0.00262732946916279,0.0046897545564256295,0.003682681755089032,0.006355359344646405,0.0027416731930060725,0.004649834024473658,0.0027236431411070644,0.004408606885619198,0.002417357895597685,0.004062392935407321,0.003184620088193761,0.005421024134313421,0.0025953051349457477,0.00438983123311375,0.0023096707890012448,0.003749884772052848,0.0021876609316867873,0.0036310147520811327,0.002877795158917796,0.0048320728713985,0.0965373155110332,0.004675402347443522,0.09069049356791486,0.0029908306521083928,0.0829692864622839,0.0029125973979494306,1.3899510361026715,0.37470973216235015,2.0762440722721154,0.4372920026063764,3.673271001534353,0.3784151498722665,0.9919828388917987,0.002161239241346249,0.9880149148380637,0.002518580763216783,0.978758755075032,0.0021518744438812462,0.4585595144914584,0.07593158692229778,0.5792335593756693,0.059072840291828306,0.7890914695526344,0.03669309194698878,0.3106134659559464,0.00752265098667602,0.30110737276596145,0.004984338862395447,0.2879995434163587,0.005054646798028695,0.8316726316614153,0.021598456222550723,0.8000357153233856,0.01452210269025592,0.7554310380967985,0.010890354267599453,0.009887956517121897,82.44227919750287,0.9925648637058497,3.240279953220255,0.0007609808969006478,9.774938786553689,-0.4685265617185601,0.9985814347470032,0.48614991081409,308.0834781108748,7.2783783207578985,22093.654289330752,5544.024142132062
500_Melete_lycimnia_reducta.png,Dataset_pieridae,61588,0.003489500456715471,0.005968141547133981,0.004551862704437804,0.0055015605999565445,0.0035247881663738466,0.005514357851523036,0.006367235403831743,0.006195641843565837,0.0024602948089180367,0.004293726540738027,0.003055353292804366,0.0038799367540702095,0.002322063106310649,0.0033862716104791214,0.004464142860437038,0.004864786430804367,0.0020569389053085516,0.003529223761104319,0.0022720485906856745,0.003207154033025984,0.0018906982634334759,0.0024835689683250593,0.003276339404600676,0.0036497141077631275,0.0019548621595727243,0.003194532050707835,0.0018215002981894978,0.0027523822363318654,0.00161955371992686,0.0021081246982567084,0.0025743970910979117,0.0029933775237035664,0.05717499064121949,0.009236755018925106,0.049521764594683756,0.006601504208877232,0.03986783003246855,0.005746243783873918,0.9436248439424033,0.2581318953232747,1.4825840103198824,0.3735373105974626,2.8703163709909583,0.29962677448067887,0.988976091945784,0.0030154969383885274,0.9826713725059066,0.004338678589476209,0.9663836616397845,0.0033860394116349843,0.49440931466898574,0.10634752391895737,0.6414719547809911,0.11296660945630049,0.925268018151143,0.1110738149802758,0.2383772377027389,0.01874255015816746,0.22201860978018712,0.015149307111440807,0.19915830157424713,0.014275886891180447,0.7907043809842766,0.042158807880345026,0.7444253127255822,0.03992266745893057,0.6687136544331441,0.04132235326549358,0.0017427924994056136,51.85214146861158,0.990528318434049,3.479219451866049,0.0006911719355399146,10.666336475931551,-0.3935460727929395,0.9966082796112758,0.3543449810298784,253.56957788987776,7.606705309158935,10896.430724097923,2737.070716391629
501_Melete_lycimnia_reducta.png,Dataset_pieridae,48379,0.004717660256220075,0.006688646535913707,0.006463144196506813,0.005691686872174672,0.0041517547972354275,0.006695001022341858,0.005744818646901378,0.0056826471165815195,0.0033419974767122562,0.005144199485687515,0.005280609101016202,0.005196714204389154,0.0028051222470732292,0.0041907804491771155,0.004486220130335029,0.004979875198572822,0.0027044941502414174,0.0045607523693695215,0.003924697029208281,0.004480981711007644,0.002561887676197847,0.0033016711051400377,0.0034895776290736445,0.004087873722325158,0.0023611583807579533,0.003893597501336897,0.00278494342051975,0.0035026479536523973,0.00224098775843179,0.0029713434254665483,0.0028233035849626513,0.0036701102732523833,0.042906454112297994,0.00619622729717293,0.03595515842364379,0.004637362025443868,0.02873550997319011,0.0031657074899436957,1.508568947288452,0.3932823017206261,2.306404220148862,0.47348895569556537,4.015631323337078,0.18918755510643862,0.9762643392912631,0.0061889971016175415,0.9636425619629858,0.0074770005783515595,0.9363910631840568,0.002933626947567321,0.6647784832030722,0.1230172777013004,0.8568496431049787,0.12392946864006889,1.1767097667660376,0.10184655174751533,0.20659201907361313,0.015039673114328628,0.1892293359267937,0.012141534019573106,0.1692597714332453,0.009308047462044335,0.7338149037963333,0.042028056513631055,0.6783354421231944,0.03927012619805747,0.5999933458525948,0.03712681247391668,0.0009626237637898517,87.48655751817597,0.9784479818765661,3.881128730233967,0.00048542609902294995,11.12600815296597,-0.32297618317371873,0.9920048893000251,0.27112462602899245,224.53517575171216,7.596871987585004,8031.467984484392,2029.738635500642
502_Melete_lycimnia_reducta.png,Dataset_pieridae,52788,0.003641301356924395,0.006153643222080837,0.005760069012161972,0.00526024183208748,0.003701085367150708,0.0054819531421661065,0.006418835056473112,0.006757484071041338,0.0026889390084880735,0.004366335163156603,0.004363231986614462,0.0046235409684398055,0.0028084889392737972,0.00399994120980978,0.004627656809809298,0.004968853155991494,0.002317644102658163,0.003674877061686289,0.0031578308070626874,0.003764019735341017,0.002509546657947101,0.0033440164012929706,0.0036383916374616546,0.0040682772904804074,0.0021089754381881645,0.0033345552400827166,0.002297536006075395,0.0029078463119267795,0.0020752663037211573,0.0026966153789651386,0.0028612276905006927,0.0034014098672228836,0.03671403164296307,0.006127224562612133,0.030714106435366925,0.004004206519443001,0.024168918075588373,0.0031272030159328525,1.2484855643171113,0.30861944746204417,1.8787211498790948,0.4119923084173497,3.2656235907052107,0.32701040041793583,0.9755248212628921,0.0060767984566225805,0.9630339192549308,0.008104945753047668,0.9352042079742833,0.006228629317998138,0.6216388506758818,0.11831270485476471,0.7947295891836573,0.12109579675740431,1.0968239814882004,0.11621689575692716,0.1909602777473653,0.015754490331717195,0.17487078048338242,0.011589502513033237,0.1551366379052342,0.01007678793309807,0.7425933223161671,0.044402776457475,0.6895366899204806,0.038785263994320446,0.610993625211981,0.038469132710292266,0.0009202014299222838,70.4320822498554,0.9783639464471975,3.8034102269382406,0.0005324218203773353,11.239575199499527,-0.34791472079697394,0.994766718692268,0.29259321219493695,205.5146965246542,7.76468538887908,6442.1611842561815,1628.1483166265093
503_Melete_lycimnia_reducta.png,Dataset_pieridae,86838,0.003621295258313032,0.006117257642327304,0.004446069498840536,0.005476215408545877,0.004622554986874911,0.006901644961338653,0.007464521294204611,0.008010109951809619,0.002741014974730774,0.004605288743766755,0.003224336158247284,0.004566989545472163,0.0030730559037562355,0.004660104022277918,0.004605781428461562,0.0055405870827057325,0.0022895654773378207,0.0037509091636380274,0.002369613014207643,0.0034623836183297267,0.0023082205195662548,0.003447094570208868,0.0034262514949935092,0.004427555048405401,0.0021864685293905097,0.0033957414994777624,0.00195408609272525,0.002870837894414981,0.0019420847726873774,0.0029050356213982187,0.002855684122627934,0.003933014727126242,0.04566225704573877,0.00660940127214059,0.03875730005509406,0.0043058927973984,0.030214093675814617,0.0035815534060797956,1.1168648735405695,0.30047689711431297,1.717195078763937,0.44818042051717744,3.1851509962128195,0.5506416910908639,0.9882701325432144,0.003166807763607659,0.9819196723872701,0.0047168716329813055,0.9662489606577878,0.005802010267673431,0.5463117540075169,0.11171239709439892,0.7078761156730127,0.12366729831180166,1.0169956323400458,0.13590759556803222,0.21315384301259088,0.015089607506576327,0.1965476280279048,0.01123966065761891,0.1735212526843068,0.01022098540668003,0.7725061211611641,0.04223224263020751,0.7215773876916183,0.03843884082010415,0.6388865280745675,0.0388868924400774,0.0012014832149103848,62.37151218794912,0.9897517442505442,3.608629261139469,0.0005184234510637582,11.165032248684847,-0.3871236818171308,0.9971567683183511,0.31785196482816713,302.3600405420498,7.898803216865749,12112.972006269389,3043.835879614333
504_Melete_lycimnia_reducta.png,Dataset_pieridae,62389,0.0023180555061264783,0.0036589359174113998,0.005129113605162837,0.007192299622042496,0.0029096167682903587,0.0037312677779601155,0.007564376938079552,0.00893190689000242,0.002289752002376368,0.003237633204347236,0.003774161651636538,0.005608465918356266,0.002580899587344266,0.0033731906364626247,0.005266034878102854,0.007438657255608565,0.002169126396624639,0.003069882469509298,0.0028668876627886523,0.004485569490521874,0.002333008171441724,0.0031510476106341857,0.003986875204741267,0.0054422192309095665,0.002198310221443331,0.0030313158747035376,0.002409430795415209,0.00395501323987124,0.002161871128966629,0.0030650770698124577,0.0032792411588106946,0.004278934663774941,0.0685495639230936,0.009494506373227362,0.058607922142687036,0.006566721439017178,0.046490873293691476,0.005577466073579338,1.406549763302666,0.4395168059836627,2.153165653229735,0.7432828917635108,3.7364900072019758,0.8988194746475134,0.9021102952191407,0.03085727670418805,0.8487220050455714,0.053093937653198184,0.733003704458251,0.06503871326597943,0.5652036342994925,0.12527798752150598,0.724118981659152,0.14499360451390944,1.012128423022018,0.1649848702949818,0.26120895981845366,0.017872974952566317,0.24169769591479207,0.013789341252131571,0.21522799421350725,0.012953138635943032,0.776729121151617,0.04254721850887528,0.7298111098006215,0.03796737114532894,0.6546921887762525,0.04103718617663596,0.0017791227808785293,81.4504378666531,0.910510207820248,3.606968864586401,0.0005343329092135704,10.469525417257298,-0.3259654395260687,0.9895719367178043,0.33635143578487775,330.0529632385345,7.222438574921565,1741.2353552791355,455.6714482864445
505_Melete_lycimnia_reducta.png,Dataset_pieridae,55331,0.002998317764740113,0.0034354070121474134,0.0027624781541436367,0.0032311696705725683,0.006505028292846947,0.007307356147766764,0.008049079272557502,0.006491075435660673,0.0026261072207130936,0.003263122372857202,0.0025854104508151957,0.0032383548789354545,0.0040429382526529205,0.004786363065367952,0.005136747114800404,0.004978946843007518,0.0024518336372839076,0.003256672783560057,0.002379088605794829,0.002962447604813593,0.002880433134265586,0.003394025969685238,0.003822824664281755,0.003874596123891877,0.002425451247435724,0.003184899634078882,0.002167235108848117,0.0026947129900098273,0.0023167754287168234,0.002704489439732883,0.0031350366643579913,0.003127867095684584,0.04165879855735577,0.008148621117075228,0.034420930991988716,0.005120900353509298,0.026174962076481997,0.0040492914996084015,1.2425088067679206,0.3910877199227937,1.8968875507968868,0.6215912943685008,3.3863316092750506,0.9241331794566857,0.9501793484772469,0.015741567956358903,0.9237854768011333,0.02502605425515364,0.8633231272316537,0.03753738974502795,0.632596978772807,0.14211332568872434,0.8176251516692634,0.17100374361302162,1.1567092780748114,0.2052743304441221,0.203202701509544,0.019169263329061978,0.18497741616198715,0.014292882915063707,0.1613124466296928,0.012379686539832551,0.7359791572275878,0.05137352249297972,0.6787172784035086,0.05047450274839652,0.5891395442221348,0.05123367217128156,0.0009211590230139095,69.82478093962547,0.956015910496375,3.819255881683394,0.0004256923123326817,11.181792118721575,-0.31670758785866227,0.9907832121214525,0.2670002100274903,353.6268188359836,7.612207344202225,3106.2509836282516,794.0189411419751
506_Melete_polyhymnia_polyhymnia.png,Dataset_pieridae,136679,0.0026040665767262223,0.0035373365496738692,0.0030517090187382606,0.0037476609249265215,0.0027696315729966977,0.0034348116989627578,0.0037206888482609933,0.004492335154129795,0.002394056090378096,0.002956266332483845,0.002843577740818134,0.003971830081160753,0.002633429443778208,0.003670802866539237,0.003245560786414096,0.0037523973336384053,0.0021654844595332327,0.0026582629701071715,0.0023109315806225978,0.003286166040456824,0.002205104886203915,0.003088376599080877,0.0027239001029443917,0.0029648696048298565,0.0021107481167453638,0.0026387054785859546,0.001974838526657189,0.0028878964042083023,0.0019346516258460632,0.0027551066584695174,0.0023869366440935043,0.0024755786536215544,0.10114178062575413,0.009550330900310895,0.08974182788753633,0.005284832399797043,0.07592315304122958,0.003905053066369177,0.6806358794996332,0.15229003271190336,0.9994088860158461,0.19425607890489,1.593388838462955,0.11534155641011969,0.9343630462959928,0.014801446013636933,0.9025126837482379,0.019526012352189967,0.8418243303530608,0.011319052024885314,0.4012784500507657,0.06615766008015923,0.5089943536550684,0.05735875652281215,0.6787846900852,0.036299955293248316,0.3176823346231618,0.014822782941525081,0.2994348929339056,0.008976234243646072,0.2754516366095254,0.00703910011035126,0.8241619326764895,0.026013135709728373,0.7868759706558179,0.01863897648109044,0.7330213549136335,0.013274195421731083,0.0036601957838575325,35.7576310743889,0.9453707007562391,3.254259812047766,0.0007737798865912688,9.605548779600355,-0.3541166566169309,0.9907076115432953,0.4218425122707853,316.91422452958983,6.793925812661712,1273.9264123539833,327.4210108570969
507_Melete_polyhymnia_polyhymnia.png,Dataset_pieridae,172427,0.003804001406872536,0.005771924991069059,0.0038178691994663868,0.004494896398588446,0.003917166934519832,0.005030377514738054,0.004648843988319645,0.0043344357496925,0.0030833202662593536,0.004449958257183519,0.0031617089644312073,0.0037909301404309296,0.003327614671732259,0.004175669752810113,0.0038324996372580706,0.0036795024358396706,0.0026456077947418716,0.003804001085131807,0.002656420363844903,0.003266224814594142,0.0027638295419583022,0.0034887220562910886,0.003315722020340644,0.0033696670517502775,0.002391684026820214,0.0035127366591629233,0.0021450416953228578,0.0026798409474898875,0.0021924290171210876,0.0027215224504771995,0.00272224880311625,0.002891722786632107,0.05555817172045117,0.006345029776086312,0.04842083029243193,0.004131734882695813,0.039817312013778014,0.003357050724807143,1.0266552849619492,0.23575652851824183,1.5323201936369206,0.27151817060165045,2.5688854350446393,0.07327861308480224,0.9859473378197465,0.003234531036012996,0.9790097015622934,0.003724907734803185,0.9647290631474976,0.0010222434447723964,0.5372059551223064,0.08440588237639596,0.6840306155313873,0.07336579955102836,0.9239659061100678,0.03020007076921473,0.23533857527582425,0.013188127524268303,0.2198366054082566,0.009627939291790373,0.19936873014243056,0.008331953862853339,0.7738078172156585,0.030747277924532926,0.7280107796647475,0.024191144507030096,0.663042582851698,0.017188442216216328,0.0016678671378615659,57.18459420243731,0.9877414109534093,3.6335200295185452,0.0006100216215612724,10.841188988458063,-0.36984242924964106,0.9958059693074599,0.34217403913576794,260.9405546907964,7.62327891032281,9273.879773665212,2332.766091966905
508_Nathalis_plauta.png,Dataset_pieridae,64402,0.010738656715170311,0.006172394928358992,0.010293890869870355,0.0056554482974583275,0.01039654826635834,0.006022082828145606,0.011109871023926757,0.00644758167547393,0.014986723507192726,0.008968221401079444,0.014198016458871044,0.008264955125371024,0.014405548973718745,0.008596687655314558,0.013735868505241729,0.008230605647520312,0.01657993507805057,0.011055502592024272,0.014747341822757859,0.009049165357972627,0.015251459214437607,0.009220058636893843,0.014503875542974096,0.00946842549594534,0.015581302828486873,0.01181916883806732,0.012756884548277793,0.008322246821960705,0.012945837014299051,0.00829978550251207,0.013387066293153404,0.010106069829425334,0.004855027303620984,0.0005158176898125688,0.004189110966479094,0.0001519646704861109,0.0038102642129687393,1.3797771673500692e-05,15.228484912308796,3.2586094977511135,20.182852997176997,1.7924478136832396,24.542214868855147,0.08423390528365927,0.6694076784992659,0.07063495760846787,0.5620974674620909,0.03883070676891461,0.4685377637988069,0.0019347701898922867,2.9239605023746695,0.34913438551001663,3.4295894407266854,0.16080414687793707,3.8450741126551713,0.013664326210298868,0.06957944940022544,0.0037050674464107394,0.06471269218601892,0.0011740683611526346,0.06172723665165353,0.00011166162949110883,0.30382236438503,0.03051752628559781,0.2626555578720431,0.010723758530056842,0.23345894873931652,0.0021032344175141715,8.462082617668367e-05,963.6003345271071,0.6720707838243046,5.9737881306016725,6.359536669381712e-05,13.893086080315495,-0.09306558437625911,0.855891757157446,0.04906210554782034,259.78705498350075,8.150593571246487,4912.874226799824,1469.118640331727
509_Pereute_callinice_callinice.png,Dataset_pieridae,116919,0.0047850076837961785,0.006790392471376268,0.004288057611637912,0.00592012224785498,0.004150067314485283,0.005776953481735701,0.003789151792441566,0.00515449872948431,0.0029235515145477125,0.004068159701472216,0.0025732521732649235,0.0034383233431401357,0.002634825732541958,0.0035013300397386876,0.0026368441600086788,0.0036861043548821856,0.0019209036245579725,0.0025540479975989005,0.0015632176739491003,0.002053408041599779,0.0016027352981010273,0.00207445885850389,0.0017932326677471075,0.0026227806604602203,0.001534466779857802,0.0019988378854778545,0.0011026013926188772,0.0014422066995088284,0.0011132390517487696,0.0014106722223427787,0.0014449755721721322,0.0021572111822059166,0.08392224088877605,0.005054968082086931,0.07590050192638736,0.003168059315647087,0.06386662830655855,0.0009201493396320393,0.8246923776671764,0.22924575774058828,1.3758292700640253,0.3909863375632652,2.911038092588375,0.42929583984990055,0.9901035410659053,0.002745300368122328,0.9835095391455835,0.004684343739754301,0.9652080099827596,0.005155230044600315,0.4400285721989676,0.07609688642530045,0.5867029468807197,0.08334003120415569,0.8770765240689686,0.05905113551773183,0.2895620355280961,0.008721724003981508,0.27544008468146125,0.005767293737689356,0.252711935036439,0.0018182949972859578,0.8140802005142629,0.025484586009040085,0.7712623964356913,0.02001089064301161,0.7040559812552846,0.009091484275091823,0.004799221829375277,45.4055612236216,0.9914308419244453,3.3138424262377217,0.0007528102890301095,10.208380849506922,-0.44663186104047686,0.9984255273159283,0.44951462687031674,127.3769500105141,7.526804955245393,10550.087833733916,2648.8733487393856
510_Pereute_callinice_callinice.png,Dataset_pieridae,131281,0.004674468090977956,0.004414413468527567,0.008215986983384712,0.009348682513847347,0.005351545911464525,0.005316327473828868,0.011404612316180831,0.009000533906185366,0.005375178253125339,0.004361246268120569,0.006657232888780897,0.007907260391506316,0.00546526919523839,0.004514636804665941,0.007419412531269469,0.007655125048748111,0.005426114137135278,0.004718682409217329,0.005686448680614219,0.005710822189907161,0.005286371844946925,0.004478183251228867,0.0063652011371654015,0.0069607169016339876,0.004486921152891487,0.004925195556609112,0.004348746730950181,0.004419070960389238,0.004201290615515115,0.0040677097137528494,0.0050706906725656855,0.006356223734457033,0.022192637704638807,0.003152986485434375,0.018285731888439113,0.0018569695214712837,0.014798807694863116,0.0014749609842697512,3.3507663957100036,0.9011415848018579,4.905560268096248,1.1693421255670764,7.821056933492622,1.4601198462533296,0.8661103094754652,0.03600709312768603,0.8037126518313287,0.046917787517152504,0.6860254941612803,0.05851587950360478,1.1620356939344467,0.17430325101224708,1.4430234569920697,0.18041306502149396,1.8634191830371978,0.20135827096394343,0.1486056782275109,0.010439832526449111,0.13504261777537627,0.007015929932142927,0.12150003067704321,0.006045679477169871,0.5744327044799147,0.04387846038313743,0.5121945426879271,0.03379689495048909,0.4412434176084183,0.031916320901298464,0.000381739635716178,204.6348320473847,0.8714906630805724,4.676938248982276,0.00020663639536478562,12.094574038232713,-0.1828812125016361,0.9515420231582566,0.13514603644261786,107.54694039983119,7.606991462873392,2980.3106961456856,796.2363820482675
511_Pereute_charops_charops.png,Dataset_pieridae,91119,0.010264599354412006,0.009301448706157296,0.012981602869404732,0.014639967338501961,0.012498601711144676,0.01393688995658453,0.010951919531247635,0.012212163233794928,0.012032890214682361,0.008705765937528859,0.01184609449121276,0.009051819329858768,0.010574650456907815,0.008280729572461329,0.010438717352497571,0.008775422860298504,0.012894692923293094,0.009887616889592266,0.011667402196911208,0.009046087118959897,0.009794102879825324,0.007619297169469745,0.009597267073319747,0.007736939761130335,0.012645116550512831,0.011251814648512595,0.009825095767996603,0.008562251738609455,0.008659480786132896,0.007571155306716042,0.008367747377485833,0.008088969910323953,0.012280256282338824,0.0014322098446129096,0.010487713202958868,0.0006154475787231792,0.009034446077092653,0.00016865756418137738,11.466134345687877,2.6026015194894163,15.76554074795104,2.018941486037511,23.251253121554058,0.5319391513384485,0.9018605826661004,0.02222919501467609,0.8652064087200272,0.017235700650381366,0.8016212950247482,0.004566196193051651,2.2543991161242896,0.2853683261500379,2.675707331952765,0.17907269108303348,3.2389817730829673,0.04623451327959221,0.11063240008040014,0.00638187549150752,0.10236499796260354,0.0030199991846092218,0.09504554337351168,0.0008892479556137713,0.42133228375026954,0.03426886976484456,0.37625605707637305,0.016759183146783416,0.333082841710812,0.004856226206119402,0.0002113550315502945,723.9534934543188,0.9031572304985938,5.624068354761954,0.00010003816905667363,13.393422179857776,-0.16383942654531375,0.9509574499726581,0.0884604130841266,148.46444002666652,8.240094461594772,14225.755369962362,3737.427215854169
512_Pereute_charops_charops.png,Dataset_pieridae,61918,0.005722055553822281,0.009556031306674432,0.010051787230023429,0.01817081332377112,0.005426500220354992,0.00796225888357441,0.009201283708788827,0.0069037307968703955,0.0048696528380931916,0.006553458346266038,0.007120503622248624,0.011100898222620382,0.004655606413546776,0.004886734847204833,0.007011408082780767,0.00593458475294689,0.0040602165639589596,0.005622712224715791,0.005736625289675727,0.010510452747798433,0.00409337025560921,0.004509374216710406,0.005765552143961301,0.005288511791577552,0.003473677322642789,0.005696900158479892,0.004189908227388622,0.007554129335538711,0.003286581155243018,0.004099117061077294,0.00460803327691141,0.005000742541944483,0.03503600036584382,0.005729323442922019,0.029183345661067513,0.0030796273234337005,0.02347119354838212,0.002215982056322815,3.833937571392905,1.25714920739064,5.931718483164018,1.5195728893225249,10.16916384484479,2.1462283586310216,0.9285439704783174,0.023767882384753424,0.8890462349753387,0.028776251855215238,0.8080657794899482,0.042309465752515665,1.0506185372693464,0.17217545274458818,1.3232162474778837,0.16746601759435772,1.7629247364911305,0.1500609584977097,0.18659183499290846,0.01481510984849746,0.17057821343649457,0.009296169204635975,0.1530357255608493,0.007159626418084559,0.639962319236147,0.04618584904463586,0.5833845417843698,0.03517863183520112,0.5101912098394582,0.03023220442032962,0.0006851943657221228,235.41349736483537,0.9313278920963215,4.471335503393135,0.00026290697049206587,11.750383555284953,-0.24703563900791697,0.9794483156583678,0.18792990437993767,128.1144407996426,7.659299858175928,6629.276061520783,1716.1723897214047
513_Pereute_charops_charops.png,Dataset_pieridae,82638,0.00390656035814959,0.005715973324574705,0.009425466823404522,0.021257687503363418,0.004482473678937605,0.004477311249501605,0.008317901284364385,0.006683229474158319,0.004277986532703847,0.004657746091118237,0.006498183180467434,0.01078741559713314,0.004497520302888103,0.004133030036296934,0.006409030473467926,0.006053862929965035,0.004047346413102284,0.005166549255587405,0.005448809880387527,0.008788627164052671,0.004220749980261658,0.00469883733713882,0.005572915901068778,0.005719581335906171,0.0034561754829987284,0.005421337702392742,0.004171044795183034,0.00693589929137543,0.0034399199056493065,0.0044733402755664274,0.004627297827938118,0.005745262392718544,0.05186816561786089,0.0074474046338626355,0.043741016448718785,0.0037682754939151815,0.03662766889395153,0.00275974034277005,3.652568112966285,1.2565742031411613,5.486010963503194,1.500872750269473,9.037761142345278,2.4400205297100683,0.9154034460333529,0.02936828392401696,0.8725829949703907,0.03500846361134673,0.7882431530175356,0.058245232090273304,0.9784757791745191,0.15490262213319905,1.213518562926805,0.16030320157257807,1.5671321262941076,0.16208720760038062,0.2271887037785179,0.01592037981009665,0.20893900566742918,0.00924707301932741,0.19124976130581503,0.007155256418907298,0.6583862857336968,0.04203512359180908,0.6043099522444486,0.031989272309934494,0.5389595748995798,0.02694375490735512,0.001006396435239365,223.4437297918298,0.9189803139046697,4.347868908189019,0.0002843703884438333,11.109969915392181,-0.20441413712948794,0.955200771865711,0.19447412366146888,140.26631319322001,7.11786276061188,5297.055015408808,1380.1246863001597
514_Pereute_charops_charops.png,Dataset_pieridae,102140,0.006845496543256907,0.009217754641929908,0.01002786736530198,0.013385655160861874,0.006735486534630502,0.007903846627334975,0.012740333786474003,0.009616682134811025,0.006976588036207849,0.0068638354091388925,0.008476992903076092,0.01039179617075758,0.006726278207375851,0.005997981476802887,0.009424307895391918,0.008557083050958265,0.007239708596687937,0.007142200612643239,0.00763649868361601,0.008187067383930479,0.006934656412169521,0.006226940059429561,0.008645620045365291,0.007780638038260331,0.006681825572306265,0.007644457572509518,0.006372510943634244,0.0071216942005653434,0.005975465582741522,0.006043147919823801,0.007479505108910314,0.0077861482694203624,0.015894090784507885,0.002131658738357752,0.013423703027234347,0.0010065854522203065,0.011471394562777336,0.0008687149223558462,6.294162713323832,1.4425467897160087,8.857217127153657,1.335315145180602,13.450134104442226,1.154202013557324,0.8842283190911158,0.026802978926675016,0.8365557445863133,0.025098359945752723,0.7498680934827215,0.023546398956537783,1.5514466453564637,0.2046356052535247,1.8676950087547692,0.15980855141846978,2.3113848555513057,0.14138322036469353,0.12579583035196934,0.008336657037832467,0.11577547204147273,0.004443320921170983,0.10702936725063711,0.00401361541575504,0.5125986439066961,0.04104421465227512,0.45917135496656375,0.024910671519205292,0.404945324696921,0.02221282928279654,0.0002844138920969094,393.07102328274595,0.8864927458642293,5.078265936566097,0.00015089197686545891,12.685035858057113,-0.1780597326818212,0.954514561805009,0.11611563474343434,171.2722792452824,7.905146441757703,6535.997393323028,1732.2671041514434
515_Pereute_charops_charops.png,Dataset_pieridae,67602,0.00759117249390273,0.011979036191330375,0.009266427708319144,0.011994276792141267,0.006581769959338107,0.009177168099008528,0.010728007188577355,0.010034921060731804,0.005774822227775624,0.007963956248375486,0.006459922513411253,0.007805389593888638,0.005601853706182959,0.006989049324954547,0.008050466913321896,0.0078212451726457,0.004538980003715782,0.006534286298908301,0.0048658678707892075,0.00614935531968279,0.004551746124172876,0.005886541515930856,0.006154843852134726,0.0062778095566253115,0.0036790655988170394,0.005854144252287309,0.003715679998818283,0.0051536070785641345,0.0035782562912579207,0.005022278245068307,0.004739612658244876,0.00570065505712453,0.0359715800321501,0.00587606746382877,0.029978752377547126,0.0030693625966312565,0.024138915157518478,0.002232888779641491,4.1226276091972345,1.0183266129697786,6.2798598631603975,1.1980769412651056,11.094115372288792,0.8865880557924004,0.9142030492378076,0.021350105521011725,0.8688040580530675,0.02538544884647485,0.7662611963899668,0.02004968564705282,1.1162502870127122,0.17418315471719353,1.4041060646136,0.15042323330044133,1.8973031255567567,0.09718086852124995,0.18906393850465295,0.015046833197019023,0.17290448030063668,0.0090990697059575,0.1552034170490426,0.007128428565919671,0.6283191299395887,0.04553135179624878,0.571961383783576,0.03360966457757435,0.4974973423796034,0.029623074727623336,0.0007249863100467822,253.30592492988848,0.9172473765381115,4.561892878590492,0.0002528014083470309,11.799851066210465,-0.235662384537833,0.975931921301287,0.18984661483266793,112.25928252304914,7.641626204661198,5871.330831091062,1531.159189005237
516_Pereute_charops_charops.png,Dataset_pieridae,49939,0.0064211567055070685,0.010384554790966378,0.00954271474249201,0.012335903081214976,0.005306680516554421,0.007316907946008213,0.010297179545114455,0.008331712836495562,0.005816752452785607,0.006944977933739812,0.008442892955600976,0.010524338633942561,0.00549858198213757,0.005471983035068006,0.008286524405874586,0.006651280758328351,0.0058185544920966925,0.006621517032277475,0.007437005310809476,0.008982195747399812,0.005644067604635481,0.004998991309413975,0.007497092104605547,0.006128641450833183,0.0052494261306054715,0.0069617993282135625,0.006031699604547716,0.007397998427815335,0.0050956069772851815,0.0052566438831107435,0.006601314342276484,0.006620083391539435,0.024053792320996668,0.00394156519510078,0.020371093120906358,0.0018727793671952217,0.017337846007137767,0.001486129135916889,5.5521355164618695,1.5260817380327332,7.951102540793338,1.6051349482222739,12.336286619302149,1.9298305604332078,0.8734448933445005,0.03476792737504393,0.8189113741041053,0.03653937937828373,0.7194740970984455,0.04408802620510371,1.4011464596916812,0.20341828032560824,1.7000157751555893,0.17977727293156623,2.1280327258083838,0.16985632065317638,0.1546051619385546,0.012289679529994622,0.1425691416970472,0.0067181066286295344,0.13155509600420812,0.005576981482966311,0.5533150577875863,0.04600433957003467,0.500226987312049,0.0327718468751443,0.44315526146699574,0.029496552279529742,0.0004316918921827953,344.7837436640166,0.8767366013702025,4.907651122728831,0.00019261537785926085,12.159632580539329,-0.18688142313496842,0.9552826510394072,0.1348055940577469,119.66726758605702,7.612053616108758,5249.15610372017,1398.4849618460466
517_Pereute_leucodrosime_leucodrosime.png,Dataset_pieridae,142092,0.006213283318005962,0.007942183862574061,0.004893140572572964,0.005412565168799167,0.004979875464711363,0.0058555655801736444,0.005647428318488472,0.008356665857547393,0.005171669047784515,0.006494110564571169,0.004213891170489598,0.004773490762776841,0.004374963347993396,0.005013779451258441,0.004576212770892467,0.006708989181666295,0.004793942666809955,0.006514990995653694,0.0037144960409781587,0.004594201371078065,0.0037990306950649883,0.004779766374834715,0.0038848015872750014,0.0060146422994709885,0.004538694071391788,0.007253962632785427,0.0031456962581777924,0.004352614038274735,0.0031843213984388136,0.004581321730270666,0.0032962311399898367,0.005929643376822924,0.02894252397508367,0.002509809576370422,0.025237975248809354,0.0012045620116675293,0.021092098639631372,0.0001865700127672009,2.840159584968417,0.623056581339367,3.82562581281958,0.4147917214093508,5.8415789401354035,0.21233866697255763,0.975873220759747,0.005292367858077285,0.9675049632507275,0.0035146842692714156,0.9503721377370392,0.0017565849202493536,0.836834149573179,0.12063899656276275,1.0177536671535388,0.07351792811028206,1.3038953023572266,0.035892121135056805,0.16996472575693422,0.007383493309660627,0.15881940135524272,0.0037911742206971216,0.14522976297046092,0.0006438844423645179,0.7102563390100654,0.03007512742306098,0.6649365007944266,0.016598729895692915,0.6059245114795875,0.0034503648632662406,0.0008037999681991613,172.94876554273074,0.9770454411977486,4.12555768190553,0.0003770592057180869,11.855644668604565,-0.3609001109214761,0.9970505116659488,0.2958569038059171,178.54048093596768,8.204568891592317,14895.733667365384,3767.170608227031
518_Pereute_leucodrosime_leucodrosime.png,Dataset_pieridae,133324,0.0034680072206924096,0.005340378811936261,0.0025823238961354103,0.004397540443201875,0.0024624570524274625,0.0043911967074799114,0.001989341644138429,0.0029399871456430413,0.0025128370402501266,0.004107545260996685,0.002181353356955115,0.004060299405151206,0.0020026402837929388,0.003664482769002607,0.0018695952862052975,0.0033000710869505673,0.0021890582686522383,0.004227787504181655,0.0019288176405335838,0.004287824969432394,0.0017755173578203238,0.0037819135812856585,0.001768685227475336,0.003562722983129135,0.002070039341712374,0.004835485025673631,0.0016348566558059925,0.004257427442780212,0.001525893403403602,0.003762288933607979,0.001558075337565859,0.0034798285293722625,0.14801545835349056,0.007501208445720522,0.1394258663734748,0.004900302171293599,0.1268617314776694,0.0053012046549401745,1.1716716235224425,0.2372446676020357,1.5630892034033814,0.24169698110790827,2.225583838544655,0.3273542404203515,0.9657712064593579,0.006940124456125716,0.9542662894181017,0.00710202810740048,0.9346972374680292,0.009617303874521605,0.3963028924473845,0.06239020042070724,0.48492992709743077,0.056680271576558375,0.6308318280730569,0.06541596986936726,0.3846058040976569,0.009686785219325944,0.3733390365292356,0.006620436307135101,0.35610016353801954,0.007375974909471181,0.854100095039005,0.020100117872009257,0.8281960230703047,0.015510681647422213,0.7872733909659515,0.01567408919966216,0.019890778996538266,68.97316071417026,0.968269729159332,2.902375826949804,0.0011317025965874275,8.682837462986788,-0.4687277876664618,0.9972683357138483,0.5805944929573793,68.70568760518606,6.499043346751975,4278.8053725219415,1086.944633309028
519_Pereute_leucodrosime_leucodrosime.png,Dataset_pieridae,144007,0.005381527729842881,0.008955087128810123,0.005308419929559407,0.008071892694054237,0.006907510854050364,0.009153120468987858,0.006873330840959242,0.01086802246976012,0.00424574941283691,0.007151432576733644,0.004219328871972941,0.007027065294592478,0.005755807519051385,0.008756581023560129,0.00622086213474913,0.011591869957430778,0.003880612255839251,0.006772911839659798,0.0037843036533131875,0.006224870678232736,0.005455042016821514,0.009358235576939768,0.005674392966465653,0.010396339291897944,0.0034715096223263075,0.0066484030691803765,0.0033805312808525274,0.0057264854091576955,0.004608477045875564,0.008855023575623216,0.004852042310263678,0.009273126299789351,0.13707495216256876,0.003523234856038686,0.13168810957646568,0.002614404217372089,0.12463948898442789,0.0012171767653807607,5.051505487058683,1.257684459742221,7.151502333590524,1.2965751214828392,10.686335175801538,0.4577213057420794,0.9730280113033117,0.006703182351897121,0.9618607284377967,0.00688734072914107,0.94316918680193,0.0024032582723382875,0.9847585403777726,0.1392181179059028,1.21557600093863,0.12476339131839731,1.557542137092576,0.031146710244795785,0.37020587685111483,0.004749832361880618,0.36287061701127565,0.003609000737288831,0.35303897149132535,0.0017244108486822128,0.7197089580575305,0.02529163885108252,0.6805311119380525,0.018074996771449383,0.6298634536197514,0.004641382909092563,0.03334221250536301,317.2452791646725,0.9738007413227298,4.146279813962758,0.0004936866889660322,10.522351680816882,-0.36629681404904535,0.9952503569539188,0.39907162796228435,125.74158136958027,7.335312809329866,23897.214723161662,6053.615000581584
520_Pereute_leucodrosime_leucodrosime.png,Dataset_pieridae,103642,0.007046762664626435,0.009601860727540969,0.010687982977667067,0.010842049365345363,0.0079352031027085,0.01047418841233018,0.011376655973862379,0.008332121472749605,0.00839381122766013,0.007668220803100083,0.010920308623849326,0.010793084800818748,0.008719843726577827,0.00893966022304014,0.010383790400249934,0.007518630477924868,0.010369336732824941,0.008902231788633926,0.012131640574002013,0.011161993480600322,0.010788936133176927,0.009238367528168633,0.012275802961603185,0.009084211649434935,0.012082633034415037,0.011494054925222577,0.013109398572372335,0.012579660130602738,0.012338973581835232,0.012034207918373665,0.013932048153616433,0.012140963872708573,0.009044638622507185,0.0007022460771020016,0.008304587990360924,0.00032525789531453894,0.007675038628463685,0.00023469689612345404,17.35805079565245,1.6313822142962902,20.123659278164094,1.6958696029432172,24.559163463880136,1.3108590891478034,0.6518634737410072,0.032536786068267834,0.5965856782449047,0.03387247332545112,0.5083770762964805,0.026058335005212117,2.7116407972700567,0.1811626990149534,2.959593408699175,0.13354976289866702,3.294892284184969,0.11397620349001195,0.09503296783779548,0.0036569996510409423,0.09111179682601091,0.0017967942276824603,0.08759704672465361,0.001340161774763042,0.3637327964165823,0.02580958103142215,0.33477149009780854,0.013742413268270654,0.3076089007362891,0.010479248670288556,0.00016056817332301505,1105.2655403351746,0.6538306987456247,5.888118952878299,7.786886401420558e-05,13.335939270312005,-0.0893177165673559,0.8419239956134175,0.06822318530657098,112.37406875647153,7.865563221390513,5280.139087372634,1596.3511569269494
521_Pereute_leucodrosime_leucodrosime.png,Dataset_pieridae,105295,0.00508221913357194,0.010739059884406385,0.007061792349683261,0.007751095873120331,0.004993225473523809,0.00588072152516154,0.0069529425461532755,0.0064331994765958085,0.004749634968808703,0.008958937149777715,0.005715653499936743,0.007024156722555607,0.004285528844478831,0.005290247108959879,0.005306865492003581,0.005121036674049841,0.004370583446881437,0.007266876196317794,0.005124071340034705,0.007262625562552086,0.0042227871922326495,0.005605494084669383,0.00517419808581115,0.005855863396646658,0.004044110091295382,0.00711435428276407,0.004355293183402117,0.0071662954832984035,0.003833401271405462,0.005935799300250539,0.004750760893006226,0.006799596261489458,0.0350154220873843,0.004921229554903647,0.029170229362094853,0.002816876715178533,0.023560619893307606,0.0017027783132275017,4.089458041942702,0.8328785886115271,5.463939593159331,0.8121428163785346,7.86012721784158,0.5973687000516774,0.8853531158045349,0.02349920476772233,0.8465945315575546,0.02304666043745196,0.7786498324703711,0.017538921949927178,1.0410512067543882,0.13390391053493797,1.2583204369991694,0.11757739259824536,1.5862300228532673,0.0865834024070058,0.18668401494255046,0.01282578076819843,0.1705831051283446,0.008463663915053436,0.15339335890453637,0.005576498658809215,0.6525216311466706,0.03710012422024461,0.599067511677596,0.030993856278787153,0.5308947744858004,0.023464823167798063,0.0006844668750517198,251.84610949028718,0.8892432828529123,4.444617832400782,0.0002736559714831194,11.601747797360495,-0.23190305605945705,0.9738819761769337,0.20909739239596037,128.8133272356916,7.508318086745595,4296.99887761977,1137.211246777511
522_Perrhybris_lorena_lorena.png,Dataset_pieridae,140327,0.004767805984710305,0.0059098081133978205,0.006305990424735558,0.00888830600310921,0.005376511822364876,0.007595860459974386,0.005617324804712435,0.007541639460017569,0.0044479356335700776,0.005222462179765445,0.004938200085988209,0.006103140556421424,0.004820487653758742,0.0059681413189602225,0.005260442303384877,0.006358890478547079,0.004756940864743334,0.006320186458348834,0.004935165731619416,0.006484471461737848,0.004873437453320436,0.006307740471473923,0.005495581386048601,0.0066058095768278206,0.005071843752654299,0.008270268902186542,0.004715900268791493,0.007258439707413353,0.004675089070326677,0.007103263545498432,0.005517090686921535,0.00798190830765585,0.02799701423168282,0.0026575984242632805,0.02459668101692951,0.001038189417877407,0.021470195304245744,0.0002501451117487644,4.639455077043772,0.6493352863885032,5.745487687032611,0.48405608454600846,7.875934940687751,0.35340434061397535,0.9701152837646185,0.0041836332235664795,0.9629834981737456,0.0031285800088402304,0.949222795049039,0.002296701886724306,1.0358982055970212,0.10550070740147968,1.2014019576801334,0.06562398153683183,1.441856708464495,0.0285161238544247,0.1671371622350826,0.007885634513879695,0.15679793718350438,0.0033298516374335543,0.14652463915058941,0.0008517194580981932,0.6810193153809934,0.02754091591607616,0.6413376494077354,0.01439230343714385,0.5949355092340842,0.003965787300106692,0.0006956238497438354,287.76087888796457,0.9710176098867342,4.360307721101147,0.0003408771723148323,12.014501421297771,-0.31978605428711326,0.9945150547743072,0.26160215127438563,228.2472669248892,8.090731946175218,19569.968845056308,4964.432430986064
523_Perrhybris_lorena_lorena.png,Dataset_pieridae,38081,0.007337721233652953,0.007684611437049798,0.012008968652431541,0.011770417345177088,0.0041089348629336,0.0040891987967455095,0.007458659255863121,0.008987447472780238,0.005357287270411064,0.00584844994173736,0.007271670904504061,0.008238429828364934,0.004486619418586876,0.0046400933043228895,0.006167920532211872,0.007467814033353116,0.005361246550017694,0.005773454721032552,0.006089276269821861,0.0068848471118241284,0.004917871305969818,0.005013666261351362,0.006167955190014649,0.006895052682549727,0.005278818916417966,0.006200859786439192,0.005119602690630085,0.005790220170386903,0.00453917154728353,0.004752178812568,0.005773919906101875,0.006831395302336714,0.05055766491896827,0.0032588721684120156,0.0465452424928976,0.0020831398860248307,0.04182317545774899,0.002002337333324359,4.443405944144466,1.3917394137261803,6.553587594660556,1.468191842965642,11.058772572788394,2.690553962914372,0.9715035074594236,0.008846086547970465,0.9581183617887785,0.009281958869254087,0.9299077405162283,0.016831724671268394,1.159173064378047,0.18467798522923654,1.4286746807543014,0.17148049606686086,1.8757926802418199,0.2501782567677603,0.22473364017515707,0.007242644033176945,0.21568914645868292,0.004840928921439367,0.20444846693443663,0.0048989617172997355,0.6454136203775863,0.028944277218613153,0.6043613281794019,0.021562087862705245,0.5537854214114288,0.022275097908694166,0.0021368656825709277,275.3015790557748,0.9724690713321575,4.547884468516636,0.0003044042019649857,11.785467815117595,-0.3391516531673476,0.9956020679325436,0.2778521733296057,324.00004635360176,8.06119221774975,19709.562932176137,4996.216127807981
524_Perrhybris_lorena_lorena.png,Dataset_pieridae,79857,0.005264639578434142,0.0075728418502677254,0.004650126831035853,0.006076325160589742,0.011585053050149357,0.014376218403036298,0.013251060824660967,0.015080671911422245,0.0030898889246537002,0.0034300678310920994,0.0030134174071417335,0.003241367439619598,0.00707944239984389,0.009054632126432007,0.0074273311188925994,0.009310686339536172,0.002495233929475785,0.0026532933675849656,0.0028440568796324873,0.0027630970285997514,0.0047727372159113764,0.006134446251942545,0.005299619439192272,0.0063445959370368055,0.0020931086939930473,0.0024461134731579575,0.0023783587782711924,0.002559129358875149,0.003192200536280949,0.004057263518375728,0.0040533615909306075,0.005111061937658707,0.06225210885726724,0.005691380902786037,0.0553974107474433,0.004233682092203114,0.04688218657979967,0.003791907773958618,3.3254783657451967,1.6195565148623758,5.713472839332893,2.7153960899507186,12.220315089169183,4.627603483684462,0.9807734458160505,0.009358820729801402,0.9670086712591043,0.01565237905259948,0.9295941066100769,0.026623801977130573,0.9076326232566397,0.2143749270486774,1.1897312734536158,0.25456846937809213,1.7361756799346744,0.30727246989571116,0.24924426936884744,0.011375545879501563,0.23519334578849704,0.009027781801514641,0.21634567725523748,0.008759823786600673,0.6899996450478065,0.04672965470658442,0.6366844921049926,0.035369202086845686,0.5655631531922825,0.03182423204593897,0.002890691187573995,204.53921572075933,0.981563932329268,4.281335842057468,0.00031527748791269786,11.412934339601318,-0.3338949078890444,0.9940710649889173,0.26660958408813956,122.90198662554799,7.829111836492412,21980.250455596426,5546.197417829295
525_Perrhybris_lorena_lorena.png,Dataset_pieridae,86489,0.0062430021422093356,0.007143368272983111,0.008875437254699258,0.008525560117820945,0.004726458286024819,0.005369396569784927,0.007427364673390259,0.008085134471204573,0.005864188872295617,0.005836799232014994,0.006222979510093875,0.00584531037330305,0.004923219229251401,0.004377399092464199,0.005591942237201501,0.005997087895406116,0.005337415428521174,0.005545705834672083,0.005072941470661509,0.005117010785421898,0.0044305835572359805,0.0042909660750887445,0.004675694547460621,0.005430496447004498,0.0043410988601761385,0.005231356614015265,0.0037552541901294404,0.004137933177142044,0.0034359110779608034,0.003703814985122174,0.003668656640896214,0.004636212463787168,0.023714685728774988,0.0027548697455603574,0.019674293939465175,0.0015272763225902997,0.015911790701290292,0.0007126338387348067,3.0081756263653006,0.8365306509622662,4.60763691152906,0.9430563594176139,8.118799771720212,1.2067285587584593,0.9690206736605749,0.008600970236315328,0.9525568710494356,0.009714193882145162,0.9163928652125424,0.012386581424541621,1.0144928255555938,0.15414986053025725,1.2812604281245359,0.13811000153044015,1.7147601199749307,0.13053034880115993,0.15373396346302426,0.008975199536752151,0.14016082192872276,0.0054072114560132205,0.12611048157690963,0.0028172926241746355,0.636238473232869,0.036137038292394584,0.5782913889818843,0.025491506880336797,0.508079297307025,0.015420708090662514,0.00047312689961397146,182.40140199443192,0.9706010654797265,4.475343653402139,0.0002779629832674166,12.231626959759543,-0.28430116386990467,0.9905977138408123,0.1881727958283943,160.03141417475265,8.102298241633669,12224.879495705729,3101.820224425041
526_Perrhybris_lorena_lorena.png,Dataset_pieridae,101221,0.008082280855895888,0.01078450452130522,0.008321476152991154,0.008622181617868081,0.005250624013452588,0.007167305628755133,0.00876385404783729,0.011131726855022566,0.005641398244970788,0.007086541389472516,0.006093874301469573,0.006444271005887603,0.004713482587143279,0.005287563900798568,0.006045323058085249,0.00737138804577357,0.005044795474113265,0.0068012795473607005,0.00496518695408778,0.005777176816719787,0.0043788124544501235,0.005119413363067521,0.00525789564052373,0.006422005676951078,0.0043363476504013785,0.0066963051732007286,0.0038110734455544916,0.004867055278848939,0.003567350966145073,0.004550857985826438,0.004357094878507785,0.005928343295172978,0.03158889037959932,0.00394872422834866,0.026290346362268055,0.002069946894974446,0.021314751701110968,0.00108296431167818,3.8805328578125797,1.0167371747928133,5.861370030760785,1.0839130584298553,10.463863766489538,0.8601087348517101,0.9664958639295607,0.008772587759760435,0.949390346883469,0.009358528818722532,0.9096239048620556,0.007380727694991854,1.0407741111036417,0.15716220177056037,1.3018992171912127,0.12165260957763983,1.7496389402258752,0.08250516378751824,0.1773826202811242,0.0111488296157858,0.16201872243279603,0.006346648210878562,0.14594847843802158,0.003713938978674094,0.6508776021098304,0.03684985215032892,0.5968420393128777,0.02264662472058509,0.5295570611941318,0.01465914159947438,0.0006213230544473403,238.16973352784223,0.967809479188078,4.4462833651724285,0.0002869853140037186,11.870948769740151,-0.274629273836598,0.9875199132222148,0.20410595808812174,127.58566558577019,7.857558685065975,14558.79024201289,3699.2399938851827
527_Perrhybris_lorena_lorena.png,Dataset_pieridae,41349,0.011764630387535568,0.013329715411364974,0.018523632037717303,0.01915792416443214,0.006328461294211445,0.008063221718994424,0.00902077807740516,0.010063900326153202,0.007188990758765227,0.008995601700181974,0.009746155557335164,0.011900330301350013,0.0054432461330824935,0.006557644173365374,0.006886475951482181,0.008379059436729126,0.006105119817857863,0.007614157417020351,0.007263741766945634,0.009147497015418034,0.005003355780512711,0.005634900146883287,0.005644281595099939,0.006877108535411563,0.005211541179325384,0.006258514328693266,0.005423736446746687,0.0066094893608942135,0.004250870630128775,0.004632598322534354,0.004530703236420506,0.005481166198903299,0.06447702167079795,0.0039257122113107055,0.05983265751886606,0.002676891859160875,0.053667495872015386,0.003246554584535146,6.106469019101597,2.5927976408512956,10.234258597247557,3.5223304785433136,20.33361760619096,6.512615882033407,0.9745802151747953,0.01075809976109643,0.9574722055495157,0.01461513148876396,0.9158090744056325,0.02691736619274004,1.2962525365233848,0.2642746598360897,1.686135136400837,0.3005227497988525,2.411290113655564,0.42242742682899453,0.25380437695168784,0.007769164109702482,0.24454613622316745,0.005463037359024399,0.23155629485722698,0.007012715879625242,0.6409557500353922,0.03219207123724395,0.5968366956681908,0.025219281753714445,0.5392666789186844,0.02445370901219154,0.003613089308507478,382.14675388105115,0.9751477559891493,4.636920124815486,0.0003028250408256473,11.679505693407588,-0.34649532632174207,0.9959148293426157,0.29345940407656146,335.3188295404098,8.013895404318573,30357.72855151337,7684.9688263486
528_Perrhybris_pamela.png,Dataset_pieridae,89106,0.00537027204256687,0.0076673090804587835,0.008209096050308524,0.009107344124934245,0.0036139517232697633,0.005333100222250058,0.0051483401917217985,0.005309322864649545,0.003916519945189186,0.004582362427849855,0.005422966747957893,0.00628025544170181,0.003392844699087131,0.0035094907139548827,0.004395872805836556,0.0042926023132459565,0.0033355169546705273,0.0037133287153668744,0.00416345900582905,0.004869700020004179,0.0030170021863787666,0.0028555126744860856,0.0038059924969483577,0.0035985998760173013,0.0029035012051393276,0.0034341362311647314,0.0030898167755100433,0.003664016438140844,0.0025268903772864104,0.002420847104000393,0.0031331982585697956,0.0030430713213259477,0.04844384696761529,0.0034292775045758695,0.04360181132192442,0.002694907820005756,0.037380700099477034,0.0022257117997393524,1.696051285627728,0.5558409037885713,2.7119266886117033,0.7375347427131409,5.1260534924576255,1.0874100459151264,0.9772878255770922,0.007454425775084161,0.9636602650829702,0.009893285181213815,0.931186467571963,0.014639027545629327,0.7430046098082039,0.13165309165264166,0.9625559454313002,0.13908555453826751,1.355386631241366,0.1531414059943289,0.21995933356092373,0.007857388055173505,0.2087122820650816,0.006402705452403849,0.1932560880804858,0.005725776742464093,0.7081600691713483,0.035321717856422255,0.6539721820034007,0.03079606602969519,0.5789259733319395,0.025343612709979098,0.0021866878706154865,99.46288062320403,0.9791190219239992,4.074619164935551,0.00039155659865360145,11.473236769622867,-0.34949454555667786,0.9956390774262769,0.2900941586857939,307.9058393895495,7.924284454734555,9428.553936089418,2382.0042041781617
529_Perrhybris_pamela.png,Dataset_pieridae,60817,0.005094022722356851,0.005569586310167899,0.008059264544539202,0.009918608060519866,0.0074486348674044234,0.006963734167329061,0.011243032919316486,0.011699780098462589,0.004742694207737656,0.005033179506487436,0.005101232980630175,0.005996454002358176,0.005788648816438044,0.005850734752342825,0.00685631566963507,0.0070874576930304795,0.0040607559031498415,0.004421454575476361,0.004250697527650574,0.005111099803051823,0.0045520542009632155,0.005169569159783711,0.0056555122525911074,0.006060826785837612,0.003421964793479663,0.004117257382641158,0.00350525593690059,0.004784724669496292,0.0035610334606037356,0.004665100919481016,0.004617992915783271,0.005663587916260532,0.027571085566852158,0.004075405582504085,0.02344778634899948,0.0025035867506895473,0.018702250814091596,0.0020570082200001144,2.767607997825589,0.8297921198951415,4.476512619593176,1.4879039349000176,8.735108748862002,2.0649581407429576,0.9770005195147728,0.006913050945688259,0.9627468141370301,0.012402526822344722,0.9271174909917703,0.01726249326152026,0.9877856226147264,0.17645679485187313,1.2819081899555722,0.21689158729342142,1.8291314206080171,0.22871439342601527,0.16561853361504486,0.011899028954263768,0.15289465342516012,0.008426820456118,0.1365533657827196,0.007445072699603285,0.6441644187070443,0.04391778313134572,0.5844956926331999,0.03647816538917441,0.5040016499250172,0.02917439388521517,0.0007078792599889388,167.18458664975176,0.9782433453179985,4.442685964503707,0.0002698978890977556,12.257008634759657,-0.3293783512184559,0.9954415732227604,0.2161350915593251,336.73426754361446,8.316989418102155,15205.22019199486,3843.1011946611507
530_Perrhybris_pamela.png,Dataset_pieridae,114789,0.006868315807025395,0.0076017710395805274,0.006668057431204097,0.006958083088969853,0.007362751293102122,0.007971208317184505,0.006340160874545551,0.0075018938940892696,0.006172343018534759,0.005430353204666123,0.006877336056586402,0.006613068576826152,0.006490357788477396,0.005905744390422814,0.006619107010265072,0.006512564436239548,0.0054825723757378,0.004722679710663331,0.006055050432343378,0.005270994921507627,0.00568395955486737,0.004535955205589616,0.006373487560715295,0.0054629886375823005,0.004227850743171967,0.004299958645090803,0.004556784672255512,0.004166758488036489,0.004361574427846543,0.0037905060332567133,0.005406471548443663,0.005446224718089233,0.029179916119728186,0.0030993155705868387,0.024661865770836032,0.0014418765132394817,0.021255836217210305,0.00022236356024433814,3.1458523135148555,0.736411512019587,4.625547266655419,0.7609905578276741,7.1800260667103055,0.1655707345295124,0.8134951345838406,0.043720422774040174,0.725711891780161,0.04511841952083692,0.573966496724632,0.009765714386486175,1.153377950847227,0.1525422796604079,1.4245846366498087,0.12020392934453962,1.7778248664491911,0.023682505784994003,0.17058004567063054,0.009075469064119594,0.15697378378216179,0.0045931444509354005,0.14579181616550022,0.0007632538079120647,0.5779645823246604,0.036554929127385144,0.5195551368738942,0.022091617562334256,0.4631596078317106,0.0039823836250928385,0.0005144373370855751,190.72105484459414,0.8215134133826767,4.6757259391737795,0.0002095287074366408,11.880937463925477,-0.15824741311532534,0.9285366476275277,0.13785178571085238,156.61779935499837,7.3799777427071325,1946.5570196191256,534.3195186159292
531_Perrhybris_pamela_bogotana.png,Dataset_pieridae,93097,0.004752746540506036,0.005161958917184664,0.00859567351585183,0.007705646706194768,0.004145638868226645,0.003864262927210988,0.00810888870105982,0.006775345426827884,0.004447505133777186,0.004151862246163892,0.006047490471930589,0.005707009773464936,0.004179878788075525,0.00374872231138702,0.006081640019569398,0.005452669745694445,0.003658692574317558,0.003717249427273286,0.0044425481009037395,0.004333772263343746,0.003540390526375769,0.003338108337037612,0.004906448407096618,0.004663091433922543,0.0030135701143522136,0.0033661230856591325,0.003241971747425738,0.003589275529123411,0.0027813093926784744,0.0028336074279789016,0.003840728403008044,0.004268764081328951,0.014633681450280753,0.0021843551263025693,0.011807714499216089,0.0014789824746161524,0.008855806461740579,0.0009258842111687818,2.0485259036492867,0.6420849339964384,3.2421789933629963,0.8180572564781042,6.055554429633172,1.1530110237260838,0.9650402535329519,0.010975496722120556,0.9446807241360919,0.013955386129550135,0.8967978938682528,0.019651521572559817,0.8917846480875118,0.16430920552688408,1.1535908035907456,0.16959870699053994,1.6161165346128044,0.1849212120742091,0.12063015483326527,0.009057990681337731,0.1084528001847746,0.006760520046375481,0.09397707662231065,0.004910756689648951,0.6486415852583314,0.04621969661845718,0.5831274953373529,0.03931222578895506,0.49581481809543027,0.0317327758506497,0.00028924879523884584,120.72620293898598,0.9677177152903782,4.3194720774483475,0.00026405523216067704,12.395630199036944,-0.3088572127630849,0.9938547519798562,0.19105919243795924,317.3018084957273,8.309042239379359,7359.5535252146365,1870.0699320384092
532_Perrhybris_pamela_glessaria.png,Dataset_pieridae,52403,0.005571045771239637,0.0072844028935836755,0.007282555000239129,0.00827113451769372,0.009692090393474429,0.012563094594131338,0.010046980176214509,0.011253776219359224,0.0045776775642175456,0.005230350569122433,0.0047406227651490985,0.005298091825306108,0.0071896993657591555,0.010051331810185244,0.006888731360265087,0.007520496067016546,0.0038066264996950957,0.0044860594101983195,0.004151954137997168,0.004763195278213973,0.00527678714568898,0.0068622232762440664,0.0055039730157172345,0.005681187373006502,0.0032240898536487154,0.004021313666879558,0.003430330022749171,0.00415286734140496,0.00381490954602861,0.004626485950019742,0.004351159223317895,0.004440415891893343,0.032014671393587546,0.003886594599192026,0.027205962256781423,0.0023162488333961333,0.02226157122483544,0.0013373671356099212,3.1504181140527576,0.9503428909829232,5.160267094715218,1.5612771068324065,9.851780759624134,1.7246783541767823,0.9768191305386233,0.006983271944951087,0.9620960808354531,0.011414052825615983,0.92785133737421,0.012539284441996472,1.0001753226706729,0.1662243324867889,1.2950689735740846,0.2014952163725394,1.8125754615233878,0.17142698125676736,0.1786077876557908,0.01067378013130724,0.16478769697312623,0.007139830745511266,0.14913541469440406,0.004494364111148085,0.6538479181001965,0.03825793455810562,0.5972731116444625,0.03137282308731118,0.5235021221703291,0.019252705766650086,0.0007862427042433228,191.80007980323538,0.9779818295322562,4.425935419689885,0.00028335164809604004,12.080973402908459,-0.33002598333374994,0.9953788492834695,0.21794565369076238,306.9114765326366,8.214458788882673,17227.255930626103,4354.764002607334
533_Tatochila_xanthodice_xanthodice.png,Dataset_pieridae,52433,0.006799129204460038,0.007376867689743626,0.008578261338145045,0.010180271775150572,0.014041333694560268,0.014783126071388528,0.023690411471981452,0.023957899034851342,0.00491012138652093,0.004480281947299652,0.006473417715588956,0.006305198811040844,0.0104974916251145,0.010521806945869641,0.012830167973949487,0.013895030023935589,0.00440985453081415,0.0038720655930165266,0.0058929753835336605,0.005304218779503733,0.007524433941085248,0.007156253672497837,0.007740101596296803,0.007647094449901963,0.0035088492885318773,0.00335237894994625,0.004227380355372178,0.003769648579966258,0.00490321757052001,0.004489583541831968,0.00526081033341435,0.00500102336493296,0.012529411087013862,0.0018615373728500188,0.010573516310166309,0.0011811278118241525,0.008425685130706096,0.0009386343551825891,5.921032050919466,2.451191754965235,10.295143821717149,5.150499471863028,21.58776000929999,7.849740469277965,0.9591016469968237,0.01693572299698717,0.9288254471471598,0.03571569449682113,0.8505314719198837,0.0545913952960833,1.4640100328986316,0.3225821030716851,1.9266911156018591,0.4403527806137606,2.796787836690376,0.5106414092023346,0.11164400692207718,0.008063919977098273,0.10265663135740982,0.005927254719950187,0.09165011116515759,0.005093353916659787,0.5539697496026421,0.052445054982354807,0.4914446687028886,0.041616912237707596,0.41418713673356833,0.03506299011565764,0.000373769191354979,368.8791604255879,0.9601337670526204,4.975667216554253,0.00017936571063574902,13.17069234950984,-0.2970461181747459,0.9941865243690999,0.16984708440575982,302.28091135603023,8.697615685369257,18139.21790647738,4627.0242667257435
534_Tatochila_xanthodice_xanthodice.png,Dataset_pieridae,57906,0.005427935742837342,0.00578438888500612,0.01110139029697348,0.011514612083658875,0.008679792802074203,0.008001993436556321,0.030535739798788146,0.02277169444714071,0.00430813177009917,0.002877404246069768,0.007049743455797219,0.005397999369326133,0.005702013045966013,0.0037924950447144608,0.011549943759211832,0.008233074239006509,0.0036323371733166785,0.0025137689169333257,0.0050080424315551,0.003239719156711692,0.004618616282601232,0.0029803191213338747,0.006072724686708597,0.0039181322204622756,0.00286052866165643,0.0023554384468773373,0.0033783786541227794,0.002373266385885864,0.0032491648279309804,0.002250370485120334,0.004105415959670376,0.0028174956823893657,0.008324357260338684,0.0025813980197571993,0.006367220740227023,0.0013407588442209744,0.004450283717328403,0.0011166346417897741,3.9556322489109252,1.577892844504774,6.997413240270385,4.206701627543996,15.849751332111037,7.178133624423204,0.9417188873324781,0.02325976705974729,0.8967236880478142,0.0623296351200688,0.7652303048973463,0.1070723283417226,1.437953914646816,0.3764848888169892,1.9189044546878362,0.5836593155164534,2.9392825720480245,0.7733543945267569,0.09027462888681743,0.013223034435638025,0.07930911069156925,0.008791228670637518,0.06621998483858077,0.008074486070737645,0.4999831039359483,0.08827996108670517,0.42432857726248535,0.06977387563210896,0.32571329250952796,0.06650310766483539,0.00015011274243906936,242.7051766767966,0.944032331454771,4.914216793940986,0.00016106427140727335,13.134523680342047,-0.24711389319347812,0.9844001540588256,0.11060791381006209,276.20809114596335,8.469894906602287,8432.011099831147,2168.6790691269935
